<article xmlns:xsi="http://www.w3.org/2001/XMLSchema-instance"
         xmlns:xlink="http://www.w3.org/1999/xlink"
         xmlns:mml="http://www.w3.org/1998/Math/MathML"
         dtd-version="1.0"
         article-type="research-article">
   <front>
      <journal-meta>
         <journal-id journal-id-type="jstor">jcrimlawcrim1973</journal-id>
         <journal-id journal-id-type="jstor">j100481</journal-id>
         <journal-title-group>
            <journal-title>The Journal of Criminal Law and Criminology (1973-)</journal-title>
         </journal-title-group>
         <publisher>
            <publisher-name>Northwestern University School of Law</publisher-name>
         </publisher>
         <issn pub-type="ppub">00914169</issn>
      </journal-meta>
      <article-meta>
         <article-id pub-id-type="doi">10.2307/1143697</article-id>
         <article-categories>
            <subj-group>
               <subject>Supreme Court Review</subject>
            </subj-group>
         </article-categories>
         <title-group>
            <article-title>Eighth Amendment: Prosecutorial Comment regarding the Victim's Personal Qualities Should Not Be Permitted at the Sentencing Phase of a Capital Trial</article-title>
         </title-group>
         <contrib-group>
            <contrib contrib-type="author">
               <string-name>
                  <given-names>Eric S.</given-names>
                  <surname>Newman</surname>
               </string-name>
            </contrib>
         </contrib-group>
         <pub-date>
            <day>1</day>
            <month>1</month>
            <year>1990</year>
         </pub-date>
         <volume>80</volume>
         <issue>4</issue>
         <issue-id>i247841</issue-id>
         <fpage>1236</fpage>
         <lpage>1255</lpage>
         <page-range>1236-1255</page-range>
         <permissions>
            <copyright-statement>Copyright 1990 Northwestern University, School of Law</copyright-statement>
         </permissions>
         <self-uri xlink:href="http://www.jstor.org/stable/1143697"/>
         <custom-meta-group>
            <custom-meta>
               <meta-name>lang</meta-name>
               <meta-value>eng</meta-value>
            </custom-meta>
         </custom-meta-group>
      </article-meta>
   </front>
   <back>
      <fn-group>
         <title>[Footnotes]</title>
         <fn id="d9524e123a1310">
            <label>1</label>
            <p>
               <mixed-citation id="d9524e130" publication-type="journal">
109 S. Ct. 2207 (1989).<volume>2207</volume>
                  <source>109 S. Ct.</source>
                  <year>1989</year>
               </mixed-citation>
            </p>
         </fn>
         <fn id="d9524e146a1310">
            <label>2</label>
            <p>
               <mixed-citation id="d9524e153" publication-type="other">
infra note 42</mixed-citation>
            </p>
         </fn>
         <fn id="d9524e160a1310">
            <label>3</label>
            <p>
               <mixed-citation id="d9524e167" publication-type="journal">
Gathers, 109 S. Ct. at 2210-11<fpage>2210</fpage>
                  <source>109 S. Ct.</source>
               </mixed-citation>
            </p>
         </fn>
         <fn id="d9524e180a1310">
            <label>4</label>
            <p>
               <mixed-citation id="d9524e187" publication-type="other">
Id.</mixed-citation>
            </p>
         </fn>
         <fn id="d9524e195a1310">
            <label>5</label>
            <p>
               <mixed-citation id="d9524e202" publication-type="other">
Id. at 2208.</mixed-citation>
            </p>
         </fn>
         <fn id="d9524e209a1310">
            <label>6</label>
            <p>
               <mixed-citation id="d9524e216" publication-type="other">
Id.</mixed-citation>
            </p>
         </fn>
         <fn id="d9524e223a1310">
            <label>7</label>
            <p>
               <mixed-citation id="d9524e230" publication-type="other">
Id. at 2209.</mixed-citation>
            </p>
         </fn>
         <fn id="d9524e237a1310">
            <label>8</label>
            <p>
               <mixed-citation id="d9524e244" publication-type="other">
Id. at 2210.</mixed-citation>
            </p>
         </fn>
         <fn id="d9524e251a1310">
            <label>9</label>
            <p>
               <mixed-citation id="d9524e258" publication-type="other">
Id. at 2209.</mixed-citation>
            </p>
         </fn>
         <fn id="d9524e265a1310">
            <label>10</label>
            <p>
               <mixed-citation id="d9524e272" publication-type="other">
Id.</mixed-citation>
            </p>
            <p>
               <mixed-citation id="d9524e278" publication-type="other">
Id.</mixed-citation>
            </p>
            <p>
               <mixed-citation id="d9524e284" publication-type="other">
infra note 25</mixed-citation>
            </p>
         </fn>
         <fn id="d9524e292a1310">
            <label>11</label>
            <p>
               <mixed-citation id="d9524e299" publication-type="journal">
Gathers, 109 S. Ct. at 2208<fpage>2208</fpage>
                  <source>109 S. Ct.</source>
               </mixed-citation>
            </p>
         </fn>
         <fn id="d9524e312a1310">
            <label>12</label>
            <p>
               <mixed-citation id="d9524e319" publication-type="other">
Id.</mixed-citation>
            </p>
         </fn>
         <fn id="d9524e326a1310">
            <label>13</label>
            <p>
               <mixed-citation id="d9524e333" publication-type="other">
Id. at 2208.</mixed-citation>
            </p>
         </fn>
         <fn id="d9524e340a1310">
            <label>14</label>
            <p>
               <mixed-citation id="d9524e347" publication-type="other">
Id.</mixed-citation>
            </p>
         </fn>
         <fn id="d9524e354a1310">
            <label>15</label>
            <p>
               <mixed-citation id="d9524e361" publication-type="other">
Id. at 2208-09.</mixed-citation>
            </p>
         </fn>
         <fn id="d9524e368a1310">
            <label>16</label>
            <p>
               <mixed-citation id="d9524e375" publication-type="other">
Id. at 2209.</mixed-citation>
            </p>
         </fn>
         <fn id="d9524e383a1310">
            <label>17</label>
            <p>
               <mixed-citation id="d9524e390" publication-type="other">
Id.</mixed-citation>
            </p>
         </fn>
         <fn id="d9524e397a1310">
            <label>18</label>
            <p>
               <mixed-citation id="d9524e404" publication-type="other">
Id.
at 2209</mixed-citation>
            </p>
         </fn>
         <fn id="d9524e414a1310">
            <label>19</label>
            <p>
               <mixed-citation id="d9524e421" publication-type="other">
Id. at 2209.</mixed-citation>
            </p>
         </fn>
         <fn id="d9524e428a1310">
            <label>20</label>
            <p>
               <mixed-citation id="d9524e435" publication-type="other">
Id. at 2209 n.**.</mixed-citation>
            </p>
         </fn>
         <fn id="d9524e442a1310">
            <label>21</label>
            <p>
               <mixed-citation id="d9524e449" publication-type="other">
Id.</mixed-citation>
            </p>
         </fn>
         <fn id="d9524e456a1310">
            <label>22</label>
            <p>
               <mixed-citation id="d9524e463" publication-type="other">
Id. at 2209.</mixed-citation>
            </p>
         </fn>
         <fn id="d9524e471a1310">
            <label>23</label>
            <p>
               <mixed-citation id="d9524e478" publication-type="other">
Id.</mixed-citation>
            </p>
         </fn>
         <fn id="d9524e485a1310">
            <label>24</label>
            <p>
               <mixed-citation id="d9524e492" publication-type="other">
Id.</mixed-citation>
            </p>
         </fn>
         <fn id="d9524e499a1310">
            <label>25</label>
            <p>
               <mixed-citation id="d9524e506" publication-type="other">
Id. at 2209-10</mixed-citation>
            </p>
         </fn>
         <fn id="d9524e513a1310">
            <label>26</label>
            <p>
               <mixed-citation id="d9524e520" publication-type="other">
Id. at 2209.</mixed-citation>
            </p>
         </fn>
         <fn id="d9524e527a1310">
            <label>27</label>
            <p>
               <mixed-citation id="d9524e534" publication-type="other">
Id. at 2210.</mixed-citation>
            </p>
         </fn>
         <fn id="d9524e541a1310">
            <label>28</label>
            <p>
               <mixed-citation id="d9524e548" publication-type="other">
Id.</mixed-citation>
            </p>
         </fn>
         <fn id="d9524e556a1310">
            <label>29</label>
            <p>
               <mixed-citation id="d9524e563" publication-type="other">
Id.</mixed-citation>
            </p>
            <p>
               <mixed-citation id="d9524e569" publication-type="other">
South Carolina v. Gathers, 295 S.C. 476, 484</mixed-citation>
            </p>
            <p>
               <mixed-citation id="d9524e575" publication-type="journal">
369 S.E.2d 140, 144
(1988)<volume>140</volume>
                  <source>369 S.E.2d</source>
                  <year>1988</year>
               </mixed-citation>
            </p>
         </fn>
         <fn id="d9524e594a1310">
            <label>30</label>
            <p>
               <mixed-citation id="d9524e601" publication-type="journal">
482 U.S. 496 (1987)<volume>496</volume>
                  <source>482 U.S.</source>
                  <year>1987</year>
               </mixed-citation>
            </p>
            <p>
               <mixed-citation id="d9524e616" publication-type="other">
infra note 35</mixed-citation>
            </p>
         </fn>
         <fn id="d9524e623a1310">
            <label>31</label>
            <p>
               <mixed-citation id="d9524e630" publication-type="journal">
Gathers, 109 S. Ct. at 2210<fpage>2210</fpage>
                  <source>109 S. Ct.</source>
               </mixed-citation>
            </p>
         </fn>
         <fn id="d9524e643a1310">
            <label>32</label>
            <p>
               <mixed-citation id="d9524e650" publication-type="other">
infra note 35</mixed-citation>
            </p>
            <p>
               <mixed-citation id="d9524e656" publication-type="journal">
Gathers, 109 S. Ct. at 2211<fpage>2211</fpage>
                  <source>109 S. Ct.</source>
               </mixed-citation>
            </p>
            <p>
               <mixed-citation id="d9524e668" publication-type="journal">
Booth, 482 U.S. at 515-19<fpage>515</fpage>
                  <source>482 U.S.</source>
               </mixed-citation>
            </p>
         </fn>
         <fn id="d9524e681a1310">
            <label>33</label>
            <p>
               <mixed-citation id="d9524e688" publication-type="journal">
Gathers, 109 S. Ct. at 2210<fpage>2210</fpage>
                  <source>109 S. Ct.</source>
               </mixed-citation>
            </p>
            <p>
               <mixed-citation id="d9524e700" publication-type="other">
Enmund v. Florida, 458 U.S. 782, 801 (1982)</mixed-citation>
            </p>
         </fn>
         <fn id="d9524e707a1310">
            <label>34</label>
            <p>
               <mixed-citation id="d9524e714" publication-type="other">
Id.</mixed-citation>
            </p>
            <p>
               <mixed-citation id="d9524e720" publication-type="other">
Tison v. Arizona, 481 U.S. 137, 149 (1987)</mixed-citation>
            </p>
         </fn>
         <fn id="d9524e728a1310">
            <label>35</label>
            <p>
               <mixed-citation id="d9524e735" publication-type="journal">
482 U.S. at 496<fpage>496</fpage>
                  <source>482 U.S.</source>
               </mixed-citation>
            </p>
            <p>
               <mixed-citation id="d9524e747" publication-type="other">
Id. at 498</mixed-citation>
            </p>
            <p>
               <mixed-citation id="d9524e753" publication-type="journal">
MD. CODE ANN. art. 27, § 413(b) (1982)<fpage>413</fpage>
                  <volume>27</volume>
                  <source>Md. Code Ann.</source>
                  <year>1982</year>
               </mixed-citation>
            </p>
            <p>
               <mixed-citation id="d9524e772" publication-type="other">
Id.</mixed-citation>
            </p>
            <p>
               <mixed-citation id="d9524e778" publication-type="other">
Id.</mixed-citation>
            </p>
            <p>
               <mixed-citation id="d9524e784" publication-type="other">
Id. at 499-500</mixed-citation>
            </p>
            <p>
               <mixed-citation id="d9524e790" publication-type="other">
Id.</mixed-citation>
            </p>
         </fn>
         <fn id="d9524e797a1310">
            <label>37</label>
            <p>
               <mixed-citation id="d9524e804" publication-type="journal">
Gathers, 109 S. Ct. at 2211<fpage>2211</fpage>
                  <source>109 S. Ct.</source>
               </mixed-citation>
            </p>
         </fn>
         <fn id="d9524e817a1310">
            <label>38</label>
            <p>
               <mixed-citation id="d9524e824" publication-type="other">
supra note 35</mixed-citation>
            </p>
         </fn>
         <fn id="d9524e831a1310">
            <label>39</label>
            <p>
               <mixed-citation id="d9524e838" publication-type="journal">
Gatehrs, 109 S. Ct. at 2210<fpage>2210</fpage>
                  <source>109 S. Ct.</source>
               </mixed-citation>
            </p>
         </fn>
         <fn id="d9524e851a1310">
            <label>40</label>
            <p>
               <mixed-citation id="d9524e858" publication-type="journal">
Booth, 482 U.S at 496<fpage>496</fpage>
                  <source>482 U.S</source>
               </mixed-citation>
            </p>
         </fn>
         <fn id="d9524e871a1310">
            <label>41</label>
            <p>
               <mixed-citation id="d9524e878" publication-type="journal">
Gathers, 109 S. Ct. at 2210<fpage>2210</fpage>
                  <source>109 S. Ct.</source>
               </mixed-citation>
            </p>
            <p>
               <mixed-citation id="d9524e890" publication-type="journal">
482 U.S. at 504<fpage>504</fpage>
                  <source>482 U.S.</source>
               </mixed-citation>
            </p>
         </fn>
         <fn id="d9524e904a1310">
            <label>42</label>
            <p>
               <mixed-citation id="d9524e911" publication-type="other">
U.S. CONST.
amend. VIII</mixed-citation>
            </p>
         </fn>
         <fn id="d9524e921a1310">
            <label>43</label>
            <p>
               <mixed-citation id="d9524e928" publication-type="journal">
Booth, 482 U.S. at 503<fpage>503</fpage>
                  <source>482 U.S.</source>
               </mixed-citation>
            </p>
         </fn>
         <fn id="d9524e941a1310">
            <label>44</label>
            <p>
               <mixed-citation id="d9524e948" publication-type="other">
supra note 35</mixed-citation>
            </p>
         </fn>
         <fn id="d9524e955a1310">
            <label>45</label>
            <p>
               <mixed-citation id="d9524e962" publication-type="journal">
Gathers, 109 S. Ct. at 2210<fpage>2210</fpage>
                  <source>109 S. Ct.</source>
               </mixed-citation>
            </p>
         </fn>
         <fn id="d9524e975a1310">
            <label>46</label>
            <p>
               <mixed-citation id="d9524e982" publication-type="other">
Id.</mixed-citation>
            </p>
         </fn>
         <fn id="d9524e989a1310">
            <label>47</label>
            <p>
               <mixed-citation id="d9524e996" publication-type="other">
Id. at 2210-11</mixed-citation>
            </p>
            <p>
               <mixed-citation id="d9524e1002" publication-type="journal">
Booth, 482 U.S. at 505<fpage>505</fpage>
                  <source>482 U.S.</source>
               </mixed-citation>
            </p>
         </fn>
         <fn id="d9524e1016a1310">
            <label>48</label>
            <p>
               <mixed-citation id="d9524e1023" publication-type="other">
Id. at 2211</mixed-citation>
            </p>
            <p>
               <mixed-citation id="d9524e1029" publication-type="journal">
Booth, 482 U.S. at 507 n.10<fpage>507</fpage>
                  <source>482 U.S.</source>
               </mixed-citation>
            </p>
         </fn>
         <fn id="d9524e1042a1310">
            <label>49</label>
            <p>
               <mixed-citation id="d9524e1049" publication-type="other">
Id.</mixed-citation>
            </p>
         </fn>
         <fn id="d9524e1056a1310">
            <label>50</label>
            <p>
               <mixed-citation id="d9524e1063" publication-type="other">
Id. at 2211</mixed-citation>
            </p>
            <p>
               <mixed-citation id="d9524e1069" publication-type="other">
Brief of petitioner 28, South Carolina v. Gathers, 109 S.
Ct. 2207 (No. 88-305)</mixed-citation>
            </p>
         </fn>
         <fn id="d9524e1079a1310">
            <label>51</label>
            <p>
               <mixed-citation id="d9524e1086" publication-type="other">
Brief of petitioner 50, South Carolina v. Gathers, 109 S. Ct. 2207 (1989) (No.
88-305)</mixed-citation>
            </p>
         </fn>
         <fn id="d9524e1096a1310">
            <label>52</label>
            <p>
               <mixed-citation id="d9524e1103" publication-type="journal">
Gathers, 109 S. Ct. at 2211<fpage>2211</fpage>
                  <source>109 S. Ct.</source>
               </mixed-citation>
            </p>
         </fn>
         <fn id="d9524e1116a1310">
            <label>53</label>
            <p>
               <mixed-citation id="d9524e1123" publication-type="other">
Id.</mixed-citation>
            </p>
            <p>
               <mixed-citation id="d9524e1129" publication-type="other">
supra notes 25-28</mixed-citation>
            </p>
         </fn>
         <fn id="d9524e1137a1310">
            <label>54</label>
            <p>
               <mixed-citation id="d9524e1144" publication-type="journal">
Gathers, 109 S. Ct. at 2211<fpage>2211</fpage>
                  <source>109 S. Ct.</source>
               </mixed-citation>
            </p>
         </fn>
         <fn id="d9524e1157a1310">
            <label>55</label>
            <p>
               <mixed-citation id="d9524e1164" publication-type="other">
Id.</mixed-citation>
            </p>
         </fn>
         <fn id="d9524e1171a1310">
            <label>56</label>
            <p>
               <mixed-citation id="d9524e1178" publication-type="other">
Id.</mixed-citation>
            </p>
         </fn>
         <fn id="d9524e1185a1310">
            <label>57</label>
            <p>
               <mixed-citation id="d9524e1192" publication-type="other">
Id.</mixed-citation>
            </p>
         </fn>
         <fn id="d9524e1199a1310">
            <label>58</label>
            <p>
               <mixed-citation id="d9524e1206" publication-type="other">
Id.</mixed-citation>
            </p>
         </fn>
         <fn id="d9524e1213a1310">
            <label>59</label>
            <p>
               <mixed-citation id="d9524e1220" publication-type="other">
supra notes 22-23</mixed-citation>
            </p>
         </fn>
         <fn id="d9524e1228a1310">
            <label>60</label>
            <p>
               <mixed-citation id="d9524e1235" publication-type="journal">
Gathers, 109 S. Ct. at 2211<fpage>2211</fpage>
                  <source>109 S. Ct.</source>
               </mixed-citation>
            </p>
         </fn>
         <fn id="d9524e1248a1310">
            <label>61</label>
            <p>
               <mixed-citation id="d9524e1255" publication-type="other">
infra notes 86-
100 and accompanying text</mixed-citation>
            </p>
         </fn>
         <fn id="d9524e1265a1310">
            <label>62</label>
            <p>
               <mixed-citation id="d9524e1272" publication-type="journal">
Gathers, 109 S. Ct. at 2212 (O'Connor, J., dissenting)<fpage>2212</fpage>
                  <source>109 S. Ct.</source>
               </mixed-citation>
            </p>
         </fn>
         <fn id="d9524e1285a1310">
            <label>63</label>
            <p>
               <mixed-citation id="d9524e1292" publication-type="other">
Id. (O'Connor, J., dissenting).</mixed-citation>
            </p>
         </fn>
         <fn id="d9524e1299a1310">
            <label>64</label>
            <p>
               <mixed-citation id="d9524e1306" publication-type="other">
Id. (O'Connor, J., dissenting).</mixed-citation>
            </p>
         </fn>
         <fn id="d9524e1313a1310">
            <label>65</label>
            <p>
               <mixed-citation id="d9524e1320" publication-type="other">
Id. (O'Connor, J., dissenting)</mixed-citation>
            </p>
            <p>
               <mixed-citation id="d9524e1326" publication-type="other">
Daniels v. State, 528 N.E.2d 775, 782 (Ind. 1988)</mixed-citation>
            </p>
            <p>
               <mixed-citation id="d9524e1332" publication-type="other">
Moon v. State, 258 Ga. 748, 756, 375
S.E.2d 442, 450 (1988)</mixed-citation>
            </p>
            <p>
               <mixed-citation id="d9524e1342" publication-type="other">
Brooks v. Kemp, 762 F.2d 1383, 1409
(11th Cir. 1985)</mixed-citation>
            </p>
            <p>
               <mixed-citation id="d9524e1351" publication-type="other">
infra note 69 and accompanying text</mixed-citation>
            </p>
            <p>
               <mixed-citation id="d9524e1357" publication-type="other">
People v.
Rich, 45 Cal. 3d 1036, 1089-90</mixed-citation>
            </p>
            <p>
               <mixed-citation id="d9524e1366" publication-type="journal">
755 P.2d 960, 993-94<fpage>993</fpage>
                  <volume>960</volume>
                  <source>755 P.2d</source>
               </mixed-citation>
            </p>
            <p>
               <mixed-citation id="d9524e1381" publication-type="journal">
248 Cal. Rptr. 510, 543-44
(1988)<fpage>543</fpage>
                  <volume>510</volume>
                  <source>248 Cal. Rptr.</source>
                  <year>1988</year>
               </mixed-citation>
            </p>
            <p>
               <mixed-citation id="d9524e1403" publication-type="other">
People v. Ghent, 43 Cal. 3d 739, 771-72</mixed-citation>
            </p>
            <p>
               <mixed-citation id="d9524e1410" publication-type="journal">
739 P.2d 1250, 1271<volume>1250</volume>
                  <source>739 P.2d</source>
               </mixed-citation>
            </p>
            <p>
               <mixed-citation id="d9524e1422" publication-type="journal">
239 Cal.
Rptr. 82, 103 (1987)<volume>82</volume>
                  <source>239 Cal. Rptr.</source>
                  <year>1987</year>
               </mixed-citation>
            </p>
         </fn>
         <fn id="d9524e1442a1310">
            <label>66</label>
            <p>
               <mixed-citation id="d9524e1449" publication-type="journal">
Gather, 109 S. Ct. at 2212 (O'Connor, J., dissenting)<fpage>2212</fpage>
                  <source>109 S. Ct.</source>
               </mixed-citation>
            </p>
         </fn>
         <fn id="d9524e1462a1310">
            <label>67</label>
            <p>
               <mixed-citation id="d9524e1469" publication-type="other">
Id. at 2213-14 (O'Connor, J., dissenting).</mixed-citation>
            </p>
         </fn>
         <fn id="d9524e1476a1310">
            <label>68</label>
            <p>
               <mixed-citation id="d9524e1483" publication-type="other">
Id. (O'Connor, J., dissenting)</mixed-citation>
            </p>
            <p>
               <mixed-citation id="d9524e1489" publication-type="other">
Mills v. Maryland, 486 U.S. 367, (1988)
(Rehnquist, C.J., dissenting)</mixed-citation>
            </p>
         </fn>
         <fn id="d9524e1499a1310">
            <label>69</label>
            <p>
               <mixed-citation id="d9524e1506" publication-type="other">
Id. (O'Connor, J., dissenting)</mixed-citation>
            </p>
            <p>
               <mixed-citation id="d9524e1512" publication-type="other">
Brooks v. Kemp, 762 F.2d 1383, 1409
(1 lth Cir. 1985)</mixed-citation>
            </p>
            <p>
               <mixed-citation id="d9524e1521" publication-type="journal">
478 U.S. 1016 (1986)<volume>1016</volume>
                  <source>478 U.S.</source>
                  <year>1986</year>
               </mixed-citation>
            </p>
            <p>
               <mixed-citation id="d9524e1537" publication-type="journal">
809 F.2d 700 (11th Cir.)<volume>700</volume>
                  <source>809 F.2d</source>
               </mixed-citation>
            </p>
            <p>
               <mixed-citation id="d9524e1549" publication-type="journal">
483 U.S. 1010 (1987)<volume>1010</volume>
                  <source>483 U.S.</source>
                  <year>1987</year>
               </mixed-citation>
            </p>
         </fn>
         <fn id="d9524e1565a1310">
            <label>70</label>
            <p>
               <mixed-citation id="d9524e1572" publication-type="journal">
Gathers, 109 S. Ct. at 2214 (O'Connor, J., dissenting)<fpage>2214</fpage>
                  <source>109 S. Ct.</source>
               </mixed-citation>
            </p>
         </fn>
         <fn id="d9524e1585a1310">
            <label>71</label>
            <p>
               <mixed-citation id="d9524e1592" publication-type="other">
Id. (O'Connor, J., dissenting)</mixed-citation>
            </p>
            <p>
               <mixed-citation id="d9524e1598" publication-type="other">
Lockett v. Ohio, 438 U.S. 586 (1978)</mixed-citation>
            </p>
            <p>
               <mixed-citation id="d9524e1604" publication-type="other">
Eddings v. Oklahoma, 455 U.S. 104 (1982)</mixed-citation>
            </p>
         </fn>
         <fn id="d9524e1612a1310">
            <label>72</label>
            <p>
               <mixed-citation id="d9524e1619" publication-type="journal">
Gathers, 109 S. Ct. at 2214 (O'Connor, J., dissenting)<fpage>2214</fpage>
                  <source>109 S. Ct.</source>
               </mixed-citation>
            </p>
         </fn>
         <fn id="d9524e1632a1310">
            <label>73</label>
            <p>
               <mixed-citation id="d9524e1639" publication-type="other">
Id. (O'Connor, J., dissenting).</mixed-citation>
            </p>
         </fn>
         <fn id="d9524e1646a1310">
            <label>74</label>
            <p>
               <mixed-citation id="d9524e1653" publication-type="journal">
481 U.S. 137 (1987)<volume>137</volume>
                  <source>481 U.S.</source>
                  <year>1987</year>
               </mixed-citation>
            </p>
         </fn>
         <fn id="d9524e1669a1310">
            <label>75</label>
            <p>
               <mixed-citation id="d9524e1676" publication-type="journal">
Gather, 109 S. Ct. at 2214 (O'Connor, J., dissenting)<fpage>2214</fpage>
                  <source>109 S. Ct.</source>
               </mixed-citation>
            </p>
            <p>
               <mixed-citation id="d9524e1688" publication-type="journal">
Tison, 481 U.S. at
149<fpage>149</fpage>
                  <source>481 U.S.</source>
               </mixed-citation>
            </p>
         </fn>
         <fn id="d9524e1704a1310">
            <label>76</label>
            <p>
               <mixed-citation id="d9524e1711" publication-type="other">
Id. (O'Connor, J., dissenting).</mixed-citation>
            </p>
         </fn>
         <fn id="d9524e1718a1310">
            <label>77</label>
            <p>
               <mixed-citation id="d9524e1725" publication-type="journal">
supra note 74  </mixed-citation>
            </p>
         </fn>
         <fn id="d9524e1735a1310">
            <label>78</label>
            <p>
               <mixed-citation id="d9524e1742" publication-type="journal">
Gathers, 109 S. Ct. at 2214-15 (O'Connor, J., dissenting)<fpage>2214</fpage>
                  <source>S. Ct.</source>
               </mixed-citation>
            </p>
         </fn>
         <fn id="d9524e1755a1310">
            <label>79</label>
            <p>
               <mixed-citation id="d9524e1762" publication-type="other">
Id. at 2215 (O'Connor, J., dissenting).</mixed-citation>
            </p>
         </fn>
         <fn id="d9524e1769a1310">
            <label>80</label>
            <p>
               <mixed-citation id="d9524e1776" publication-type="other">
Id. (O'Connor, J., dissenting).</mixed-citation>
            </p>
         </fn>
         <fn id="d9524e1783a1310">
            <label>81</label>
            <p>
               <mixed-citation id="d9524e1790" publication-type="other">
Id. (O'Connor, J., dissenting)</mixed-citation>
            </p>
         </fn>
         <fn id="d9524e1797a1310">
            <label>82</label>
            <p>
               <mixed-citation id="d9524e1804" publication-type="other">
Id. at 2216. (O'Connor, J., dissenting).</mixed-citation>
            </p>
         </fn>
         <fn id="d9524e1811a1310">
            <label>83</label>
            <p>
               <mixed-citation id="d9524e1818" publication-type="other">
Id. (O'Connor, J., dissenting).</mixed-citation>
            </p>
         </fn>
         <fn id="d9524e1826a1310">
            <label>84</label>
            <p>
               <mixed-citation id="d9524e1833" publication-type="other">
Id. (O'Connor, J., dissenting)</mixed-citation>
            </p>
            <p>
               <mixed-citation id="d9524e1839" publication-type="other">
Trop v. Dulles, 356 U.S. 86, 101 (1958)</mixed-citation>
            </p>
            <p>
               <mixed-citation id="d9524e1845" publication-type="other">
supra note 42</mixed-citation>
            </p>
         </fn>
         <fn id="d9524e1852a1310">
            <label>85</label>
            <p>
               <mixed-citation id="d9524e1861" publication-type="journal">
Gathers, 109 S. Ct. at 2216 (O'Connor, J., dissenting)<fpage>2216</fpage>
                  <source>109 S. Ct.</source>
               </mixed-citation>
            </p>
            <p>
               <mixed-citation id="d9524e1873" publication-type="other">
Id. (O'Connor, J., dissenting)</mixed-citation>
            </p>
            <p>
               <mixed-citation id="d9524e1880" publication-type="other">
Brief of Respondent at 22, South Carolina
v. Gathers, 109 S. Ct. 2207 (1989) (No. 88-305)</mixed-citation>
            </p>
            <p>
               <mixed-citation id="d9524e1889" publication-type="other">
Id. (O'Connor, J., dissenting)</mixed-citation>
            </p>
            <p>
               <mixed-citation id="d9524e1895" publication-type="other">
Id. (O'Connor, J., dissenting)</mixed-citation>
            </p>
            <p>
               <mixed-citation id="d9524e1901" publication-type="other">
Id. (O'Connor, J., dissenting)</mixed-citation>
            </p>
            <p>
               <mixed-citation id="d9524e1907" publication-type="other">
Id.
(O'Connor, J., dissenting)</mixed-citation>
            </p>
            <p>
               <mixed-citation id="d9524e1916" publication-type="other">
Id. (O'Connor, J., dissenting)</mixed-citation>
            </p>
         </fn>
         <fn id="d9524e1923a1310">
            <label>86</label>
            <p>
               <mixed-citation id="d9524e1930" publication-type="journal">
482 U.S. 496 (1987)<volume>496</volume>
                  <source>482 U.S.</source>
                  <year>1987</year>
               </mixed-citation>
            </p>
            <p>
               <mixed-citation id="d9524e1945" publication-type="other">
supra note 35</mixed-citation>
            </p>
         </fn>
         <fn id="d9524e1952a1310">
            <label>87</label>
            <p>
               <mixed-citation id="d9524e1959" publication-type="journal">
Gathers, 109 S. Ct. at 2217 (1989) (Scalia, J., dissenting)<fpage>2217</fpage>
                  <source>109 S. Ct.</source>
               </mixed-citation>
            </p>
         </fn>
         <fn id="d9524e1972a1310">
            <label>89</label>
            <p>
               <mixed-citation id="d9524e1979" publication-type="journal">
Gathers, 109 S. Ct. at 2217 (Scalia, J., dissenting)<fpage>2217</fpage>
                  <source>109 S. Ct.</source>
               </mixed-citation>
            </p>
         </fn>
         <fn id="d9524e1992a1310">
            <label>90</label>
            <p>
               <mixed-citation id="d9524e1999" publication-type="other">
Mills v. Maryland, 108 S. Ct. 1860 (1988)</mixed-citation>
            </p>
            <p>
               <mixed-citation id="d9524e2005" publication-type="journal">
Mills, 108 S. Ct. at 1876 (Rehnquist, C.J., dissenting)<fpage>1876</fpage>
                  <source>108 S. Ct.</source>
               </mixed-citation>
            </p>
            <p>
               <mixed-citation id="d9524e2017" publication-type="other">
Id. (Rehnquist, C.J., dissenting)</mixed-citation>
            </p>
         </fn>
         <fn id="d9524e2025a1310">
            <label>91</label>
            <p>
               <mixed-citation id="d9524e2032" publication-type="journal">
Gathers, 109 S. Ct. at 2217 (Scalia, J., dissenting)<fpage>2217</fpage>
                  <source>109 S. Ct.</source>
               </mixed-citation>
            </p>
         </fn>
         <fn id="d9524e2045a1310">
            <label>92</label>
            <p>
               <mixed-citation id="d9524e2054" publication-type="journal">
Gath-
ers, 109 S. Ct. at 2217<fpage>2217</fpage>
                  <source>109 S. Ct.</source>
               </mixed-citation>
            </p>
            <p>
               <mixed-citation id="d9524e2069" publication-type="other">
South Carolina v. Gathers, 109 S. Ct. 2207 (1989) (No. 88-305)</mixed-citation>
            </p>
            <p>
               <mixed-citation id="d9524e2076" publication-type="other">
Servs. v. Florida Nursing Home Ass'n., 450 U.S. 147, 154 (1981)</mixed-citation>
            </p>
            <p>
               <mixed-citation id="d9524e2082" publication-type="other">
Id. (Scalia, J.,
dissenting)</mixed-citation>
            </p>
         </fn>
         <fn id="d9524e2092a1310">
            <label>93</label>
            <p>
               <mixed-citation id="d9524e2099" publication-type="journal">
Gathers, 109 S. Ct. at 2217 (Scalia, J., dissenting)<fpage>2217</fpage>
                  <source>109 S. Ct.</source>
               </mixed-citation>
            </p>
         </fn>
         <fn id="d9524e2112a1310">
            <label>94</label>
            <p>
               <mixed-citation id="d9524e2119" publication-type="other">
Id. (Scalia, J., dissenting).</mixed-citation>
            </p>
         </fn>
         <fn id="d9524e2126a1310">
            <label>95</label>
            <p>
               <mixed-citation id="d9524e2133" publication-type="other">
Id. (Scalia, J., dissenting).</mixed-citation>
            </p>
         </fn>
         <fn id="d9524e2140a1310">
            <label>96</label>
            <p>
               <mixed-citation id="d9524e2147" publication-type="other">
Id. at 2217-18 (Scalia, J., dissenting)</mixed-citation>
            </p>
            <p>
               <mixed-citation id="d9524e2153" publication-type="other">
Daniels v. Williams, 474 U.S. 327, 330-31 (1986)</mixed-citation>
            </p>
            <p>
               <mixed-citation id="d9524e2159" publication-type="other">
Parratt v. Taylor, 451 U.S. 527 (1981)</mixed-citation>
            </p>
            <p>
               <mixed-citation id="d9524e2166" publication-type="other">
United States v. Scott, 437 U.S. 82, 86-87
(1978)</mixed-citation>
            </p>
            <p>
               <mixed-citation id="d9524e2175" publication-type="other">
United States v. Jenkins, 420 U.S. 358 (1975)</mixed-citation>
            </p>
            <p>
               <mixed-citation id="d9524e2181" publication-type="other">
West Virginia Bd. of
Educ. v. Barnette, 319 U.S. 624, 642 (1943)</mixed-citation>
            </p>
            <p>
               <mixed-citation id="d9524e2190" publication-type="other">
Minersville School Dist. Bd. of
Educ. v. Gobitis, 310 U.S. 586 (1940)</mixed-citation>
            </p>
         </fn>
         <fn id="d9524e2201a1310">
            <label>97</label>
            <p>
               <mixed-citation id="d9524e2208" publication-type="journal">
Gathers, 109 S. Ct. at 2218 (Scalia, J., dissenting)<fpage>2218</fpage>
                  <source>109 S. Ct.</source>
               </mixed-citation>
            </p>
         </fn>
         <fn id="d9524e2221a1310">
            <label>98</label>
            <p>
               <mixed-citation id="d9524e2228" publication-type="other">
Id. (Scalia, J., dissenting).</mixed-citation>
            </p>
         </fn>
         <fn id="d9524e2235a1310">
            <label>99</label>
            <p>
               <mixed-citation id="d9524e2242" publication-type="other">
Id. (Scalia, J., dissenting).</mixed-citation>
            </p>
         </fn>
         <fn id="d9524e2249a1310">
            <label>100</label>
            <p>
               <mixed-citation id="d9524e2256" publication-type="other">
Id. (Scalia, J., dissenting).</mixed-citation>
            </p>
         </fn>
         <fn id="d9524e2263a1310">
            <label>101</label>
            <p>
               <mixed-citation id="d9524e2270" publication-type="other">
Id. at 2211.</mixed-citation>
            </p>
         </fn>
         <fn id="d9524e2277a1310">
            <label>102</label>
            <p>
               <mixed-citation id="d9524e2284" publication-type="other">
Id.</mixed-citation>
            </p>
         </fn>
         <fn id="d9524e2292a1310">
            <label>103</label>
            <p>
               <mixed-citation id="d9524e2299" publication-type="other">
Booth v. Maryland, 482 U.S. 496 (1987)</mixed-citation>
            </p>
         </fn>
         <fn id="d9524e2306a1310">
            <label>104</label>
            <p>
               <mixed-citation id="d9524e2313" publication-type="other">
supra note 42</mixed-citation>
            </p>
         </fn>
         <fn id="d9524e2320a1310">
            <label>105</label>
            <p>
               <mixed-citation id="d9524e2327" publication-type="other">
infra</mixed-citation>
            </p>
            <p>
               <mixed-citation id="d9524e2333" publication-type="other">
supra</mixed-citation>
            </p>
         </fn>
         <fn id="d9524e2340a1310">
            <label>106</label>
            <p>
               <mixed-citation id="d9524e2347" publication-type="journal">
Gathers, 109 S. Ct. at 2217 (Scalia,J.,
dissenting)<fpage>2217</fpage>
                  <source>109 S. Ct.</source>
               </mixed-citation>
            </p>
            <p>
               <mixed-citation id="d9524e2362" publication-type="other">
infra notes 125-32</mixed-citation>
            </p>
         </fn>
         <fn id="d9524e2369a1310">
            <label>107</label>
            <p>
               <mixed-citation id="d9524e2376" publication-type="journal">
Gathers, 109 S. Ct. at
2211-17 (O'Connor, J., dissenting)<fpage>2211</fpage>
                  <source>109 S. Ct.</source>
               </mixed-citation>
            </p>
         </fn>
         <fn id="d9524e2392a1310">
            <label>109</label>
            <p>
               <mixed-citation id="d9524e2399" publication-type="journal">
Gathers, 109 S. Ct. 2207 (O'Connor and Scalia, JJ., dissenting)<fpage>2207</fpage>
                  <source>109 S. Ct.</source>
               </mixed-citation>
            </p>
         </fn>
         <fn id="d9524e2413a1310">
            <label>110</label>
            <p>
               <mixed-citation id="d9524e2420" publication-type="journal">
481 U.S. 137 (1987)<volume>137</volume>
                  <source>481 U.S.</source>
                  <year>1987</year>
               </mixed-citation>
            </p>
            <p>
               <mixed-citation id="d9524e2435" publication-type="journal">
supra note 74  </mixed-citation>
            </p>
         </fn>
         <fn id="d9524e2444a1310">
            <label>111</label>
            <p>
               <mixed-citation id="d9524e2451" publication-type="journal">
Gathers, 109 S. Ct. at 2214 (O'Connor, J., dissenting)<fpage>2214</fpage>
                  <source>109 S. Ct.</source>
               </mixed-citation>
            </p>
         </fn>
         <fn id="d9524e2464a1310">
            <label>112</label>
            <p>
               <mixed-citation id="d9524e2471" publication-type="other">
Id. at 2215 (O'Connor, J., dissenting).</mixed-citation>
            </p>
         </fn>
         <fn id="d9524e2478a1310">
            <label>113</label>
            <p>
               <mixed-citation id="d9524e2485" publication-type="other">
Id. at 2215 (O'Connor, J., dissenting).</mixed-citation>
            </p>
         </fn>
         <fn id="d9524e2492a1310">
            <label>114</label>
            <p>
               <mixed-citation id="d9524e2499" publication-type="other">
Id. (O'Connor, J., dissenting).</mixed-citation>
            </p>
         </fn>
         <fn id="d9524e2506a1310">
            <label>115</label>
            <p>
               <mixed-citation id="d9524e2513" publication-type="journal">
Booth, 482 U.S. at 503<fpage>503</fpage>
                  <source>482 U.S.</source>
               </mixed-citation>
            </p>
         </fn>
         <fn id="d9524e2527a1310">
            <label>116</label>
            <p>
               <mixed-citation id="d9524e2534" publication-type="journal">
Booth, 482 U.S. at 499<fpage>499</fpage>
                  <source>482 U.S.</source>
               </mixed-citation>
            </p>
            <p>
               <mixed-citation id="d9524e2546" publication-type="other">
supra note 35</mixed-citation>
            </p>
         </fn>
         <fn id="d9524e2553a1310">
            <label>117</label>
            <p>
               <mixed-citation id="d9524e2560" publication-type="other">
Gathers, 109 S. Ct. at 2217 (Scalia, J., dissenting)</mixed-citation>
            </p>
         </fn>
         <fn id="d9524e2567a1310">
            <label>118</label>
            <p>
               <mixed-citation id="d9524e2574" publication-type="journal">
Booth, 482 U.S. at 506 n.8.<fpage>506</fpage>
                  <source>482 U.S.</source>
               </mixed-citation>
            </p>
         </fn>
         <fn id="d9524e2587a1310">
            <label>119</label>
            <p>
               <mixed-citation id="d9524e2594" publication-type="other">
Id.</mixed-citation>
            </p>
            <p>
               <mixed-citation id="d9524e2600" publication-type="other">
Godfrey v. Georgia, 446 U.S. 420, 433 (1980)</mixed-citation>
            </p>
         </fn>
         <fn id="d9524e2607a1310">
            <label>120</label>
            <p>
               <mixed-citation id="d9524e2614" publication-type="journal">
Gathers, 109 S. Ct. at 2208<fpage>2208</fpage>
                  <source>109 S. Ct.</source>
               </mixed-citation>
            </p>
         </fn>
         <fn id="d9524e2627a1310">
            <label>121</label>
            <p>
               <mixed-citation id="d9524e2636" publication-type="journal">
Booth, 482 U.S. at
505<fpage>505</fpage>
                  <source>482 U.S.</source>
               </mixed-citation>
            </p>
            <p>
               <mixed-citation id="d9524e2651" publication-type="journal">
Booth, 482 U.S. at 504 n.7<fpage>504</fpage>
                  <source>482 U.S.</source>
               </mixed-citation>
            </p>
            <p>
               <mixed-citation id="d9524e2664" publication-type="other">
People v. Levitt, 156 Cal. App. 3d 500, 516-17</mixed-citation>
            </p>
            <p>
               <mixed-citation id="d9524e2670" publication-type="journal">
203
Cal. Rptr. 276, 287-88 (1984)<fpage>287</fpage>
                  <volume>276</volume>
                  <source>203 Cal. Rptr.</source>
                  <year>1984</year>
               </mixed-citation>
            </p>
         </fn>
         <fn id="d9524e2694a1310">
            <label>122</label>
            <p>
               <mixed-citation id="d9524e2701" publication-type="other">
Id. at 505.</mixed-citation>
            </p>
         </fn>
         <fn id="d9524e2708a1310">
            <label>123</label>
            <p>
               <mixed-citation id="d9524e2715" publication-type="other">
Id.</mixed-citation>
            </p>
         </fn>
         <fn id="d9524e2722a1310">
            <label>124</label>
            <p>
               <mixed-citation id="d9524e2729" publication-type="other">
Id.</mixed-citation>
            </p>
         </fn>
         <fn id="d9524e2736a1310">
            <label>125</label>
            <p>
               <mixed-citation id="d9524e2743" publication-type="other">
Gathers, 109 S. Ct. at 2212 (O'Connor, J., dissenting)</mixed-citation>
            </p>
         </fn>
         <fn id="d9524e2750a1310">
            <label>126</label>
            <p>
               <mixed-citation id="d9524e2757" publication-type="journal">
Booth, 482 U.S. at 499-500<fpage>499</fpage>
                  <source>482 U.S.</source>
               </mixed-citation>
            </p>
         </fn>
         <fn id="d9524e2770a1310">
            <label>127</label>
            <p>
               <mixed-citation id="d9524e2777" publication-type="other">
Gathers, 109 S. Ct. at 2210</mixed-citation>
            </p>
         </fn>
         <fn id="d9524e2785a1310">
            <label>128</label>
            <p>
               <mixed-citation id="d9524e2792" publication-type="journal">
Booth, 482 U.S. at 499<fpage>499</fpage>
                  <source>482 U.S.</source>
               </mixed-citation>
            </p>
         </fn>
         <fn id="d9524e2805a1310">
            <label>129</label>
            <p>
               <mixed-citation id="d9524e2812" publication-type="journal">
Gathers,109 S. Ct. at 2217-18 (Scalia, J., dissenting)<fpage>2217</fpage>
                  <source>109 S. Ct.</source>
               </mixed-citation>
            </p>
         </fn>
         <fn id="d9524e2825a1310">
            <label>130</label>
            <p>
               <mixed-citation id="d9524e2832" publication-type="other">
Id. at 2217 (Scalia, J., dissenting).</mixed-citation>
            </p>
         </fn>
         <fn id="d9524e2839a1310">
            <label>131</label>
            <p>
               <mixed-citation id="d9524e2846" publication-type="other">
Id. at 2211 (White, J., concurring).</mixed-citation>
            </p>
         </fn>
         <fn id="d9524e2853a1310">
            <label>132</label>
            <p>
               <mixed-citation id="d9524e2860" publication-type="journal">
Booth, 482 U.S. at 515-19 (White, J., dissenting)<fpage>515</fpage>
                  <source>482 U.S.</source>
               </mixed-citation>
            </p>
         </fn>
         <fn id="d9524e2873a1310">
            <label>133</label>
            <p>
               <mixed-citation id="d9524e2880" publication-type="journal">
Booth, 482 U.S. at 507 n. 10<fpage>507</fpage>
                  <source>482 U.S.</source>
               </mixed-citation>
            </p>
            <p>
               <mixed-citation id="d9524e2892" publication-type="journal">
Gathers, 109 S. Ct.
at 2211<fpage>2211</fpage>
                  <source>109 S. Ct.</source>
               </mixed-citation>
            </p>
         </fn>
         <fn id="d9524e2909a1310">
            <label>135</label>
            <p>
               <mixed-citation id="d9524e2916" publication-type="journal">
Booth, 482 U.S. at 507 n.10<fpage>507</fpage>
                  <source>482 U.S.</source>
               </mixed-citation>
            </p>
            <p>
               <mixed-citation id="d9524e2928" publication-type="journal">
FED. R. EVID. 404(a)(2)<volume>404</volume>
                  <source>Fed. R. Evid.</source>
               </mixed-citation>
            </p>
         </fn>
         <fn id="d9524e2941a1310">
            <label>136</label>
            <p>
               <mixed-citation id="d9524e2948" publication-type="journal">
Gathers, 109 S. Ct. at 2210-11 (1989)<fpage>2210</fpage>
                  <source>109 S. Ct.</source>
               </mixed-citation>
            </p>
         </fn>
         <fn id="d9524e2961a1310">
            <label>137</label>
            <p>
               <mixed-citation id="d9524e2968" publication-type="other">
Id.</mixed-citation>
            </p>
            <p>
               <mixed-citation id="d9524e2974" publication-type="other">
supra note 35</mixed-citation>
            </p>
         </fn>
         <fn id="d9524e2981a1310">
            <label>138</label>
            <p>
               <mixed-citation id="d9524e2988" publication-type="journal">
Gathers, 109 S. Ct. at 2211<fpage>2211</fpage>
                  <source>109 S. Ct.</source>
               </mixed-citation>
            </p>
         </fn>
         <fn id="d9524e3001a1310">
            <label>139</label>
            <p>
               <mixed-citation id="d9524e3008" publication-type="other">
Id. at 2212</mixed-citation>
            </p>
         </fn>
      </fn-group>
   </back>
</article>
