<article xmlns:xsi="http://www.w3.org/2001/XMLSchema-instance"
         xmlns:xlink="http://www.w3.org/1999/xlink"
         xmlns:mml="http://www.w3.org/1998/Math/MathML"
         dtd-version="1.0"
         article-type="research-article">
   <front>
      <journal-meta>
         <journal-id journal-id-type="jstor">jcrimlawcrim1973</journal-id>
         <journal-id journal-id-type="jstor">j100481</journal-id>
         <journal-title-group>
            <journal-title>The Journal of Criminal Law and Criminology (1973-)</journal-title>
         </journal-title-group>
         <publisher>
            <publisher-name>Northwestern University School of Law</publisher-name>
         </publisher>
         <issn pub-type="ppub">00914169</issn>
      </journal-meta>
      <article-meta>
         <article-id pub-id-type="doi">10.2307/1143841</article-id>
         <article-categories>
            <subj-group>
               <subject>Comments</subject>
            </subj-group>
         </article-categories>
         <title-group>
            <article-title>On a Constitutional Collision Course: Attorney No-Comment Rules and the Right of Access to Information</article-title>
         </title-group>
         <contrib-group>
            <contrib contrib-type="author">
               <string-name>
                  <given-names>Lynn</given-names>
                  <surname>Weisberg</surname>
               </string-name>
            </contrib>
         </contrib-group>
         <pub-date>
            <day>1</day>
            <month>10</month>
            <year>1992</year>
         </pub-date>
         <volume>83</volume>
         <issue>3</issue>
         <issue-id>i247852</issue-id>
         <fpage>644</fpage>
         <lpage>683</lpage>
         <page-range>644-683</page-range>
         <permissions>
            <copyright-statement>Copyright 1992 Northwestern University, School of Law</copyright-statement>
         </permissions>
         <self-uri xlink:href="http://www.jstor.org/stable/1143841"/>
         <custom-meta-group>
            <custom-meta>
               <meta-name>lang</meta-name>
               <meta-value>eng</meta-value>
            </custom-meta>
         </custom-meta-group>
      </article-meta>
   </front>
   <back>
      <fn-group>
         <title>[Footnotes]</title>
         <fn id="d10461e123a1310">
            <label>1</label>
            <p>
               <mixed-citation id="d10461e130" publication-type="other">
Gentile v. State Bar of Nevada, 111
S. Ct. 2720 (1991) (No. 89-1836)</mixed-citation>
            </p>
         </fn>
         <fn id="d10461e140a1310">
            <label>2</label>
            <p>
               <mixed-citation id="d10461e147" publication-type="other">
Gentile v. State Bar of Nevada, 111 S. Ct. 2720, 2728 (1991).</mixed-citation>
            </p>
         </fn>
         <fn id="d10461e154a1310">
            <label>3</label>
            <p>
               <mixed-citation id="d10461e161" publication-type="other">
Id.</mixed-citation>
            </p>
         </fn>
         <fn id="d10461e168a1310">
            <label>4</label>
            <p>
               <mixed-citation id="d10461e175" publication-type="other">
Id. at 2731-32.</mixed-citation>
            </p>
         </fn>
         <fn id="d10461e183a1310">
            <label>5</label>
            <p>
               <mixed-citation id="d10461e190" publication-type="other">
Id. at 2723.</mixed-citation>
            </p>
         </fn>
         <fn id="d10461e197a1310">
            <label>6</label>
            <p>
               <mixed-citation id="d10461e204" publication-type="book">
MODEL RULES OF PROFESSIONAL CONDUCT Rule 3.6 (1983).<source>Model Rules of Professional Conduct Rule</source>
                  <year>1983</year>
               </mixed-citation>
            </p>
         </fn>
         <fn id="d10461e217a1310">
            <label>7</label>
            <p>
               <mixed-citation id="d10461e224" publication-type="journal">
Gentile, 111 S. Ct. at 2738.<fpage>2738</fpage>
                  <source>111 S. Ct.</source>
               </mixed-citation>
            </p>
         </fn>
         <fn id="d10461e237a1310">
            <label>8</label>
            <p>
               <mixed-citation id="d10461e244" publication-type="other">
Id. at 2723-26.</mixed-citation>
            </p>
         </fn>
         <fn id="d10461e251a1310">
            <label>9</label>
            <p>
               <mixed-citation id="d10461e258" publication-type="other">
Id. at 2731-32.</mixed-citation>
            </p>
         </fn>
         <fn id="d10461e265a1310">
            <label>10</label>
            <p>
               <mixed-citation id="d10461e272" publication-type="other">
Nebraska Press Ass'n v. Stuart, 427 U.S. 539 (1976)</mixed-citation>
            </p>
            <p>
               <mixed-citation id="d10461e278" publication-type="other">
Richmond Newspapers, Inc.
v. Virginia, 448 U.S. 555 (1980)</mixed-citation>
            </p>
            <p>
               <mixed-citation id="d10461e287" publication-type="other">
Press-Enterprise Co. v. Sup. Ct. of Cal., 464 U.S. 501
(1984) [hereinafter Press-Enterprise I]</mixed-citation>
            </p>
            <p>
               <mixed-citation id="d10461e297" publication-type="other">
Waller v. Georgia, 467 U.S. 39 (1984)</mixed-citation>
            </p>
            <p>
               <mixed-citation id="d10461e303" publication-type="other">
Press-Enter-
prise Co. v. Sup. Ct. of Cal., 478 U.S. 1 (1986) [hereinafter Press-Enterprise II]</mixed-citation>
            </p>
         </fn>
         <fn id="d10461e314a1310">
            <label>11</label>
            <p>
               <mixed-citation id="d10461e321" publication-type="journal">
Michael A. Swartz, Note, Trial Participant Speech Restrictions: Gagging First Amendment
Rights, 90 COLUM. L. REV. 1411, 1432 (1990)<person-group>
                     <string-name>
                        <surname>Swartz</surname>
                     </string-name>
                  </person-group>
                  <volume>1411</volume>
                  <source>90 Colum. L. Rev.</source>
                  <year>1990</year>
               </mixed-citation>
            </p>
            <p>
               <mixed-citation id="d10461e349" publication-type="journal">
Ralph Frasca, Estimating the
occurrence of trials prejudiced by press coverage, 72 JUDICATURE 162 (1988)<person-group>
                     <string-name>
                        <surname>Frasca</surname>
                     </string-name>
                  </person-group>
                  <volume>162</volume>
                  <source>72 Judicature</source>
                  <year>1988</year>
               </mixed-citation>
            </p>
            <p>
               <mixed-citation id="d10461e377" publication-type="journal">
Robert Drechsel,
An Alternative View of Media-Judiciary Relations.: What the Non-Legal Evidence Suggests about the
Fair Trial-Free Press Issue, 18 HOFSTRA L. REV. 1 (1989)<person-group>
                     <string-name>
                        <surname>Drechsel</surname>
                     </string-name>
                  </person-group>
                  <volume>1</volume>
                  <source>18 Hofstra L. Rev.</source>
                  <year>1989</year>
               </mixed-citation>
            </p>
            <p>
               <mixed-citation id="d10461e409" publication-type="book">
ALFRED FRIENDLY &amp; RONALD L.
GOLDFARB, CRIME AND PUBLICITY (1967)<person-group>
                     <string-name>
                        <surname>Friendly</surname>
                     </string-name>
                  </person-group>
                  <source>Crime and Publicity</source>
                  <year>1967</year>
               </mixed-citation>
            </p>
            <p>
               <mixed-citation id="d10461e433" publication-type="journal">
Rita J. Simon, Does the Court's Decision in Ne-
braska Press Association Fit the Research Evidence on the Impact of Jurors of News Coverage?, 29
STAN. L. REV. 515 (1977)<person-group>
                     <string-name>
                        <surname>Simon</surname>
                     </string-name>
                  </person-group>
                  <fpage>1977</fpage>
                  <volume>515</volume>
                  <source>29 Stan. L. Rev.</source>
               </mixed-citation>
            </p>
            <p>
               <mixed-citation id="d10461e464" publication-type="journal">
Don R. Pember, Does Pretrial Publicity Really Hurt?, COLUM.
JOURNALISM REV. 16 (Sept.-Oct. 1984)<person-group>
                     <string-name>
                        <surname>Pember</surname>
                     </string-name>
                  </person-group>
                  <issue>Sept.</issue>
                  <volume>16</volume>
                  <source>Colum. Journalism Rev.</source>
                  <year>1984</year>
               </mixed-citation>
            </p>
            <p>
               <mixed-citation id="d10461e495" publication-type="journal">
John M. Shipman, Jr. &amp; Dale Spencer, Courts
Recognize Multiple Factors in Free Press/Fair Trial Cases, 12 COMM. &amp; L. 87 (1990)<person-group>
                     <string-name>
                        <surname>Shipman</surname>
                     </string-name>
                  </person-group>
                  <volume>87</volume>
                  <source>12 Comm. &amp; L.</source>
                  <year>1990</year>
               </mixed-citation>
            </p>
         </fn>
         <fn id="d10461e524a1310">
            <label>12</label>
            <p>
               <mixed-citation id="d10461e531" publication-type="book">
MODEL RULES OF PROFESSIONAL CONDUCT Rule 3.6 (1983).<source>Model Rules of Professional Conduct Rule</source>
                  <year>1983</year>
               </mixed-citation>
            </p>
         </fn>
         <fn id="d10461e544a1310">
            <label>13</label>
            <p>
               <mixed-citation id="d10461e551" publication-type="other">
Nebraska Press, 427 U.S. 539</mixed-citation>
            </p>
            <p>
               <mixed-citation id="d10461e557" publication-type="journal">
Richmond Newspapers, 448 U.S. 555<source>Richmond Newspapers</source>
               </mixed-citation>
            </p>
            <p>
               <mixed-citation id="d10461e566" publication-type="other">
Press-Enterprise I,
464 U.S. 501</mixed-citation>
            </p>
            <p>
               <mixed-citation id="d10461e576" publication-type="other">
1Waller, 467 U.S. 39</mixed-citation>
            </p>
            <p>
               <mixed-citation id="d10461e582" publication-type="other">
Press-Enterprise II, 478 U.S. 1</mixed-citation>
            </p>
         </fn>
         <fn id="d10461e589a1310">
            <label>14</label>
            <p>
               <mixed-citation id="d10461e596" publication-type="other">
Gentile v. State Bar of Nevada, 111 S. Ct. 2720 (1991).</mixed-citation>
            </p>
         </fn>
         <fn id="d10461e603a1310">
            <label>15</label>
            <p>
               <mixed-citation id="d10461e610" publication-type="other">
Sheppard v. Maxwell, 384 U.S. 333 (1966)</mixed-citation>
            </p>
            <p>
               <mixed-citation id="d10461e616" publication-type="other">
Estes v. Texas, 381 U.S.
532 (1965)</mixed-citation>
            </p>
            <p>
               <mixed-citation id="d10461e625" publication-type="other">
Rideau v. Louisiana, 373 U.S. 723 (1963)</mixed-citation>
            </p>
            <p>
               <mixed-citation id="d10461e632" publication-type="other">
Irvin v. Dowd, 366 U.S. 717
(1961)</mixed-citation>
            </p>
         </fn>
         <fn id="d10461e642a1310">
            <label>16</label>
            <p>
               <mixed-citation id="d10461e649" publication-type="other">
384 U.S. at 362.</mixed-citation>
            </p>
         </fn>
         <fn id="d10461e657a1310">
            <label>17</label>
            <p>
               <mixed-citation id="d10461e664" publication-type="other">
Id. at 362-63.</mixed-citation>
            </p>
         </fn>
         <fn id="d10461e671a1310">
            <label>18</label>
            <p>
               <mixed-citation id="d10461e678" publication-type="other">
Id. at 363.</mixed-citation>
            </p>
         </fn>
         <fn id="d10461e685a1310">
            <label>19</label>
            <p>
               <mixed-citation id="d10461e692" publication-type="other">
Id. at 19</mixed-citation>
            </p>
         </fn>
         <fn id="d10461e699a1310">
            <label>20</label>
            <p>
               <mixed-citation id="d10461e706" publication-type="other">
Reardon Report, supra note 19, at 16.</mixed-citation>
            </p>
         </fn>
         <fn id="d10461e713a1310">
            <label>21</label>
            <p>
               <mixed-citation id="d10461e720" publication-type="other">
Id. at 82.</mixed-citation>
            </p>
         </fn>
         <fn id="d10461e727a1310">
            <label>22</label>
            <p>
               <mixed-citation id="d10461e734" publication-type="other">
Id. at 83</mixed-citation>
            </p>
         </fn>
         <fn id="d10461e742a1310">
            <label>23</label>
            <p>
               <mixed-citation id="d10461e749" publication-type="other">
Id.</mixed-citation>
            </p>
         </fn>
         <fn id="d10461e756a1310">
            <label>24</label>
            <p>
               <mixed-citation id="d10461e763" publication-type="other">
Id. at 83-84.</mixed-citation>
            </p>
         </fn>
         <fn id="d10461e770a1310">
            <label>25</label>
            <p>
               <mixed-citation id="d10461e777" publication-type="other">
Id.</mixed-citation>
            </p>
         </fn>
         <fn id="d10461e784a1310">
            <label>26</label>
            <p>
               <mixed-citation id="d10461e791" publication-type="other">
Id. at 84.</mixed-citation>
            </p>
         </fn>
         <fn id="d10461e798a1310">
            <label>27</label>
            <p>
               <mixed-citation id="d10461e805" publication-type="journal">
Report on the Committee on the Operation of the Jury System on the "Free Press-
Fair Trial" Issue, 45 F.R.D. 391, 407 (1968).<fpage>391</fpage>
                  <volume>45</volume>
                  <source>F.R.D.</source>
                  <year>1968</year>
               </mixed-citation>
            </p>
         </fn>
         <fn id="d10461e828a1310">
            <label>28</label>
            <p>
               <mixed-citation id="d10461e835" publication-type="other">
Id. at 401, 406.</mixed-citation>
            </p>
         </fn>
         <fn id="d10461e843a1310">
            <label>29</label>
            <p>
               <mixed-citation id="d10461e850" publication-type="other">
Id. at 401.</mixed-citation>
            </p>
         </fn>
         <fn id="d10461e857a1310">
            <label>30</label>
            <p>
               <mixed-citation id="d10461e866" publication-type="book">
MODEL CODE OF PROFESSIONAL RESPONSIBILITY DR 7-107 (1981)<fpage>7</fpage>
                  <source>Model Code of Professional Responsibility Dr</source>
                  <year>1981</year>
               </mixed-citation>
            </p>
         </fn>
         <fn id="d10461e882a1310">
            <label>31</label>
            <p>
               <mixed-citation id="d10461e889" publication-type="journal">
Patricia A. Sallen, Comment, Gag Me With a Rule-Arizona Rules of Professional Con-
duct Rule .3.6 (1985), 114 ARIZ. ST. L.J. 115, 122-24 (1987).<person-group>
                     <string-name>
                        <surname>Sallen</surname>
                     </string-name>
                  </person-group>
                  <fpage>122</fpage>
                  <volume>115</volume>
                  <source>114 Ariz. St. L.J.</source>
                  <year>1987</year>
               </mixed-citation>
            </p>
         </fn>
         <fn id="d10461e921a1310">
            <label>32</label>
            <p>
               <mixed-citation id="d10461e928" publication-type="book">
MODEL CODE OF PROFESSIONAL RESPONSIBILITY preamble (1981).<source>Model Code of Professional Responsibility Preamble</source>
                  <year>1981</year>
               </mixed-citation>
            </p>
         </fn>
         <fn id="d10461e941a1310">
            <label>33</label>
            <p>
               <mixed-citation id="d10461e948" publication-type="other">
Id.</mixed-citation>
            </p>
         </fn>
         <fn id="d10461e955a1310">
            <label>34</label>
            <p>
               <mixed-citation id="d10461e962" publication-type="journal">
522 F.2d 242 (7th Cir. 1975)<volume>242</volume>
                  <source>522 F.2d</source>
                  <year>1975</year>
               </mixed-citation>
            </p>
            <p>
               <mixed-citation id="d10461e977" publication-type="other">
427 U.S. 912 (1976)</mixed-citation>
            </p>
         </fn>
         <fn id="d10461e985a1310">
            <label>35</label>
            <p>
               <mixed-citation id="d10461e992" publication-type="journal">
Sally R. Weaver, Judicial Restrictions on Attorneys' Speech Concerning Pending Litigation:
Reconciling the Rights to Fair Trial and Freedom of Speech, 33 VAND. L. REV. 499, 506 (1980).<person-group>
                     <string-name>
                        <surname>Weaver</surname>
                     </string-name>
                  </person-group>
                  <fpage>499</fpage>
                  <source>33 Vand. L. Rev.</source>
                  <year>1980</year>
               </mixed-citation>
            </p>
         </fn>
         <fn id="d10461e1021a1310">
            <label>36</label>
            <p>
               <mixed-citation id="d10461e1028" publication-type="journal">
Bauer, 522 F.2d at 249.<fpage>249</fpage>
                  <source>522 F.2d</source>
               </mixed-citation>
            </p>
         </fn>
         <fn id="d10461e1041a1310">
            <label>37</label>
            <p>
               <mixed-citation id="d10461e1048" publication-type="other">
Id.</mixed-citation>
            </p>
         </fn>
         <fn id="d10461e1055a1310">
            <label>38</label>
            <p>
               <mixed-citation id="d10461e1062" publication-type="other">
Id.</mixed-citation>
            </p>
         </fn>
         <fn id="d10461e1069a1310">
            <label>39</label>
            <p>
               <mixed-citation id="d10461e1076" publication-type="other">
Id. at 249-51.</mixed-citation>
            </p>
         </fn>
         <fn id="d10461e1083a1310">
            <label>40</label>
            <p>
               <mixed-citation id="d10461e1090" publication-type="book">
DR 7-107, supra note 30  </mixed-citation>
            </p>
         </fn>
         <fn id="d10461e1100a1310">
            <label>41</label>
            <p>
               <mixed-citation id="d10461e1107" publication-type="journal">
Bauer, 522 F.2d at 253.<fpage>253</fpage>
                  <source>522 F.2d</source>
               </mixed-citation>
            </p>
         </fn>
         <fn id="d10461e1120a1310">
            <label>42</label>
            <p>
               <mixed-citation id="d10461e1127" publication-type="other">
Id.</mixed-citation>
            </p>
         </fn>
         <fn id="d10461e1134a1310">
            <label>43</label>
            <p>
               <mixed-citation id="d10461e1141" publication-type="other">
Administration of Criminal Justice, Fair Trial and
Free Press 1 (2d Tent. Draft 1978) [hereinafter Goodwin Report]</mixed-citation>
            </p>
         </fn>
         <fn id="d10461e1151a1310">
            <label>44</label>
            <p>
               <mixed-citation id="d10461e1158" publication-type="other">
Id. at 2-3</mixed-citation>
            </p>
            <p>
               <mixed-citation id="d10461e1164" publication-type="other">
Nebraska Press Ass'n v. Stuart, 427 U.S. 539, 586-87 (1976)
(Brennan, J., concurring)</mixed-citation>
            </p>
         </fn>
         <fn id="d10461e1174a1310">
            <label>45</label>
            <p>
               <mixed-citation id="d10461e1181" publication-type="other">
Goodwin Report, supra note 43, at 3.</mixed-citation>
            </p>
         </fn>
         <fn id="d10461e1188a1310">
            <label>46</label>
            <p>
               <mixed-citation id="d10461e1195" publication-type="other">
Id. at 4.</mixed-citation>
            </p>
         </fn>
         <fn id="d10461e1203a1310">
            <label>47</label>
            <p>
               <mixed-citation id="d10461e1210" publication-type="book">
Stephanie J. Baker, Comment, Restrictions on Attorneys' Extrajudicial Comments on
Pending Litigation-The Constitutionality of Disciplinary Rule 7-107<person-group>
                     <string-name>
                        <surname>Baker</surname>
                     </string-name>
                  </person-group>
                  <fpage>7</fpage>
                  <source>Restrictions on Attorneys' Extrajudicial Comments on Pending Litigation-The Constitutionality of Disciplinary Rule</source>
               </mixed-citation>
            </p>
            <p>
               <mixed-citation id="d10461e1234" publication-type="other">
Hirschkop v. Snead, 41
OHIO ST. L.J. 771, 780 (1980).</mixed-citation>
            </p>
         </fn>
         <fn id="d10461e1244a1310">
            <label>48</label>
            <p>
               <mixed-citation id="d10461e1251" publication-type="journal">
594 F.2d 356 (4th Cir. 1979) (en banc).<volume>356</volume>
                  <source>594 F.2d</source>
                  <year>1979</year>
               </mixed-citation>
            </p>
         </fn>
         <fn id="d10461e1267a1310">
            <label>49</label>
            <p>
               <mixed-citation id="d10461e1274" publication-type="other">
Id. at 362.</mixed-citation>
            </p>
         </fn>
         <fn id="d10461e1281a1310">
            <label>50</label>
            <p>
               <mixed-citation id="d10461e1288" publication-type="other">
Id. at 368.</mixed-citation>
            </p>
         </fn>
         <fn id="d10461e1295a1310">
            <label>51</label>
            <p>
               <mixed-citation id="d10461e1302" publication-type="other">
Id. at 371-74</mixed-citation>
            </p>
         </fn>
         <fn id="d10461e1309a1310">
            <label>52</label>
            <p>
               <mixed-citation id="d10461e1316" publication-type="book">
MODEL RULES OF PROFESSIONAL CONDUCT Rule 3.6 (1983)<source>Model Rules of Professional Conduct Rule</source>
                  <year>1983</year>
               </mixed-citation>
            </p>
         </fn>
         <fn id="d10461e1330a1310">
            <label>53</label>
            <p>
               <mixed-citation id="d10461e1337" publication-type="other">
Gentile v. State Bar of Nevada, 111 S.
Ct. 2720, 2741 (1991)</mixed-citation>
            </p>
         </fn>
         <fn id="d10461e1347a1310">
            <label>54</label>
            <p>
               <mixed-citation id="d10461e1354" publication-type="book">
MODEL RULES OF PROFESSIONAL CONDUCT Rule 3.6 (1983).<source>Model Rules of Professional Conduct Rule</source>
                  <year>1983</year>
               </mixed-citation>
            </p>
         </fn>
         <fn id="d10461e1367a1310">
            <label>55</label>
            <p>
               <mixed-citation id="d10461e1374" publication-type="other">
Id.</mixed-citation>
            </p>
         </fn>
         <fn id="d10461e1381a1310">
            <label>56</label>
            <p>
               <mixed-citation id="d10461e1388" publication-type="other">
Id.</mixed-citation>
            </p>
         </fn>
         <fn id="d10461e1395a1310">
            <label>57</label>
            <p>
               <mixed-citation id="d10461e1402" publication-type="other">
Id.</mixed-citation>
            </p>
         </fn>
         <fn id="d10461e1409a1310">
            <label>58</label>
            <p>
               <mixed-citation id="d10461e1416" publication-type="other">
infra Part V</mixed-citation>
            </p>
         </fn>
         <fn id="d10461e1424a1310">
            <label>59</label>
            <p>
               <mixed-citation id="d10461e1431" publication-type="book">
MODEL RULES OF PROFESSIONAL CONDUCT Rule 3.6 (1983).<source>Model Rules of Professional Conduct Rule</source>
                  <year>1983</year>
               </mixed-citation>
            </p>
         </fn>
         <fn id="d10461e1444a1310">
            <label>60</label>
            <p>
               <mixed-citation id="d10461e1451" publication-type="other">
Irvin v. Dowd, 366 U.S. 717 (1961)</mixed-citation>
            </p>
            <p>
               <mixed-citation id="d10461e1457" publication-type="other">
Rideau v. Louisiana, 373 U.S. 723 (1963)</mixed-citation>
            </p>
            <p>
               <mixed-citation id="d10461e1463" publication-type="other">
Estes v. Texas, 381 U.S. 532 (1965)</mixed-citation>
            </p>
            <p>
               <mixed-citation id="d10461e1470" publication-type="other">
Sheppard v. Maxwell, 384 U.S. 333 (1966)</mixed-citation>
            </p>
         </fn>
         <fn id="d10461e1477a1310">
            <label>61</label>
            <p>
               <mixed-citation id="d10461e1484" publication-type="other">
Nebraska Press Ass'n v. Stuart, 427 U.S. 539 (1976)</mixed-citation>
            </p>
            <p>
               <mixed-citation id="d10461e1490" publication-type="other">
Richmond Newspapers,
Inc. v. Virginia, 448 U.S. 555 (1980)</mixed-citation>
            </p>
            <p>
               <mixed-citation id="d10461e1499" publication-type="other">
Press-Enterprise I, 464 U.S. 501 (1984)</mixed-citation>
            </p>
            <p>
               <mixed-citation id="d10461e1506" publication-type="other">
Waller v.
Georgia, 467 U.S. 39 (1984)</mixed-citation>
            </p>
            <p>
               <mixed-citation id="d10461e1515" publication-type="other">
Press-Enterprise II, 478 U.S. 1 (1986)</mixed-citation>
            </p>
         </fn>
         <fn id="d10461e1522a1310">
            <label>62</label>
            <p>
               <mixed-citation id="d10461e1529" publication-type="other">
Nebraska Press, 427 U.S. 539</mixed-citation>
            </p>
         </fn>
         <fn id="d10461e1536a1310">
            <label>63</label>
            <p>
               <mixed-citation id="d10461e1543" publication-type="other">
Id.</mixed-citation>
            </p>
         </fn>
         <fn id="d10461e1550a1310">
            <label>64</label>
            <p>
               <mixed-citation id="d10461e1557" publication-type="journal">
Richmond Newspapers, 448 U.S. 555.<source>Richmond Newspapers</source>
               </mixed-citation>
            </p>
         </fn>
         <fn id="d10461e1568a1310">
            <label>65</label>
            <p>
               <mixed-citation id="d10461e1575" publication-type="other">
Press-Enterprise I, 464 U.S. 501.</mixed-citation>
            </p>
         </fn>
         <fn id="d10461e1582a1310">
            <label>66</label>
            <p>
               <mixed-citation id="d10461e1589" publication-type="other">
Waller, 467 U.S. 39 (1984).</mixed-citation>
            </p>
         </fn>
         <fn id="d10461e1596a1310">
            <label>67</label>
            <p>
               <mixed-citation id="d10461e1603" publication-type="other">
Press-Enterprise II, 478 U.S. 1 (1986).</mixed-citation>
            </p>
         </fn>
         <fn id="d10461e1610a1310">
            <label>68</label>
            <p>
               <mixed-citation id="d10461e1617" publication-type="other">
Nebraska Press Ass'n v. Stuart, 427 U.S. 539, 568 (1976).</mixed-citation>
            </p>
         </fn>
         <fn id="d10461e1624a1310">
            <label>69</label>
            <p>
               <mixed-citation id="d10461e1631" publication-type="other">
Id.</mixed-citation>
            </p>
         </fn>
         <fn id="d10461e1638a1310">
            <label>70</label>
            <p>
               <mixed-citation id="d10461e1645" publication-type="other">
Id. at 543-44.</mixed-citation>
            </p>
         </fn>
         <fn id="d10461e1653a1310">
            <label>71</label>
            <p>
               <mixed-citation id="d10461e1660" publication-type="other">
Id. at 545.</mixed-citation>
            </p>
         </fn>
         <fn id="d10461e1667a1310">
            <label>72</label>
            <p>
               <mixed-citation id="d10461e1674" publication-type="other">
Id. at 554, 565.</mixed-citation>
            </p>
         </fn>
         <fn id="d10461e1681a1310">
            <label>73</label>
            <p>
               <mixed-citation id="d10461e1688" publication-type="other">
Id. at 554-55.</mixed-citation>
            </p>
         </fn>
         <fn id="d10461e1695a1310">
            <label>74</label>
            <p>
               <mixed-citation id="d10461e1702" publication-type="other">
Id. at 559.</mixed-citation>
            </p>
         </fn>
         <fn id="d10461e1709a1310">
            <label>75</label>
            <p>
               <mixed-citation id="d10461e1716" publication-type="other">
Id. at 564-65.</mixed-citation>
            </p>
         </fn>
         <fn id="d10461e1723a1310">
            <label>76</label>
            <p>
               <mixed-citation id="d10461e1730" publication-type="other">
Id. at 543.</mixed-citation>
            </p>
         </fn>
         <fn id="d10461e1738a1310">
            <label>77</label>
            <p>
               <mixed-citation id="d10461e1745" publication-type="other">
Estes v. Texas, 381 U.S. 532, 541-42 (1965)</mixed-citation>
            </p>
         </fn>
         <fn id="d10461e1752a1310">
            <label>78</label>
            <p>
               <mixed-citation id="d10461e1759" publication-type="other">
Estes, 381 U.S. at 567-68.</mixed-citation>
            </p>
         </fn>
         <fn id="d10461e1766a1310">
            <label>79</label>
            <p>
               <mixed-citation id="d10461e1773" publication-type="other">
Id. at 570.</mixed-citation>
            </p>
         </fn>
         <fn id="d10461e1780a1310">
            <label>80</label>
            <p>
               <mixed-citation id="d10461e1787" publication-type="other">
448 U.S. 555 (1980).</mixed-citation>
            </p>
         </fn>
         <fn id="d10461e1794a1310">
            <label>81</label>
            <p>
               <mixed-citation id="d10461e1801" publication-type="other">
Id. at 559.</mixed-citation>
            </p>
         </fn>
         <fn id="d10461e1808a1310">
            <label>82</label>
            <p>
               <mixed-citation id="d10461e1815" publication-type="other">
Id. at 560.</mixed-citation>
            </p>
         </fn>
         <fn id="d10461e1823a1310">
            <label>83</label>
            <p>
               <mixed-citation id="d10461e1830" publication-type="other">
Id. at 561.</mixed-citation>
            </p>
         </fn>
         <fn id="d10461e1837a1310">
            <label>84</label>
            <p>
               <mixed-citation id="d10461e1844" publication-type="other">
Id. at 562.</mixed-citation>
            </p>
         </fn>
         <fn id="d10461e1851a1310">
            <label>85</label>
            <p>
               <mixed-citation id="d10461e1858" publication-type="other">
Id. at 569.</mixed-citation>
            </p>
         </fn>
         <fn id="d10461e1865a1310">
            <label>86</label>
            <p>
               <mixed-citation id="d10461e1872" publication-type="other">
Id. at 571-72.</mixed-citation>
            </p>
         </fn>
         <fn id="d10461e1879a1310">
            <label>87</label>
            <p>
               <mixed-citation id="d10461e1886" publication-type="other">
Id. at 572.</mixed-citation>
            </p>
         </fn>
         <fn id="d10461e1893a1310">
            <label>88</label>
            <p>
               <mixed-citation id="d10461e1900" publication-type="other">
Id. at 575.</mixed-citation>
            </p>
         </fn>
         <fn id="d10461e1908a1310">
            <label>89</label>
            <p>
               <mixed-citation id="d10461e1915" publication-type="other">
Id. at 577.</mixed-citation>
            </p>
         </fn>
         <fn id="d10461e1922a1310">
            <label>90</label>
            <p>
               <mixed-citation id="d10461e1929" publication-type="other">
Id.
at 580</mixed-citation>
            </p>
         </fn>
         <fn id="d10461e1939a1310">
            <label>91</label>
            <p>
               <mixed-citation id="d10461e1946" publication-type="other">
Id. at 580-81.</mixed-citation>
            </p>
         </fn>
         <fn id="d10461e1953a1310">
            <label>92</label>
            <p>
               <mixed-citation id="d10461e1960" publication-type="other">
Id. at 581.</mixed-citation>
            </p>
         </fn>
         <fn id="d10461e1967a1310">
            <label>93</label>
            <p>
               <mixed-citation id="d10461e1974" publication-type="other">
Press-Enterprise I, 464 U.S. 501 (1984).</mixed-citation>
            </p>
         </fn>
         <fn id="d10461e1981a1310">
            <label>94</label>
            <p>
               <mixed-citation id="d10461e1988" publication-type="other">
Id. at 503.</mixed-citation>
            </p>
         </fn>
         <fn id="d10461e1996a1310">
            <label>95</label>
            <p>
               <mixed-citation id="d10461e2003" publication-type="other">
Id. at 504.</mixed-citation>
            </p>
         </fn>
         <fn id="d10461e2010a1310">
            <label>96</label>
            <p>
               <mixed-citation id="d10461e2017" publication-type="other">
Id. at 504-05.</mixed-citation>
            </p>
         </fn>
         <fn id="d10461e2024a1310">
            <label>97</label>
            <p>
               <mixed-citation id="d10461e2031" publication-type="other">
Id. at 505.</mixed-citation>
            </p>
         </fn>
         <fn id="d10461e2038a1310">
            <label>98</label>
            <p>
               <mixed-citation id="d10461e2045" publication-type="other">
Id. at 504-05.</mixed-citation>
            </p>
         </fn>
         <fn id="d10461e2052a1310">
            <label>99</label>
            <p>
               <mixed-citation id="d10461e2059" publication-type="other">
Id. at 508-09.</mixed-citation>
            </p>
         </fn>
         <fn id="d10461e2066a1310">
            <label>100</label>
            <p>
               <mixed-citation id="d10461e2073" publication-type="other">
Id. at 509.</mixed-citation>
            </p>
         </fn>
         <fn id="d10461e2081a1310">
            <label>101</label>
            <p>
               <mixed-citation id="d10461e2088" publication-type="other">
Id. at 504.</mixed-citation>
            </p>
         </fn>
         <fn id="d10461e2095a1310">
            <label>102</label>
            <p>
               <mixed-citation id="d10461e2102" publication-type="other">
Id.</mixed-citation>
            </p>
         </fn>
         <fn id="d10461e2109a1310">
            <label>103</label>
            <p>
               <mixed-citation id="d10461e2116" publication-type="other">
Id. at 513.</mixed-citation>
            </p>
         </fn>
         <fn id="d10461e2123a1310">
            <label>104</label>
            <p>
               <mixed-citation id="d10461e2130" publication-type="other">
Id.</mixed-citation>
            </p>
         </fn>
         <fn id="d10461e2137a1310">
            <label>105</label>
            <p>
               <mixed-citation id="d10461e2144" publication-type="other">
Waller v. Georgia,
467 U.S. 39 (1984)</mixed-citation>
            </p>
            <p>
               <mixed-citation id="d10461e2153" publication-type="other">
Press-Enterprise I, 464 U.S. 501, 510 (1984)</mixed-citation>
            </p>
         </fn>
         <fn id="d10461e2160a1310">
            <label>106</label>
            <p>
               <mixed-citation id="d10461e2167" publication-type="other">
Id.</mixed-citation>
            </p>
         </fn>
         <fn id="d10461e2175a1310">
            <label>107</label>
            <p>
               <mixed-citation id="d10461e2182" publication-type="other">
Id. at 42.</mixed-citation>
            </p>
         </fn>
         <fn id="d10461e2189a1310">
            <label>108</label>
            <p>
               <mixed-citation id="d10461e2196" publication-type="other">
Id. at 42-43</mixed-citation>
            </p>
         </fn>
         <fn id="d10461e2203a1310">
            <label>109</label>
            <p>
               <mixed-citation id="d10461e2210" publication-type="other">
Id. at 43.</mixed-citation>
            </p>
         </fn>
         <fn id="d10461e2217a1310">
            <label>110</label>
            <p>
               <mixed-citation id="d10461e2226" publication-type="other">
Gannett Co. v. DePasquale, 443 U.S. 368 (1979)</mixed-citation>
            </p>
            <p>
               <mixed-citation id="d10461e2232" publication-type="other">
Richmond Newspaper Inc.
v. Virginia, 448 U.S. 555 (1980)</mixed-citation>
            </p>
            <p>
               <mixed-citation id="d10461e2242" publication-type="other">
Globe Newspaper Co. v. Sup. Ct. for Norfolk
County, 457 U.S. 596 (1982)</mixed-citation>
            </p>
            <p>
               <mixed-citation id="d10461e2251" publication-type="other">
Press-Enterprise I, 464 U.S. 501 (1984)</mixed-citation>
            </p>
            <p>
               <mixed-citation id="d10461e2257" publication-type="other">
Wal-
ler, 467 U.S. at 44-45</mixed-citation>
            </p>
         </fn>
         <fn id="d10461e2267a1310">
            <label>111</label>
            <p>
               <mixed-citation id="d10461e2274" publication-type="other">
U.S. CONST. amend. VI</mixed-citation>
            </p>
         </fn>
         <fn id="d10461e2281a1310">
            <label>112</label>
            <p>
               <mixed-citation id="d10461e2288" publication-type="other">
Waller, 467 U.S. at 46.</mixed-citation>
            </p>
         </fn>
         <fn id="d10461e2296a1310">
            <label>113</label>
            <p>
               <mixed-citation id="d10461e2303" publication-type="book">
1 T. COOLEY, CONSTITUTIONAL LIMITATIONS 647 (8th ed. 1927).<person-group>
                     <string-name>
                        <surname>Cooley</surname>
                     </string-name>
                  </person-group>
                  <edition>8</edition>
                  <volume>647</volume>
                  <source>Constitutional Limitations</source>
                  <year>1927</year>
               </mixed-citation>
            </p>
         </fn>
         <fn id="d10461e2332a1310">
            <label>114</label>
            <p>
               <mixed-citation id="d10461e2339" publication-type="other">
Waller, 467 U.S. at 46</mixed-citation>
            </p>
            <p>
               <mixed-citation id="d10461e2345" publication-type="other">
Gannett, 443 U.S. at 397 n.1 (Powell, J., Burger, C.J.,
concurring), 434-36 (Blackmun, J., dissenting in part)</mixed-citation>
            </p>
         </fn>
         <fn id="d10461e2355a1310">
            <label>115</label>
            <p>
               <mixed-citation id="d10461e2362" publication-type="other">
Id. at 47.</mixed-citation>
            </p>
         </fn>
         <fn id="d10461e2369a1310">
            <label>116</label>
            <p>
               <mixed-citation id="d10461e2376" publication-type="other">
Id.</mixed-citation>
            </p>
         </fn>
         <fn id="d10461e2383a1310">
            <label>117</label>
            <p>
               <mixed-citation id="d10461e2390" publication-type="other">
Id. at 48</mixed-citation>
            </p>
            <p>
               <mixed-citation id="d10461e2396" publication-type="other">
Press-Enterprise I, 464 U.S. 501, 511-12 (1984)</mixed-citation>
            </p>
            <p>
               <mixed-citation id="d10461e2402" publication-type="other">
supra notes 93-
104 and accompanying text</mixed-citation>
            </p>
         </fn>
         <fn id="d10461e2412a1310">
            <label>118</label>
            <p>
               <mixed-citation id="d10461e2419" publication-type="other">
Waller, 467 U.S. at 48.</mixed-citation>
            </p>
         </fn>
         <fn id="d10461e2427a1310">
            <label>119</label>
            <p>
               <mixed-citation id="d10461e2434" publication-type="other">
Id. at 48.</mixed-citation>
            </p>
         </fn>
         <fn id="d10461e2441a1310">
            <label>120</label>
            <p>
               <mixed-citation id="d10461e2448" publication-type="other">
Press-Enterprise II, 478 U.S. 1 (1986).</mixed-citation>
            </p>
         </fn>
         <fn id="d10461e2455a1310">
            <label>121</label>
            <p>
               <mixed-citation id="d10461e2462" publication-type="other">
Id. at 3</mixed-citation>
            </p>
            <p>
               <mixed-citation id="d10461e2468" publication-type="other">
Id. at
4</mixed-citation>
            </p>
         </fn>
         <fn id="d10461e2478a1310">
            <label>122</label>
            <p>
               <mixed-citation id="d10461e2485" publication-type="other">
Id. at 4.</mixed-citation>
            </p>
         </fn>
         <fn id="d10461e2492a1310">
            <label>123</label>
            <p>
               <mixed-citation id="d10461e2499" publication-type="other">
Id. at 5</mixed-citation>
            </p>
            <p>
               <mixed-citation id="d10461e2505" publication-type="other">
Id.</mixed-citation>
            </p>
         </fn>
         <fn id="d10461e2512a1310">
            <label>124</label>
            <p>
               <mixed-citation id="d10461e2519" publication-type="other">
Id. at 10</mixed-citation>
            </p>
         </fn>
         <fn id="d10461e2527a1310">
            <label>125</label>
            <p>
               <mixed-citation id="d10461e2534" publication-type="other">
Id. at 12.</mixed-citation>
            </p>
         </fn>
         <fn id="d10461e2541a1310">
            <label>126</label>
            <p>
               <mixed-citation id="d10461e2548" publication-type="other">
Id.</mixed-citation>
            </p>
         </fn>
         <fn id="d10461e2555a1310">
            <label>127</label>
            <p>
               <mixed-citation id="d10461e2562" publication-type="other">
Id. at 12-13.</mixed-citation>
            </p>
         </fn>
         <fn id="d10461e2569a1310">
            <label>128</label>
            <p>
               <mixed-citation id="d10461e2576" publication-type="other">
Id. at 14-15.</mixed-citation>
            </p>
         </fn>
         <fn id="d10461e2583a1310">
            <label>129</label>
            <p>
               <mixed-citation id="d10461e2590" publication-type="other">
Nebraska Press Ass'n v. Stuart, 427 U.S. 539 (1976)</mixed-citation>
            </p>
            <p>
               <mixed-citation id="d10461e2596" publication-type="other">
Richmond Newspapers, Inc.
v. Virginia, 448 U.S. 555 (1980)</mixed-citation>
            </p>
            <p>
               <mixed-citation id="d10461e2605" publication-type="other">
Press-Enterprise I, 464 U.S. 501 (1984)</mixed-citation>
            </p>
            <p>
               <mixed-citation id="d10461e2612" publication-type="other">
Waller v. Geor-
gia, 467 U.S. 39 (1984)</mixed-citation>
            </p>
            <p>
               <mixed-citation id="d10461e2621" publication-type="other">
Press-Enterprise II, 478 U.S. 1</mixed-citation>
            </p>
         </fn>
         <fn id="d10461e2628a1310">
            <label>130</label>
            <p>
               <mixed-citation id="d10461e2635" publication-type="other">
Gentile v. State Bar of Nevada, 111 S. Ct. 2720, 2742-45 (1991).</mixed-citation>
            </p>
         </fn>
         <fn id="d10461e2643a1310">
            <label>131</label>
            <p>
               <mixed-citation id="d10461e2650" publication-type="other">
Id. at 2731.</mixed-citation>
            </p>
         </fn>
         <fn id="d10461e2657a1310">
            <label>132</label>
            <p>
               <mixed-citation id="d10461e2664" publication-type="other">
Id.</mixed-citation>
            </p>
         </fn>
         <fn id="d10461e2671a1310">
            <label>133</label>
            <p>
               <mixed-citation id="d10461e2678" publication-type="other">
Id. at 2720.</mixed-citation>
            </p>
         </fn>
         <fn id="d10461e2685a1310">
            <label>134</label>
            <p>
               <mixed-citation id="d10461e2692" publication-type="journal">
Harold Hyman, Metro Uses Dogs to Search Safes, LAS VEGAS SUN, Feb. 12, 1987<person-group>
                     <string-name>
                        <surname>Hyman</surname>
                     </string-name>
                  </person-group>
                  <issue>Feb. 12</issue>
                  <source>Las Vegas Sun</source>
                  <year>1987</year>
               </mixed-citation>
            </p>
            <p>
               <mixed-citation id="d10461e2716" publication-type="other">
supra note 1, at 110</mixed-citation>
            </p>
         </fn>
         <fn id="d10461e2723a1310">
            <label>135</label>
            <p>
               <mixed-citation id="d10461e2730" publication-type="journal">
Alan Tobin, Officer: Vault Heist Targeted Metro Sting, LAS VEGAS REV.-J., Mar. 12,
1987, at IB<person-group>
                     <string-name>
                        <surname>Tobin</surname>
                     </string-name>
                  </person-group>
                  <issue>Mar. 12</issue>
                  <fpage>IB</fpage>
                  <source>Las Vegas Rev.-J.</source>
                  <year>1987</year>
               </mixed-citation>
            </p>
            <p>
               <mixed-citation id="d10461e2761" publication-type="other">
supra note 1, at 90-91</mixed-citation>
            </p>
         </fn>
         <fn id="d10461e2768a1310">
            <label>136</label>
            <p>
               <mixed-citation id="d10461e2775" publication-type="journal">
Alan Tobin &amp; Warren Bates, Vault Owner Indicted in Deposit Box Thefts, LAS VEGAS
REV.-J., Feb. 6, 1988, at IA<person-group>
                     <string-name>
                        <surname>Tobin</surname>
                     </string-name>
                  </person-group>
                  <issue>Feb. 6</issue>
                  <fpage>IA</fpage>
                  <source>Las Vegas Rev.-J.</source>
                  <year>1988</year>
               </mixed-citation>
            </p>
            <p>
               <mixed-citation id="d10461e2806" publication-type="journal">
Pauline Bell &amp; Harold Hyman, Metro Missing $1.3 Million in
Drugs, Checks, Jury Indicts Vault Owner on $2.5 Million Theft Charge, LAS VEGAS SUN, Feb. 6,
1988, at lA<person-group>
                     <string-name>
                        <surname>Bell</surname>
                     </string-name>
                  </person-group>
                  <issue>Feb. 6</issue>
                  <fpage>lA</fpage>
                  <source>Las Vegas Sun</source>
                  <year>1988</year>
               </mixed-citation>
            </p>
            <p>
               <mixed-citation id="d10461e2840" publication-type="other">
supra note 1, at 100-03, 127-29</mixed-citation>
            </p>
         </fn>
         <fn id="d10461e2848a1310">
            <label>137</label>
            <p>
               <mixed-citation id="d10461e2855" publication-type="journal">
Tobin &amp; Bates, supra note
136  </mixed-citation>
            </p>
            <p>
               <mixed-citation id="d10461e2866" publication-type="other">
supra note 1, at 100-03</mixed-citation>
            </p>
         </fn>
         <fn id="d10461e2873a1310">
            <label>138</label>
            <p>
               <mixed-citation id="d10461e2880" publication-type="journal">
Alan Tobin, Vault Firm to Close its Doors, LAS VEGAS REV.-J., Mar. 26, 1987, at IB<person-group>
                     <string-name>
                        <surname>Tobin</surname>
                     </string-name>
                  </person-group>
                  <issue>Mar. 26</issue>
                  <fpage>IB</fpage>
                  <source>Las Vegas Rev.-J.</source>
                  <year>1987</year>
               </mixed-citation>
            </p>
            <p>
               <mixed-citation id="d10461e2908" publication-type="journal">
Burglarized Vault Firm Closes Doors, LAS VEGAS SUN, Mar. 26, 1987<issue>Mar. 26</issue>
                  <source>Las Vegas Sun</source>
                  <year>1987</year>
               </mixed-citation>
            </p>
            <p>
               <mixed-citation id="d10461e2923" publication-type="other">
supra
note 1, at 92-93, 114</mixed-citation>
            </p>
         </fn>
         <fn id="d10461e2933a1310">
            <label>139</label>
            <p>
               <mixed-citation id="d10461e2940" publication-type="other">
Gentile v. State Bar of Nevada, 111 S. Ct. 2720, 2728 (1991).</mixed-citation>
            </p>
         </fn>
         <fn id="d10461e2947a1310">
            <label>140</label>
            <p>
               <mixed-citation id="d10461e2954" publication-type="other">
Id. at 2736-37.</mixed-citation>
            </p>
         </fn>
         <fn id="d10461e2961a1310">
            <label>141</label>
            <p>
               <mixed-citation id="d10461e2968" publication-type="other">
Id. at 2731-32</mixed-citation>
            </p>
         </fn>
         <fn id="d10461e2975a1310">
            <label>142</label>
            <p>
               <mixed-citation id="d10461e2982" publication-type="other">
Id. at 2731.</mixed-citation>
            </p>
         </fn>
         <fn id="d10461e2990a1310">
            <label>143</label>
            <p>
               <mixed-citation id="d10461e2997" publication-type="book">
Model Rule 3.6, supra note 52  </mixed-citation>
            </p>
         </fn>
         <fn id="d10461e3006a1310">
            <label>144</label>
            <p>
               <mixed-citation id="d10461e3015" publication-type="other">
supra note 1, at 2-4</mixed-citation>
            </p>
         </fn>
         <fn id="d10461e3022a1310">
            <label>145</label>
            <p>
               <mixed-citation id="d10461e3029" publication-type="other">
Gentile v. State Bar of Nevada, 787 P.2d 386, 387 (Nev. 1990)</mixed-citation>
            </p>
            <p>
               <mixed-citation id="d10461e3035" publication-type="other">
Gentile v.
State Bar of Nevada, 111 S. Ct. 2720 (1991)</mixed-citation>
            </p>
         </fn>
         <fn id="d10461e3045a1310">
            <label>146</label>
            <p>
               <mixed-citation id="d10461e3052" publication-type="journal">
Gentile, 111 S. Ct. at 2742-43.<fpage>2742</fpage>
                  <source>111 S. Ct.</source>
               </mixed-citation>
            </p>
         </fn>
         <fn id="d10461e3065a1310">
            <label>147</label>
            <p>
               <mixed-citation id="d10461e3072" publication-type="book">
Model Rule 3.6, supra note 52  </mixed-citation>
            </p>
         </fn>
         <fn id="d10461e3081a1310">
            <label>148</label>
            <p>
               <mixed-citation id="d10461e3088" publication-type="journal">
Gentile, 111 S. Ct. at 2731.<fpage>2731</fpage>
                  <source>111 S. Ct.</source>
               </mixed-citation>
            </p>
         </fn>
         <fn id="d10461e3102a1310">
            <label>150</label>
            <p>
               <mixed-citation id="d10461e3109" publication-type="journal">
Gentile, 111 S. Ct. at 2740-41.<fpage>2740</fpage>
                  <source>111 S. Ct.</source>
               </mixed-citation>
            </p>
         </fn>
         <fn id="d10461e3122a1310">
            <label>151</label>
            <p>
               <mixed-citation id="d10461e3129" publication-type="other">
Id. at 2743.</mixed-citation>
            </p>
         </fn>
         <fn id="d10461e3136a1310">
            <label>152</label>
            <p>
               <mixed-citation id="d10461e3143" publication-type="other">
Id. at 2745.</mixed-citation>
            </p>
         </fn>
         <fn id="d10461e3150a1310">
            <label>153</label>
            <p>
               <mixed-citation id="d10461e3157" publication-type="other">
Id. at 2744.</mixed-citation>
            </p>
         </fn>
         <fn id="d10461e3164a1310">
            <label>154</label>
            <p>
               <mixed-citation id="d10461e3171" publication-type="other">
Id. at 2745.</mixed-citation>
            </p>
         </fn>
         <fn id="d10461e3178a1310">
            <label>155</label>
            <p>
               <mixed-citation id="d10461e3185" publication-type="other">
Id.</mixed-citation>
            </p>
         </fn>
         <fn id="d10461e3193a1310">
            <label>156</label>
            <p>
               <mixed-citation id="d10461e3200" publication-type="other">
Id.</mixed-citation>
            </p>
         </fn>
         <fn id="d10461e3207a1310">
            <label>157</label>
            <p>
               <mixed-citation id="d10461e3214" publication-type="other">
Id.</mixed-citation>
            </p>
         </fn>
         <fn id="d10461e3221a1310">
            <label>158</label>
            <p>
               <mixed-citation id="d10461e3228" publication-type="other">
Id.</mixed-citation>
            </p>
         </fn>
         <fn id="d10461e3235a1310">
            <label>161</label>
            <p>
               <mixed-citation id="d10461e3242" publication-type="journal">
Gentile, 111 S. Ct. at 2725 (Kennedy, J., concurring).<fpage>2725</fpage>
                  <source>111 S. Ct.</source>
               </mixed-citation>
            </p>
         </fn>
         <fn id="d10461e3255a1310">
            <label>162</label>
            <p>
               <mixed-citation id="d10461e3262" publication-type="other">
Id. (Kennedy, J., concurring).</mixed-citation>
            </p>
         </fn>
         <fn id="d10461e3269a1310">
            <label>163</label>
            <p>
               <mixed-citation id="d10461e3276" publication-type="other">
Id. (Kennedy, J., concurring).</mixed-citation>
            </p>
         </fn>
         <fn id="d10461e3284a1310">
            <label>164</label>
            <p>
               <mixed-citation id="d10461e3291" publication-type="other">
Id. (Kennedy, J., concurring).</mixed-citation>
            </p>
         </fn>
         <fn id="d10461e3298a1310">
            <label>165</label>
            <p>
               <mixed-citation id="d10461e3305" publication-type="other">
Id. at 2725-26 (Kennedy, J., concurring).</mixed-citation>
            </p>
         </fn>
         <fn id="d10461e3312a1310">
            <label>166</label>
            <p>
               <mixed-citation id="d10461e3319" publication-type="other">
Id. at 2726 (Kennedy, J., concurring).</mixed-citation>
            </p>
         </fn>
         <fn id="d10461e3326a1310">
            <label>167</label>
            <p>
               <mixed-citation id="d10461e3333" publication-type="other">
Id. at 2728 (Kennedy, J., concurring).</mixed-citation>
            </p>
         </fn>
         <fn id="d10461e3340a1310">
            <label>168</label>
            <p>
               <mixed-citation id="d10461e3347" publication-type="other">
Id. at 2728-29 (Kennedy, J. concurring).</mixed-citation>
            </p>
         </fn>
         <fn id="d10461e3354a1310">
            <label>169</label>
            <p>
               <mixed-citation id="d10461e3361" publication-type="other">
Id. at 2729 (Kennedy, J., concurring).</mixed-citation>
            </p>
         </fn>
         <fn id="d10461e3369a1310">
            <label>170</label>
            <p>
               <mixed-citation id="d10461e3376" publication-type="other">
Id. at 2729-30 (Kennedy, J., concurring).</mixed-citation>
            </p>
         </fn>
         <fn id="d10461e3383a1310">
            <label>172</label>
            <p>
               <mixed-citation id="d10461e3390" publication-type="other">
Gentile v. State Bar of Nevada, 111 S. Ct. 2720, 2732 (1991) (Kennedy, J.,
dissenting).</mixed-citation>
            </p>
         </fn>
         <fn id="d10461e3400a1310">
            <label>173</label>
            <p>
               <mixed-citation id="d10461e3407" publication-type="other">
Id. at 2733 (Kennedy, J., dissenting).</mixed-citation>
            </p>
         </fn>
         <fn id="d10461e3414a1310">
            <label>174</label>
            <p>
               <mixed-citation id="d10461e3421" publication-type="other">
Id. at 2734 (Kennedy, J., dissenting).</mixed-citation>
            </p>
         </fn>
         <fn id="d10461e3428a1310">
            <label>175</label>
            <p>
               <mixed-citation id="d10461e3435" publication-type="other">
Id. (Kennedy, J., dissenting).</mixed-citation>
            </p>
         </fn>
         <fn id="d10461e3442a1310">
            <label>176</label>
            <p>
               <mixed-citation id="d10461e3449" publication-type="other">
Id. (Kennedy, J., dissenting)</mixed-citation>
            </p>
            <p>
               <mixed-citation id="d10461e3455" publication-type="other">
Matter of Gentile v. State
Bar of Nevada (Apr. 15, 1991)</mixed-citation>
            </p>
         </fn>
         <fn id="d10461e3466a1310">
            <label>177</label>
            <p>
               <mixed-citation id="d10461e3473" publication-type="journal">
Gentile, 111 S. Ct. at 2735 (Kennedy, J., dissenting).<fpage>2735</fpage>
                  <source>111 S. Ct.</source>
               </mixed-citation>
            </p>
         </fn>
         <fn id="d10461e3486a1310">
            <label>178</label>
            <p>
               <mixed-citation id="d10461e3493" publication-type="other">
Id. (Kennedy, J., dissenting).</mixed-citation>
            </p>
         </fn>
         <fn id="d10461e3500a1310">
            <label>179</label>
            <p>
               <mixed-citation id="d10461e3507" publication-type="other">
Id. (Kennedy, J., dissenting).</mixed-citation>
            </p>
         </fn>
         <fn id="d10461e3514a1310">
            <label>180</label>
            <p>
               <mixed-citation id="d10461e3521" publication-type="other">
Id. (Kennedy, J., dissenting).</mixed-citation>
            </p>
         </fn>
         <fn id="d10461e3528a1310">
            <label>181</label>
            <p>
               <mixed-citation id="d10461e3535" publication-type="other">
Id. (Kennedy. J., dissenting).</mixed-citation>
            </p>
         </fn>
         <fn id="d10461e3542a1310">
            <label>182</label>
            <p>
               <mixed-citation id="d10461e3549" publication-type="other">
Id. at 2735-36 (Kennedy, J., dissenting).</mixed-citation>
            </p>
         </fn>
         <fn id="d10461e3557a1310">
            <label>183</label>
            <p>
               <mixed-citation id="d10461e3564" publication-type="other">
Id. at 2736 (Kennedy, J., dissenting).</mixed-citation>
            </p>
         </fn>
         <fn id="d10461e3571a1310">
            <label>184</label>
            <p>
               <mixed-citation id="d10461e3578" publication-type="other">
Id. (Kennedy, J., dissenting).</mixed-citation>
            </p>
         </fn>
         <fn id="d10461e3585a1310">
            <label>186</label>
            <p>
               <mixed-citation id="d10461e3592" publication-type="journal">
Gentile, 111 S. Ct. at 2731.<fpage>2731</fpage>
                  <source>111 S. Ct.</source>
               </mixed-citation>
            </p>
         </fn>
         <fn id="d10461e3605a1310">
            <label>187</label>
            <p>
               <mixed-citation id="d10461e3612" publication-type="other">
Id.</mixed-citation>
            </p>
         </fn>
         <fn id="d10461e3619a1310">
            <label>188</label>
            <p>
               <mixed-citation id="d10461e3626" publication-type="other">
Id.</mixed-citation>
            </p>
         </fn>
         <fn id="d10461e3633a1310">
            <label>189</label>
            <p>
               <mixed-citation id="d10461e3640" publication-type="other">
Id.</mixed-citation>
            </p>
         </fn>
         <fn id="d10461e3648a1310">
            <label>190</label>
            <p>
               <mixed-citation id="d10461e3655" publication-type="other">
Id.</mixed-citation>
            </p>
         </fn>
         <fn id="d10461e3662a1310">
            <label>191</label>
            <p>
               <mixed-citation id="d10461e3669" publication-type="other">
Id.</mixed-citation>
            </p>
         </fn>
         <fn id="d10461e3676a1310">
            <label>192</label>
            <p>
               <mixed-citation id="d10461e3683" publication-type="other">
Id. at 2732.</mixed-citation>
            </p>
         </fn>
         <fn id="d10461e3690a1310">
            <label>193</label>
            <p>
               <mixed-citation id="d10461e3697" publication-type="other">
Id.</mixed-citation>
            </p>
         </fn>
         <fn id="d10461e3704a1310">
            <label>195</label>
            <p>
               <mixed-citation id="d10461e3711" publication-type="journal">
Gentile, 111 S. Ct. at 2746<person-group>
                     <string-name>
                        <surname>Gentile</surname>
                     </string-name>
                  </person-group>
                  <source>111 S. Ct.</source>
                  <year>2746</year>
               </mixed-citation>
            </p>
            <p>
               <mixed-citation id="d10461e3732" publication-type="other">
Grayned v. City of Rockford, 408 U.S. 104, 114
(1972)</mixed-citation>
            </p>
         </fn>
         <fn id="d10461e3742a1310">
            <label>196</label>
            <p>
               <mixed-citation id="d10461e3749" publication-type="other">
Id.</mixed-citation>
            </p>
            <p>
               <mixed-citation id="d10461e3755" publication-type="other">
Board of Trustees of State Univ. of New York v. Fox, 492 U.S. 469, 485
(1989)) (Rehnquist, C.J., dissenting)</mixed-citation>
            </p>
         </fn>
         <fn id="d10461e3766a1310">
            <label>197</label>
            <p>
               <mixed-citation id="d10461e3773" publication-type="other">
Id. (Rehnquist, C.J., dissenting).</mixed-citation>
            </p>
         </fn>
         <fn id="d10461e3780a1310">
            <label>198</label>
            <p>
               <mixed-citation id="d10461e3787" publication-type="other">
Id. (Rehnquist, C.J., dissenting).</mixed-citation>
            </p>
         </fn>
         <fn id="d10461e3794a1310">
            <label>199</label>
            <p>
               <mixed-citation id="d10461e3801" publication-type="other">
Id. (Rehnquist, C.J., dissenting).</mixed-citation>
            </p>
         </fn>
         <fn id="d10461e3808a1310">
            <label>200</label>
            <p>
               <mixed-citation id="d10461e3815" publication-type="other">
Id. at 2747 (Rehnquist, C.J., dissenting).</mixed-citation>
            </p>
         </fn>
         <fn id="d10461e3822a1310">
            <label>201</label>
            <p>
               <mixed-citation id="d10461e3829" publication-type="other">
Id. (Rehnquist, C.J., dissenting).</mixed-citation>
            </p>
         </fn>
         <fn id="d10461e3836a1310">
            <label>202</label>
            <p>
               <mixed-citation id="d10461e3843" publication-type="other">
Roe v. Wade
in City of Akron v. Akron Ctr. for Reproductive Health, Inc., 462 U.S. 416, 458 (1983)</mixed-citation>
            </p>
         </fn>
         <fn id="d10461e3854a1310">
            <label>203</label>
            <p>
               <mixed-citation id="d10461e3861" publication-type="other">
Nebraska Press Ass'n v. Stuart, 427 U.S. 539, 559 (1975)</mixed-citation>
            </p>
            <p>
               <mixed-citation id="d10461e3867" publication-type="other">
Near v. Minne-
sota, 283 U.S. 697 (1931)</mixed-citation>
            </p>
         </fn>
         <fn id="d10461e3877a1310">
            <label>204</label>
            <p>
               <mixed-citation id="d10461e3884" publication-type="other">
Better Austin v. Keefe, 402 U.S. 415, 419-20 (1971)</mixed-citation>
            </p>
         </fn>
         <fn id="d10461e3891a1310">
            <label>205</label>
            <p>
               <mixed-citation id="d10461e3898" publication-type="other">
Procunier v. Martinez, 416 U.S. 396, 413 (1974)</mixed-citation>
            </p>
         </fn>
         <fn id="d10461e3905a1310">
            <label>206</label>
            <p>
               <mixed-citation id="d10461e3912" publication-type="other">
Press-Enterprise I, 464 U.S. 501, 510-11 (1984)</mixed-citation>
            </p>
         </fn>
         <fn id="d10461e3919a1310">
            <label>207</label>
            <p>
               <mixed-citation id="d10461e3926" publication-type="other">
Id.</mixed-citation>
            </p>
         </fn>
         <fn id="d10461e3933a1310">
            <label>208</label>
            <p>
               <mixed-citation id="d10461e3940" publication-type="other">
Better Austin, 402 U.S. 415</mixed-citation>
            </p>
            <p>
               <mixed-citation id="d10461e3946" publication-type="other">
Nebraska Press Ass'n v. Stuart, 427 U.S.
539 (1976)</mixed-citation>
            </p>
            <p>
               <mixed-citation id="d10461e3955" publication-type="other">
Press-Enterprise II, 478 U.S. 1 (1986)</mixed-citation>
            </p>
         </fn>
         <fn id="d10461e3963a1310">
            <label>209</label>
            <p>
               <mixed-citation id="d10461e3970" publication-type="book">
WAYNE R. LAFAVE $ JEROLD H. ISRAEL, CRIMINAL PROCEDURE, § 14.1(a) (1985).<person-group>
                     <string-name>
                        <surname>LaFave</surname>
                     </string-name>
                  </person-group>
                  <fpage>14.1</fpage>
                  <source>Criminal Procedure</source>
                  <year>1985</year>
               </mixed-citation>
            </p>
         </fn>
         <fn id="d10461e3995a1310">
            <label>210</label>
            <p>
               <mixed-citation id="d10461e4002" publication-type="other">
Id. §§ 12.1(a),(b).</mixed-citation>
            </p>
         </fn>
         <fn id="d10461e4009a1310">
            <label>211</label>
            <p>
               <mixed-citation id="d10461e4016" publication-type="other">
Id. § 20.4.</mixed-citation>
            </p>
         </fn>
         <fn id="d10461e4023a1310">
            <label>212</label>
            <p>
               <mixed-citation id="d10461e4030" publication-type="other">
Id. § 10.5(a).</mixed-citation>
            </p>
         </fn>
         <fn id="d10461e4037a1310">
            <label>213</label>
            <p>
               <mixed-citation id="d10461e4044" publication-type="book">
Model Rule 3.6, supra note 52  </mixed-citation>
            </p>
         </fn>
         <fn id="d10461e4053a1310">
            <label>214</label>
            <p>
               <mixed-citation id="d10461e4060" publication-type="other">
Id.</mixed-citation>
            </p>
         </fn>
         <fn id="d10461e4068a1310">
            <label>215</label>
            <p>
               <mixed-citation id="d10461e4075" publication-type="book">
Model Rule 3.6(b)(1), supra note 52  </mixed-citation>
            </p>
         </fn>
         <fn id="d10461e4084a1310">
            <label>216</label>
            <p>
               <mixed-citation id="d10461e4091" publication-type="other">
Id.</mixed-citation>
            </p>
         </fn>
         <fn id="d10461e4098a1310">
            <label>217</label>
            <p>
               <mixed-citation id="d10461e4105" publication-type="book">
Model Rule 3.6(b)(3), supra note 52  </mixed-citation>
            </p>
         </fn>
         <fn id="d10461e4114a1310">
            <label>218</label>
            <p>
               <mixed-citation id="d10461e4121" publication-type="book">
Model Rule 3.6(b)(1), supra note 52  </mixed-citation>
            </p>
         </fn>
         <fn id="d10461e4130a1310">
            <label>219</label>
            <p>
               <mixed-citation id="d10461e4137" publication-type="book">
Model Rule 3.6(b)(3), supra note 52  </mixed-citation>
            </p>
         </fn>
         <fn id="d10461e4146a1310">
            <label>220</label>
            <p>
               <mixed-citation id="d10461e4153" publication-type="book">
Model Rule 3.6(b)(2), supra note 52  </mixed-citation>
            </p>
         </fn>
         <fn id="d10461e4163a1310">
            <label>222</label>
            <p>
               <mixed-citation id="d10461e4170" publication-type="journal">
Alan Tobin, Burglary of Police Vault Probed, LAS VEGAS REV.-J., Feb. 2, 1987, at lA<person-group>
                     <string-name>
                        <surname>Tobin</surname>
                     </string-name>
                  </person-group>
                  <issue>Feb. 2</issue>
                  <fpage>lA</fpage>
                  <source>Las Vegas Rev.-J.</source>
                  <year>1987</year>
               </mixed-citation>
            </p>
            <p>
               <mixed-citation id="d10461e4198" publication-type="journal">
Ed Koch, Loot, Drugs Stolen from Metro Safe, LAS VEGAS SUN, Feb. 2, 1987, at lA<person-group>
                     <string-name>
                        <surname>Koch</surname>
                     </string-name>
                  </person-group>
                  <issue>Feb. 2</issue>
                  <fpage>lA</fpage>
                  <source>Las Vegas Sun</source>
                  <year>1987</year>
               </mixed-citation>
            </p>
            <p>
               <mixed-citation id="d10461e4226" publication-type="other">
supra note 1, at 84-86, 104-05</mixed-citation>
            </p>
         </fn>
         <fn id="d10461e4233a1310">
            <label>223</label>
            <p>
               <mixed-citation id="d10461e4240" publication-type="journal">
Tobin, supra note 135  </mixed-citation>
            </p>
            <p>
               <mixed-citation id="d10461e4248" publication-type="other">
supra note 1, at 90-91</mixed-citation>
            </p>
         </fn>
         <fn id="d10461e4255a1310">
            <label>224</label>
            <p>
               <mixed-citation id="d10461e4262" publication-type="other">
Id.</mixed-citation>
            </p>
         </fn>
         <fn id="d10461e4269a1310">
            <label>225</label>
            <p>
               <mixed-citation id="d10461e4276" publication-type="other">
Id.</mixed-citation>
            </p>
         </fn>
         <fn id="d10461e4283a1310">
            <label>226</label>
            <p>
               <mixed-citation id="d10461e4290" publication-type="journal">
Tobin, supra note 222  </mixed-citation>
            </p>
         </fn>
         <fn id="d10461e4299a1310">
            <label>227</label>
            <p>
               <mixed-citation id="d10461e4306" publication-type="other">
Synopsis of KLAS News Broadcasts (Mar. 10, 1987)</mixed-citation>
            </p>
            <p>
               <mixed-citation id="d10461e4312" publication-type="other">
supra note 1,
at 130</mixed-citation>
            </p>
         </fn>
         <fn id="d10461e4323a1310">
            <label>228</label>
            <p>
               <mixed-citation id="d10461e4330" publication-type="journal">
Ed Koch, Reward Offered in Vault Cases; 2 Officers Cleared, LAS VEGAS SUN, Mar. 11,
1987<person-group>
                     <string-name>
                        <surname>Koch</surname>
                     </string-name>
                  </person-group>
                  <issue>Mar. 11</issue>
                  <source>Las Vegas Sun</source>
                  <year>1987</year>
               </mixed-citation>
            </p>
            <p>
               <mixed-citation id="d10461e4358" publication-type="other">
supra note 1, at 112-13</mixed-citation>
            </p>
         </fn>
         <fn id="d10461e4365a1310">
            <label>229</label>
            <p>
               <mixed-citation id="d10461e4372" publication-type="journal">
9 Pounds of Cocaine Part of Metro Heist, LAS VEGAS REV.-J., Feb. 5, 1987, at 1B<issue>Feb. 5</issue>
                  <fpage>1B</fpage>
                  <source>Las Vegas Rev.-J.</source>
                  <year>1987</year>
               </mixed-citation>
            </p>
            <p>
               <mixed-citation id="d10461e4390" publication-type="other">
supra note 1, at 88-89</mixed-citation>
            </p>
         </fn>
         <fn id="d10461e4397a1310">
            <label>230</label>
            <p>
               <mixed-citation id="d10461e4404" publication-type="other">
Gentile v. State Bar of Nevada, 111 S. Ct. 2720, 2728 (1991).</mixed-citation>
            </p>
         </fn>
         <fn id="d10461e4411a1310">
            <label>231</label>
            <p>
               <mixed-citation id="d10461e4418" publication-type="book">
LAFAVE &amp; ISRAEL, supra note 209, §§ 8.1, 8.5(b)  <fpage>8.1</fpage>
               </mixed-citation>
            </p>
         </fn>
         <fn id="d10461e4430a1310">
            <label>232</label>
            <p>
               <mixed-citation id="d10461e4439" publication-type="journal">
FED. R. CRIM. P. 7(c)<fpage>7</fpage>
                  <source>Fed. R. Crim.</source>
               </mixed-citation>
            </p>
            <p>
               <mixed-citation id="d10461e4451" publication-type="book">
LAFAVE &amp; ISRAEL, supra note 209, §§ 19.2
(a),(d)  <fpage>19.2</fpage>
               </mixed-citation>
            </p>
         </fn>
         <fn id="d10461e4466a1310">
            <label>233</label>
            <p>
               <mixed-citation id="d10461e4473" publication-type="book">
LAFAVE &amp; ISRAEL, supra note 209, § 12.1(b).  <fpage>12.1</fpage>
               </mixed-citation>
            </p>
         </fn>
         <fn id="d10461e4486a1310">
            <label>234</label>
            <p>
               <mixed-citation id="d10461e4493" publication-type="other">
Id.</mixed-citation>
            </p>
            <p>
               <mixed-citation id="d10461e4499" publication-type="other">
Id.</mixed-citation>
            </p>
         </fn>
         <fn id="d10461e4506a1310">
            <label>235</label>
            <p>
               <mixed-citation id="d10461e4513" publication-type="other">
The 1984 Bail Reform Act, 18 U.S.C. § 3142(g) (1985)</mixed-citation>
            </p>
         </fn>
         <fn id="d10461e4520a1310">
            <label>236</label>
            <p>
               <mixed-citation id="d10461e4527" publication-type="book">
LAFAVE &amp; ISRAEL, supra note 209, § 12.1(d).  <fpage>12.1</fpage>
               </mixed-citation>
            </p>
         </fn>
         <fn id="d10461e4539a1310">
            <label>237</label>
            <p>
               <mixed-citation id="d10461e4546" publication-type="book">
Model Rule 3.6(b)(1) and 3.6(c)(7)(i), supra note 52.  </mixed-citation>
            </p>
         </fn>
         <fn id="d10461e4555a1310">
            <label>238</label>
            <p>
               <mixed-citation id="d10461e4562" publication-type="book">
Model Rule 3.6(b)(1), supra note 52  </mixed-citation>
            </p>
         </fn>
         <fn id="d10461e4571a1310">
            <label>239</label>
            <p>
               <mixed-citation id="d10461e4578" publication-type="book">
LAFAVE &amp; ISRAEL, supra note 209, § 20.4(a).  <fpage>20.4</fpage>
               </mixed-citation>
            </p>
         </fn>
         <fn id="d10461e4591a1310">
            <label>240</label>
            <p>
               <mixed-citation id="d10461e4598" publication-type="book">
Model Rule 3.6(b)(4), supra note 52  </mixed-citation>
            </p>
         </fn>
         <fn id="d10461e4607a1310">
            <label>241</label>
            <p>
               <mixed-citation id="d10461e4614" publication-type="other">
Gentile v. State Bar of Nevada, 111 S. Ct. 2720 (1991) (No. 89-1836)</mixed-citation>
            </p>
            <p>
               <mixed-citation id="d10461e4620" publication-type="other">
supra note 1, at
34</mixed-citation>
            </p>
         </fn>
         <fn id="d10461e4630a1310">
            <label>242</label>
            <p>
               <mixed-citation id="d10461e4637" publication-type="book">
LAFAVE &amp; ISRAEL, supra note 209, § 10.1(a)  <fpage>10.1</fpage>
               </mixed-citation>
            </p>
            <p>
               <mixed-citation id="d10461e4648" publication-type="other">
Waller v. Georgia, 467 U.S. 39 (1984)</mixed-citation>
            </p>
         </fn>
         <fn id="d10461e4655a1310">
            <label>243</label>
            <p>
               <mixed-citation id="d10461e4662" publication-type="book">
Model Rule 3.6(b)(2), supra note 52  </mixed-citation>
            </p>
         </fn>
         <fn id="d10461e4671a1310">
            <label>244</label>
            <p>
               <mixed-citation id="d10461e4678" publication-type="book">
Model Rule 3.6(b)(3), supra note 52  </mixed-citation>
            </p>
         </fn>
         <fn id="d10461e4687a1310">
            <label>245</label>
            <p>
               <mixed-citation id="d10461e4694" publication-type="book">
Model Rule 3.6(b)(1), supra note 52  </mixed-citation>
            </p>
         </fn>
         <fn id="d10461e4704a1310">
            <label>246</label>
            <p>
               <mixed-citation id="d10461e4711" publication-type="book">
Model Rule 3.6(b)(5), supra note 52  </mixed-citation>
            </p>
         </fn>
         <fn id="d10461e4720a1310">
            <label>247</label>
            <p>
               <mixed-citation id="d10461e4727" publication-type="other">
U.S.
CONST. amend. IV</mixed-citation>
            </p>
         </fn>
         <fn id="d10461e4737a1310">
            <label>248</label>
            <p>
               <mixed-citation id="d10461e4744" publication-type="other">
U.S. CONST. amend.
V</mixed-citation>
            </p>
         </fn>
         <fn id="d10461e4754a1310">
            <label>249</label>
            <p>
               <mixed-citation id="d10461e4761" publication-type="book">
LAFAVE &amp; ISRAEL, supra note 209, §§ 10.3(b),(c).  <fpage>10.3</fpage>
               </mixed-citation>
            </p>
         </fn>
         <fn id="d10461e4773a1310">
            <label>250</label>
            <p>
               <mixed-citation id="d10461e4780" publication-type="other">
Gentile v. State Bar of Nevada, 111 S. Ct. 2720, 2727 (1991).</mixed-citation>
            </p>
         </fn>
         <fn id="d10461e4787a1310">
            <label>251</label>
            <p>
               <mixed-citation id="d10461e4794" publication-type="journal">
Gentile, 111 S. Ct. at 2736-37, 2739.<fpage>2736</fpage>
                  <source>111 S. Ct.</source>
               </mixed-citation>
            </p>
         </fn>
         <fn id="d10461e4808a1310">
            <label>253</label>
            <p>
               <mixed-citation id="d10461e4815" publication-type="other">
Id.</mixed-citation>
            </p>
         </fn>
         <fn id="d10461e4822a1310">
            <label>254</label>
            <p>
               <mixed-citation id="d10461e4829" publication-type="other">
Id.</mixed-citation>
            </p>
         </fn>
         <fn id="d10461e4836a1310">
            <label>255</label>
            <p>
               <mixed-citation id="d10461e4843" publication-type="other">
Nebraska Press Ass'n v. Stuart, 427 U.S. 539 (1976)</mixed-citation>
            </p>
            <p>
               <mixed-citation id="d10461e4849" publication-type="other">
Richmond Newspapers, Inc.
v. Virginia, 448 U.S. 555 (1980)</mixed-citation>
            </p>
            <p>
               <mixed-citation id="d10461e4858" publication-type="other">
Press-Enterprise I, 464 U.S. 501 (1984)</mixed-citation>
            </p>
            <p>
               <mixed-citation id="d10461e4865" publication-type="other">
Waller v. Geor-
gia, 467 U.S. 39 (1984)</mixed-citation>
            </p>
            <p>
               <mixed-citation id="d10461e4874" publication-type="other">
Press-Enterprise II, 478 U.S. 1 (1986)</mixed-citation>
            </p>
         </fn>
         <fn id="d10461e4881a1310">
            <label>256</label>
            <p>
               <mixed-citation id="d10461e4888" publication-type="other">
Gentile v. State Bar of Nevada, 111 S. Ct. 2720, 2735 (1991) (Kennedy, J.,
concurring).</mixed-citation>
            </p>
         </fn>
         <fn id="d10461e4898a1310">
            <label>257</label>
            <p>
               <mixed-citation id="d10461e4905" publication-type="other">
Nebraska Press, 427 U.S. at 605-06.</mixed-citation>
            </p>
         </fn>
         <fn id="d10461e4912a1310">
            <label>258</label>
            <p>
               <mixed-citation id="d10461e4919" publication-type="journal">
Gentile, 111 S. Ct. at 2735 (Kennedy, J., concurring)<fpage>2735</fpage>
                  <source>111 S. Ct.</source>
               </mixed-citation>
            </p>
         </fn>
         <fn id="d10461e4933a1310">
            <label>259</label>
            <p>
               <mixed-citation id="d10461e4940" publication-type="other">
Id. at 2733, 2735 (Kennedy, J., concurring).</mixed-citation>
            </p>
         </fn>
         <fn id="d10461e4947a1310">
            <label>260</label>
            <p>
               <mixed-citation id="d10461e4954" publication-type="conference">
Press Conference Re Grady Sanders by Dominic Gentile in Las Vegas, Nev. (Feb. 5,
1988)<source>Press Conference Re Grady Sanders by Dominic Gentile in Las Vegas, Nev. (Feb. 5, 1988)</source>
                  <year>1988</year>
               </mixed-citation>
            </p>
         </fn>
         <fn id="d10461e4970a1310">
            <label>261</label>
            <p>
               <mixed-citation id="d10461e4977" publication-type="journal">
Gentile, 111 S. Ct. at 2739<fpage>2739</fpage>
                  <source>111 S. Ct.</source>
               </mixed-citation>
            </p>
         </fn>
         <fn id="d10461e4990a1310">
            <label>262</label>
            <p>
               <mixed-citation id="d10461e4997" publication-type="other">
Id. at 2732</mixed-citation>
            </p>
         </fn>
         <fn id="d10461e5004a1310">
            <label>263</label>
            <p>
               <mixed-citation id="d10461e5011" publication-type="journal">
Tobin, supra note 222.  </mixed-citation>
            </p>
         </fn>
         <fn id="d10461e5020a1310">
            <label>264</label>
            <p>
               <mixed-citation id="d10461e5027" publication-type="journal">
Koch, supra note 228.  </mixed-citation>
            </p>
         </fn>
         <fn id="d10461e5037a1310">
            <label>265</label>
            <p>
               <mixed-citation id="d10461e5044" publication-type="journal">
Tobin &amp; Bates, supra note 136  </mixed-citation>
            </p>
            <p>
               <mixed-citation id="d10461e5052" publication-type="other">
supra note 1, at 100-03</mixed-citation>
            </p>
         </fn>
         <fn id="d10461e5059a1310">
            <label>266</label>
            <p>
               <mixed-citation id="d10461e5066" publication-type="other">
supra note 1, at 44</mixed-citation>
            </p>
         </fn>
         <fn id="d10461e5073a1310">
            <label>267</label>
            <p>
               <mixed-citation id="d10461e5080" publication-type="journal">
Joel H. Swift, Restraints on Defense Publicity in Criminal Jury Cases, 1984 UTAH L. REV.
45, 76 (1984).<person-group>
                     <string-name>
                        <surname>Swift</surname>
                     </string-name>
                  </person-group>
                  <volume>45</volume>
                  <source>1984 Utah L. Rev.</source>
                  <year>1984</year>
               </mixed-citation>
            </p>
         </fn>
         <fn id="d10461e5109a1310">
            <label>268</label>
            <p>
               <mixed-citation id="d10461e5116" publication-type="journal">
Dominic P. Gentile, Proposed Revision to Supreme Court Rule 177, THE NEVADA LAW-
YER, Jan. 1993, at 7.<person-group>
                     <string-name>
                        <surname>Gentile</surname>
                     </string-name>
                  </person-group>
                  <issue>Jan.</issue>
                  <fpage>7</fpage>
                  <source>The Nevada Lawyer</source>
                  <year>1993</year>
               </mixed-citation>
            </p>
         </fn>
         <fn id="d10461e5148a1310">
            <label>269</label>
            <p>
               <mixed-citation id="d10461e5155" publication-type="other">
Gentile v. State Bar of Nevada, 787 P.2d 386 (Nev. 1990).</mixed-citation>
            </p>
         </fn>
         <fn id="d10461e5162a1310">
            <label>270</label>
            <p>
               <mixed-citation id="d10461e5169" publication-type="other">
Id.</mixed-citation>
            </p>
         </fn>
         <fn id="d10461e5177a1310">
            <label>271</label>
            <p>
               <mixed-citation id="d10461e5184" publication-type="other">
Gentile v. State Bar of Nevada, 111 S. Ct. 2720, 2732 (1991).</mixed-citation>
            </p>
         </fn>
         <fn id="d10461e5191a1310">
            <label>272</label>
            <p>
               <mixed-citation id="d10461e5198" publication-type="other">
Nebraska Press Ass'n v. Stuart, 427 U.S. 539 (1976)</mixed-citation>
            </p>
            <p>
               <mixed-citation id="d10461e5204" publication-type="other">
Richmond Newspapers, Inc.
v. Virginia, 448 U.S. 555 (1980)</mixed-citation>
            </p>
            <p>
               <mixed-citation id="d10461e5213" publication-type="other">
Press-Enterprise I, 464 U.S. 501 (1984)</mixed-citation>
            </p>
            <p>
               <mixed-citation id="d10461e5220" publication-type="other">
Waller v. Geor-
gia, 467 U.S. 39 (1984)</mixed-citation>
            </p>
            <p>
               <mixed-citation id="d10461e5229" publication-type="other">
Press-Enterprise II, 478 U.S. 1 (1986)</mixed-citation>
            </p>
         </fn>
         <fn id="d10461e5236a1310">
            <label>273</label>
            <p>
               <mixed-citation id="d10461e5243" publication-type="other">
supra part III</mixed-citation>
            </p>
         </fn>
         <fn id="d10461e5250a1310">
            <label>274</label>
            <p>
               <mixed-citation id="d10461e5257" publication-type="other">
Richmond, 448 U.S. 555 (1980)</mixed-citation>
            </p>
            <p>
               <mixed-citation id="d10461e5263" publication-type="other">
Press-Enterprise I, 464 U.S. 501 (1984)</mixed-citation>
            </p>
         </fn>
         <fn id="d10461e5270a1310">
            <label>275</label>
            <p>
               <mixed-citation id="d10461e5277" publication-type="other">
Press-Enterprise I, 464 U.S. at 509-10.</mixed-citation>
            </p>
         </fn>
         <fn id="d10461e5284a1310">
            <label>276</label>
            <p>
               <mixed-citation id="d10461e5291" publication-type="journal">
Robert F. Nagel, How Useful is Judicial Review in Free Speech Cases?, 69 CORNELL L.
REV. 302, 334 (1984)<person-group>
                     <string-name>
                        <surname>Nagel</surname>
                     </string-name>
                  </person-group>
                  <volume>302</volume>
                  <source>69 Cornell L. Rev.</source>
                  <year>1984</year>
               </mixed-citation>
            </p>
         </fn>
         <fn id="d10461e5321a1310">
            <label>277</label>
            <p>
               <mixed-citation id="d10461e5328" publication-type="other">
id.</mixed-citation>
            </p>
            <p>
               <mixed-citation id="d10461e5334" publication-type="journal">
T.R.,
556 N.E.2d 439 (Ohio 1990)<person-group>
                     <string-name>
                        <surname>T.R.</surname>
                     </string-name>
                  </person-group>
                  <volume>439</volume>
                  <source>556 N.E.2d</source>
                  <year>1990</year>
               </mixed-citation>
            </p>
            <p>
               <mixed-citation id="d10461e5362" publication-type="other">
Dow Jones &amp; Co., 842 F.2d 603 (2d Cir. 1988)</mixed-citation>
            </p>
            <p>
               <mixed-citation id="d10461e5369" publication-type="other">
Radio
and Television News Ass'n v. United States Dist. Ct., 781 F.2d 1443 (9th Cir. 1986)</mixed-citation>
            </p>
         </fn>
         <fn id="d10461e5379a1310">
            <label>278</label>
            <p>
               <mixed-citation id="d10461e5386" publication-type="journal">
Swartz, supra note 11, at 1432.  <fpage>1432</fpage>
               </mixed-citation>
            </p>
         </fn>
      </fn-group>
   </back>
</article>
