<article xmlns:xsi="http://www.w3.org/2001/XMLSchema-instance"
         xmlns:xlink="http://www.w3.org/1999/xlink"
         xmlns:mml="http://www.w3.org/1998/Math/MathML"
         dtd-version="1.0"
         article-type="research-article">
   <front>
      <journal-meta>
         <journal-id journal-id-type="jstor">jcrimlawcrim1973</journal-id>
         <journal-id journal-id-type="jstor">j100481</journal-id>
         <journal-title-group>
            <journal-title>The Journal of Criminal Law and Criminology (1973-)</journal-title>
         </journal-title-group>
         <publisher>
            <publisher-name>Northwestern University School of Law</publisher-name>
         </publisher>
         <issn pub-type="ppub">00914169</issn>
      </journal-meta>
      <article-meta>
         <article-id pub-id-type="jstor">1143927</article-id>
         <article-categories>
            <subj-group>
               <subject>Supreme Court Review</subject>
            </subj-group>
         </article-categories>
         <title-group>
            <article-title>Exemption 7(D) of the Freedom of Information Act. The Evidentiary Showing the Government Must Make to Establish That a Source Is Confidential</article-title>
         </title-group>
         <contrib-group>
            <contrib contrib-type="author">
               <string-name>
                  <given-names>Matthew J.</given-names>
                  <surname>Salzman</surname>
               </string-name>
            </contrib>
         </contrib-group>
         <pub-date>
            <day>1</day>
            <month>1</month>
            <year>1994</year>
         
            <day>1</day>
            <month>4</month>
            <year>1994</year>
         </pub-date>
         <volume>84</volume>
         <issue>4</issue>
         <issue-id>i247857</issue-id>
         <fpage>1041</fpage>
         <lpage>1064</lpage>
         <page-range>1041-1064</page-range>
         <permissions>
            <copyright-statement>Copyright 1994 Northwestern University, School of Law</copyright-statement>
         </permissions>
         <self-uri xlink:href="http://www.jstor.org/stable/1143927"/>
         <custom-meta-group>
            <custom-meta>
               <meta-name>lang</meta-name>
               <meta-value>eng</meta-value>
            </custom-meta>
         </custom-meta-group>
      </article-meta>
   </front>
   <back>
      <fn-group>
         <title>[Footnotes]</title>
         <fn id="d10781e135a1310">
            <label>1</label>
            <p>
               <mixed-citation id="d10781e142" publication-type="other">
113 S. Ct. 2014 (1993).</mixed-citation>
            </p>
         </fn>
         <fn id="d10781e149a1310">
            <label>2</label>
            <p>
               <mixed-citation id="d10781e156" publication-type="other">
Id.</mixed-citation>
            </p>
         </fn>
         <fn id="d10781e163a1310">
            <label>3</label>
            <p>
               <mixed-citation id="d10781e170" publication-type="other">
Id. at 2023-24.</mixed-citation>
            </p>
         </fn>
         <fn id="d10781e177a1310">
            <label>4</label>
            <p>
               <mixed-citation id="d10781e184" publication-type="other">
Id. at 2024.</mixed-citation>
            </p>
         </fn>
         <fn id="d10781e192a1310">
            <label>5</label>
            <p>
               <mixed-citation id="d10781e199" publication-type="conference">
S. REP. No. 813, 89th Cong., 1st Sess. 8, 3 (1965)<source>89th Cong., 1st Sess</source>
                  <year>1965</year>
               </mixed-citation>
            </p>
            <p>
               <mixed-citation id="d10781e211" publication-type="other">
Cox v. United States Dep't of
Justice, 576 F.2d 1302, 1304 (8th Cir. 1978)</mixed-citation>
            </p>
         </fn>
         <fn id="d10781e221a1310">
            <label>6</label>
            <p>
               <mixed-citation id="d10781e228" publication-type="other">
Irons v. FBI, 880 F.2d 1446, 1451-52 (1st Cir. 1989)</mixed-citation>
            </p>
            <p>
               <mixed-citation id="d10781e234" publication-type="conference">
H.R. REP. No. 876, 93d
Cong., 2d Sess. 5 (1974)<fpage>5</fpage>
                  <source>93d Cong., 2d Sess</source>
                  <year>1974</year>
               </mixed-citation>
            </p>
            <p>
               <mixed-citation id="d10781e252" publication-type="other">
Cox, 576 F.2d at 1304</mixed-citation>
            </p>
         </fn>
         <fn id="d10781e259a1310">
            <label>7</label>
            <p>
               <mixed-citation id="d10781e266" publication-type="other">
120 CONG. REC. 36,626 (1974)</mixed-citation>
            </p>
            <p>
               <mixed-citation id="d10781e272" publication-type="other">
FBI v. Abramson, 456
U.S. 615, 627 (1982)</mixed-citation>
            </p>
         </fn>
         <fn id="d10781e282a1310">
            <label>8</label>
            <p>
               <mixed-citation id="d10781e289" publication-type="other">
NLRB v. Robbins Tire &amp; Rubber Co., 437 U.S. 214, 242 (1978)</mixed-citation>
            </p>
            <p>
               <mixed-citation id="d10781e295" publication-type="conference">
S. REP. NO.
813, 89th Cong., 1st Sess. 10 (1965)<fpage>10</fpage>
                  <source>89th Cong., 1st Sess</source>
                  <year>1965</year>
               </mixed-citation>
            </p>
            <p>
               <mixed-citation id="d10781e313" publication-type="other">
Department of
Air Force v. Rose, 425 U.S. 352, 372 (1976)</mixed-citation>
            </p>
            <p>
               <mixed-citation id="d10781e323" publication-type="other">
Hale v. United States Dep't of
Justice, 973 F.2d 894, 898 (10th Cir. 1992)</mixed-citation>
            </p>
         </fn>
         <fn id="d10781e333a1310">
            <label>9</label>
            <p>
               <mixed-citation id="d10781e340" publication-type="other">
John Doe Agency v. John Doe Corp., 493 U.S. 146, 151 (1989)</mixed-citation>
            </p>
            <p>
               <mixed-citation id="d10781e346" publication-type="other">
Rose, 425 U.S. at 361</mixed-citation>
            </p>
         </fn>
         <fn id="d10781e353a1310">
            <label>10</label>
            <p>
               <mixed-citation id="d10781e360" publication-type="other">
Rose, 425 U.S. at 361; Parton v. United States Dep't of Justice, 727 F.2d
774, 776 (8th Cir. 1984)</mixed-citation>
            </p>
         </fn>
         <fn id="d10781e371a1310">
            <label>11</label>
            <p>
               <mixed-citation id="d10781e378" publication-type="other">
Hale, 973 F.2d at 898</mixed-citation>
            </p>
            <p>
               <mixed-citation id="d10781e384" publication-type="other">
United States Dep't of Justice v. Reporters Comm. for
Freedom of the Press, 489 U.S. 749, 774 (1989)</mixed-citation>
            </p>
         </fn>
         <fn id="d10781e394a1310">
            <label>12</label>
            <p>
               <mixed-citation id="d10781e401" publication-type="other">
John Doe Agency, 493 U.S. at 152</mixed-citation>
            </p>
            <p>
               <mixed-citation id="d10781e407" publication-type="other">
Nadler v. United States Dep't of Justice, 955 F.2d
1479, 1485 (11th Cir. 1992).</mixed-citation>
            </p>
         </fn>
         <fn id="d10781e417a1310">
            <label>13</label>
            <p>
               <mixed-citation id="d10781e424" publication-type="other">
John Doe Agency, 493 U.S. at 153</mixed-citation>
            </p>
            <p>
               <mixed-citation id="d10781e430" publication-type="other">
Baldridge v. Shapiro, 445 U.S. 345, 360 n.
14 (1982)</mixed-citation>
            </p>
         </fn>
         <fn id="d10781e440a1310">
            <label>14</label>
            <p>
               <mixed-citation id="d10781e447" publication-type="other">
NLRB v. Robbins Tire &amp; Rubber Co., 437 U.S. 214, 242 n. 23 (1978)</mixed-citation>
            </p>
            <p>
               <mixed-citation id="d10781e453" publication-type="other">
Nix
v. United States, 572 F.2d 998, 1003 (4th Cir. 1978)</mixed-citation>
            </p>
            <p>
               <mixed-citation id="d10781e462" publication-type="other">
Irons v. FBI, 880 F.2d 1446, 1456 (1st Cir. 1989)</mixed-citation>
            </p>
         </fn>
         <fn id="d10781e469a1310">
            <label>15</label>
            <p>
               <mixed-citation id="d10781e476" publication-type="other">
United State Dep't of Justice v. Landano, 113 S. Ct. 2014, 2019 (1993)</mixed-citation>
            </p>
            <p>
               <mixed-citation id="d10781e482" publication-type="other">
FBI v. Abramson, 456 U.S. 615, 621 (1982)</mixed-citation>
            </p>
         </fn>
         <fn id="d10781e489a1310">
            <label>16</label>
            <p>
               <mixed-citation id="d10781e496" publication-type="other">
S. REP. No. 813, 89th Cong., 1st Sess. 3 (1965)</mixed-citation>
            </p>
            <p>
               <mixed-citation id="d10781e502" publication-type="other">
EPA v. Mink, 410 U.S. 73, 80 n.
6 (1973)</mixed-citation>
            </p>
            <p>
               <mixed-citation id="d10781e511" publication-type="other">
120 CONG. REC. 17,040 (1974)</mixed-citation>
            </p>
         </fn>
         <fn id="d10781e519a1310">
            <label>17</label>
            <p>
               <mixed-citation id="d10781e526" publication-type="other">
Irons, 880 F.2d at 1451-52</mixed-citation>
            </p>
            <p>
               <mixed-citation id="d10781e532" publication-type="other">
1974</mixed-citation>
            </p>
            <p>
               <mixed-citation id="d10781e538" publication-type="other">
Id. at 1449</mixed-citation>
            </p>
            <p>
               <mixed-citation id="d10781e545" publication-type="other">
1986</mixed-citation>
            </p>
            <p>
               <mixed-citation id="d10781e551" publication-type="other">
Id. at 1451-52</mixed-citation>
            </p>
         </fn>
         <fn id="d10781e558a1310">
            <label>18</label>
            <p>
               <mixed-citation id="d10781e565" publication-type="other">
120 CONG. REC. S6871 (1974) (statement of Sen. Hart)</mixed-citation>
            </p>
            <p>
               <mixed-citation id="d10781e571" publication-type="other">
Miller v. Bell, 661 F.2d
623, 626-27 (7th Cir. 1981)</mixed-citation>
            </p>
         </fn>
         <fn id="d10781e581a1310">
            <label>19</label>
            <p>
               <mixed-citation id="d10781e588" publication-type="other">
Irons, 880 F.2d at 1452</mixed-citation>
            </p>
            <p>
               <mixed-citation id="d10781e594" publication-type="other">
Id. at
1451</mixed-citation>
            </p>
         </fn>
         <fn id="d10781e604a1310">
            <label>20</label>
            <p>
               <mixed-citation id="d10781e611" publication-type="other">
5 U.S.C. § 552(b)(7)(D) (1986).</mixed-citation>
            </p>
         </fn>
         <fn id="d10781e618a1310">
            <label>21</label>
            <p>
               <mixed-citation id="d10781e625" publication-type="other">
5 U.S.C. § 552(a)(4)(B) (1986).</mixed-citation>
            </p>
         </fn>
         <fn id="d10781e632a1310">
            <label>22</label>
            <p>
               <mixed-citation id="d10781e639" publication-type="other">
United States Dep't of Justice v. Landano, 113 S. Ct. 2014, 2019 (1993)</mixed-citation>
            </p>
            <p>
               <mixed-citation id="d10781e645" publication-type="other">
Dow
Jones &amp; Co. v. United States Dep't of Justice, 917 F.2d 571, 575 (D.C. Cir 1990)</mixed-citation>
            </p>
         </fn>
         <fn id="d10781e656a1310">
            <label>23</label>
            <p>
               <mixed-citation id="d10781e663" publication-type="other">
S. REP. NO. 1200, 93d Cong., 2d Sess. 13 (1974)</mixed-citation>
            </p>
            <p>
               <mixed-citation id="d10781e669" publication-type="other">
1974 U.S.C.C.A.N.
6267, 6291</mixed-citation>
            </p>
            <p>
               <mixed-citation id="d10781e678" publication-type="book">
Landano, 113 S. Ct. at 2019-20<source>Landano</source>
               </mixed-citation>
            </p>
         </fn>
         <fn id="d10781e688a1310">
            <label>24</label>
            <p>
               <mixed-citation id="d10781e695" publication-type="conference">
H.R. REP. No. 1497, 89th Cong., 2d Sess. 6 (1966)<fpage>6</fpage>
                  <source>89th Cong., 2d Sess</source>
                  <year>1966</year>
               </mixed-citation>
            </p>
            <p>
               <mixed-citation id="d10781e710" publication-type="other">
1966 U.S.C.C.A.N.
2418, 2423</mixed-citation>
            </p>
            <p>
               <mixed-citation id="d10781e719" publication-type="other">
John Doe Agency v. John Doe Corp., 493 U.S. 146, 152 (1989)</mixed-citation>
            </p>
            <p>
               <mixed-citation id="d10781e726" publication-type="conference">
S.
REP. No. 813, 89th Cong., 1st Sess. 3 (1965)<fpage>3</fpage>
                  <source>89th Cong., 1st Sess</source>
                  <year>1965</year>
               </mixed-citation>
            </p>
         </fn>
         <fn id="d10781e745a1310">
            <label>25</label>
            <p>
               <mixed-citation id="d10781e752" publication-type="partial">
infra notes 27-49</mixed-citation>
            </p>
         </fn>
         <fn id="d10781e759a1310">
            <label>26</label>
            <p>
               <mixed-citation id="d10781e766" publication-type="partial">
infra notes 50-76</mixed-citation>
            </p>
         </fn>
         <fn id="d10781e773a1310">
            <label>28</label>
            <p>
               <mixed-citation id="d10781e780" publication-type="other">
484 F.2d 820 (D.C. Cir. 1973).</mixed-citation>
            </p>
         </fn>
         <fn id="d10781e787a1310">
            <label>29</label>
            <p>
               <mixed-citation id="d10781e794" publication-type="other">
Id. at 823-24</mixed-citation>
            </p>
            <p>
               <mixed-citation id="d10781e800" publication-type="partial">
infra notes
68-69</mixed-citation>
            </p>
         </fn>
         <fn id="d10781e811a1310">
            <label>30</label>
            <p>
               <mixed-citation id="d10781e818" publication-type="partial">
Id. at 826-27</mixed-citation>
            </p>
            <p>
               <mixed-citation id="d10781e824" publication-type="partial">
Id. at 828</mixed-citation>
            </p>
            <p>
               <mixed-citation id="d10781e830" publication-type="partial">
Id. at 826</mixed-citation>
            </p>
         </fn>
         <fn id="d10781e837a1310">
            <label>31</label>
            <p>
               <mixed-citation id="d10781e844" publication-type="partial">
Id. at 828</mixed-citation>
            </p>
         </fn>
         <fn id="d10781e851a1310">
            <label>32</label>
            <p>
               <mixed-citation id="d10781e858" publication-type="partial">
Id.</mixed-citation>
            </p>
         </fn>
         <fn id="d10781e865a1310">
            <label>33</label>
            <p>
               <mixed-citation id="d10781e872" publication-type="partial">
infra notes 56-62</mixed-citation>
            </p>
         </fn>
         <fn id="d10781e879a1310">
            <label>34</label>
            <p>
               <mixed-citation id="d10781e886" publication-type="other">
Wiener v. FBI, 943 F.2d 972, 977, 987 (9th Cir. 1991)</mixed-citation>
            </p>
         </fn>
         <fn id="d10781e893a1310">
            <label>35</label>
            <p>
               <mixed-citation id="d10781e900" publication-type="other">
Id.</mixed-citation>
            </p>
         </fn>
         <fn id="d10781e908a1310">
            <label>36</label>
            <p>
               <mixed-citation id="d10781e915" publication-type="other">
Id. at 976-77.</mixed-citation>
            </p>
         </fn>
         <fn id="d10781e922a1310">
            <label>37</label>
            <p>
               <mixed-citation id="d10781e929" publication-type="other">
Id. at 987</mixed-citation>
            </p>
         </fn>
         <fn id="d10781e936a1310">
            <label>38</label>
            <p>
               <mixed-citation id="d10781e943" publication-type="other">
Id.</mixed-citation>
            </p>
         </fn>
         <fn id="d10781e950a1310">
            <label>39</label>
            <p>
               <mixed-citation id="d10781e957" publication-type="other">
Donovan v. FBI, 806 F.2d 55 (2d Cir. 1986)</mixed-citation>
            </p>
            <p>
               <mixed-citation id="d10781e963" publication-type="other">
Diamond v. FBI, 707 F.2d 75 (2d
Cir. 1983)</mixed-citation>
            </p>
         </fn>
         <fn id="d10781e973a1310">
            <label>40</label>
            <p>
               <mixed-citation id="d10781e980" publication-type="other">
806 F.2d at 55.</mixed-citation>
            </p>
         </fn>
         <fn id="d10781e987a1310">
            <label>41</label>
            <p>
               <mixed-citation id="d10781e994" publication-type="other">
Id. at 57.</mixed-citation>
            </p>
         </fn>
         <fn id="d10781e1002a1310">
            <label>42</label>
            <p>
               <mixed-citation id="d10781e1009" publication-type="other">
Id. at 61</mixed-citation>
            </p>
            <p>
               <mixed-citation id="d10781e1015" publication-type="other">
Diamond, 707 F.2d at 78</mixed-citation>
            </p>
         </fn>
         <fn id="d10781e1022a1310">
            <label>43</label>
            <p>
               <mixed-citation id="d10781e1029" publication-type="other">
Id.</mixed-citation>
            </p>
         </fn>
         <fn id="d10781e1036a1310">
            <label>44</label>
            <p>
               <mixed-citation id="d10781e1043" publication-type="other">
Nix v. United States Dep't of Justice, 572 F.2d 998, 1003 (4th Cir. 1978)</mixed-citation>
            </p>
            <p>
               <mixed-citation id="d10781e1049" publication-type="other">
Parton v. United States Dep't of Justice, 727 F.2d 774 (8th Cir. 1984)</mixed-citation>
            </p>
         </fn>
         <fn id="d10781e1056a1310">
            <label>45</label>
            <p>
               <mixed-citation id="d10781e1063" publication-type="other">
572 F.2d 998.</mixed-citation>
            </p>
         </fn>
         <fn id="d10781e1070a1310">
            <label>46</label>
            <p>
               <mixed-citation id="d10781e1077" publication-type="other">
Id. at 1000-01.</mixed-citation>
            </p>
         </fn>
         <fn id="d10781e1084a1310">
            <label>47</label>
            <p>
               <mixed-citation id="d10781e1091" publication-type="other">
Id. at 1003</mixed-citation>
            </p>
            <p>
               <mixed-citation id="d10781e1097" publication-type="other">
supra note 23</mixed-citation>
            </p>
         </fn>
         <fn id="d10781e1105a1310">
            <label>48</label>
            <p>
               <mixed-citation id="d10781e1112" publication-type="other">
Nix, 998 F.2d at 1003.</mixed-citation>
            </p>
         </fn>
         <fn id="d10781e1119a1310">
            <label>49</label>
            <p>
               <mixed-citation id="d10781e1126" publication-type="other">
Id. at 1004.</mixed-citation>
            </p>
         </fn>
         <fn id="d10781e1133a1310">
            <label>50</label>
            <p>
               <mixed-citation id="d10781e1140" publication-type="partial">
supra notes 34-49</mixed-citation>
            </p>
            <p>
               <mixed-citation id="d10781e1146" publication-type="partial">
infra notes 51-76</mixed-citation>
            </p>
            <p>
               <mixed-citation id="d10781e1152" publication-type="other">
infra notes 56 and 72</mixed-citation>
            </p>
         </fn>
         <fn id="d10781e1159a1310">
            <label>51</label>
            <p>
               <mixed-citation id="d10781e1166" publication-type="other">
Ingle v. United States Dep't ofJustice, 698 F.2d 259, 269 (6th Cir. 1983)</mixed-citation>
            </p>
            <p>
               <mixed-citation id="d10781e1172" publication-type="other">
Brant Construction Co. v. EPA, 778 F.2d 1258, 1263 (7th Cir. 1985)</mixed-citation>
            </p>
            <p>
               <mixed-citation id="d10781e1178" publication-type="other">
Hale v. United
States Dep't of Justice, 973 F.2d 894, 899 (10th Cir. 1992)</mixed-citation>
            </p>
            <p>
               <mixed-citation id="d10781e1188" publication-type="other">
Nadler v. United States Dep't
of Justice, 955 F.2d 1479, 1486 (1 th Cir. 1992)</mixed-citation>
            </p>
         </fn>
         <fn id="d10781e1198a1310">
            <label>52</label>
            <p>
               <mixed-citation id="d10781e1205" publication-type="other">
661 F.2d 623 (7th Cir. 1981)</mixed-citation>
            </p>
         </fn>
         <fn id="d10781e1212a1310">
            <label>53</label>
            <p>
               <mixed-citation id="d10781e1219" publication-type="other">
Id. at 625.</mixed-citation>
            </p>
         </fn>
         <fn id="d10781e1227a1310">
            <label>54</label>
            <p>
               <mixed-citation id="d10781e1234" publication-type="other">
Id. at 627</mixed-citation>
            </p>
         </fn>
         <fn id="d10781e1241a1310">
            <label>55</label>
            <p>
               <mixed-citation id="d10781e1248" publication-type="other">
Id. at 628.</mixed-citation>
            </p>
         </fn>
         <fn id="d10781e1255a1310">
            <label>56</label>
            <p>
               <mixed-citation id="d10781e1262" publication-type="other">
Parker v. United States Dep't of Justice, 934 F.2d 375, 378 (D.C. Cir. 1991)</mixed-citation>
            </p>
            <p>
               <mixed-citation id="d10781e1268" publication-type="other">
supra note 30</mixed-citation>
            </p>
            <p>
               <mixed-citation id="d10781e1274" publication-type="other">
Schmerler v. FBI, 900 F.2d 333, 337 (D.C. Cir. 1990)</mixed-citation>
            </p>
         </fn>
         <fn id="d10781e1281a1310">
            <label>57</label>
            <p>
               <mixed-citation id="d10781e1288" publication-type="other">
917 F.2d 571 (D.C. Cir. 1990)</mixed-citation>
            </p>
            <p>
               <mixed-citation id="d10781e1294" publication-type="other">
917 F.2d 578 (D.C. Cir. 1990)</mixed-citation>
            </p>
         </fn>
         <fn id="d10781e1301a1310">
            <label>58</label>
            <p>
               <mixed-citation id="d10781e1308" publication-type="other">
Id. at 572.</mixed-citation>
            </p>
         </fn>
         <fn id="d10781e1315a1310">
            <label>59</label>
            <p>
               <mixed-citation id="d10781e1322" publication-type="other">
Id. at 576-77.</mixed-citation>
            </p>
         </fn>
         <fn id="d10781e1330a1310">
            <label>60</label>
            <p>
               <mixed-citation id="d10781e1337" publication-type="other">
Id.</mixed-citation>
            </p>
         </fn>
         <fn id="d10781e1344a1310">
            <label>61</label>
            <p>
               <mixed-citation id="d10781e1351" publication-type="other">
Id. at 577.</mixed-citation>
            </p>
         </fn>
         <fn id="d10781e1358a1310">
            <label>62</label>
            <p>
               <mixed-citation id="d10781e1365" publication-type="other">
Id. at 579 (Silberman, J., concurring in decision to deny rehearing).</mixed-citation>
            </p>
         </fn>
         <fn id="d10781e1372a1310">
            <label>63</label>
            <p>
               <mixed-citation id="d10781e1379" publication-type="other">
id. at 577-78 (Edwards, J., concurring)</mixed-citation>
            </p>
         </fn>
         <fn id="d10781e1386a1310">
            <label>64</label>
            <p>
               <mixed-citation id="d10781e1393" publication-type="other">
Id. at 577 (Edwards, J., concurring)</mixed-citation>
            </p>
            <p>
               <mixed-citation id="d10781e1399" publication-type="other">
Schmerler v. FBI, 900 F.2d 333, 337
(D.C. Cir. 1990)</mixed-citation>
            </p>
         </fn>
         <fn id="d10781e1409a1310">
            <label>65</label>
            <p>
               <mixed-citation id="d10781e1416" publication-type="other">
id. (Edwards, J., concurring)</mixed-citation>
            </p>
         </fn>
         <fn id="d10781e1424a1310">
            <label>66</label>
            <p>
               <mixed-citation id="d10781e1431" publication-type="other">
Id. (Edwards, J., concurring).</mixed-citation>
            </p>
         </fn>
         <fn id="d10781e1438a1310">
            <label>67</label>
            <p>
               <mixed-citation id="d10781e1445" publication-type="other">
Id. at 580 (Edwards, J., dissenting from decision to deny rehearing).</mixed-citation>
            </p>
         </fn>
         <fn id="d10781e1452a1310">
            <label>68</label>
            <p>
               <mixed-citation id="d10781e1459" publication-type="other">
Id. at 578 (Edwards, J., concurring).</mixed-citation>
            </p>
         </fn>
         <fn id="d10781e1466a1310">
            <label>69</label>
            <p>
               <mixed-citation id="d10781e1473" publication-type="other">
Id. (Edwards, J., concurring)</mixed-citation>
            </p>
            <p>
               <mixed-citation id="d10781e1479" publication-type="other">
supra note 29</mixed-citation>
            </p>
         </fn>
         <fn id="d10781e1486a1310">
            <label>70</label>
            <p>
               <mixed-citation id="d10781e1493" publication-type="other">
Id. at 580 (Edwards, J., dissenting from decision to deny rehearing).</mixed-citation>
            </p>
         </fn>
         <fn id="d10781e1500a1310">
            <label>71</label>
            <p>
               <mixed-citation id="d10781e1507" publication-type="other">
Id. (Edwards, J., dissenting from decision to deny rehearing).</mixed-citation>
            </p>
         </fn>
         <fn id="d10781e1515a1310">
            <label>72</label>
            <p>
               <mixed-citation id="d10781e1522" publication-type="other">
Conoco Inc. v. United States Dep't of Justice, 687 F.2d 724, 730 (3d Cir. 1982)</mixed-citation>
            </p>
            <p>
               <mixed-citation id="d10781e1528" publication-type="other">
Lame v. United States Dep't of Justice,
654 F.2d 917, 928 (3d Cir. 1981)</mixed-citation>
            </p>
            <p>
               <mixed-citation id="d10781e1537" publication-type="other">
Landano v. United States Dep't of Justice, 956 F.2d 422 (3d Cir.
1992)</mixed-citation>
            </p>
            <p>
               <mixed-citation id="d10781e1547" publication-type="partial">
infra notes 99-100</mixed-citation>
            </p>
         </fn>
         <fn id="d10781e1554a1310">
            <label>73</label>
            <p>
               <mixed-citation id="d10781e1561" publication-type="other">
687 F.2d at 724.</mixed-citation>
            </p>
         </fn>
         <fn id="d10781e1568a1310">
            <label>74</label>
            <p>
               <mixed-citation id="d10781e1575" publication-type="other">
Id. at 726.</mixed-citation>
            </p>
         </fn>
         <fn id="d10781e1582a1310">
            <label>75</label>
            <p>
               <mixed-citation id="d10781e1589" publication-type="other">
Id. at 730.</mixed-citation>
            </p>
         </fn>
         <fn id="d10781e1596a1310">
            <label>76</label>
            <p>
               <mixed-citation id="d10781e1603" publication-type="other">
Id.</mixed-citation>
            </p>
         </fn>
         <fn id="d10781e1610a1310">
            <label>77</label>
            <p>
               <mixed-citation id="d10781e1617" publication-type="other">
Landano v. United States Dep't of Justice, 956 F.2d 422, 425 (3d Cir. 1992).</mixed-citation>
            </p>
         </fn>
         <fn id="d10781e1625a1310">
            <label>78</label>
            <p>
               <mixed-citation id="d10781e1632" publication-type="other">
Id.</mixed-citation>
            </p>
         </fn>
         <fn id="d10781e1639a1310">
            <label>79</label>
            <p>
               <mixed-citation id="d10781e1646" publication-type="other">
United States Dep't of Justice v. Landano, 113 S. Ct. 2014, 2017 (1993).</mixed-citation>
            </p>
         </fn>
         <fn id="d10781e1653a1310">
            <label>80</label>
            <p>
               <mixed-citation id="d10781e1660" publication-type="other">
Id.</mixed-citation>
            </p>
         </fn>
         <fn id="d10781e1667a1310">
            <label>81</label>
            <p>
               <mixed-citation id="d10781e1674" publication-type="other">
Id.</mixed-citation>
            </p>
         </fn>
         <fn id="d10781e1681a1310">
            <label>82</label>
            <p>
               <mixed-citation id="d10781e1688" publication-type="other">
Id.</mixed-citation>
            </p>
         </fn>
         <fn id="d10781e1695a1310">
            <label>83</label>
            <p>
               <mixed-citation id="d10781e1702" publication-type="other">
State v. Landano, 483 A.2d 153 (N.J. 1984) (appeal denied)</mixed-citation>
            </p>
            <p>
               <mixed-citation id="d10781e1708" publication-type="other">
Landano v. Raf-
ferty, 670 F. Supp. 570 (D.N.J. 1987)</mixed-citation>
            </p>
            <p>
               <mixed-citation id="d10781e1717" publication-type="other">
856 F.2d 569 (3d
Cir. 1988)</mixed-citation>
            </p>
            <p>
               <mixed-citation id="d10781e1727" publication-type="other">
489 U.S. 1014 (1989)</mixed-citation>
            </p>
            <p>
               <mixed-citation id="d10781e1733" publication-type="other">
Landano v. Rafferty, 126 F.R.D. 627 (D.N.J. 1989)</mixed-citation>
            </p>
            <p>
               <mixed-citation id="d10781e1739" publication-type="other">
897 F.2d 661 (3d Cir. 1990)</mixed-citation>
            </p>
            <p>
               <mixed-citation id="d10781e1745" publication-type="other">
498 U.S. 811 (1990)</mixed-citation>
            </p>
         </fn>
         <fn id="d10781e1753a1310">
            <label>84</label>
            <p>
               <mixed-citation id="d10781e1760" publication-type="other">
373 U.S. 83 (1963)</mixed-citation>
            </p>
            <p>
               <mixed-citation id="d10781e1766" publication-type="other">
Id. at 87</mixed-citation>
            </p>
         </fn>
         <fn id="d10781e1773a1310">
            <label>85</label>
            <p>
               <mixed-citation id="d10781e1780" publication-type="book">
Landano, 113 S. Ct. at 2017<source>Landano</source>
               </mixed-citation>
            </p>
            <p>
               <mixed-citation id="d10781e1789" publication-type="other">
Landano v. United States Dep't of
Justice, 751 F. Supp. 502, 504 (D.N.J. 1990)</mixed-citation>
            </p>
            <p>
               <mixed-citation id="d10781e1798" publication-type="other">
Id.</mixed-citation>
            </p>
         </fn>
         <fn id="d10781e1805a1310">
            <label>86</label>
            <p>
               <mixed-citation id="d10781e1812" publication-type="other">
Landano, 113 S. Ct. at 2017.</mixed-citation>
            </p>
         </fn>
         <fn id="d10781e1819a1310">
            <label>87</label>
            <p>
               <mixed-citation id="d10781e1826" publication-type="other">
Id. at 2018.</mixed-citation>
            </p>
         </fn>
         <fn id="d10781e1833a1310">
            <label>88</label>
            <p>
               <mixed-citation id="d10781e1840" publication-type="other">
Id.</mixed-citation>
            </p>
         </fn>
         <fn id="d10781e1847a1310">
            <label>89</label>
            <p>
               <mixed-citation id="d10781e1854" publication-type="other">
Id.</mixed-citation>
            </p>
         </fn>
         <fn id="d10781e1862a1310">
            <label>90</label>
            <p>
               <mixed-citation id="d10781e1869" publication-type="other">
Landano v. United States Dep't of Justice, 751 F. Supp. 502 (D.N.J. 1990)</mixed-citation>
            </p>
            <p>
               <mixed-citation id="d10781e1875" publication-type="other">
758 F. Supp. 1021 (D.N.J. 1991)</mixed-citation>
            </p>
         </fn>
         <fn id="d10781e1882a1310">
            <label>91</label>
            <p>
               <mixed-citation id="d10781e1889" publication-type="book">
Landano, 751 F. Supp. at 508.<source>Landano</source>
               </mixed-citation>
            </p>
         </fn>
         <fn id="d10781e1899a1310">
            <label>92</label>
            <p>
               <mixed-citation id="d10781e1906" publication-type="other">
Landano, 113 S. Ct. at 2018 (referring to Landano, 751 F. Supp. at 508).</mixed-citation>
            </p>
         </fn>
         <fn id="d10781e1913a1310">
            <label>93</label>
            <p>
               <mixed-citation id="d10781e1920" publication-type="other">
Id.</mixed-citation>
            </p>
            <p>
               <mixed-citation id="d10781e1926" publication-type="other">
Landano, 751 F. Supp. at 508</mixed-citation>
            </p>
            <p>
               <mixed-citation id="d10781e1932" publication-type="other">
supra note 20</mixed-citation>
            </p>
         </fn>
         <fn id="d10781e1939a1310">
            <label>94</label>
            <p>
               <mixed-citation id="d10781e1946" publication-type="other">
Landano v. United States Dep't of Justice, 956 F.2d 422, 435 (3d Cir. 1992).</mixed-citation>
            </p>
         </fn>
         <fn id="d10781e1953a1310">
            <label>95</label>
            <p>
               <mixed-citation id="d10781e1960" publication-type="other">
Id. at 433</mixed-citation>
            </p>
            <p>
               <mixed-citation id="d10781e1966" publication-type="other">
S. REP. No. 1200, 93d Cong., 2d Sess. 13 (1974)</mixed-citation>
            </p>
            <p>
               <mixed-citation id="d10781e1972" publication-type="other">
1974 U.S.C.C.A.N. 6267, 6291)</mixed-citation>
            </p>
         </fn>
         <fn id="d10781e1980a1310">
            <label>96</label>
            <p>
               <mixed-citation id="d10781e1987" publication-type="other">
Id. at 434.</mixed-citation>
            </p>
         </fn>
         <fn id="d10781e1994a1310">
            <label>97</label>
            <p>
               <mixed-citation id="d10781e2001" publication-type="other">
Id.</mixed-citation>
            </p>
         </fn>
         <fn id="d10781e2008a1310">
            <label>98</label>
            <p>
               <mixed-citation id="d10781e2015" publication-type="other">
Id. at 432-33</mixed-citation>
            </p>
            <p>
               <mixed-citation id="d10781e2021" publication-type="partial">
supra notes 50-76</mixed-citation>
            </p>
         </fn>
         <fn id="d10781e2028a1310">
            <label>99</label>
            <p>
               <mixed-citation id="d10781e2035" publication-type="book">
Landano, 956 F.2d at 434<source>Landano</source>
               </mixed-citation>
            </p>
            <p>
               <mixed-citation id="d10781e2044" publication-type="other">
Lame v. United States Dep't of Justice, 654
F.2d 917, 928 (3d Cir. 1981)</mixed-citation>
            </p>
         </fn>
         <fn id="d10781e2054a1310">
            <label>100</label>
            <p>
               <mixed-citation id="d10781e2061" publication-type="other">
Id.</mixed-citation>
            </p>
            <p>
               <mixed-citation id="d10781e2067" publication-type="other">
United States Dep't of Justice,
687 F.2d 724, 730 (3d Cir. 1982)</mixed-citation>
            </p>
            <p>
               <mixed-citation id="d10781e2076" publication-type="partial">
supra notes 70-74</mixed-citation>
            </p>
         </fn>
         <fn id="d10781e2083a1310">
            <label>101</label>
            <p>
               <mixed-citation id="d10781e2090" publication-type="partial">
Id. at 435</mixed-citation>
            </p>
            <p>
               <mixed-citation id="d10781e2096" publication-type="other">
Lame v. United States, 654 F.2d 917, 928 (3d Cir. 1981)</mixed-citation>
            </p>
         </fn>
         <fn id="d10781e2104a1310">
            <label>102</label>
            <p>
               <mixed-citation id="d10781e2111" publication-type="other">
United States Dep't of Justice v. Landano, 113 S. Ct. 51 (1992).</mixed-citation>
            </p>
         </fn>
         <fn id="d10781e2118a1310">
            <label>103</label>
            <p>
               <mixed-citation id="d10781e2125" publication-type="other">
United States Dep't of Justice v. Landano, 113 S. Ct. 2014, 2019 (1993).</mixed-citation>
            </p>
         </fn>
         <fn id="d10781e2132a1310">
            <label>104</label>
            <p>
               <mixed-citation id="d10781e2139" publication-type="other">
Id. at 2017.</mixed-citation>
            </p>
         </fn>
         <fn id="d10781e2146a1310">
            <label>105</label>
            <p>
               <mixed-citation id="d10781e2153" publication-type="other">
Id. at 2024.</mixed-citation>
            </p>
         </fn>
         <fn id="d10781e2160a1310">
            <label>106</label>
            <p>
               <mixed-citation id="d10781e2167" publication-type="other">
Id.</mixed-citation>
            </p>
         </fn>
         <fn id="d10781e2174a1310">
            <label>107</label>
            <p>
               <mixed-citation id="d10781e2181" publication-type="other">
Id.</mixed-citation>
            </p>
         </fn>
         <fn id="d10781e2189a1310">
            <label>108</label>
            <p>
               <mixed-citation id="d10781e2196" publication-type="other">
id. at 2020.</mixed-citation>
            </p>
         </fn>
         <fn id="d10781e2203a1310">
            <label>109</label>
            <p>
               <mixed-citation id="d10781e2210" publication-type="other">
Id. at 2019</mixed-citation>
            </p>
            <p>
               <mixed-citation id="d10781e2216" publication-type="partial">
supra notes 22-23</mixed-citation>
            </p>
         </fn>
         <fn id="d10781e2223a1310">
            <label>10</label>
            <p>
               <mixed-citation id="d10781e2230" publication-type="other">
Landano, 113 S. Ct. at 2020.</mixed-citation>
            </p>
         </fn>
         <fn id="d10781e2237a1310">
            <label>11</label>
            <p>
               <mixed-citation id="d10781e2244" publication-type="other">
Id.</mixed-citation>
            </p>
         </fn>
         <fn id="d10781e2251a1310">
            <label>112</label>
            <p>
               <mixed-citation id="d10781e2258" publication-type="other">
Id.</mixed-citation>
            </p>
            <p>
               <mixed-citation id="d10781e2264" publication-type="other">
Id.</mixed-citation>
            </p>
         </fn>
         <fn id="d10781e2271a1310">
            <label>113</label>
            <p>
               <mixed-citation id="d10781e2278" publication-type="other">
Id.</mixed-citation>
            </p>
            <p>
               <mixed-citation id="d10781e2284" publication-type="other">
supra note 96</mixed-citation>
            </p>
         </fn>
         <fn id="d10781e2292a1310">
            <label>114</label>
            <p>
               <mixed-citation id="d10781e2299" publication-type="other">
Landano, 113 S. Ct. at 2020</mixed-citation>
            </p>
         </fn>
         <fn id="d10781e2306a1310">
            <label>115</label>
            <p>
               <mixed-citation id="d10781e2313" publication-type="other">
Id.</mixed-citation>
            </p>
            <p>
               <mixed-citation id="d10781e2319" publication-type="other">
John Doe Agency v. John Doe Corp., 493 U.S. 146, 152 (1989)</mixed-citation>
            </p>
         </fn>
         <fn id="d10781e2326a1310">
            <label>116</label>
            <p>
               <mixed-citation id="d10781e2333" publication-type="other">
Id.</mixed-citation>
            </p>
         </fn>
         <fn id="d10781e2340a1310">
            <label>117</label>
            <p>
               <mixed-citation id="d10781e2347" publication-type="other">
id. at 2021</mixed-citation>
            </p>
         </fn>
         <fn id="d10781e2354a1310">
            <label>118</label>
            <p>
               <mixed-citation id="d10781e2361" publication-type="other">
United States Dep't of Justice v. Reporters Comm. for Freedom of the Press,
489 U.S. 749 (1989)</mixed-citation>
            </p>
         </fn>
         <fn id="d10781e2371a1310">
            <label>119</label>
            <p>
               <mixed-citation id="d10781e2378" publication-type="other">
Landano, 113 S. Ct. at 2021</mixed-citation>
            </p>
         </fn>
         <fn id="d10781e2386a1310">
            <label>120</label>
            <p>
               <mixed-citation id="d10781e2393" publication-type="other">
Id.</mixed-citation>
            </p>
            <p>
               <mixed-citation id="d10781e2399" publication-type="other">
Basic Inc. v. Levinson, 485 U.S. 224, 246 (1988)</mixed-citation>
            </p>
            <p>
               <mixed-citation id="d10781e2405" publication-type="other">
Id.</mixed-citation>
            </p>
            <p>
               <mixed-citation id="d10781e2412" publication-type="other">
Id.</mixed-citation>
            </p>
            <p>
               <mixed-citation id="d10781e2418" publication-type="other">
Id. at 2022</mixed-citation>
            </p>
         </fn>
         <fn id="d10781e2425a1310">
            <label>121</label>
            <p>
               <mixed-citation id="d10781e2432" publication-type="other">
Id.</mixed-citation>
            </p>
            <p>
               <mixed-citation id="d10781e2438" publication-type="other">
Dow Jones &amp; Co. v. United States Dep't of Justice, 917 F.2d 571, 577
(D.C. Cir 1990)</mixed-citation>
            </p>
            <p>
               <mixed-citation id="d10781e2447" publication-type="other">
supra note 69</mixed-citation>
            </p>
         </fn>
         <fn id="d10781e2454a1310">
            <label>122</label>
            <p>
               <mixed-citation id="d10781e2461" publication-type="other">
Landano, 113 S. Ct. at 2022.</mixed-citation>
            </p>
         </fn>
         <fn id="d10781e2468a1310">
            <label>123</label>
            <p>
               <mixed-citation id="d10781e2475" publication-type="other">
Id. at 2022-23.</mixed-citation>
            </p>
         </fn>
         <fn id="d10781e2482a1310">
            <label>124</label>
            <p>
               <mixed-citation id="d10781e2489" publication-type="other">
id. at 2023-24.</mixed-citation>
            </p>
         </fn>
         <fn id="d10781e2496a1310">
            <label>125</label>
            <p>
               <mixed-citation id="d10781e2505" publication-type="other">
Id. at 2024</mixed-citation>
            </p>
            <p>
               <mixed-citation id="d10781e2511" publication-type="other">
Id. at 2023</mixed-citation>
            </p>
            <p>
               <mixed-citation id="d10781e2518" publication-type="other">
Keyes v. United States Dep't of Justice, 830 F.2d
337, 345-46 (D.C. Cir. 1987)</mixed-citation>
            </p>
            <p>
               <mixed-citation id="d10781e2527" publication-type="other">
Donovan v. FBI, 806 F.2d 55, 60-61 (2d Cir. 1986)</mixed-citation>
            </p>
            <p>
               <mixed-citation id="d10781e2533" publication-type="other">
Par-
ton v. United States Dep't of Justice, 727 F.2d 774, 776-77 (8th Cir. 1984)</mixed-citation>
            </p>
            <p>
               <mixed-citation id="d10781e2542" publication-type="other">
Miller v. Bell,
661 F.2d 623, 628 (7th Cir. 1981)</mixed-citation>
            </p>
         </fn>
         <fn id="d10781e2553a1310">
            <label>126</label>
            <p>
               <mixed-citation id="d10781e2560" publication-type="other">
Landano, 113 S. Ct. at 2023-24</mixed-citation>
            </p>
            <p>
               <mixed-citation id="d10781e2566" publication-type="other">
Reporters Comm. for Freedom of the Press,
489 U.S. 749, 779 (1989)</mixed-citation>
            </p>
            <p>
               <mixed-citation id="d10781e2575" publication-type="other">
FTC v. Grolier Inc., 462 U.S. 19, 27 (1983)</mixed-citation>
            </p>
            <p>
               <mixed-citation id="d10781e2582" publication-type="other">
supra
note 24</mixed-citation>
            </p>
         </fn>
         <fn id="d10781e2592a1310">
            <label>127</label>
            <p>
               <mixed-citation id="d10781e2599" publication-type="other">
Landano, 113 S. Ct. at 2024.</mixed-citation>
            </p>
         </fn>
         <fn id="d10781e2606a1310">
            <label>128</label>
            <p>
               <mixed-citation id="d10781e2613" publication-type="other">
Id.</mixed-citation>
            </p>
         </fn>
         <fn id="d10781e2620a1310">
            <label>129</label>
            <p>
               <mixed-citation id="d10781e2627" publication-type="other">
Id.</mixed-citation>
            </p>
         </fn>
         <fn id="d10781e2634a1310">
            <label>130</label>
            <p>
               <mixed-citation id="d10781e2641" publication-type="other">
Id.</mixed-citation>
            </p>
            <p>
               <mixed-citation id="d10781e2647" publication-type="other">
John Doe Agency v.John Doe Corp., 493 U.S. 146, 152 (1989)</mixed-citation>
            </p>
            <p>
               <mixed-citation id="d10781e2653" publication-type="other">
supra
notes 9-10</mixed-citation>
            </p>
         </fn>
         <fn id="d10781e2663a1310">
            <label>131</label>
            <p>
               <mixed-citation id="d10781e2670" publication-type="other">
Landano, 113 S. Ct. at 2023.</mixed-citation>
            </p>
         </fn>
         <fn id="d10781e2678a1310">
            <label>132</label>
            <p>
               <mixed-citation id="d10781e2685" publication-type="other">
id. at 2022-23</mixed-citation>
            </p>
            <p>
               <mixed-citation id="d10781e2691" publication-type="other">
supra notes 21, 68-71</mixed-citation>
            </p>
         </fn>
         <fn id="d10781e2698a1310">
            <label>133</label>
            <p>
               <mixed-citation id="d10781e2705" publication-type="other">
supra notes 68-71</mixed-citation>
            </p>
         </fn>
         <fn id="d10781e2712a1310">
            <label>134</label>
            <p>
               <mixed-citation id="d10781e2719" publication-type="other">
supra note 21</mixed-citation>
            </p>
         </fn>
         <fn id="d10781e2726a1310">
            <label>135</label>
            <p>
               <mixed-citation id="d10781e2733" publication-type="other">
Dow Jones &amp; Co. v. United States Dep't ofJustice, 917 F.2d 571, 577 (D.C. Cir.
1990)</mixed-citation>
            </p>
            <p>
               <mixed-citation id="d10781e2742" publication-type="other">
Schmerler v. FBI, 900 F.2d 333, 337 (D.C.
Cir. 1990)</mixed-citation>
            </p>
         </fn>
         <fn id="d10781e2752a1310">
            <label>136</label>
            <p>
               <mixed-citation id="d10781e2759" publication-type="other">
supra notes 56-71</mixed-citation>
            </p>
         </fn>
         <fn id="d10781e2766a1310">
            <label>137</label>
            <p>
               <mixed-citation id="d10781e2773" publication-type="other">
Dow Jones, 917 F.2d 571 (D.C. Cir. 1990)</mixed-citation>
            </p>
            <p>
               <mixed-citation id="d10781e2779" publication-type="other">
917 F.2d 578, 579
(D.C. Cir. 1990)</mixed-citation>
            </p>
         </fn>
         <fn id="d10781e2790a1310">
            <label>138</label>
            <p>
               <mixed-citation id="d10781e2797" publication-type="other">
Id. at 580</mixed-citation>
            </p>
            <p>
               <mixed-citation id="d10781e2803" publication-type="other">
supra note
71</mixed-citation>
            </p>
         </fn>
         <fn id="d10781e2813a1310">
            <label>139</label>
            <p>
               <mixed-citation id="d10781e2820" publication-type="other">
United States Dep't of Justice v. Landano, 113 S. Ct. 2014, 2022-23 (1993)</mixed-citation>
            </p>
         </fn>
         <fn id="d10781e2827a1310">
            <label>140</label>
            <p>
               <mixed-citation id="d10781e2834" publication-type="other">
Id. at 2021</mixed-citation>
            </p>
            <p>
               <mixed-citation id="d10781e2840" publication-type="other">
supra notes 65-67</mixed-citation>
            </p>
         </fn>
         <fn id="d10781e2847a1310">
            <label>141</label>
            <p>
               <mixed-citation id="d10781e2854" publication-type="other">
Landano, 113 S. Ct. at 2021.</mixed-citation>
            </p>
         </fn>
         <fn id="d10781e2861a1310">
            <label>142</label>
            <p>
               <mixed-citation id="d10781e2868" publication-type="other">
Id.; see also supra notes 117-19</mixed-citation>
            </p>
            <p>
               <mixed-citation id="d10781e2874" publication-type="other">
supra note 11</mixed-citation>
            </p>
         </fn>
         <fn id="d10781e2881a1310">
            <label>143</label>
            <p>
               <mixed-citation id="d10781e2888" publication-type="other">
Landano, 113 S. Ct. at 2022</mixed-citation>
            </p>
            <p>
               <mixed-citation id="d10781e2894" publication-type="other">
supra notes 68-71</mixed-citation>
            </p>
         </fn>
         <fn id="d10781e2902a1310">
            <label>144</label>
            <p>
               <mixed-citation id="d10781e2909" publication-type="other">
supra note 23</mixed-citation>
            </p>
            <p>
               <mixed-citation id="d10781e2915" publication-type="other">
Lesar v. United States Dep't of
Justice, 636 F.2d 472, 489 (D.C. Cir. 1980)</mixed-citation>
            </p>
         </fn>
         <fn id="d10781e2925a1310">
            <label>145</label>
            <p>
               <mixed-citation id="d10781e2932" publication-type="other">
supra notes 65-67</mixed-citation>
            </p>
         </fn>
         <fn id="d10781e2939a1310">
            <label>146</label>
            <p>
               <mixed-citation id="d10781e2946" publication-type="other">
Landano, 113 S. Ct. at 2023-24</mixed-citation>
            </p>
            <p>
               <mixed-citation id="d10781e2952" publication-type="other">
supra notes 124-26</mixed-citation>
            </p>
         </fn>
         <fn id="d10781e2959a1310">
            <label>147</label>
            <p>
               <mixed-citation id="d10781e2966" publication-type="other">
Landano, 113 S. Ct. at 2024</mixed-citation>
            </p>
         </fn>
         <fn id="d10781e2973a1310">
            <label>148</label>
            <p>
               <mixed-citation id="d10781e2980" publication-type="other">
supra notes 131-45</mixed-citation>
            </p>
         </fn>
         <fn id="d10781e2987a1310">
            <label>149</label>
            <p>
               <mixed-citation id="d10781e2994" publication-type="other">
Landano, 113 S. Ct. at 2024</mixed-citation>
            </p>
            <p>
               <mixed-citation id="d10781e3000" publication-type="other">
supra notes 9-10</mixed-citation>
            </p>
         </fn>
         <fn id="d10781e3008a1310">
            <label>150</label>
            <p>
               <mixed-citation id="d10781e3015" publication-type="other">
Landano, 113 S. Ct. at 2023</mixed-citation>
            </p>
            <p>
               <mixed-citation id="d10781e3021" publication-type="other">
Id.</mixed-citation>
            </p>
            <p>
               <mixed-citation id="d10781e3027" publication-type="other">
Id.</mixed-citation>
            </p>
            <p>
               <mixed-citation id="d10781e3034" publication-type="other">
supra note 127</mixed-citation>
            </p>
         </fn>
         <fn id="d10781e3041a1310">
            <label>152</label>
            <p>
               <mixed-citation id="d10781e3048" publication-type="other">
supra note 128</mixed-citation>
            </p>
         </fn>
         <fn id="d10781e3055a1310">
            <label>153</label>
            <p>
               <mixed-citation id="d10781e3062" publication-type="other">
supra note 128</mixed-citation>
            </p>
            <p>
               <mixed-citation id="d10781e3068" publication-type="other">
infra notes 163-64</mixed-citation>
            </p>
         </fn>
         <fn id="d10781e3075a1310">
            <label>154</label>
            <p>
               <mixed-citation id="d10781e3082" publication-type="other">
supra note 150</mixed-citation>
            </p>
         </fn>
         <fn id="d10781e3089a1310">
            <label>155</label>
            <p>
               <mixed-citation id="d10781e3096" publication-type="other">
supra notes 34-49</mixed-citation>
            </p>
         </fn>
         <fn id="d10781e3103a1310">
            <label>156</label>
            <p>
               <mixed-citation id="d10781e3110" publication-type="other">
Landano, 113 S. Ct. at 2023</mixed-citation>
            </p>
         </fn>
         <fn id="d10781e3118a1310">
            <label>157</label>
            <p>
               <mixed-citation id="d10781e3125" publication-type="other">
Nadler v. United States Dep't of Justice, 955 F.2d 1479, 1486 (11th Cir. 1992)</mixed-citation>
            </p>
            <p>
               <mixed-citation id="d10781e3131" publication-type="other">
Londrigan v. FBI, 722 F.2d 840, 843-44 (D.C. Cir. 1983)</mixed-citation>
            </p>
         </fn>
         <fn id="d10781e3138a1310">
            <label>158</label>
            <p>
               <mixed-citation id="d10781e3145" publication-type="other">
Nadler, 955 F.2d at 1486.</mixed-citation>
            </p>
         </fn>
         <fn id="d10781e3152a1310">
            <label>159</label>
            <p>
               <mixed-citation id="d10781e3159" publication-type="other">
infra notes 165-69</mixed-citation>
            </p>
         </fn>
         <fn id="d10781e3166a1310">
            <label>160</label>
            <p>
               <mixed-citation id="d10781e3173" publication-type="other">
supra notes 8-9</mixed-citation>
            </p>
         </fn>
         <fn id="d10781e3180a1310">
            <label>161</label>
            <p>
               <mixed-citation id="d10781e3187" publication-type="other">
supra notes 15-20</mixed-citation>
            </p>
         </fn>
         <fn id="d10781e3194a1310">
            <label>162</label>
            <p>
               <mixed-citation id="d10781e3201" publication-type="other">
supra note 24</mixed-citation>
            </p>
         </fn>
         <fn id="d10781e3209a1310">
            <label>163</label>
            <p>
               <mixed-citation id="d10781e3216" publication-type="other">
United States Dep't of Justice v. Landano, 113 S. Ct. 2014, 2022 (1993)</mixed-citation>
            </p>
            <p>
               <mixed-citation id="d10781e3222" publication-type="other">
supra
notes 119-20</mixed-citation>
            </p>
         </fn>
         <fn id="d10781e3232a1310">
            <label>164</label>
            <p>
               <mixed-citation id="d10781e3239" publication-type="other">
infra part VI.</mixed-citation>
            </p>
         </fn>
         <fn id="d10781e3246a1310">
            <label>165</label>
            <p>
               <mixed-citation id="d10781e3253" publication-type="other">
Landano</mixed-citation>
            </p>
            <p>
               <mixed-citation id="d10781e3259" publication-type="other">
113 S. Ct. at 2024</mixed-citation>
            </p>
         </fn>
         <fn id="d10781e3266a1310">
            <label>166</label>
            <p>
               <mixed-citation id="d10781e3273" publication-type="other">
id. at 2021</mixed-citation>
            </p>
         </fn>
         <fn id="d10781e3280a1310">
            <label>167</label>
            <p>
               <mixed-citation id="d10781e3287" publication-type="other">
Nadler v. United States Dep't of Justice, 955 F.2d 1479, 1486 (1 th Cir. 1992)</mixed-citation>
            </p>
            <p>
               <mixed-citation id="d10781e3293" publication-type="other">
Johnson v. United States Dep't of Justice, 739 F.2d 1514, 1518 (10th Cir. 1984)</mixed-citation>
            </p>
         </fn>
         <fn id="d10781e3300a1310">
            <label>168</label>
            <p>
               <mixed-citation id="d10781e3307" publication-type="other">
supra note 21</mixed-citation>
            </p>
         </fn>
         <fn id="d10781e3315a1310">
            <label>169</label>
            <p>
               <mixed-citation id="d10781e3322" publication-type="other">
Ingle v. Dep't of Justice, 698 F.2d 259, 269 (6th Cir. 1983)</mixed-citation>
            </p>
            <p>
               <mixed-citation id="d10781e3328" publication-type="other">
Conoco Inc.
v. United States Dep't of Justice, 687 F.2d 724, 730 (3d Cir. 1982)</mixed-citation>
            </p>
            <p>
               <mixed-citation id="d10781e3337" publication-type="other">
Miller v. Bell,
661 F.2d 623, 628 (7th Cir. 1981)</mixed-citation>
            </p>
         </fn>
         <fn id="d10781e3347a1310">
            <label>170</label>
            <p>
               <mixed-citation id="d10781e3354" publication-type="other">
Landano, 113 S. Ct. at 2021-22.</mixed-citation>
            </p>
         </fn>
         <fn id="d10781e3361a1310">
            <label>171</label>
            <p>
               <mixed-citation id="d10781e3370" publication-type="other">
Johnson, 739 F.2d at 1518 (finding that most sources assume the information
they give will be kept confidential)</mixed-citation>
            </p>
            <p>
               <mixed-citation id="d10781e3379" publication-type="other">
Nadler, 955 F.2d at 1486 (finding that most sources
expect their contact to be held in confidence)</mixed-citation>
            </p>
         </fn>
         <fn id="d10781e3389a1310">
            <label>172</label>
            <p>
               <mixed-citation id="d10781e3396" publication-type="other">
Nadler, 955 F.2d at 1486</mixed-citation>
            </p>
         </fn>
         <fn id="d10781e3403a1310">
            <label>173</label>
            <p>
               <mixed-citation id="d10781e3410" publication-type="other">
supra note 169</mixed-citation>
            </p>
         </fn>
         <fn id="d10781e3417a1310">
            <label>174</label>
            <p>
               <mixed-citation id="d10781e3424" publication-type="other">
Landano, 113 S. Ct. at 2021.</mixed-citation>
            </p>
         </fn>
         <fn id="d10781e3432a1310">
            <label>175</label>
            <p>
               <mixed-citation id="d10781e3439" publication-type="other">
id</mixed-citation>
            </p>
         </fn>
         <fn id="d10781e3446a1310">
            <label>177</label>
            <p>
               <mixed-citation id="d10781e3453" publication-type="other">
Keyes v. United States Dep't of Justice, 830 F.2d 337, 346 (D.C. Cir. 1987)</mixed-citation>
            </p>
         </fn>
         <fn id="d10781e3460a1310">
            <label>178</label>
            <p>
               <mixed-citation id="d10781e3467" publication-type="other">
supra note 172</mixed-citation>
            </p>
         </fn>
         <fn id="d10781e3474a1310">
            <label>179</label>
            <p>
               <mixed-citation id="d10781e3481" publication-type="other">
Landano, 113 S. Ct. at 2022</mixed-citation>
            </p>
         </fn>
         <fn id="d10781e3488a1310">
            <label>180</label>
            <p>
               <mixed-citation id="d10781e3495" publication-type="other">
Id.</mixed-citation>
            </p>
         </fn>
         <fn id="d10781e3502a1310">
            <label>181</label>
            <p>
               <mixed-citation id="d10781e3509" publication-type="other">
supra note 169</mixed-citation>
            </p>
         </fn>
         <fn id="d10781e3517a1310">
            <label>182</label>
            <p>
               <mixed-citation id="d10781e3524" publication-type="other">
Landano, 113 S. Ct. at 2022.</mixed-citation>
            </p>
         </fn>
         <fn id="d10781e3531a1310">
            <label>183</label>
            <p>
               <mixed-citation id="d10781e3538" publication-type="other">
Keyes v. United States Dep't of Justice, 830 F.2d 337, 346 (D.C. Cir. 1987).</mixed-citation>
            </p>
         </fn>
         <fn id="d10781e3545a1310">
            <label>184</label>
            <p>
               <mixed-citation id="d10781e3552" publication-type="other">
Dow Jones &amp; Co. v. United States Dep't ofJustice, 917 F.2d 571, 575 (D.C. Cir.
1990)</mixed-citation>
            </p>
            <p>
               <mixed-citation id="d10781e3561" publication-type="other">
Ryan v. United States Dep't of Justice, 617 F.2d 781 (D.C. Cir. 1980)</mixed-citation>
            </p>
         </fn>
         <fn id="d10781e3568a1310">
            <label>185</label>
            <p>
               <mixed-citation id="d10781e3575" publication-type="other">
Nadler v. United States Dep't of Justice, 955 F.2d 1479, 1486 (11th Cir. 1992).</mixed-citation>
            </p>
         </fn>
         <fn id="d10781e3582a1310">
            <label>186</label>
            <p>
               <mixed-citation id="d10781e3589" publication-type="other">
supra note 24</mixed-citation>
            </p>
         </fn>
      </fn-group>
   </back>
</article>
