<article xmlns:xsi="http://www.w3.org/2001/XMLSchema-instance"
         xmlns:xlink="http://www.w3.org/1999/xlink"
         xmlns:mml="http://www.w3.org/1998/Math/MathML"
         dtd-version="1.0"
         article-type="research-article">
   <front>
      <journal-meta>
         <journal-id journal-id-type="jstor">jcrimlawcrim1973</journal-id>
         <journal-id journal-id-type="jstor">j100481</journal-id>
         <journal-title-group>
            <journal-title>The Journal of Criminal Law and Criminology (1973-)</journal-title>
         </journal-title-group>
         <publisher>
            <publisher-name>Northwestern University School of Law</publisher-name>
         </publisher>
         <issn pub-type="ppub">00914169</issn>
      </journal-meta>
      <article-meta>
         <article-id pub-id-type="doi">10.2307/1143793</article-id>
         <article-categories>
            <subj-group>
               <subject>Commentaries</subject>
            </subj-group>
         </article-categories>
         <title-group>
            <article-title>Delinquency Prevention: Where's the Beef?</article-title>
         </title-group>
         <contrib-group>
            <contrib contrib-type="author">
               <string-name>
                  <given-names>Ira M.</given-names>
                  <surname>Schwartz</surname>
               </string-name>
            </contrib>
         </contrib-group>
         <pub-date>
            <day>1</day>
            <month>4</month>
            <year>1991</year>
         </pub-date>
         <volume>82</volume>
         <issue>1</issue>
         <issue-id>i247846</issue-id>
         <fpage>132</fpage>
         <lpage>140</lpage>
         <page-range>132-140</page-range>
         <permissions>
            <copyright-statement>Copyright 1991 Northwestern University, School of Law</copyright-statement>
         </permissions>
         <self-uri xlink:href="http://www.jstor.org/stable/1143793"/>
         <custom-meta-group>
            <custom-meta>
               <meta-name>lang</meta-name>
               <meta-value>eng</meta-value>
            </custom-meta>
         </custom-meta-group>
      </article-meta>
   </front>
   <back>
      <fn-group>
         <title>[Footnotes]</title>
         <fn id="d2975e123a1310">
            <label>1</label>
            <p>
               <mixed-citation id="d2975e130" publication-type="other">
Juvenile Justice and Delinquency Prevention Act of 1974, Pub. L. 93-415, 88 Stat.
1109</mixed-citation>
            </p>
            <p>
               <mixed-citation id="d2975e139" publication-type="other">
42 U.S.C. /ss 5601 et seq. (1988)</mixed-citation>
            </p>
         </fn>
         <fn id="d2975e146a1310">
            <label>2</label>
            <p>
               <mixed-citation id="d2975e153" publication-type="other">
S. REP. No. 93-1011, 93d Cong., 2d Sess.</mixed-citation>
            </p>
            <p>
               <mixed-citation id="d2975e159" publication-type="journal">
1974 U.S. CODE CONG. &amp;
ADMIN. NEWS 5283<fpage>5283</fpage>
                  <volume>1974</volume>
                  <source>U.S. Code Cong. &amp; Admin. News</source>
               </mixed-citation>
            </p>
         </fn>
         <fn id="d2975e178a1310">
            <label>3</label>
            <p>
               <mixed-citation id="d2975e185" publication-type="other">
Ford Administration Stifles Juvenile Justice Program-Investigation of Juvenile Delinquency in
the United States, Assessment of Implementation of the Juvenile Justice and Delinquency Prevention
Act of 1974 (P.L. 93-415)</mixed-citation>
            </p>
            <p>
               <mixed-citation id="d2975e197" publication-type="other">
Hearings on S. Res. 72 /ss 12 Before the Subcomm. to Investi-
gate Juvenile Delinquency of the Senate Comm. on the Judiciary, 94th Cong., 1st Sess.
xii (1975)</mixed-citation>
            </p>
         </fn>
         <fn id="d2975e210a1310">
            <label>4</label>
            <p>
               <mixed-citation id="d2975e217" publication-type="book">
I. SCHWARTZ, (IN)JUSTICE FOR JUVENILES: RETHINKING THE BEST INTERESTS OF THE
CHILD 111 (1989).<person-group>
                     <string-name>
                        <surname>Schwartz</surname>
                     </string-name>
                  </person-group>
                  <volume>111</volume>
                  <source>Justice for Juveniles: Rethinking The Best Interests of The Child</source>
                  <year>1989</year>
               </mixed-citation>
            </p>
         </fn>
         <fn id="d2975e247a1310">
            <label>5</label>
            <p>
               <mixed-citation id="d2975e254" publication-type="other">
Id. at 111-12.</mixed-citation>
            </p>
         </fn>
         <fn id="d2975e261a1310">
            <label>6</label>
            <p>
               <mixed-citation id="d2975e268" publication-type="book">
NATIONAL COUNCIL ON CRIME AND DELINQUENCY, FINAL REPORT OF THE NATIONAL
EVALUATION OF DELINQUENCY PREVENTION 521 (1981).<volume>521</volume>
                  <source>National Council on Crime and Delinquency, Final Report of The National Evaluation of Delinquency Prevention</source>
                  <year>1981</year>
               </mixed-citation>
            </p>
         </fn>
         <fn id="d2975e287a1310">
            <label>7</label>
            <p>
               <mixed-citation id="d2975e294" publication-type="journal">
Huizinga, Esbensen &amp; Weiher, Are There Multiple Paths to Delinquency, 82 J. CRIM. L.
&amp; CRIMINOLOGY 83, 104 (1991).<person-group>
                     <string-name>
                        <surname>Huizinga</surname>
                     </string-name>
                  </person-group>
                  <fpage>83</fpage>
                  <volume>82</volume>
                  <source>J. Crim. L. &amp; Criminology</source>
                  <year>1991</year>
               </mixed-citation>
            </p>
         </fn>
         <fn id="d2975e326a1310">
            <label>8</label>
            <p>
               <mixed-citation id="d2975e333" publication-type="other">
Id.</mixed-citation>
            </p>
         </fn>
         <fn id="d2975e340a1310">
            <label>9</label>
            <p>
               <mixed-citation id="d2975e347" publication-type="journal">
Thornberry, Lizotte, Krohn, Farnworth &amp; Jang, Testing Interactional Theory: An Ex-
amination of Reciprocal Causal Relationships Among Family, School, and Delinquency, 82 J. CRIM.
L. &amp; CRIMINOLOGY 3, 32 (1991).<person-group>
                     <string-name>
                        <surname>Thornberry</surname>
                     </string-name>
                  </person-group>
                  <fpage>3</fpage>
                  <volume>82</volume>
                  <source>J. Crim. L. &amp; Criminology</source>
                  <year>1991</year>
               </mixed-citation>
            </p>
         </fn>
         <fn id="d2975e382a1310">
            <label>10</label>
            <p>
               <mixed-citation id="d2975e391" publication-type="book">
B. KRISBERG, JUVENILE JUSTICE: A CRITICAL EXAMINATION 52 (1990)<person-group>
                     <string-name>
                        <surname>Krisberg</surname>
                     </string-name>
                  </person-group>
                  <volume>52</volume>
                  <source>Juvenile Justice: A Critical Examination</source>
                  <year>1990</year>
               </mixed-citation>
            </p>
            <p>
               <mixed-citation id="d2975e415" publication-type="book">
W. BARTON,
J. BUTTS, C. STROMBERG &amp; R. WEAVER, PROGRAMS FOR SERIOUS AND VIOLENT JUVENILE
OFFENDERS 12-13 (1989) [hereinafter W. BARTON, PROGRAMS]<person-group>
                     <string-name>
                        <surname>Barton</surname>
                     </string-name>
                  </person-group>
                  <fpage>12</fpage>
                  <source>Programs for Serious and Violent Juvenile Offenders</source>
                  <year>1989</year>
               </mixed-citation>
            </p>
         </fn>
         <fn id="d2975e448a1310">
            <label>11</label>
            <p>
               <mixed-citation id="d2975e455" publication-type="book">
W. BARTON, PROGRAMS, supra note 10, at 11.  <fpage>11</fpage>
               </mixed-citation>
            </p>
         </fn>
         <fn id="d2975e467a1310">
            <label>12</label>
            <p>
               <mixed-citation id="d2975e474" publication-type="book">
R. SMITH &amp; C. LINCOLN, AMERICA'S SHAME, AMERICA'S HOPE: TWELVE MILLION
YOUTH AT RISK 38 (1988).<person-group>
                     <string-name>
                        <surname>Smith</surname>
                     </string-name>
                  </person-group>
                  <volume>38</volume>
                  <source>America's Shame, America's Hope: Twelve Million Youth at Risk</source>
                  <year>1988</year>
               </mixed-citation>
            </p>
         </fn>
         <fn id="d2975e503a1310">
            <label>13</label>
            <p>
               <mixed-citation id="d2975e510" publication-type="journal">
Thornberry, supra note 9, at 9-15.  <fpage>9</fpage>
               </mixed-citation>
            </p>
         </fn>
         <fn id="d2975e522a1310">
            <label>14</label>
            <p>
               <mixed-citation id="d2975e529" publication-type="other">
Id. at 31.</mixed-citation>
            </p>
         </fn>
         <fn id="d2975e536a1310">
            <label>15</label>
            <p>
               <mixed-citation id="d2975e545" publication-type="book">
M. LEWIS &amp; L. ROSENBAUM, THE EFFECT OF THE INFANT ON ITS CAREGIVER
(1974)<person-group>
                     <string-name>
                        <surname>Lewis</surname>
                     </string-name>
                  </person-group>
                  <source>The Effect of the Infant on its Caregiver</source>
                  <year>1974</year>
               </mixed-citation>
            </p>
            <p>
               <mixed-citation id="d2975e569" publication-type="journal">
Battle &amp; Lacey, A Context for Hyperactivity in Children Over Time, 43 CHILD DEVEL.
757 (1972)<person-group>
                     <string-name>
                        <surname>Battle</surname>
                     </string-name>
                  </person-group>
                  <fpage>757</fpage>
                  <volume>43</volume>
                  <source>Child Devel.</source>
                  <year>1972</year>
               </mixed-citation>
            </p>
            <p>
               <mixed-citation id="d2975e601" publication-type="journal">
Bell, A Reinterpretation of the Direction of Effects in Studies of Socialization, 75
PSYCHOLOGICAL REV. 81 (1968)<person-group>
                     <string-name>
                        <surname>Bell</surname>
                     </string-name>
                  </person-group>
                  <fpage>82</fpage>
                  <volume>75</volume>
                  <source>Psychological Rev.</source>
                  <year>1968</year>
               </mixed-citation>
            </p>
            <p>
               <mixed-citation id="d2975e632" publication-type="journal">
Bell, Stimulus Control of Parent or Caretaker by Offspring, 4
DEVEL. PSYCHOLOGY 63 (1971)<person-group>
                     <string-name>
                        <surname>Bell</surname>
                     </string-name>
                  </person-group>
                  <fpage>63</fpage>
                  <volume>4</volume>
                  <source>Devel. Psychology</source>
                  <year>1971</year>
               </mixed-citation>
            </p>
            <p>
               <mixed-citation id="d2975e663" publication-type="book">
Bell, Contributions of Human Infants to Caregiving and Social
Interaction, in THE EFFECT OF THE INFANT ON ITS CAREGIVER 1 (M. Lewis &amp; L. Rosenbaum
eds. 1974)<person-group>
                     <string-name>
                        <surname>Bell</surname>
                     </string-name>
                  </person-group>
                  <comment content-type="section">Contributions of Human Infants to Caregiving and Social Interaction</comment>
                  <volume>1</volume>
                  <source>The Effect of The Infant on its Caregiver</source>
                  <year>1974</year>
               </mixed-citation>
            </p>
            <p>
               <mixed-citation id="d2975e697" publication-type="book">
R. BELL &amp; L. HARPER, CHILD EFFECTS ON ADULTS (1977)<person-group>
                     <string-name>
                        <surname>Bell</surname>
                     </string-name>
                  </person-group>
                  <source>Child Effects on Adults</source>
                  <year>1977</year>
               </mixed-citation>
            </p>
            <p>
               <mixed-citation id="d2975e718" publication-type="journal">
Buss, Conflict in
Married Couples: Personality Predictors of Anger and Upset, 59 J. PERSONALITY (1991)<person-group>
                     <string-name>
                        <surname>Buss</surname>
                     </string-name>
                  </person-group>
                  <volume>59</volume>
                  <source>J. Personality</source>
                  <year>1991</year>
               </mixed-citation>
            </p>
            <p>
               <mixed-citation id="d2975e746" publication-type="journal">
Grusec &amp; Kuczynski, Direction of Effect in Socialization: A Comparison of the Parent's
Versus the Child's Behavior as Determinants of Disciplinary Techniques, 16 DEVEL. PSYCHOLOGY 1
(1980)<person-group>
                     <string-name>
                        <surname>Grusec</surname>
                     </string-name>
                  </person-group>
                  <fpage>1</fpage>
                  <volume>16</volume>
                  <source>Devel. Psychology</source>
                  <year>1980</year>
               </mixed-citation>
            </p>
            <p>
               <mixed-citation id="d2975e781" publication-type="journal">
Harper, The Young as a Source of Stimuli Controlling Caretaker Behavior, 4 DEVEL.
PSYCHOLOGY 73 (1971)<person-group>
                     <string-name>
                        <surname>Harper</surname>
                     </string-name>
                  </person-group>
                  <fpage>73</fpage>
                  <volume>4</volume>
                  <source>Devel. Psychology</source>
                  <year>1971</year>
               </mixed-citation>
            </p>
            <p>
               <mixed-citation id="d2975e812" publication-type="journal">
Harper, The Scope of Offspring Effects: From Caregiver to Culture, 82
PSYCH. BULL. 784 (1975)<person-group>
                     <string-name>
                        <surname>Harper</surname>
                     </string-name>
                  </person-group>
                  <fpage>784</fpage>
                  <volume>82</volume>
                  <source>Psych. Bull.</source>
                  <year>1975</year>
               </mixed-citation>
            </p>
            <p>
               <mixed-citation id="d2975e843" publication-type="book">
Rheingold, The Social and Socializing Infant, in HANDBOOK OF
SOCIALIZATION THEORY AND RESEARCH 779 (D. Goslin ed. 1969)<person-group>
                     <string-name>
                        <surname>Rheingold</surname>
                     </string-name>
                  </person-group>
                  <comment content-type="section">The Social and Socializing Infant</comment>
                  <volume>779</volume>
                  <source>Handbook of Socialization Theory and Research</source>
                  <year>1969</year>
               </mixed-citation>
            </p>
            <p>
               <mixed-citation id="d2975e874" publication-type="journal">
Scarr &amp; McCartney,
How People Make Their Own Environments: A Theory of Genotype-Environment Effects, 54
CHILD DEVEL. 424 (1983)<person-group>
                     <string-name>
                        <surname>Scarr</surname>
                     </string-name>
                  </person-group>
                  <fpage>424</fpage>
                  <volume>54</volume>
                  <source>Child Devel.</source>
                  <year>1983</year>
               </mixed-citation>
            </p>
            <p>
               <mixed-citation id="d2975e908" publication-type="journal">
Yarrow, Waxier &amp; Scott, Child Effects on Adult Behavior, 5
DEVEL. PSYCHOLOGY 300 (1971)<person-group>
                     <string-name>
                        <surname>Yarrow</surname>
                     </string-name>
                  </person-group>
                  <fpage>300</fpage>
                  <volume>5</volume>
                  <source>Devel. Psychology</source>
                  <year>1971</year>
               </mixed-citation>
            </p>
         </fn>
         <fn id="d2975e940a1310">
            <label>16</label>
            <p>
               <mixed-citation id="d2975e947" publication-type="journal">
Loeber, Stouthamer-Loeber, Van Kammen &amp; Farrington, Initiation, Escalation and
Desistance in Juvenile Offending and Their Correlates, 82 J. CRIM. L. &amp; CRIMINOLOGY 36, 82
(1991).<person-group>
                     <string-name>
                        <surname>Loeber</surname>
                     </string-name>
                  </person-group>
                  <fpage>36</fpage>
                  <volume>82</volume>
                  <source>J. Crim. L. &amp; Criminology</source>
                  <year>1991</year>
               </mixed-citation>
            </p>
         </fn>
         <fn id="d2975e983a1310">
            <label>17</label>
            <p>
               <mixed-citation id="d2975e990" publication-type="journal">
Thornberry, supra note 9, at 32.  <fpage>32</fpage>
               </mixed-citation>
            </p>
         </fn>
         <fn id="d2975e1002a1310">
            <label>18</label>
            <p>
               <mixed-citation id="d2975e1009" publication-type="book">
MILTON S. EISENHOWER FOUNDATION, YOUTH INVESTMENT AND COMMUNITY RECON-
STRUCTION: STREET LESSONS ON DRUGS AND CRIME FOR THE NINETIES 11-12 (1990).<person-group>
                     <string-name>
                        <surname>Milton S. Eisenhower Foundation</surname>
                     </string-name>
                  </person-group>
                  <fpage>11</fpage>
                  <source>Youth Investment and Community Reconstruction: Street Lessons on Drugs and Crime for The Nineties</source>
                  <year>1990</year>
               </mixed-citation>
            </p>
         </fn>
         <fn id="d2975e1038a1310">
            <label>19</label>
            <p>
               <mixed-citation id="d2975e1045" publication-type="conference">
C. Breedlove &amp; L. Schweinhart, The Cost-Effectiveness of High Quality Early
Childhood Programs 2 (report presented at Southern Governors' Conference, Hilton
Head, SC, 1982)<person-group>
                     <string-name>
                        <surname>Breedlove</surname>
                     </string-name>
                  </person-group>
                  <comment content-type="section">The Cost-Effectiveness of High Quality Early Childhood Programs</comment>
                  <volume>2</volume>
                  <source>Southern Governors' Conference, Hilton Head, SC, 1982</source>
               </mixed-citation>
            </p>
         </fn>
         <fn id="d2975e1077a1310">
            <label>20</label>
            <p>
               <mixed-citation id="d2975e1084" publication-type="other">
Id. at 1-2.</mixed-citation>
            </p>
         </fn>
         <fn id="d2975e1091a1310">
            <label>21</label>
            <p>
               <mixed-citation id="d2975e1098" publication-type="journal">
Thornberry, supra note 9, at 31.  <fpage>31</fpage>
               </mixed-citation>
            </p>
         </fn>
         <fn id="d2975e1110a1310">
            <label>22</label>
            <p>
               <mixed-citation id="d2975e1117" publication-type="book">
M. ORR, WHAT TO DO ABOUT YOUTH DROPOUTS? A SUMMARY OF SOLUTIONS 5
(1987).<person-group>
                     <string-name>
                        <surname>Orr</surname>
                     </string-name>
                  </person-group>
                  <volume>5</volume>
                  <source>What to Do About Youth Dropouts? A Summary of Solutions</source>
                  <year>1987</year>
               </mixed-citation>
            </p>
         </fn>
         <fn id="d2975e1147a1310">
            <label>23</label>
            <p>
               <mixed-citation id="d2975e1154" publication-type="journal">
Loeber, supra note 16, at 68-70.  <fpage>68</fpage>
               </mixed-citation>
            </p>
         </fn>
         <fn id="d2975e1166a1310">
            <label>24</label>
            <p>
               <mixed-citation id="d2975e1173" publication-type="book">
Orr, supra note 22, at 8.  <fpage>8</fpage>
               </mixed-citation>
            </p>
         </fn>
         <fn id="d2975e1185a1310">
            <label>25</label>
            <p>
               <mixed-citation id="d2975e1192" publication-type="book">
R. SMITH &amp; C. LINCOLN, AMERICA'S SHAME, supra note 12, at 14.  <fpage>14</fpage>
               </mixed-citation>
            </p>
         </fn>
         <fn id="d2975e1204a1310">
            <label>26</label>
            <p>
               <mixed-citation id="d2975e1211" publication-type="book">
K. PHILLIPS, THE POLITICS OF RICH AND POOR: WEALTH AND THE AMERICAN ELEC-
TORATE IN THE REAGAN AFTERMATH 203-05 (1990).<person-group>
                     <string-name>
                        <surname>Phillips</surname>
                     </string-name>
                  </person-group>
                  <fpage>203</fpage>
                  <source>The Politics of Rich And Poor: Wealth and The American Electorate in The Reagan Aftermath</source>
                  <year>1990</year>
               </mixed-citation>
            </p>
         </fn>
         <fn id="d2975e1240a1310">
            <label>27</label>
            <p>
               <mixed-citation id="d2975e1247" publication-type="book">
CHILDREN'S DEFENSE FUND, THE STATE OF AMERICA'S CHILDREN 122 (1991).<volume>122</volume>
                  <source>Children's Defense Fund, The State of America's Children</source>
                  <year>1991</year>
               </mixed-citation>
            </p>
         </fn>
         <fn id="d2975e1263a1310">
            <label>28</label>
            <p>
               <mixed-citation id="d2975e1270" publication-type="other">
Id.</mixed-citation>
            </p>
         </fn>
         <fn id="d2975e1278a1310">
            <label>29</label>
            <p>
               <mixed-citation id="d2975e1285" publication-type="other">
Id.</mixed-citation>
            </p>
         </fn>
         <fn id="d2975e1292a1310">
            <label>30</label>
            <p>
               <mixed-citation id="d2975e1299" publication-type="other">
Id. at 111.</mixed-citation>
            </p>
         </fn>
         <fn id="d2975e1306a1310">
            <label>31</label>
            <p>
               <mixed-citation id="d2975e1313" publication-type="book">
In Our Opinion-Food, Detroit Free Press, /ss 1, at 6A (Mar. 30, 1991).<comment content-type="section">In Our Opinion-Food</comment>
                  <fpage>6A</fpage>
                  <volume>1</volume>
                  <source>Detroit Free Press</source>
                  <year>1991</year>
               </mixed-citation>
            </p>
         </fn>
      </fn-group>
   </back>
</article>
