<article xmlns:xsi="http://www.w3.org/2001/XMLSchema-instance"
         xmlns:xlink="http://www.w3.org/1999/xlink"
         xmlns:mml="http://www.w3.org/1998/Math/MathML"
         dtd-version="1.0"
         article-type="research-article">
   <front>
      <journal-meta>
         <journal-id journal-id-type="jstor">jcrimlawcrim1973</journal-id>
         <journal-id journal-id-type="jstor">j100481</journal-id>
         <journal-title-group>
            <journal-title>The Journal of Criminal Law and Criminology (1973-)</journal-title>
         </journal-title-group>
         <publisher>
            <publisher-name>Northwestern University School of Law</publisher-name>
         </publisher>
         <issn pub-type="ppub">00914169</issn>
      </journal-meta>
      <article-meta>
         <article-id pub-id-type="doi">10.2307/1143878</article-id>
         <article-categories>
            <subj-group>
               <subject>Supreme Court Review</subject>
            </subj-group>
         </article-categories>
         <title-group>
            <article-title>Habeas Corpus: Unresolved Standard of Review on Mixed Questions for State Prisoners</article-title>
         </title-group>
         <contrib-group>
            <contrib contrib-type="author">
               <string-name>
                  <given-names>James</given-names>
                  <surname>Basta</surname>
               </string-name>
            </contrib>
         </contrib-group>
         <pub-date>
            <day>1</day>
            <month>1</month>
            <year>1993</year>
         </pub-date>
         <volume>83</volume>
         <issue>4</issue>
         <issue-id>i247853</issue-id>
         <fpage>978</fpage>
         <lpage>997</lpage>
         <page-range>978-997</page-range>
         <permissions>
            <copyright-statement>Copyright 1993 Northwestern University, School of Law</copyright-statement>
         </permissions>
         <self-uri xlink:href="http://www.jstor.org/stable/1143878"/>
         <custom-meta-group>
            <custom-meta>
               <meta-name>lang</meta-name>
               <meta-value>eng</meta-value>
            </custom-meta>
         </custom-meta-group>
      </article-meta>
   </front>
   <back>
      <fn-group>
         <title>[Footnotes]</title>
         <fn id="d7965e123a1310">
            <label>1</label>
            <p>
               <mixed-citation id="d7965e130" publication-type="other">
112 S. Ct. 2482 (1992).</mixed-citation>
            </p>
         </fn>
         <fn id="d7965e137a1310">
            <label>2</label>
            <p>
               <mixed-citation id="d7965e144" publication-type="other">
West v. Wright, 931 F.2d 262 (4th Cir. 1991).</mixed-citation>
            </p>
         </fn>
         <fn id="d7965e151a1310">
            <label>3</label>
            <p>
               <mixed-citation id="d7965e158" publication-type="other">
Pullman-Standard v.
Swint, 456 U.S. 273, 289 n.19 (1982)</mixed-citation>
            </p>
         </fn>
         <fn id="d7965e168a1310">
            <label>5</label>
            <p>
               <mixed-citation id="d7965e175" publication-type="other">
West, 112 S. Ct. at 2492.</mixed-citation>
            </p>
         </fn>
         <fn id="d7965e183a1310">
            <label>6</label>
            <p>
               <mixed-citation id="d7965e190" publication-type="other">
443 U.S. 307 (1979).</mixed-citation>
            </p>
         </fn>
         <fn id="d7965e197a1310">
            <label>7</label>
            <p>
               <mixed-citation id="d7965e204" publication-type="other">
West, 112 S. Ct. at 2491-93</mixed-citation>
            </p>
            <p>
               <mixed-citation id="d7965e210" publication-type="book">
BLACK'S LAW
DICTIONARY 435 (6th ed. 1990)<volume>435</volume>
                  <source>Black's Law Dictionary</source>
                  <year>1990</year>
               </mixed-citation>
            </p>
            <p>
               <mixed-citation id="d7965e228" publication-type="other">
Townsend v. Sain, 372 U.S. 293, 312 (1963)</mixed-citation>
            </p>
         </fn>
         <fn id="d7965e235a1310">
            <label>8</label>
            <p>
               <mixed-citation id="d7965e242" publication-type="other">
489 U.S. 288 (1989).</mixed-citation>
            </p>
         </fn>
         <fn id="d7965e249a1310">
            <label>9</label>
            <p>
               <mixed-citation id="d7965e256" publication-type="other">
West, 112 S. Ct. at 2491-93.</mixed-citation>
            </p>
         </fn>
         <fn id="d7965e263a1310">
            <label>10</label>
            <p>
               <mixed-citation id="d7965e270" publication-type="other">
Id. at 2493 (White, J., concurring).</mixed-citation>
            </p>
         </fn>
         <fn id="d7965e277a1310">
            <label>11</label>
            <p>
               <mixed-citation id="d7965e284" publication-type="other">
Id. at 2493-97 (O'Connor, J., concurring).</mixed-citation>
            </p>
         </fn>
         <fn id="d7965e292a1310">
            <label>12</label>
            <p>
               <mixed-citation id="d7965e299" publication-type="other">
Id. (O'Connor, J., concurring).</mixed-citation>
            </p>
         </fn>
         <fn id="d7965e306a1310">
            <label>13</label>
            <p>
               <mixed-citation id="d7965e313" publication-type="other">
Id. at 2498-2500 (Kennedy, J., concurring).</mixed-citation>
            </p>
         </fn>
         <fn id="d7965e320a1310">
            <label>14</label>
            <p>
               <mixed-citation id="d7965e327" publication-type="other">
Id. at 2500-03 (Souter, J., concurring).</mixed-citation>
            </p>
         </fn>
         <fn id="d7965e334a1310">
            <label>15</label>
            <p>
               <mixed-citation id="d7965e343" publication-type="book">
BLACK'S LAW DICTIONARY 709 (6th ed. 1990)<edition>6</edition>
                  <volume>709</volume>
                  <source>Black's Law Dictionary</source>
                  <year>1990</year>
               </mixed-citation>
            </p>
         </fn>
         <fn id="d7965e362a1310">
            <label>16</label>
            <p>
               <mixed-citation id="d7965e369" publication-type="book">
WILLIAM F. DUKER, A CONSTITUTIONAL HISTORY OF HABEAS CORPUS
(1980)<person-group>
                     <string-name>
                        <surname>Duker</surname>
                     </string-name>
                  </person-group>
                  <source>A Constitutional History of Habeas Corpus</source>
                  <year>1980</year>
               </mixed-citation>
            </p>
         </fn>
         <fn id="d7965e394a1310">
            <label>17</label>
            <p>
               <mixed-citation id="d7965e401" publication-type="other">
U.S. CONST. art. 1, § 9, cl. 2</mixed-citation>
            </p>
         </fn>
         <fn id="d7965e409a1310">
            <label>18</label>
            <p>
               <mixed-citation id="d7965e416" publication-type="other">
Act of Sept. 24, 1789, ch. 20, § 14,</mixed-citation>
            </p>
            <p>
               <mixed-citation id="d7965e422" publication-type="other">
1 Stat. 81.</mixed-citation>
            </p>
         </fn>
         <fn id="d7965e429a1310">
            <label>19</label>
            <p>
               <mixed-citation id="d7965e436" publication-type="other">
Bollman, 8 U.S. (4 Cranch) 75 (1807)</mixed-citation>
            </p>
         </fn>
         <fn id="d7965e443a1310">
            <label>20</label>
            <p>
               <mixed-citation id="d7965e450" publication-type="other">
Watkins, 28 U.S. (3 Pet.) 193 (1830)</mixed-citation>
            </p>
            <p>
               <mixed-citation id="d7965e456" publication-type="other">
Id. at 202</mixed-citation>
            </p>
         </fn>
         <fn id="d7965e463a1310">
            <label>21</label>
            <p>
               <mixed-citation id="d7965e470" publication-type="other">
Id.</mixed-citation>
            </p>
         </fn>
         <fn id="d7965e477a1310">
            <label>22</label>
            <p>
               <mixed-citation id="d7965e484" publication-type="other">
Act of Feb. 5, 1867, ch. 28, § 1</mixed-citation>
            </p>
            <p>
               <mixed-citation id="d7965e490" publication-type="other">
14 Stat. 385</mixed-citation>
            </p>
            <p>
               <mixed-citation id="d7965e496" publication-type="other">
28 U.S.C. § 2241
(1988)</mixed-citation>
            </p>
            <p>
               <mixed-citation id="d7965e506" publication-type="other">
Id.</mixed-citation>
            </p>
            <p>
               <mixed-citation id="d7965e512" publication-type="journal">
Charles D. Weisselberg, Evidentiary Hearings on Habeas Corpus Cases, 1190
B.Y.U. L. REV. 131, 137 n.26 (1990)<person-group>
                     <string-name>
                        <surname>Weisselberg</surname>
                     </string-name>
                  </person-group>
                  <fpage>131</fpage>
                  <volume>1190</volume>
                  <source>B.Y.U. L. Rev.</source>
                  <year>1990</year>
               </mixed-citation>
            </p>
            <p>
               <mixed-citation id="d7965e543" publication-type="journal">
Max Rosenn, The
Great Writ-A Reflection of Societal Change, 44 OHIO ST. L.J. 337 (1983)<person-group>
                     <string-name>
                        <surname>Rosenn</surname>
                     </string-name>
                  </person-group>
                  <fpage>337</fpage>
                  <volume>44</volume>
                  <source>Ohio St. L.J.</source>
                  <year>1983</year>
               </mixed-citation>
            </p>
         </fn>
         <fn id="d7965e575a1310">
            <label>23</label>
            <p>
               <mixed-citation id="d7965e582" publication-type="other">
Siebold, 100 U.S. 371 (1879)</mixed-citation>
            </p>
            <p>
               <mixed-citation id="d7965e588" publication-type="other">
Lange, 85 U.S. (18 Wall.) 163 (1873)</mixed-citation>
            </p>
            <p>
               <mixed-citation id="d7965e594" publication-type="other">
Wilson, 114 U.S. 417 (1885)</mixed-citation>
            </p>
         </fn>
         <fn id="d7965e602a1310">
            <label>24</label>
            <p>
               <mixed-citation id="d7965e609" publication-type="other">
Siebold, 100 U.S. at 376-77.</mixed-citation>
            </p>
         </fn>
         <fn id="d7965e616a1310">
            <label>25</label>
            <p>
               <mixed-citation id="d7965e623" publication-type="journal">
Paul M. Bator, Finality in Criminal Law and Federal Habeas Corpus for State
Prisoners, 76 HARV. L. REV. 441 (1963)<person-group>
                     <string-name>
                        <surname>Bator</surname>
                     </string-name>
                  </person-group>
                  <fpage>441</fpage>
                  <volume>76</volume>
                  <source>Harv. L. Rev.</source>
                  <year>1963</year>
               </mixed-citation>
            </p>
         </fn>
         <fn id="d7965e655a1310">
            <label>26</label>
            <p>
               <mixed-citation id="d7965e662" publication-type="other">
261 U.S. 86 (1923)</mixed-citation>
            </p>
            <p>
               <mixed-citation id="d7965e668" publication-type="other">
Id. at 86-89</mixed-citation>
            </p>
            <p>
               <mixed-citation id="d7965e674" publication-type="other">
Id. at 91</mixed-citation>
            </p>
            <p>
               <mixed-citation id="d7965e681" publication-type="other">
Id.</mixed-citation>
            </p>
         </fn>
         <fn id="d7965e688a1310">
            <label>27</label>
            <p>
               <mixed-citation id="d7965e695" publication-type="journal">
Developments in the Law-
Federal Habeas Corpus, 83 HARV. L. REV. 1040, 1055-61 (1970)<fpage>1040</fpage>
                  <volume>83</volume>
                  <source>Harv. L. Rev.</source>
                  <year>1970</year>
               </mixed-citation>
            </p>
         </fn>
         <fn id="d7965e718a1310">
            <label>28</label>
            <p>
               <mixed-citation id="d7965e725" publication-type="other">
Moore, 261 U.S. at 87.</mixed-citation>
            </p>
         </fn>
         <fn id="d7965e732a1310">
            <label>29</label>
            <p>
               <mixed-citation id="d7965e739" publication-type="other">
Id. at 92.</mixed-citation>
            </p>
         </fn>
         <fn id="d7965e747a1310">
            <label>30</label>
            <p>
               <mixed-citation id="d7965e754" publication-type="other">
Id.</mixed-citation>
            </p>
         </fn>
         <fn id="d7965e761a1310">
            <label>31</label>
            <p>
               <mixed-citation id="d7965e768" publication-type="journal">
Charles D. Weisselberg, Evidentiary Hearings in Federal Habeas Corpus Cases, 1990
B.Y.U. L. REV. 131, 140-43 (1990)<person-group>
                     <string-name>
                        <surname>Weisselberg</surname>
                     </string-name>
                  </person-group>
                  <fpage>131</fpage>
                  <volume>1990</volume>
                  <source>B.Y.U. L. Rev.</source>
                  <year>1990</year>
               </mixed-citation>
            </p>
         </fn>
         <fn id="d7965e800a1310">
            <label>32</label>
            <p>
               <mixed-citation id="d7965e809" publication-type="other">
344 U.S. 443 (1953)</mixed-citation>
            </p>
            <p>
               <mixed-citation id="d7965e815" publication-type="other">
Id.</mixed-citation>
            </p>
         </fn>
         <fn id="d7965e822a1310">
            <label>33</label>
            <p>
               <mixed-citation id="d7965e829" publication-type="other">
Id. at 458.</mixed-citation>
            </p>
         </fn>
         <fn id="d7965e836a1310">
            <label>34</label>
            <p>
               <mixed-citation id="d7965e843" publication-type="other">
Id.</mixed-citation>
            </p>
         </fn>
         <fn id="d7965e850a1310">
            <label>35</label>
            <p>
               <mixed-citation id="d7965e857" publication-type="other">
Id. at 506.</mixed-citation>
            </p>
         </fn>
         <fn id="d7965e865a1310">
            <label>36</label>
            <p>
               <mixed-citation id="d7965e872" publication-type="other">
Id.</mixed-citation>
            </p>
         </fn>
         <fn id="d7965e879a1310">
            <label>37</label>
            <p>
               <mixed-citation id="d7965e886" publication-type="other">
Id.</mixed-citation>
            </p>
         </fn>
         <fn id="d7965e893a1310">
            <label>38</label>
            <p>
               <mixed-citation id="d7965e900" publication-type="other">
Id.</mixed-citation>
            </p>
         </fn>
         <fn id="d7965e907a1310">
            <label>39</label>
            <p>
               <mixed-citation id="d7965e914" publication-type="other">
Id. at 507-08 (Frankfurter, J., concurring).</mixed-citation>
            </p>
         </fn>
         <fn id="d7965e921a1310">
            <label>40</label>
            <p>
               <mixed-citation id="d7965e928" publication-type="other">
Id. at 507 (Frankfurter, J., concurring).</mixed-citation>
            </p>
         </fn>
         <fn id="d7965e935a1310">
            <label>41</label>
            <p>
               <mixed-citation id="d7965e942" publication-type="other">
Id. (Frankfurter, J., concurring).</mixed-citation>
            </p>
         </fn>
         <fn id="d7965e950a1310">
            <label>42</label>
            <p>
               <mixed-citation id="d7965e957" publication-type="other">
Id. at 508 (Frankfurter, J., concurring).</mixed-citation>
            </p>
         </fn>
         <fn id="d7965e964a1310">
            <label>43</label>
            <p>
               <mixed-citation id="d7965e971" publication-type="other">
Leyra v. Denno, 208 F.2d 605 (2d Cir. 1953)</mixed-citation>
            </p>
            <p>
               <mixed-citation id="d7965e977" publication-type="other">
347 U.S. 556 (1954)</mixed-citation>
            </p>
            <p>
               <mixed-citation id="d7965e983" publication-type="other">
Darcy v. Handy, 203 F.2d 407 (3d Cir.
1953)</mixed-citation>
            </p>
            <p>
               <mixed-citation id="d7965e993" publication-type="other">
Clark v. Warden Maryland Penitentiary, 293 F.2d 479 (4th Cir. 1961)</mixed-citation>
            </p>
            <p>
               <mixed-citation id="d7965e999" publication-type="other">
Ellis v.
Ellisor, 239 F.2d 175 (5th Cir. 1956)</mixed-citation>
            </p>
            <p>
               <mixed-citation id="d7965e1008" publication-type="other">
Sims v. Alvis, 242 F.2d 506 (6th Cir. 1957)</mixed-citation>
            </p>
            <p>
               <mixed-citation id="d7965e1014" publication-type="other">
Wig-
gins v. Ragen, 238 F.2d 309 (7th Cir. 1956)</mixed-citation>
            </p>
            <p>
               <mixed-citation id="d7965e1023" publication-type="other">
Torrence v. Looney, 233 F.2d 715 (10th
Cir. 1956)</mixed-citation>
            </p>
         </fn>
         <fn id="d7965e1033a1310">
            <label>44</label>
            <p>
               <mixed-citation id="d7965e1040" publication-type="other">
372 U.S. 293 (1963).</mixed-citation>
            </p>
         </fn>
         <fn id="d7965e1047a1310">
            <label>45</label>
            <p>
               <mixed-citation id="d7965e1054" publication-type="other">
Id. at 318.</mixed-citation>
            </p>
         </fn>
         <fn id="d7965e1061a1310">
            <label>46</label>
            <p>
               <mixed-citation id="d7965e1068" publication-type="other">
428 U.S. 465 (1976).</mixed-citation>
            </p>
         </fn>
         <fn id="d7965e1075a1310">
            <label>47</label>
            <p>
               <mixed-citation id="d7965e1082" publication-type="other">
Wainright v. Sykes, 433 U.S. 72 (1977)</mixed-citation>
            </p>
            <p>
               <mixed-citation id="d7965e1088" publication-type="other">
Sum-
ner v. Mata, 449 U.S. 539 (1981)</mixed-citation>
            </p>
            <p>
               <mixed-citation id="d7965e1097" publication-type="other">
Rose v. Lundy, 455 U.S. 509 (1982)</mixed-citation>
            </p>
            <p>
               <mixed-citation id="d7965e1104" publication-type="other">
Harris v. Reed,
489 U.S. 255 (1989)</mixed-citation>
            </p>
            <p>
               <mixed-citation id="d7965e1113" publication-type="other">
Teague v.
Lane, 489 U.S. 288 (1989)</mixed-citation>
            </p>
            <p>
               <mixed-citation id="d7965e1122" publication-type="other">
Bator, supra note 22</mixed-citation>
            </p>
            <p>
               <mixed-citation id="d7965e1128" publication-type="journal">
Henry J. Friendly, Is Innocence Irrele-
vant? Collateral Attack on Criminal Judgments, 38 U. CHI. L. REV. 142 (1970)<person-group>
                     <string-name>
                        <surname>Friendly</surname>
                     </string-name>
                  </person-group>
                  <fpage>142</fpage>
                  <volume>38</volume>
                  <source>U. Chi. L. Rev.</source>
                  <year>1970</year>
               </mixed-citation>
            </p>
         </fn>
         <fn id="d7965e1161a1310">
            <label>48</label>
            <p>
               <mixed-citation id="d7965e1168" publication-type="other">
Miller v. Fenton, 474 U.S. 104 (1985)</mixed-citation>
            </p>
         </fn>
         <fn id="d7965e1175a1310">
            <label>49</label>
            <p>
               <mixed-citation id="d7965e1182" publication-type="other">
Id. at 112</mixed-citation>
            </p>
         </fn>
         <fn id="d7965e1189a1310">
            <label>50</label>
            <p>
               <mixed-citation id="d7965e1196" publication-type="other">
28 U.S.C. § 2241(c)(3) (1988).</mixed-citation>
            </p>
         </fn>
         <fn id="d7965e1203a1310">
            <label>51</label>
            <p>
               <mixed-citation id="d7965e1210" publication-type="other">
Miles v. United States, 103 U.S. 304, 312 (1881)</mixed-citation>
            </p>
            <p>
               <mixed-citation id="d7965e1216" publication-type="other">
Brinegar v. United States, 338
U.S. 160, 174 (1949)</mixed-citation>
            </p>
            <p>
               <mixed-citation id="d7965e1225" publication-type="other">
Leland v. Oregon, 343 U.S. 790, 795 (1952)</mixed-citation>
            </p>
            <p>
               <mixed-citation id="d7965e1232" publication-type="other">
Winship, 397
U.S. 358, 361-67 (1970)</mixed-citation>
            </p>
         </fn>
         <fn id="d7965e1242a1310">
            <label>52</label>
            <p>
               <mixed-citation id="d7965e1249" publication-type="other">
443 U.S. 307, 316 (1979).</mixed-citation>
            </p>
         </fn>
         <fn id="d7965e1256a1310">
            <label>53</label>
            <p>
               <mixed-citation id="d7965e1263" publication-type="other">
Id. at 311.</mixed-citation>
            </p>
         </fn>
         <fn id="d7965e1271a1310">
            <label>54</label>
            <p>
               <mixed-citation id="d7965e1278" publication-type="other">
Id. at 326.</mixed-citation>
            </p>
         </fn>
         <fn id="d7965e1285a1310">
            <label>55</label>
            <p>
               <mixed-citation id="d7965e1292" publication-type="other">
Id. at 324.</mixed-citation>
            </p>
         </fn>
         <fn id="d7965e1299a1310">
            <label>56</label>
            <p>
               <mixed-citation id="d7965e1306" publication-type="other">
Id.</mixed-citation>
            </p>
         </fn>
         <fn id="d7965e1313a1310">
            <label>57</label>
            <p>
               <mixed-citation id="d7965e1320" publication-type="other">
Palmariello v. Superintendent of M.C.I. Norfolk, 873 F.2d 491 (1st Cir. 1989)</mixed-citation>
            </p>
            <p>
               <mixed-citation id="d7965e1326" publication-type="other">
Liberta v. Kelly, 839 F.2d 77 (2d Cir. 1988)</mixed-citation>
            </p>
            <p>
               <mixed-citation id="d7965e1332" publication-type="other">
Evans v. Ct. of Common Pleas, 959 F.2d
1227 (3d Cir. 1992)</mixed-citation>
            </p>
            <p>
               <mixed-citation id="d7965e1342" publication-type="other">
Resnover v. Pearson, 965 F.2d 1453 (7th Cir. 1992)</mixed-citation>
            </p>
            <p>
               <mixed-citation id="d7965e1348" publication-type="other">
Denham v.
Deeds, 954 F.2d 1501 (9th Cir. 1991)</mixed-citation>
            </p>
            <p>
               <mixed-citation id="d7965e1357" publication-type="other">
Cordoba v. Hanrahan, 910 F.2d 691 (10th Cir.
1990)</mixed-citation>
            </p>
            <p>
               <mixed-citation id="d7965e1366" publication-type="other">
Stokes v. Singletary, 952 F.2d 1567 (1 Ith Cir. 1992)</mixed-citation>
            </p>
         </fn>
         <fn id="d7965e1373a1310">
            <label>58</label>
            <p>
               <mixed-citation id="d7965e1380" publication-type="other">
Wright v. West, 112 S. Ct. 2482, 2484 (1992).</mixed-citation>
            </p>
         </fn>
         <fn id="d7965e1387a1310">
            <label>59</label>
            <p>
               <mixed-citation id="d7965e1394" publication-type="other">
Id.</mixed-citation>
            </p>
         </fn>
         <fn id="d7965e1402a1310">
            <label>60</label>
            <p>
               <mixed-citation id="d7965e1409" publication-type="other">
Brief for the Respondent at 1</mixed-citation>
            </p>
            <p>
               <mixed-citation id="d7965e1415" publication-type="other">
Wright v. West, 112 S. Ct. 2482 (1992)(No. 91-
542)[hereinafter Brief for Respondent]</mixed-citation>
            </p>
         </fn>
         <fn id="d7965e1425a1310">
            <label>61</label>
            <p>
               <mixed-citation id="d7965e1432" publication-type="other">
Brief for Petitioners at 4</mixed-citation>
            </p>
            <p>
               <mixed-citation id="d7965e1438" publication-type="other">
Wright v. West, 112 S. Ct. 2482 (1992) (No. 91-542)
[hereinafter Brief for Petitioners]</mixed-citation>
            </p>
            <p>
               <mixed-citation id="d7965e1447" publication-type="other">
Id.</mixed-citation>
            </p>
         </fn>
         <fn id="d7965e1454a1310">
            <label>62</label>
            <p>
               <mixed-citation id="d7965e1461" publication-type="journal">
VA. CODE ANN. § 18.2-95 (Repl. Vol. 1975)<fpage>18.2</fpage>
                  <source>Va. Code Ann.</source>
                  <year>1975</year>
               </mixed-citation>
            </p>
            <p>
               <mixed-citation id="d7965e1476" publication-type="other">
West v. Wright, 931
F.2d 262, 263 (4th Cir. 1991)</mixed-citation>
            </p>
         </fn>
         <fn id="d7965e1486a1310">
            <label>63</label>
            <p>
               <mixed-citation id="d7965e1493" publication-type="other">
Id.</mixed-citation>
            </p>
         </fn>
         <fn id="d7965e1500a1310">
            <label>64</label>
            <p>
               <mixed-citation id="d7965e1507" publication-type="other">
Id.</mixed-citation>
            </p>
         </fn>
         <fn id="d7965e1514a1310">
            <label>65</label>
            <p>
               <mixed-citation id="d7965e1521" publication-type="other">
Id.</mixed-citation>
            </p>
         </fn>
         <fn id="d7965e1529a1310">
            <label>66</label>
            <p>
               <mixed-citation id="d7965e1536" publication-type="other">
Brief for Respondent, supra note 60, at 3</mixed-citation>
            </p>
            <p>
               <mixed-citation id="d7965e1542" publication-type="other">
Id.</mixed-citation>
            </p>
         </fn>
         <fn id="d7965e1549a1310">
            <label>67</label>
            <p>
               <mixed-citation id="d7965e1556" publication-type="other">
Brief for Respondent, supra note 60, at 3.</mixed-citation>
            </p>
         </fn>
         <fn id="d7965e1563a1310">
            <label>68</label>
            <p>
               <mixed-citation id="d7965e1572" publication-type="other">
Wright v. West, 112 S. Ct. 2482, 2485 (1992)</mixed-citation>
            </p>
            <p>
               <mixed-citation id="d7965e1578" publication-type="other">
Id. n.2</mixed-citation>
            </p>
         </fn>
         <fn id="d7965e1585a1310">
            <label>69</label>
            <p>
               <mixed-citation id="d7965e1592" publication-type="other">
Id. at 2485.</mixed-citation>
            </p>
         </fn>
         <fn id="d7965e1599a1310">
            <label>70</label>
            <p>
               <mixed-citation id="d7965e1606" publication-type="other">
Id.</mixed-citation>
            </p>
         </fn>
         <fn id="d7965e1613a1310">
            <label>71</label>
            <p>
               <mixed-citation id="d7965e1620" publication-type="other">
Id.</mixed-citation>
            </p>
         </fn>
         <fn id="d7965e1628a1310">
            <label>72</label>
            <p>
               <mixed-citation id="d7965e1635" publication-type="other">
28 U.S.C.
§ 2254(a) (1988)</mixed-citation>
            </p>
         </fn>
         <fn id="d7965e1645a1310">
            <label>73</label>
            <p>
               <mixed-citation id="d7965e1652" publication-type="other">
Wright, 112 S. Ct. at 2485.</mixed-citation>
            </p>
         </fn>
         <fn id="d7965e1659a1310">
            <label>74</label>
            <p>
               <mixed-citation id="d7965e1666" publication-type="other">
Brief for Petitioners, supra note 61, at 4</mixed-citation>
            </p>
            <p>
               <mixed-citation id="d7965e1672" publication-type="other">
Id.</mixed-citation>
            </p>
         </fn>
         <fn id="d7965e1679a1310">
            <label>75</label>
            <p>
               <mixed-citation id="d7965e1686" publication-type="other">
West v. Wright, 931 F.2d 262, 270 (4th Cir. 1991).</mixed-citation>
            </p>
         </fn>
         <fn id="d7965e1693a1310">
            <label>76</label>
            <p>
               <mixed-citation id="d7965e1700" publication-type="other">
682 F.2d 1373 (1 Ith Cir. 1982).</mixed-citation>
            </p>
         </fn>
         <fn id="d7965e1707a1310">
            <label>77</label>
            <p>
               <mixed-citation id="d7965e1714" publication-type="other">
Id.</mixed-citation>
            </p>
         </fn>
         <fn id="d7965e1722a1310">
            <label>78</label>
            <p>
               <mixed-citation id="d7965e1729" publication-type="other">
Id. at 1382-83</mixed-citation>
            </p>
            <p>
               <mixed-citation id="d7965e1735" publication-type="other">
Id.</mixed-citation>
            </p>
         </fn>
         <fn id="d7965e1742a1310">
            <label>79</label>
            <p>
               <mixed-citation id="d7965e1749" publication-type="other">
Wright v. West, 112 S. Ct. 2482, 2486 (1992).</mixed-citation>
            </p>
         </fn>
         <fn id="d7965e1756a1310">
            <label>80</label>
            <p>
               <mixed-citation id="d7965e1763" publication-type="other">
Wright v. West, 112 S. Ct. 656 (1991).</mixed-citation>
            </p>
         </fn>
         <fn id="d7965e1770a1310">
            <label>81</label>
            <p>
               <mixed-citation id="d7965e1777" publication-type="other">
Id. at 672.</mixed-citation>
            </p>
         </fn>
         <fn id="d7965e1784a1310">
            <label>82</label>
            <p>
               <mixed-citation id="d7965e1791" publication-type="other">
West, 112 S. Ct. at 2482.</mixed-citation>
            </p>
         </fn>
         <fn id="d7965e1798a1310">
            <label>83</label>
            <p>
               <mixed-citation id="d7965e1805" publication-type="other">
Id. at 2484</mixed-citation>
            </p>
         </fn>
         <fn id="d7965e1813a1310">
            <label>84</label>
            <p>
               <mixed-citation id="d7965e1820" publication-type="other">
Id. at 2492.</mixed-citation>
            </p>
         </fn>
         <fn id="d7965e1827a1310">
            <label>85</label>
            <p>
               <mixed-citation id="d7965e1834" publication-type="other">
Id. at 2486</mixed-citation>
            </p>
            <p>
               <mixed-citation id="d7965e1840" publication-type="other">
Id. (Harlan, J., dissenting)</mixed-citation>
            </p>
            <p>
               <mixed-citation id="d7965e1846" publication-type="other">
Fay v. Noia, 372 U.S. 391, 459-
60 (1963)</mixed-citation>
            </p>
            <p>
               <mixed-citation id="d7965e1856" publication-type="other">
Id.</mixed-citation>
            </p>
         </fn>
         <fn id="d7965e1863a1310">
            <label>86</label>
            <p>
               <mixed-citation id="d7965e1870" publication-type="other">
344 U.S. 443 (1953).</mixed-citation>
            </p>
         </fn>
         <fn id="d7965e1877a1310">
            <label>87</label>
            <p>
               <mixed-citation id="d7965e1884" publication-type="other">
West, 112 S. Ct. at 2487.</mixed-citation>
            </p>
         </fn>
         <fn id="d7965e1891a1310">
            <label>88</label>
            <p>
               <mixed-citation id="d7965e1898" publication-type="other">
Id.</mixed-citation>
            </p>
         </fn>
         <fn id="d7965e1905a1310">
            <label>89</label>
            <p>
               <mixed-citation id="d7965e1912" publication-type="other">
Id. at 2488.</mixed-citation>
            </p>
         </fn>
         <fn id="d7965e1920a1310">
            <label>90</label>
            <p>
               <mixed-citation id="d7965e1927" publication-type="other">
474 U.S. 104 (1985)</mixed-citation>
            </p>
            <p>
               <mixed-citation id="d7965e1933" publication-type="other">
supra note 48</mixed-citation>
            </p>
         </fn>
         <fn id="d7965e1940a1310">
            <label>91</label>
            <p>
               <mixed-citation id="d7965e1947" publication-type="other">
West, 112 S. Ct. at 2488.</mixed-citation>
            </p>
         </fn>
         <fn id="d7965e1954a1310">
            <label>92</label>
            <p>
               <mixed-citation id="d7965e1961" publication-type="other">
Id. at 2489</mixed-citation>
            </p>
            <p>
               <mixed-citation id="d7965e1967" publication-type="other">
Miller, 474 U.S. at 112</mixed-citation>
            </p>
            <p>
               <mixed-citation id="d7965e1973" publication-type="other">
Cuyler v. Sullivan, 446 U.S. 335 (1980)</mixed-citation>
            </p>
            <p>
               <mixed-citation id="d7965e1980" publication-type="other">
Strickland v. Washington,
466 U.S. 668 (1984)</mixed-citation>
            </p>
            <p>
               <mixed-citation id="d7965e1989" publication-type="other">
Brewer v. Williams, 430 U.S. 387 (1961)</mixed-citation>
            </p>
            <p>
               <mixed-citation id="d7965e1995" publication-type="other">
Irvin v. Dowd, 366 U.S.
717 (1961)</mixed-citation>
            </p>
            <p>
               <mixed-citation id="d7965e2004" publication-type="other">
West, 112 S. Ct. at 2488</mixed-citation>
            </p>
         </fn>
         <fn id="d7965e2011a1310">
            <label>93</label>
            <p>
               <mixed-citation id="d7965e2018" publication-type="other">
443 U.S. 307 (1979).</mixed-citation>
            </p>
         </fn>
         <fn id="d7965e2025a1310">
            <label>94</label>
            <p>
               <mixed-citation id="d7965e2032" publication-type="other">
West, 112 S. Ct. at 2489.</mixed-citation>
            </p>
         </fn>
         <fn id="d7965e2039a1310">
            <label>95</label>
            <p>
               <mixed-citation id="d7965e2046" publication-type="other">
Id.</mixed-citation>
            </p>
         </fn>
         <fn id="d7965e2054a1310">
            <label>96</label>
            <p>
               <mixed-citation id="d7965e2061" publication-type="other">
Id.</mixed-citation>
            </p>
         </fn>
         <fn id="d7965e2068a1310">
            <label>97</label>
            <p>
               <mixed-citation id="d7965e2075" publication-type="other">
489 U.S. 288 (1989).</mixed-citation>
            </p>
         </fn>
         <fn id="d7965e2082a1310">
            <label>98</label>
            <p>
               <mixed-citation id="d7965e2089" publication-type="other">
Id. at 310.</mixed-citation>
            </p>
         </fn>
         <fn id="d7965e2096a1310">
            <label>99</label>
            <p>
               <mixed-citation id="d7965e2103" publication-type="other">
Penry v. Lynaugh, 492 U.S. 302 (1989)</mixed-citation>
            </p>
            <p>
               <mixed-citation id="d7965e2109" publication-type="other">
Butler v. McKellar, 494 U.S. 407
(1990)</mixed-citation>
            </p>
         </fn>
         <fn id="d7965e2119a1310">
            <label>100</label>
            <p>
               <mixed-citation id="d7965e2126" publication-type="other">
West, 112 S. Ct. at 2490.</mixed-citation>
            </p>
         </fn>
         <fn id="d7965e2133a1310">
            <label>101</label>
            <p>
               <mixed-citation id="d7965e2140" publication-type="other">
Id. at 2490.</mixed-citation>
            </p>
         </fn>
         <fn id="d7965e2148a1310">
            <label>102</label>
            <p>
               <mixed-citation id="d7965e2155" publication-type="other">
Id. at 2492.</mixed-citation>
            </p>
         </fn>
         <fn id="d7965e2162a1310">
            <label>103</label>
            <p>
               <mixed-citation id="d7965e2169" publication-type="other">
Id. at 2493 (White, J., concurring).</mixed-citation>
            </p>
         </fn>
         <fn id="d7965e2176a1310">
            <label>104</label>
            <p>
               <mixed-citation id="d7965e2183" publication-type="other">
Id. at 2493-94 (O'Connor, J., concurring)</mixed-citation>
            </p>
         </fn>
         <fn id="d7965e2190a1310">
            <label>105</label>
            <p>
               <mixed-citation id="d7965e2197" publication-type="other">
Id. (O'Connor, J., concurring).</mixed-citation>
            </p>
         </fn>
         <fn id="d7965e2204a1310">
            <label>106</label>
            <p>
               <mixed-citation id="d7965e2211" publication-type="other">
Id. at 2493 (O'Connor, J., concurring)</mixed-citation>
            </p>
            <p>
               <mixed-citation id="d7965e2217" publication-type="other">
Id.</mixed-citation>
            </p>
         </fn>
         <fn id="d7965e2224a1310">
            <label>107</label>
            <p>
               <mixed-citation id="d7965e2231" publication-type="other">
Id. (O'Connor, J., concurring).</mixed-citation>
            </p>
         </fn>
         <fn id="d7965e2239a1310">
            <label>108</label>
            <p>
               <mixed-citation id="d7965e2246" publication-type="other">
Id. at 2494 (O'Connor, J., concurring).</mixed-citation>
            </p>
         </fn>
         <fn id="d7965e2253a1310">
            <label>109</label>
            <p>
               <mixed-citation id="d7965e2260" publication-type="other">
Id. (O'Connor, J., concurring)</mixed-citation>
            </p>
            <p>
               <mixed-citation id="d7965e2266" publication-type="other">
Salinger v. Loisel, 265 U.S.
224 (1924)</mixed-citation>
            </p>
            <p>
               <mixed-citation id="d7965e2275" publication-type="other">
Carter v. McClaughry, 183 U.S. 365 (1902)</mixed-citation>
            </p>
            <p>
               <mixed-citation id="d7965e2282" publication-type="other">
Spencer, 265 U.S.
652 (1913)</mixed-citation>
            </p>
            <p>
               <mixed-citation id="d7965e2291" publication-type="other">
Wright v. West, 112 S. Ct. at 2487 n.3</mixed-citation>
            </p>
         </fn>
         <fn id="d7965e2298a1310">
            <label>110</label>
            <p>
               <mixed-citation id="d7965e2305" publication-type="other">
West, 112 S. Ct. at 2494 (O'Connor, J., concurring).</mixed-citation>
            </p>
         </fn>
         <fn id="d7965e2312a1310">
            <label>111</label>
            <p>
               <mixed-citation id="d7965e2319" publication-type="other">
Id. (O'Connor, J., concurring).</mixed-citation>
            </p>
         </fn>
         <fn id="d7965e2326a1310">
            <label>112</label>
            <p>
               <mixed-citation id="d7965e2333" publication-type="other">
Id. at 2495 (O'Connor, J., concurring).</mixed-citation>
            </p>
         </fn>
         <fn id="d7965e2340a1310">
            <label>113</label>
            <p>
               <mixed-citation id="d7965e2347" publication-type="other">
Id. (O'Connor, J., concurring).</mixed-citation>
            </p>
         </fn>
         <fn id="d7965e2355a1310">
            <label>114</label>
            <p>
               <mixed-citation id="d7965e2364" publication-type="other">
Id. (O'Connor, J., concurring)</mixed-citation>
            </p>
            <p>
               <mixed-citation id="d7965e2370" publication-type="other">
Leyra
v. Denno, 347 U.S. 556, 558-61 (1954)</mixed-citation>
            </p>
            <p>
               <mixed-citation id="d7965e2380" publication-type="other">
Jennings v. Ragen, 358 U.S.
276, 277 (1959)</mixed-citation>
            </p>
            <p>
               <mixed-citation id="d7965e2389" publication-type="other">
Rogers v. Richmond, 365 U.S. 534, 546 (1961)</mixed-citation>
            </p>
            <p>
               <mixed-citation id="d7965e2395" publication-type="other">
Gideon v. Wainwright,
372 U.S. 335, 339-45 (1963)</mixed-citation>
            </p>
            <p>
               <mixed-citation id="d7965e2404" publication-type="other">
Pate v. Robinson, 383 U.S. 375, 384-86 (1966)</mixed-citation>
            </p>
            <p>
               <mixed-citation id="d7965e2410" publication-type="other">
Sheppard
v. Maxwell, 384 U.S. 333, 349-63 (1966)</mixed-citation>
            </p>
            <p>
               <mixed-citation id="d7965e2419" publication-type="other">
McMann v. Richardson, 397 U.S. 759, 766-74
(1970)</mixed-citation>
            </p>
            <p>
               <mixed-citation id="d7965e2429" publication-type="other">
Barker v. Wingo, 407 U.S. 514, 522-36 (1972)</mixed-citation>
            </p>
            <p>
               <mixed-citation id="d7965e2435" publication-type="other">
Lego v. Twomey, 404 U.S. 477,
482-90 (1972)</mixed-citation>
            </p>
            <p>
               <mixed-citation id="d7965e2444" publication-type="other">
Morrissey v. Brewer, 408 U.S. 471, 480-90 (1972)</mixed-citation>
            </p>
            <p>
               <mixed-citation id="d7965e2450" publication-type="other">
Gagnon v. Scarpelli,
411 U.S. 778, 781-91 (1973)</mixed-citation>
            </p>
            <p>
               <mixed-citation id="d7965e2459" publication-type="other">
Schneckloth v. Bustamonte, 412 U.S. 218, 222-49 (1973)</mixed-citation>
            </p>
            <p>
               <mixed-citation id="d7965e2465" publication-type="other">
Manson v. Brathwaite, 432 U.S. 98, 109-17 (1977)</mixed-citation>
            </p>
            <p>
               <mixed-citation id="d7965e2472" publication-type="other">
Watkins v. Sowders, 449 U.S. 341,
345-49 (1981)</mixed-citation>
            </p>
            <p>
               <mixed-citation id="d7965e2481" publication-type="other">
Jones v. Barnes, 463 U.S. 745, 750-54 (1983)</mixed-citation>
            </p>
            <p>
               <mixed-citation id="d7965e2487" publication-type="other">
Berkemer v. McCarty, 468
U.S. 420, 435-42 (1984)</mixed-citation>
            </p>
            <p>
               <mixed-citation id="d7965e2496" publication-type="other">
Moran v. Burbine, 475 U.S. 412, 420-34 (1986)</mixed-citation>
            </p>
            <p>
               <mixed-citation id="d7965e2502" publication-type="other">
Kimmelman v.
Morrison, 477 U.S. 365, 383-87 (1986)</mixed-citation>
            </p>
            <p>
               <mixed-citation id="d7965e2511" publication-type="other">
Maynard v. Cartwright, 486 U.S. 356, 360-65
(1988)</mixed-citation>
            </p>
            <p>
               <mixed-citation id="d7965e2521" publication-type="other">
Duckworth v. Eagan, 492 U.S. 195, 201-05 (1989)</mixed-citation>
            </p>
            <p>
               <mixed-citation id="d7965e2527" publication-type="other">
Estelle v. McGuire, 112 S. Ct.
475, 480-81 (1991)</mixed-citation>
            </p>
         </fn>
         <fn id="d7965e2537a1310">
            <label>115</label>
            <p>
               <mixed-citation id="d7965e2544" publication-type="other">
West, 112 S. Ct. at 2496 (O'Connor, J., concurring)</mixed-citation>
            </p>
            <p>
               <mixed-citation id="d7965e2550" publication-type="other">
Jackson v. Virginia, 443
U.S. 307 (1979)</mixed-citation>
            </p>
         </fn>
         <fn id="d7965e2560a1310">
            <label>116</label>
            <p>
               <mixed-citation id="d7965e2567" publication-type="other">
Id. (O'Connor, J., concurring).</mixed-citation>
            </p>
         </fn>
         <fn id="d7965e2574a1310">
            <label>117</label>
            <p>
               <mixed-citation id="d7965e2581" publication-type="other">
Id. (O'Connor, J., concurring)</mixed-citation>
            </p>
            <p>
               <mixed-citation id="d7965e2587" publication-type="other">
Teague v. Lane, 489 U.S. 288 (1989)</mixed-citation>
            </p>
         </fn>
         <fn id="d7965e2594a1310">
            <label>118</label>
            <p>
               <mixed-citation id="d7965e2601" publication-type="other">
Id.</mixed-citation>
            </p>
            <p>
               <mixed-citation id="d7965e2607" publication-type="other">
Id. at 2498-2500 (Kennedy,
J., concurring)</mixed-citation>
            </p>
         </fn>
         <fn id="d7965e2617a1310">
            <label>119</label>
            <p>
               <mixed-citation id="d7965e2624" publication-type="other">
Id. at 2497 (O'Connor, J., concurring)</mixed-citation>
            </p>
            <p>
               <mixed-citation id="d7965e2630" publication-type="other">
Miller v. Fenton, 474 U.S. 104, 112
(1985)</mixed-citation>
            </p>
         </fn>
         <fn id="d7965e2641a1310">
            <label>120</label>
            <p>
               <mixed-citation id="d7965e2648" publication-type="other">
Id. (O'Connor, J., concurring).</mixed-citation>
            </p>
         </fn>
         <fn id="d7965e2655a1310">
            <label>121</label>
            <p>
               <mixed-citation id="d7965e2662" publication-type="other">
Id. (O'Connor, J., concurring).</mixed-citation>
            </p>
         </fn>
         <fn id="d7965e2669a1310">
            <label>122</label>
            <p>
               <mixed-citation id="d7965e2676" publication-type="other">
Id. (O'Connor, J., concurring).</mixed-citation>
            </p>
         </fn>
         <fn id="d7965e2683a1310">
            <label>123</label>
            <p>
               <mixed-citation id="d7965e2690" publication-type="other">
Id. at 2500 (Kennedy, J., concurring).</mixed-citation>
            </p>
         </fn>
         <fn id="d7965e2697a1310">
            <label>124</label>
            <p>
               <mixed-citation id="d7965e2704" publication-type="other">
Id. at 2498 (Kennedy, J., concurring).</mixed-citation>
            </p>
         </fn>
         <fn id="d7965e2711a1310">
            <label>125</label>
            <p>
               <mixed-citation id="d7965e2718" publication-type="other">
Id. (Kennedy, J., concurring).</mixed-citation>
            </p>
         </fn>
         <fn id="d7965e2726a1310">
            <label>126</label>
            <p>
               <mixed-citation id="d7965e2733" publication-type="other">
Id. (Kennedy, J., concurring).</mixed-citation>
            </p>
         </fn>
         <fn id="d7965e2740a1310">
            <label>127</label>
            <p>
               <mixed-citation id="d7965e2747" publication-type="other">
Id. (Kennedy, J., concurring).</mixed-citation>
            </p>
         </fn>
         <fn id="d7965e2754a1310">
            <label>128</label>
            <p>
               <mixed-citation id="d7965e2761" publication-type="other">
Id. (Kennedy, J., concurring)</mixed-citation>
            </p>
            <p>
               <mixed-citation id="d7965e2767" publication-type="other">
Stringer v. Black, 112 S. Ct.
1130, 1135 (1992)</mixed-citation>
            </p>
            <p>
               <mixed-citation id="d7965e2776" publication-type="other">
West, 112 S. Ct. at 2498-99 (Kennedy, J., concurring)</mixed-citation>
            </p>
         </fn>
         <fn id="d7965e2783a1310">
            <label>129</label>
            <p>
               <mixed-citation id="d7965e2790" publication-type="other">
Id. at 2500 (Kennedy, J., concurring).</mixed-citation>
            </p>
         </fn>
         <fn id="d7965e2797a1310">
            <label>130</label>
            <p>
               <mixed-citation id="d7965e2804" publication-type="other">
Id. (Souter, J., concurring).</mixed-citation>
            </p>
         </fn>
         <fn id="d7965e2811a1310">
            <label>131</label>
            <p>
               <mixed-citation id="d7965e2818" publication-type="other">
Id. at 2502 (Souter, J., concurring).</mixed-citation>
            </p>
         </fn>
         <fn id="d7965e2826a1310">
            <label>132</label>
            <p>
               <mixed-citation id="d7965e2833" publication-type="other">
Id. at 2502 (Souter, J., concurring).</mixed-citation>
            </p>
         </fn>
         <fn id="d7965e2840a1310">
            <label>133</label>
            <p>
               <mixed-citation id="d7965e2847" publication-type="other">
Id. (Souter, J., concurring).</mixed-citation>
            </p>
         </fn>
         <fn id="d7965e2854a1310">
            <label>134</label>
            <p>
               <mixed-citation id="d7965e2861" publication-type="other">
682 F.2d 1373 (llth Cir. 1982)</mixed-citation>
            </p>
            <p>
               <mixed-citation id="d7965e2867" publication-type="other">
supra note 78</mixed-citation>
            </p>
         </fn>
         <fn id="d7965e2874a1310">
            <label>135</label>
            <p>
               <mixed-citation id="d7965e2881" publication-type="other">
West, 112 S. Ct. at 2502 (Souter, J., concurring).</mixed-citation>
            </p>
         </fn>
         <fn id="d7965e2888a1310">
            <label>136</label>
            <p>
               <mixed-citation id="d7965e2895" publication-type="other">
Id. (Souter, J., concurring).</mixed-citation>
            </p>
         </fn>
         <fn id="d7965e2902a1310">
            <label>137</label>
            <p>
               <mixed-citation id="d7965e2909" publication-type="other">
Id. (Souter, J., concurring).</mixed-citation>
            </p>
         </fn>
         <fn id="d7965e2917a1310">
            <label>138</label>
            <p>
               <mixed-citation id="d7965e2924" publication-type="other">
Id. at 2485.</mixed-citation>
            </p>
         </fn>
         <fn id="d7965e2931a1310">
            <label>139</label>
            <p>
               <mixed-citation id="d7965e2938" publication-type="other">
Jackson v. Virginia, 443 U.S. 307, 324 (1979).</mixed-citation>
            </p>
         </fn>
         <fn id="d7965e2945a1310">
            <label>140</label>
            <p>
               <mixed-citation id="d7965e2952" publication-type="other">
Wright v. West, 931 F.2d 262 (4th Cir. 1991).</mixed-citation>
            </p>
         </fn>
         <fn id="d7965e2959a1310">
            <label>141</label>
            <p>
               <mixed-citation id="d7965e2966" publication-type="other">
Teague v. Lane, 489 U.S. 288, 310 (1989).</mixed-citation>
            </p>
         </fn>
         <fn id="d7965e2973a1310">
            <label>142</label>
            <p>
               <mixed-citation id="d7965e2980" publication-type="other">
Jackson v. Virginia, 443 U.S. 307, 324 (1979).</mixed-citation>
            </p>
         </fn>
         <fn id="d7965e2987a1310">
            <label>143</label>
            <p>
               <mixed-citation id="d7965e2994" publication-type="other">
Wright v. West, 112 S. Ct. 2482, 2492 (1992).</mixed-citation>
            </p>
         </fn>
         <fn id="d7965e3002a1310">
            <label>144</label>
            <p>
               <mixed-citation id="d7965e3009" publication-type="other">
Id.</mixed-citation>
            </p>
         </fn>
         <fn id="d7965e3016a1310">
            <label>145</label>
            <p>
               <mixed-citation id="d7965e3023" publication-type="other">
Id. at 2500 (Souter, J., concurring)</mixed-citation>
            </p>
            <p>
               <mixed-citation id="d7965e3029" publication-type="other">
Id.</mixed-citation>
            </p>
         </fn>
         <fn id="d7965e3036a1310">
            <label>146</label>
            <p>
               <mixed-citation id="d7965e3043" publication-type="other">
Id. at 2493 (White, J., concurring).</mixed-citation>
            </p>
         </fn>
         <fn id="d7965e3050a1310">
            <label>147</label>
            <p>
               <mixed-citation id="d7965e3057" publication-type="other">
443 U.S. 307 (1979).</mixed-citation>
            </p>
         </fn>
         <fn id="d7965e3064a1310">
            <label>148</label>
            <p>
               <mixed-citation id="d7965e3071" publication-type="other">
Id. at 324.</mixed-citation>
            </p>
         </fn>
         <fn id="d7965e3078a1310">
            <label>149</label>
            <p>
               <mixed-citation id="d7965e3085" publication-type="other">
Id. at 319.</mixed-citation>
            </p>
         </fn>
         <fn id="d7965e3093a1310">
            <label>150</label>
            <p>
               <mixed-citation id="d7965e3100" publication-type="other">
West, 112 S. Ct. at 2491.</mixed-citation>
            </p>
         </fn>
         <fn id="d7965e3107a1310">
            <label>151</label>
            <p>
               <mixed-citation id="d7965e3114" publication-type="other">
JUDICIAL CONFERENCE OF THE UNITED STATES, AD Hoc COMMITTEE ON
FEDERAL HABEAS CORPUS IN CAPITAL CASES (1989)</mixed-citation>
            </p>
         </fn>
         <fn id="d7965e3124a1310">
            <label>152</label>
            <p>
               <mixed-citation id="d7965e3131" publication-type="other">
West, 112 S. Ct. at 2497 (O'Connor, J., concurring)</mixed-citation>
            </p>
            <p>
               <mixed-citation id="d7965e3137" publication-type="other">
Id.</mixed-citation>
            </p>
         </fn>
         <fn id="d7965e3144a1310">
            <label>153</label>
            <p>
               <mixed-citation id="d7965e3151" publication-type="other">
Jackson v. Virginia, 443 U.S. 307 (1979).</mixed-citation>
            </p>
         </fn>
         <fn id="d7965e3158a1310">
            <label>154</label>
            <p>
               <mixed-citation id="d7965e3165" publication-type="other">
Cuyler v. Sullivan, 446 U.S. 335 (1980).</mixed-citation>
            </p>
         </fn>
         <fn id="d7965e3172a1310">
            <label>155</label>
            <p>
               <mixed-citation id="d7965e3179" publication-type="other">
Sumner v. Mata, 449 U.S. 509 (1982).</mixed-citation>
            </p>
         </fn>
         <fn id="d7965e3187a1310">
            <label>156</label>
            <p>
               <mixed-citation id="d7965e3194" publication-type="other">
Marshall v. Lonberger, 459 U.S. 422 (1983).</mixed-citation>
            </p>
         </fn>
         <fn id="d7965e3201a1310">
            <label>157</label>
            <p>
               <mixed-citation id="d7965e3208" publication-type="other">
Strickland v. Washington, 466 U.S. 668 (1984).</mixed-citation>
            </p>
         </fn>
         <fn id="d7965e3215a1310">
            <label>158</label>
            <p>
               <mixed-citation id="d7965e3222" publication-type="other">
Miller v. Fenton, 474 U.S. 104 (1985).</mixed-citation>
            </p>
         </fn>
         <fn id="d7965e3229a1310">
            <label>159</label>
            <p>
               <mixed-citation id="d7965e3236" publication-type="other">
Brown v. Allen, 344 U.S. 443, 508 (1953) (Frankfurter, J., concurring).</mixed-citation>
            </p>
         </fn>
         <fn id="d7965e3243a1310">
            <label>160</label>
            <p>
               <mixed-citation id="d7965e3250" publication-type="other">
Id. at 510 (Frankfurter, J., concurring).</mixed-citation>
            </p>
         </fn>
      </fn-group>
   </back>
</article>
