<article xmlns:xsi="http://www.w3.org/2001/XMLSchema-instance"
         xmlns:xlink="http://www.w3.org/1999/xlink"
         xmlns:mml="http://www.w3.org/1998/Math/MathML"
         dtd-version="1.0"
         article-type="research-article">
   <front>
      <journal-meta>
         <journal-id journal-id-type="jstor">jcrimlawcrim1973</journal-id>
         <journal-id journal-id-type="jstor">j100481</journal-id>
         <journal-title-group>
            <journal-title>The Journal of Criminal Law and Criminology (1973-)</journal-title>
         </journal-title-group>
         <publisher>
            <publisher-name>Northwestern University School of Law</publisher-name>
         </publisher>
         <issn pub-type="ppub">00914169</issn>
      </journal-meta>
      <article-meta>
         <article-id pub-id-type="doi">10.2307/1143776</article-id>
         <article-categories>
            <subj-group>
               <subject>Criminal Law Symposium: Future Trends in Criminal Procedure</subject>
            </subj-group>
         </article-categories>
         <title-group>
            <article-title>The Pressures and Prospects for Change</article-title>
         </title-group>
         <contrib-group>
            <contrib contrib-type="author">
               <string-name>
                  <given-names>Ronald J.</given-names>
                  <surname>Allen</surname>
               </string-name>
            </contrib>
         </contrib-group>
         <pub-date>
            <day>1</day>
            <month>4</month>
            <year>1990</year>
         </pub-date>
         <volume>81</volume>
         <issue>1</issue>
         <issue-id>i247842</issue-id>
         <fpage>1</fpage>
         <lpage>8</lpage>
         <page-range>1-8</page-range>
         <permissions>
            <copyright-statement>Copyright 1990 Northwestern University, School of Law</copyright-statement>
         </permissions>
         <self-uri xlink:href="http://www.jstor.org/stable/1143776"/>
         <custom-meta-group>
            <custom-meta>
               <meta-name>lang</meta-name>
               <meta-value>eng</meta-value>
            </custom-meta>
         </custom-meta-group>
      </article-meta>
   </front>
   <back>
      <fn-group>
         <title>[Footnotes]</title>
         <fn id="d408e123a1310">
            <label>1</label>
            <p>
               <mixed-citation id="d408e130" publication-type="journal">
Uviller, Self-Incrimination by Inference: Constitutional Restrictions on the Evidentiary Use of
a Suspect's Refusal to Submit to a Search, 81 J. CRIM. L. &amp; CRIMINOLOGY 37, 39 (1990).<person-group>
                     <string-name>
                        <surname>Uviller</surname>
                     </string-name>
                  </person-group>
                  <fpage>37</fpage>
                  <volume>81</volume>
                  <source>J. Crim. L. &amp; Criminology</source>
                  <year>1990</year>
               </mixed-citation>
            </p>
         </fn>
         <fn id="d408e162a1310">
            <label>2</label>
            <p>
               <mixed-citation id="d408e169" publication-type="journal">
Weisberg, A Great Writ While It Lasted, 81 J. CRIM. L. &amp; CRIMINOLOGY 9 (1990).<person-group>
                     <string-name>
                        <surname>Weisberg</surname>
                     </string-name>
                  </person-group>
                  <fpage>9</fpage>
                  <volume>81</volume>
                  <source>J. Crim. L. &amp; Criminology</source>
                  <year>1990</year>
               </mixed-citation>
            </p>
         </fn>
         <fn id="d408e198a1310">
            <label>3</label>
            <p>
               <mixed-citation id="d408e205" publication-type="journal">
Dawson, The Future offuvenile justice: Is It Time to Abolish the System?, 81 J. CRIM. L. &amp;
CRIMINOLOGY 136 (1990).<person-group>
                     <string-name>
                        <surname>Dawson</surname>
                     </string-name>
                  </person-group>
                  <fpage>136</fpage>
                  <volume>81</volume>
                  <source>J. Crim. L. &amp; Criminology</source>
                  <year>1990</year>
               </mixed-citation>
            </p>
         </fn>
         <fn id="d408e237a1310">
            <label>4</label>
            <p>
               <mixed-citation id="d408e244" publication-type="journal">
Bradley, Criminal Procedure in the "Land of Oz ": Lessons for America, 81 J. CRIM. L. &amp;
CRIMINOLOGY 99 (1990).<person-group>
                     <string-name>
                        <surname>Bradley</surname>
                     </string-name>
                  </person-group>
                  <fpage>99</fpage>
                  <volume>81</volume>
                  <source>J. Crim. L. &amp; Criminology</source>
                  <year>1990</year>
               </mixed-citation>
            </p>
         </fn>
         <fn id="d408e277a1310">
            <label>5</label>
            <p>
               <mixed-citation id="d408e284" publication-type="journal">
Haddad, The Future of Confrontation Clause Developments: What Will Emerge When the
Supreme Court Synthesizes the Diverse Lines of Confrontation Decisions?, 81 J. CRIM. L. &amp; CRIMI-
NOLOGY 77 (1990).<person-group>
                     <string-name>
                        <surname>Haddad</surname>
                     </string-name>
                  </person-group>
                  <fpage>77</fpage>
                  <volume>81</volume>
                  <source>J. Crim. L. &amp; Criminology</source>
                  <year>1990</year>
               </mixed-citation>
            </p>
         </fn>
         <fn id="d408e319a1310">
            <label>6</label>
            <p>
               <mixed-citation id="d408e326" publication-type="book">
H.R. UVILLER, TEMPERED ZEAL (1988)<person-group>
                     <string-name>
                        <surname>Uviller</surname>
                     </string-name>
                  </person-group>
                  <source>Tempered Zeal</source>
                  <year>1988</year>
               </mixed-citation>
            </p>
         </fn>
         <fn id="d408e348a1310">
            <label>7</label>
            <p>
               <mixed-citation id="d408e355" publication-type="other">
459 U.S. 553 (1983).</mixed-citation>
            </p>
         </fn>
         <fn id="d408e362a1310">
            <label>9</label>
            <p>
               <mixed-citation id="d408e369" publication-type="other">
384 U.S. 757 (1966).</mixed-citation>
            </p>
         </fn>
         <fn id="d408e376a1310">
            <label>10</label>
            <p>
               <mixed-citation id="d408e383" publication-type="other">
380 U.S. 609 (1965).</mixed-citation>
            </p>
         </fn>
         <fn id="d408e390a1310">
            <label>11</label>
            <p>
               <mixed-citation id="d408e397" publication-type="journal">
Uviller, supra note 1, at 43  <fpage>43</fpage>
               </mixed-citation>
            </p>
            <p>
               <mixed-citation id="d408e408" publication-type="journal">
Allen, Structuring Jury Decisionmaking in Criminal Cases: A
Unified Constitutional Approach to Evidentiary Devices, 94 HARV. L. REV. 321, 342-48 (1980)<person-group>
                     <string-name>
                        <surname>Allen</surname>
                     </string-name>
                  </person-group>
                  <fpage>321</fpage>
                  <volume>94</volume>
                  <source>Harv. L. Rev.</source>
                  <year>1980</year>
               </mixed-citation>
            </p>
         </fn>
         <fn id="d408e441a1310">
            <label>12</label>
            <p>
               <mixed-citation id="d408e448" publication-type="other">
402 U.S. 424 (1971).</mixed-citation>
            </p>
         </fn>
         <fn id="d408e455a1310">
            <label>13</label>
            <p>
               <mixed-citation id="d408e462" publication-type="other">
Id. at 462.</mixed-citation>
            </p>
         </fn>
         <fn id="d408e469a1310">
            <label>14</label>
            <p>
               <mixed-citation id="d408e476" publication-type="other">
Id. at 432-34.</mixed-citation>
            </p>
         </fn>
         <fn id="d408e483a1310">
            <label>15</label>
            <p>
               <mixed-citation id="d408e490" publication-type="other">
National
Treasury Employees Union v. Von Raab, 109 S. Ct. 1384 (1989)</mixed-citation>
            </p>
            <p>
               <mixed-citation id="d408e499" publication-type="other">
Skinner v. Railway
Labor Executives' Ass'n, 109 S. Ct. 1402 (1989)</mixed-citation>
            </p>
         </fn>
         <fn id="d408e509a1310">
            <label>16</label>
            <p>
               <mixed-citation id="d408e516" publication-type="other">
344 U.S. 443 (1953).</mixed-citation>
            </p>
         </fn>
         <fn id="d408e523a1310">
            <label>17</label>
            <p>
               <mixed-citation id="d408e530" publication-type="other">
Butler v. McKellar, 110 S. Ct. 1212 (1990)</mixed-citation>
            </p>
            <p>
               <mixed-citation id="d408e536" publication-type="other">
Saffle v. Parks, 110 S. Ct. 1257 (1990)</mixed-citation>
            </p>
         </fn>
         <fn id="d408e544a1310">
            <label>18</label>
            <p>
               <mixed-citation id="d408e551" publication-type="journal">
Weisberg, supra note 2, at 9.  <fpage>9</fpage>
               </mixed-citation>
            </p>
         </fn>
         <fn id="d408e563a1310">
            <label>19</label>
            <p>
               <mixed-citation id="d408e570" publication-type="other">
Id. at 9-10.</mixed-citation>
            </p>
         </fn>
         <fn id="d408e577a1310">
            <label>20</label>
            <p>
               <mixed-citation id="d408e584" publication-type="journal">
Langbein, The German Advantage in Civil Procedure, 52 U. CHI. L.
REV. 823 (1985)<person-group>
                     <string-name>
                        <surname>Langbein</surname>
                     </string-name>
                  </person-group>
                  <fpage>823</fpage>
                  <volume>52</volume>
                  <source>U. Chi. L. Rev.</source>
                  <year>1985</year>
               </mixed-citation>
            </p>
            <p>
               <mixed-citation id="d408e615" publication-type="journal">
Allen, Kock, Riechenberg &amp; Rosen, The German Advantage in Civil
Procedure: A Plea for More Details and Fewer Generalities in Comparative Scholarship, 82 Nw.
U.L. REV. 705 (1988)<person-group>
                     <string-name>
                        <surname>Allen</surname>
                     </string-name>
                  </person-group>
                  <fpage>705</fpage>
                  <volume>82</volume>
                  <source>Nw. U.L. Rev.</source>
                  <year>1988</year>
               </mixed-citation>
            </p>
            <p>
               <mixed-citation id="d408e649" publication-type="journal">
Langbein, Trashing The German Advantage, 82 Nw. U.L. REV. 763 (1988)<person-group>
                     <string-name>
                        <surname>Langbein</surname>
                     </string-name>
                  </person-group>
                  <fpage>763</fpage>
                  <volume>82</volume>
                  <source>Nw. U.L. Rev.</source>
                  <year>1988</year>
               </mixed-citation>
            </p>
            <p>
               <mixed-citation id="d408e678" publication-type="journal">
Allen,
Idealization and Caricature in Comparative Scholarship, 82 Nw. U.L. REV. 785 (1988)<person-group>
                     <string-name>
                        <surname>Allen</surname>
                     </string-name>
                  </person-group>
                  <fpage>785</fpage>
                  <volume>82</volume>
                  <source>Nw. U.L. Rev.</source>
                  <year>1988</year>
               </mixed-citation>
            </p>
         </fn>
         <fn id="d408e710a1310">
            <label>21</label>
            <p>
               <mixed-citation id="d408e717" publication-type="other">
supra note 20</mixed-citation>
            </p>
         </fn>
         <fn id="d408e724a1310">
            <label>22</label>
            <p>
               <mixed-citation id="d408e731" publication-type="journal">
Haddad, Post-Bruton Developments: A Reconsideration of the Confrontation Ra-
tionale, and a Proposal for a Due Process Evaluation of Limiting Instructions, 18 AMER. CRIM. L.
REV. 1 (1980)<person-group>
                     <string-name>
                        <surname>Haddad</surname>
                     </string-name>
                  </person-group>
                  <fpage>1</fpage>
                  <volume>18</volume>
                  <source>Amer. Crim. L. Rev.</source>
                  <year>1980</year>
               </mixed-citation>
            </p>
            <p>
               <mixed-citation id="d408e765" publication-type="journal">
Haddad &amp; Agin, A Potential Revolution in Bruton Doctrine: Is Bruton Appli-
cable W'here Domestic Evidence Rules Prohibit Use of a Codefendant 's Confession as Evidence Against
a Defendant Although the Confrontation Clause Would Allow Such Use?, forthcoming in 81 J. CRIM.
L. &amp; CRIMINOLOGY (Summer 1990)<person-group>
                     <string-name>
                        <surname>Haddad</surname>
                     </string-name>
                  </person-group>
                  <volume>81</volume>
                  <source>J. Crim. L. &amp; Criminology</source>
                  <year>1990</year>
               </mixed-citation>
            </p>
         </fn>
      </fn-group>
   </back>
</article>
