<article xmlns:xsi="http://www.w3.org/2001/XMLSchema-instance"
         xmlns:xlink="http://www.w3.org/1999/xlink"
         xmlns:mml="http://www.w3.org/1998/Math/MathML"
         dtd-version="1.0"
         article-type="research-article">
   <front>
      <journal-meta>
         <journal-id journal-id-type="jstor">jcrimlawcrim1973</journal-id>
         <journal-id journal-id-type="jstor">j100481</journal-id>
         <journal-title-group>
            <journal-title>The Journal of Criminal Law and Criminology (1973-)</journal-title>
         </journal-title-group>
         <publisher>
            <publisher-name>Northwestern University School of Law</publisher-name>
         </publisher>
         <issn pub-type="ppub">00914169</issn>
      </journal-meta>
      <article-meta>
         <article-id pub-id-type="doi">10.2307/1143724</article-id>
         <article-categories>
            <subj-group>
               <subject>Supreme Court Review</subject>
            </subj-group>
         </article-categories>
         <title-group>
            <article-title>Foreword: Evidence, Inference, Rules, and Judgment in Constitutional Adjudication: The Intriguing Case of Walton v. Arizona</article-title>
         </title-group>
         <contrib-group>
            <contrib contrib-type="author">
               <string-name>
                  <given-names>Ronald J.</given-names>
                  <surname>Allen</surname>
               </string-name>
            </contrib>
         </contrib-group>
         <pub-date>
            <day>1</day>
            <month>1</month>
            <year>1991</year>
         </pub-date>
         <volume>81</volume>
         <issue>4</issue>
         <issue-id>i247845</issue-id>
         <fpage>727</fpage>
         <lpage>759</lpage>
         <page-range>727-759</page-range>
         <permissions>
            <copyright-statement>Copyright 1991 Northwestern University, School of Law</copyright-statement>
         </permissions>
         <self-uri xlink:href="http://www.jstor.org/stable/1143724"/>
         <custom-meta-group>
            <custom-meta>
               <meta-name>lang</meta-name>
               <meta-value>eng</meta-value>
            </custom-meta>
         </custom-meta-group>
      </article-meta>
   </front>
   <back>
      <fn-group>
         <title>[Footnotes]</title>
         <fn id="d4382e123a1310">
            <label>1</label>
            <p>
               <mixed-citation id="d4382e132" publication-type="other">
Coy v. Iowa, 487 U.S. 1012 (1988)</mixed-citation>
            </p>
            <p>
               <mixed-citation id="d4382e138" publication-type="other">
Id. at
1021</mixed-citation>
            </p>
            <p>
               <mixed-citation id="d4382e148" publication-type="other">
California v. Green, 399 U.S. 149, 175 (1970) (Harlan, J., concurring)</mixed-citation>
            </p>
            <p>
               <mixed-citation id="d4382e154" publication-type="other">
U.S. CONST. amend. VI</mixed-citation>
            </p>
         </fn>
         <fn id="d4382e161a1310">
            <label>2</label>
            <p>
               <mixed-citation id="d4382e168" publication-type="journal">
Dewey, Logical Method and Law, 10 COR-
NELL L.Q. 17 (1924)<person-group>
                     <string-name>
                        <surname>Dewey</surname>
                     </string-name>
                  </person-group>
                  <fpage>17</fpage>
                  <volume>10</volume>
                  <source>Cornell L.Q.</source>
                  <year>1924</year>
               </mixed-citation>
            </p>
         </fn>
         <fn id="d4382e200a1310">
            <label>4</label>
            <p>
               <mixed-citation id="d4382e207" publication-type="journal">
Dworkin, The Model of Rules, 35 U. CHI. L. REV. 14
(1967)<person-group>
                     <string-name>
                        <surname>Dworkin</surname>
                     </string-name>
                  </person-group>
                  <fpage>14</fpage>
                  <volume>35</volume>
                  <source>U. Chi. L. Rev.</source>
                  <year>1967</year>
               </mixed-citation>
            </p>
            <p>
               <mixed-citation id="d4382e238" publication-type="journal">
Leo-
nard, Power and Responsibility in Evidence Law, 63 S. CAL. L. REV. 937 (1990)<person-group>
                     <string-name>
                        <surname>Leonard</surname>
                     </string-name>
                  </person-group>
                  <fpage>937</fpage>
                  <volume>63</volume>
                  <source>S. Cal. L. Rev.</source>
                  <year>1990</year>
               </mixed-citation>
            </p>
         </fn>
         <fn id="d4382e270a1310">
            <label>5</label>
            <p>
               <mixed-citation id="d4382e277" publication-type="book">
F. HAYEK, LAW, LEGISLATION, AND LIBERTY: RULES AND ORDER 35-54
(1973)<person-group>
                     <string-name>
                        <surname>Hayek</surname>
                     </string-name>
                  </person-group>
                  <fpage>35</fpage>
                  <source>Law, Legislation, and Liberty: Rules and Order</source>
                  <year>1973</year>
               </mixed-citation>
            </p>
         </fn>
         <fn id="d4382e307a1310">
            <label>7</label>
            <p>
               <mixed-citation id="d4382e314" publication-type="other">
Furman v. Georgia, 408 U.S. 238 (1972).</mixed-citation>
            </p>
         </fn>
         <fn id="d4382e321a1310">
            <label>8</label>
            <p>
               <mixed-citation id="d4382e328" publication-type="other">
Gregg v. Georgia, 428 U.S. 153 (1976).</mixed-citation>
            </p>
         </fn>
         <fn id="d4382e335a1310">
            <label>9</label>
            <p>
               <mixed-citation id="d4382e342" publication-type="other">
110 S. Ct. 3047 (1990).</mixed-citation>
            </p>
         </fn>
         <fn id="d4382e349a1310">
            <label>11</label>
            <p>
               <mixed-citation id="d4382e356" publication-type="other">
Walton, 110 S. Ct. at 3052.</mixed-citation>
            </p>
         </fn>
         <fn id="d4382e363a1310">
            <label>12</label>
            <p>
               <mixed-citation id="d4382e370" publication-type="other">
Id.</mixed-citation>
            </p>
         </fn>
         <fn id="d4382e377a1310">
            <label>13</label>
            <p>
               <mixed-citation id="d4382e384" publication-type="journal">
ARIZ. REV. STAT. ANN. § 13-703(E) (1989).<fpage>13</fpage>
                  <source>Ariz. Rev. Stat. Ann.</source>
                  <year>1989</year>
               </mixed-citation>
            </p>
         </fn>
         <fn id="d4382e401a1310">
            <label>14</label>
            <p>
               <mixed-citation id="d4382e408" publication-type="other">
Walton, 110 S. Ct. at 3053.</mixed-citation>
            </p>
         </fn>
         <fn id="d4382e415a1310">
            <label>15</label>
            <p>
               <mixed-citation id="d4382e422" publication-type="other">
Id. at
3072 (Brennan, J., concurring)</mixed-citation>
            </p>
            <p>
               <mixed-citation id="d4382e431" publication-type="journal">
Allen, Structuring Jury Decisionmaking in
Criminal Cases: A Unified Constitutional Approach to Evidentiary Devices, 94 HARV. L. REV. 321
(1980)<person-group>
                     <string-name>
                        <surname>Allen</surname>
                     </string-name>
                  </person-group>
                  <fpage>321</fpage>
                  <volume>94</volume>
                  <source>Harv. L. Rev.</source>
                  <year>1980</year>
               </mixed-citation>
            </p>
         </fn>
         <fn id="d4382e466a1310">
            <label>17</label>
            <p>
               <mixed-citation id="d4382e473" publication-type="other">
486 U.S. 367 (1988).</mixed-citation>
            </p>
         </fn>
         <fn id="d4382e480a1310">
            <label>18</label>
            <p>
               <mixed-citation id="d4382e487" publication-type="other">
Mills, McKoy v. North Carolina, 110 S. Ct. 1227
(1990)</mixed-citation>
            </p>
            <p>
               <mixed-citation id="d4382e496" publication-type="other">
Id. at 1230</mixed-citation>
            </p>
            <p>
               <mixed-citation id="d4382e502" publication-type="other">
Id. at 1233</mixed-citation>
            </p>
         </fn>
         <fn id="d4382e509a1310">
            <label>20</label>
            <p>
               <mixed-citation id="d4382e516" publication-type="other">
110 S. Ct. 1227, 1241 (1990) (Scalia, J., dissenting).</mixed-citation>
            </p>
         </fn>
         <fn id="d4382e523a1310">
            <label>21</label>
            <p>
               <mixed-citation id="d4382e530" publication-type="other">
Walton v. Arizona, 110 S. Ct. 3047, 3055 (1990).</mixed-citation>
            </p>
         </fn>
         <fn id="d4382e538a1310">
            <label>22</label>
            <p>
               <mixed-citation id="d4382e545" publication-type="other">
480 U.S. 228 (1987).</mixed-citation>
            </p>
         </fn>
         <fn id="d4382e552a1310">
            <label>23</label>
            <p>
               <mixed-citation id="d4382e559" publication-type="journal">
Allen, A Reconceptualization of Civil Trials, 66
B.U.L. REV. 401 (1986)<person-group>
                     <string-name>
                        <surname>Allen</surname>
                     </string-name>
                  </person-group>
                  <fpage>401</fpage>
                  <volume>66</volume>
                  <source>B.U.L. Rev.</source>
                  <year>1986</year>
               </mixed-citation>
            </p>
         </fn>
         <fn id="d4382e591a1310">
            <label>24</label>
            <p>
               <mixed-citation id="d4382e598" publication-type="other">
Walton, 110 S. Ct. at 3068-70 (Brennan, J., dissenting).</mixed-citation>
            </p>
         </fn>
         <fn id="d4382e605a1310">
            <label>25</label>
            <p>
               <mixed-citation id="d4382e612" publication-type="other">
Id. at 3071 (Blackmun, J., dissenting)</mixed-citation>
            </p>
            <p>
               <mixed-citation id="d4382e618" publication-type="other">
id. at 3076 (Blackmun, J., dissenting)</mixed-citation>
            </p>
            <p>
               <mixed-citation id="d4382e624" publication-type="other">
Lockett v. Ohio, 438 U.S. 586, 604 (1978)</mixed-citation>
            </p>
         </fn>
         <fn id="d4382e631a1310">
            <label>26</label>
            <p>
               <mixed-citation id="d4382e638" publication-type="journal">
Gillers, Deciding Who Dies, 129 U. PA. L. REV. 1 (1980)<person-group>
                     <string-name>
                        <surname>Gillers</surname>
                     </string-name>
                  </person-group>
                  <fpage>1</fpage>
                  <volume>129</volume>
                  <source>U. Pa. L. Rev.</source>
                  <year>1980</year>
               </mixed-citation>
            </p>
            <p>
               <mixed-citation id="d4382e666" publication-type="journal">
Gillers, The Quality of
Mercy: Constitutional Accuracy at the Selection Stage of Capital Sentencing, 18 U. CAL. DAVIS L.
REV. 1037 (1985)<person-group>
                     <string-name>
                        <surname>Gillers</surname>
                     </string-name>
                  </person-group>
                  <fpage>1037</fpage>
                  <volume>18</volume>
                  <source>U. Cal. Davis L. Rev.</source>
                  <year>1985</year>
               </mixed-citation>
            </p>
         </fn>
         <fn id="d4382e701a1310">
            <label>27</label>
            <p>
               <mixed-citation id="d4382e708" publication-type="other">
Walton, 110 S. Ct. at 3086 (Stevens, J., dissenting).</mixed-citation>
            </p>
         </fn>
         <fn id="d4382e716a1310">
            <label>28</label>
            <p>
               <mixed-citation id="d4382e723" publication-type="other">
Id. (Stevens, J., dissenting).</mixed-citation>
            </p>
         </fn>
         <fn id="d4382e730a1310">
            <label>29</label>
            <p>
               <mixed-citation id="d4382e737" publication-type="other">
481 U.S. 279 (1987).</mixed-citation>
            </p>
         </fn>
         <fn id="d4382e744a1310">
            <label>30</label>
            <p>
               <mixed-citation id="d4382e751" publication-type="other">
Walton, 110 S. Ct. at 3090 (Stevens, J., dissenting).</mixed-citation>
            </p>
         </fn>
         <fn id="d4382e758a1310">
            <label>32</label>
            <p>
               <mixed-citation id="d4382e765" publication-type="other">
United States v.
Chaidez, 919 F.2d 1193, 1197 (7th Cir. 1990)</mixed-citation>
            </p>
            <p>
               <mixed-citation id="d4382e774" publication-type="journal">
West, Foreword: Taking Freedom Seri-
ously, 104 HARV. L. REV. 40, 85-93 (1990)<person-group>
                     <string-name>
                        <surname>West</surname>
                     </string-name>
                  </person-group>
                  <fpage>40</fpage>
                  <volume>104</volume>
                  <source>Harv. L. Rev.</source>
                  <year>1990</year>
               </mixed-citation>
            </p>
         </fn>
         <fn id="d4382e806a1310">
            <label>33</label>
            <p>
               <mixed-citation id="d4382e813" publication-type="other">
Walton, 110 S. Ct. at 3061 (Scalia, J., concurring).</mixed-citation>
            </p>
         </fn>
         <fn id="d4382e820a1310">
            <label>34</label>
            <p>
               <mixed-citation id="d4382e827" publication-type="other">
428 U.S. 280 (1976).</mixed-citation>
            </p>
         </fn>
         <fn id="d4382e835a1310">
            <label>35</label>
            <p>
               <mixed-citation id="d4382e842" publication-type="other">
438 U.S. 586 (1978).</mixed-citation>
            </p>
         </fn>
         <fn id="d4382e849a1310">
            <label>36</label>
            <p>
               <mixed-citation id="d4382e856" publication-type="other">
Walton, 110 S. Ct. at 3058-59 (Scalia, J., concurring).</mixed-citation>
            </p>
         </fn>
         <fn id="d4382e863a1310">
            <label>37</label>
            <p>
               <mixed-citation id="d4382e870" publication-type="journal">
Symposium: Discretion in Law Enforcement, 47 LAW &amp; CONTEMP. PROBS. 1-
312 (1984)<fpage>1312</fpage>
                  <volume>47</volume>
                  <source>Law &amp; Contemp. Probs.</source>
                  <year>1984</year>
               </mixed-citation>
            </p>
         </fn>
         <fn id="d4382e893a1310">
            <label>38</label>
            <p>
               <mixed-citation id="d4382e900" publication-type="other">
Walton, 110 S. Ct. at 3061 (Scalia, J., concurring).</mixed-citation>
            </p>
         </fn>
         <fn id="d4382e907a1310">
            <label>39</label>
            <p>
               <mixed-citation id="d4382e914" publication-type="other">
Id. at 3062 (Scalia, J., concurring).</mixed-citation>
            </p>
         </fn>
         <fn id="d4382e921a1310">
            <label>40</label>
            <p>
               <mixed-citation id="d4382e928" publication-type="other">
Id. at 3063-64 (Scalia, J., concurring).</mixed-citation>
            </p>
         </fn>
         <fn id="d4382e936a1310">
            <label>41</label>
            <p>
               <mixed-citation id="d4382e943" publication-type="book">
T. GREEN, VERDICT ACCORDING TO CON-
SCIENCE (1985)<person-group>
                     <string-name>
                        <surname>Green</surname>
                     </string-name>
                  </person-group>
                  <source>Verdict According to Conscience</source>
                  <year>1985</year>
               </mixed-citation>
            </p>
         </fn>
         <fn id="d4382e968a1310">
            <label>42</label>
            <p>
               <mixed-citation id="d4382e975" publication-type="other">
Walton, 110 S. Ct. at 3063 (Scalia, J., concurring).</mixed-citation>
            </p>
         </fn>
         <fn id="d4382e982a1310">
            <label>43</label>
            <p>
               <mixed-citation id="d4382e989" publication-type="journal">
Lewis, Proof and Prejudice: A Constitutional
Challenge to the Treatment of Prejudicial Evidence in Federal Criminal Cases, 64 WASH. L. REV.
289 (1989)<person-group>
                     <string-name>
                        <surname>Lewis</surname>
                     </string-name>
                  </person-group>
                  <fpage>289</fpage>
                  <volume>64</volume>
                  <source>Wash. L. Rev.</source>
                  <year>1989</year>
               </mixed-citation>
            </p>
         </fn>
         <fn id="d4382e1024a1310">
            <label>44</label>
            <p>
               <mixed-citation id="d4382e1031" publication-type="book">
R. ALLEN &amp; R. KUHNS, AN ANALYTICAL APPROACH TO EVIDENCE 101-06 (1989).<person-group>
                     <string-name>
                        <surname>Allen</surname>
                     </string-name>
                  </person-group>
                  <fpage>101</fpage>
                  <source>An Analytical Approach to Evidence</source>
                  <year>1989</year>
               </mixed-citation>
            </p>
         </fn>
         <fn id="d4382e1056a1310">
            <label>45</label>
            <p>
               <mixed-citation id="d4382e1063" publication-type="other">
McKoy v. North Carolina, 110 S. Ct. 1227, 1237 (1990)</mixed-citation>
            </p>
         </fn>
         <fn id="d4382e1070a1310">
            <label>46</label>
            <p>
               <mixed-citation id="d4382e1077" publication-type="other">
Walton, 110 S. Ct. at 3072 (Blackmun, J., dissenting)</mixed-citation>
            </p>
         </fn>
         <fn id="d4382e1085a1310">
            <label>47</label>
            <p>
               <mixed-citation id="d4382e1092" publication-type="journal">
Allen, On the Significance of Batting Averages and Strikeout Totals: A Clarification of the
"Naked Statistical Evidence" Debate, the Meaning of "Evidence, " and the Requirement of Proof
Beyond Reasonable Doubt, 65 TUL. L. REV. (1991)<person-group>
                     <string-name>
                        <surname>Allen</surname>
                     </string-name>
                  </person-group>
                  <volume>65</volume>
                  <source>Tul. L. Rev.</source>
                  <year>1991</year>
               </mixed-citation>
            </p>
         </fn>
         <fn id="d4382e1124a1310">
            <label>48</label>
            <p>
               <mixed-citation id="d4382e1131" publication-type="other">
Walton, 110 S. Ct. at 3064 (Scalia, J., concurring).</mixed-citation>
            </p>
         </fn>
         <fn id="d4382e1138a1310">
            <label>49</label>
            <p>
               <mixed-citation id="d4382e1147" publication-type="other">
Lewis v. Jeffers, 110 S. Ct. 3092
(1990)</mixed-citation>
            </p>
            <p>
               <mixed-citation id="d4382e1156" publication-type="other">
Jef-
fers, 110 S. Ct. at 3100-01</mixed-citation>
            </p>
            <p>
               <mixed-citation id="d4382e1166" publication-type="other">
Id. at
3102</mixed-citation>
            </p>
            <p>
               <mixed-citation id="d4382e1175" publication-type="other">
Jackson, 443 U.S. 307, 319 (1979)</mixed-citation>
            </p>
         </fn>
         <fn id="d4382e1182a1310">
            <label>50</label>
            <p>
               <mixed-citation id="d4382e1189" publication-type="other">
Eddings v. Oklahoma, 455 U.S. 104, 112 (1981)</mixed-citation>
            </p>
         </fn>
         <fn id="d4382e1196a1310">
            <label>53</label>
            <p>
               <mixed-citation id="d4382e1203" publication-type="other">
479 U.S. 538 (1987).</mixed-citation>
            </p>
         </fn>
         <fn id="d4382e1210a1310">
            <label>54</label>
            <p>
               <mixed-citation id="d4382e1217" publication-type="other">
Id. at 539.</mixed-citation>
            </p>
         </fn>
         <fn id="d4382e1225a1310">
            <label>55</label>
            <p>
               <mixed-citation id="d4382e1232" publication-type="other">
Id. at 542.</mixed-citation>
            </p>
         </fn>
         <fn id="d4382e1239a1310">
            <label>56</label>
            <p>
               <mixed-citation id="d4382e1246" publication-type="other">
Witherspoon v. Illinois, 391 U.S. 510 (1968).</mixed-citation>
            </p>
         </fn>
         <fn id="d4382e1253a1310">
            <label>57</label>
            <p>
               <mixed-citation id="d4382e1260" publication-type="other">
Booth v. Maryland, 482 U.S. 496 (1987)</mixed-citation>
            </p>
         </fn>
         <fn id="d4382e1267a1310">
            <label>58</label>
            <p>
               <mixed-citation id="d4382e1274" publication-type="other">
Brown, 479 U.S. at 543.</mixed-citation>
            </p>
         </fn>
         <fn id="d4382e1281a1310">
            <label>59</label>
            <p>
               <mixed-citation id="d4382e1288" publication-type="other">
Id. at 544 (O'Connor, J., concurring).</mixed-citation>
            </p>
         </fn>
         <fn id="d4382e1295a1310">
            <label>60</label>
            <p>
               <mixed-citation id="d4382e1302" publication-type="other">
Id. at 545 (O'Connor, J., concurring).</mixed-citation>
            </p>
         </fn>
         <fn id="d4382e1310a1310">
            <label>61</label>
            <p>
               <mixed-citation id="d4382e1317" publication-type="book">
A. JONSEN &amp; S. TOULMIN, THE ABUSE OF CASU-
ISTRY: A HISTORY OF MORAL REASONING (1988)<person-group>
                     <string-name>
                        <surname>Jonsen</surname>
                     </string-name>
                  </person-group>
                  <source>The Abuse of Casuistry: A History of Moral Reasoning</source>
                  <year>1988</year>
               </mixed-citation>
            </p>
         </fn>
         <fn id="d4382e1342a1310">
            <label>62</label>
            <p>
               <mixed-citation id="d4382e1349" publication-type="other">
Brown, 479 U.S. at 545 Justice (O'Connor, J., concurring).</mixed-citation>
            </p>
         </fn>
         <fn id="d4382e1356a1310">
            <label>63</label>
            <p>
               <mixed-citation id="d4382e1363" publication-type="other">
Id. at 548 (Brennan, J., dissenting).</mixed-citation>
            </p>
         </fn>
         <fn id="d4382e1370a1310">
            <label>64</label>
            <p>
               <mixed-citation id="d4382e1377" publication-type="other">
Id. at 548-50 (Brennan, J., dissenting).</mixed-citation>
            </p>
         </fn>
         <fn id="d4382e1384a1310">
            <label>65</label>
            <p>
               <mixed-citation id="d4382e1391" publication-type="other">
Id. at 561 (Brennan, J., dissenting).</mixed-citation>
            </p>
         </fn>
         <fn id="d4382e1398a1310">
            <label>66</label>
            <p>
               <mixed-citation id="d4382e1405" publication-type="other">
Id. at 561-63 (Blackmun, J., dissenting).</mixed-citation>
            </p>
         </fn>
         <fn id="d4382e1413a1310">
            <label>67</label>
            <p>
               <mixed-citation id="d4382e1420" publication-type="other">
110 S. Ct. 1257 (1990).</mixed-citation>
            </p>
         </fn>
         <fn id="d4382e1427a1310">
            <label>69</label>
            <p>
               <mixed-citation id="d4382e1434" publication-type="other">
Saffle, 110 S. Ct. at 1261.</mixed-citation>
            </p>
         </fn>
         <fn id="d4382e1441a1310">
            <label>70</label>
            <p>
               <mixed-citation id="d4382e1448" publication-type="other">
Id. at 1262.</mixed-citation>
            </p>
         </fn>
         <fn id="d4382e1455a1310">
            <label>71</label>
            <p>
               <mixed-citation id="d4382e1462" publication-type="other">
Id. at 1263.</mixed-citation>
            </p>
         </fn>
         <fn id="d4382e1469a1310">
            <label>72</label>
            <p>
               <mixed-citation id="d4382e1476" publication-type="other">
Id.</mixed-citation>
            </p>
         </fn>
         <fn id="d4382e1483a1310">
            <label>73</label>
            <p>
               <mixed-citation id="d4382e1490" publication-type="other">
Id.</mixed-citation>
            </p>
         </fn>
         <fn id="d4382e1498a1310">
            <label>74</label>
            <p>
               <mixed-citation id="d4382e1505" publication-type="journal">
Allen, supra note 47  </mixed-citation>
            </p>
         </fn>
         <fn id="d4382e1514a1310">
            <label>75</label>
            <p>
               <mixed-citation id="d4382e1521" publication-type="other">
Saffle, 110 S. Ct. at 1269</mixed-citation>
            </p>
            <p>
               <mixed-citation id="d4382e1527" publication-type="other">
Penry v. Lynaugh, 109 S. Ct. 2934, 2966 (1989)
(Scalia, J., dissenting in part)</mixed-citation>
            </p>
         </fn>
         <fn id="d4382e1537a1310">
            <label>76</label>
            <p>
               <mixed-citation id="d4382e1544" publication-type="other">
481 U.S. 497 (1987).</mixed-citation>
            </p>
         </fn>
         <fn id="d4382e1551a1310">
            <label>77</label>
            <p>
               <mixed-citation id="d4382e1558" publication-type="other">
413 U.S. 15 (1973).</mixed-citation>
            </p>
         </fn>
         <fn id="d4382e1565a1310">
            <label>78</label>
            <p>
               <mixed-citation id="d4382e1572" publication-type="other">
Pope, 481 U.S. at 500-01.</mixed-citation>
            </p>
         </fn>
         <fn id="d4382e1579a1310">
            <label>79</label>
            <p>
               <mixed-citation id="d4382e1586" publication-type="other">
Id. at 511 (Stevens, J., dissenting).</mixed-citation>
            </p>
         </fn>
         <fn id="d4382e1594a1310">
            <label>80</label>
            <p>
               <mixed-citation id="d4382e1601" publication-type="journal">
Krauss, Representing the Community: A Look at the Selection Process in Obscenity
Cases and Capital Sentencing, 64 IND. L.J. 617 (1989)<person-group>
                     <string-name>
                        <surname>Krauss</surname>
                     </string-name>
                  </person-group>
                  <fpage>617</fpage>
                  <volume>64</volume>
                  <source>Ind. L.J.</source>
                  <year>1989</year>
               </mixed-citation>
            </p>
         </fn>
         <fn id="d4382e1633a1310">
            <label>81</label>
            <p>
               <mixed-citation id="d4382e1642" publication-type="other">
Boyde v. California, 110 S. Ct. 1190 (1990)</mixed-citation>
            </p>
            <p>
               <mixed-citation id="d4382e1648" publication-type="other">
Id. at 1198</mixed-citation>
            </p>
         </fn>
         <fn id="d4382e1655a1310">
            <label>82</label>
            <p>
               <mixed-citation id="d4382e1662" publication-type="other">
110 S. Ct. 3139 (1990).</mixed-citation>
            </p>
         </fn>
         <fn id="d4382e1669a1310">
            <label>83</label>
            <p>
               <mixed-citation id="d4382e1676" publication-type="other">
110 S. Ct. 2412 (1990).</mixed-citation>
            </p>
         </fn>
         <fn id="d4382e1683a1310">
            <label>84</label>
            <p>
               <mixed-citation id="d4382e1690" publication-type="other">
Wright, 110 S. Ct. at 3143.</mixed-citation>
            </p>
         </fn>
         <fn id="d4382e1697a1310">
            <label>85</label>
            <p>
               <mixed-citation id="d4382e1704" publication-type="other">
448 U.S. 56 (1980).</mixed-citation>
            </p>
         </fn>
         <fn id="d4382e1712a1310">
            <label>86</label>
            <p>
               <mixed-citation id="d4382e1719" publication-type="other">
Wright, 110 S. Ct. at 3148.</mixed-citation>
            </p>
         </fn>
         <fn id="d4382e1726a1310">
            <label>87</label>
            <p>
               <mixed-citation id="d4382e1733" publication-type="other">
Id. at 3150.</mixed-citation>
            </p>
         </fn>
         <fn id="d4382e1740a1310">
            <label>88</label>
            <p>
               <mixed-citation id="d4382e1747" publication-type="other">
Id.</mixed-citation>
            </p>
         </fn>
         <fn id="d4382e1754a1310">
            <label>89</label>
            <p>
               <mixed-citation id="d4382e1761" publication-type="other">
Id.</mixed-citation>
            </p>
         </fn>
         <fn id="d4382e1768a1310">
            <label>90</label>
            <p>
               <mixed-citation id="d4382e1775" publication-type="other">
110 S. Ct. 2412 (1990).</mixed-citation>
            </p>
         </fn>
         <fn id="d4382e1782a1310">
            <label>91</label>
            <p>
               <mixed-citation id="d4382e1789" publication-type="other">
Id. at 2417</mixed-citation>
            </p>
            <p>
               <mixed-citation id="d4382e1795" publication-type="other">
Illinois v. Gates, 462 U.S. 213, 244 (1983)</mixed-citation>
            </p>
         </fn>
         <fn id="d4382e1803a1310">
            <label>93</label>
            <p>
               <mixed-citation id="d4382e1810" publication-type="journal">
LaFave, "Case-By-Case Adjudication" Versus "Standardized
Procedures". The Robinson Dilemma, 1974 SUP. CT. REV. 127<person-group>
                     <string-name>
                        <surname>LaFave</surname>
                     </string-name>
                  </person-group>
                  <fpage>127</fpage>
                  <volume>1974</volume>
                  <source>Sup. Ct. Rev.</source>
               </mixed-citation>
            </p>
         </fn>
         <fn id="d4382e1839a1310">
            <label>94</label>
            <p>
               <mixed-citation id="d4382e1846" publication-type="other">
Winship, 397 U.S. 358 (1970)</mixed-citation>
            </p>
            <p>
               <mixed-citation id="d4382e1852" publication-type="other">
Carella v. California, 491 U.S.
263 (1989)</mixed-citation>
            </p>
            <p>
               <mixed-citation id="d4382e1861" publication-type="other">
Michael H. V. Gerald D., 491 U.S. 110 (1989)</mixed-citation>
            </p>
            <p>
               <mixed-citation id="d4382e1868" publication-type="other">
Booth v. Maryland, 482 U.S. 496 (1987)</mixed-citation>
            </p>
            <p>
               <mixed-citation id="d4382e1874" publication-type="other">
Bruton v. United States, 391 U.S.
123 (1968)</mixed-citation>
            </p>
         </fn>
         <fn id="d4382e1884a1310">
            <label>95</label>
            <p>
               <mixed-citation id="d4382e1891" publication-type="book">
DANTE, THE DIVINE COMEDY 368 (Pocket Books ed., L. Biancolli trans. 1968).<person-group>
                     <string-name>
                        <surname>Dante</surname>
                     </string-name>
                  </person-group>
                  <volume>368</volume>
                  <source>The Divine Comedy</source>
                  <year>1968</year>
               </mixed-citation>
            </p>
         </fn>
         <fn id="d4382e1916a1310">
            <label>97</label>
            <p>
               <mixed-citation id="d4382e1923" publication-type="other">
United States v. Malin, 908 F.2d 163, 169 (7th Cir. 1990) (Easterbrook, J.,
concurring)</mixed-citation>
            </p>
            <p>
               <mixed-citation id="d4382e1932" publication-type="other">
Id. at 169-70</mixed-citation>
            </p>
         </fn>
         <fn id="d4382e1939a1310">
            <label>98</label>
            <p>
               <mixed-citation id="d4382e1946" publication-type="other">
United States v. McKinney, 919 F.2d 405, 423 (7th Cir.
1990)</mixed-citation>
            </p>
         </fn>
      </fn-group>
   </back>
</article>
