<article xmlns:xsi="http://www.w3.org/2001/XMLSchema-instance"
         xmlns:xlink="http://www.w3.org/1999/xlink"
         xmlns:mml="http://www.w3.org/1998/Math/MathML"
         dtd-version="1.0"
         article-type="research-article">
   <front>
      <journal-meta>
         <journal-id journal-id-type="jstor">jcrimlawcrim1973</journal-id>
         <journal-id journal-id-type="jstor">j100481</journal-id>
         <journal-title-group>
            <journal-title>The Journal of Criminal Law and Criminology (1973-)</journal-title>
         </journal-title-group>
         <publisher>
            <publisher-name>Northwestern University School of Law</publisher-name>
         </publisher>
         <issn pub-type="ppub">00914169</issn>
      </journal-meta>
      <article-meta>
         <article-id pub-id-type="doi">10.2307/1143909</article-id>
         <article-categories>
            <subj-group>
               <subject>Criminology</subject>
            </subj-group>
         </article-categories>
         <title-group>
            <article-title>Determinants of Judicial Waiver Decisions for Violent Juvenile Offenders</article-title>
         </title-group>
         <contrib-group>
            <contrib contrib-type="author">
               <string-name>
                  <given-names>Jeffrey</given-names>
                  <surname>Fagan</surname>
               </string-name>
            </contrib>
            <contrib contrib-type="author">
               <string-name>
                  <given-names>Elizabeth Piper</given-names>
                  <surname>Deschenes</surname>
               </string-name>
            </contrib>
         </contrib-group>
         <pub-date>
            <day>1</day>
            <month>7</month>
            <year>1990</year>
         </pub-date>
         <volume>81</volume>
         <issue>2</issue>
         <issue-id>i247843</issue-id>
         <fpage>314</fpage>
         <lpage>347</lpage>
         <page-range>314-347</page-range>
         <permissions>
            <copyright-statement>Copyright 1990 Northwestern University, School of Law</copyright-statement>
         </permissions>
         <self-uri xlink:href="http://www.jstor.org/stable/1143909"/>
         <custom-meta-group>
            <custom-meta>
               <meta-name>lang</meta-name>
               <meta-value>eng</meta-value>
            </custom-meta>
         </custom-meta-group>
      </article-meta>
   </front>
   <back>
      <fn-group>
         <title>[Footnotes]</title>
         <fn id="d14095e135a1310">
            <label>1</label>
            <p>
               <mixed-citation id="d14095e142" publication-type="book">
Whitebread &amp; Batey, The Role of Waiver in Juvenile Court: Questions of Philosophy and
Function, in MAJOR ISSUES IN JUVENILEJUSTICE INFORMATION AND TRAINING: READINGS IN
PUBLIC POLICY 207 (J. Hall, D. Hamparian, J. Pettibone, &amp; J. White eds. 1981)(hereinaf-
ter MAJOR ISSUES<person-group>
                     <string-name>
                        <surname>Whitebread</surname>
                     </string-name>
                  </person-group>
                  <comment content-type="section">The Role of Waiver in Juvenile Court: Questions of Philosophy and Function</comment>
                  <volume>207</volume>
                  <source>Major Issues in Juvenilejustice Information and Training: Readings in Public Policy</source>
                  <year>1981</year>
               </mixed-citation>
            </p>
         </fn>
         <fn id="d14095e180a1310">
            <label>2</label>
            <p>
               <mixed-citation id="d14095e187" publication-type="journal">
Wolfgang, Abolish the Juvenile Court, 2 CAL. LAW. 12 (Nov. 1982)<person-group>
                     <string-name>
                        <surname>Wolfgang</surname>
                     </string-name>
                  </person-group>
                  <issue>Nov.</issue>
                  <fpage>12</fpage>
                  <volume>2</volume>
                  <source>Cal. Law.</source>
                  <year>1982</year>
               </mixed-citation>
            </p>
            <p>
               <mixed-citation id="d14095e218" publication-type="journal">
Feld, Delinquent
Careers and Criminal Policy: Just Deserts and the Waiver Decision, 21 CRIMINOLOGY 195 (1983)<person-group>
                     <string-name>
                        <surname>Feld</surname>
                     </string-name>
                  </person-group>
                  <fpage>195</fpage>
                  <volume>21</volume>
                  <source>Criminology</source>
                  <year>1983</year>
               </mixed-citation>
            </p>
         </fn>
         <fn id="d14095e250a1310">
            <label>3</label>
            <p>
               <mixed-citation id="d14095e257" publication-type="book">
J. WILSON, THINKING ABOUT CRIME (2d ed. 1983)<person-group>
                     <string-name>
                        <surname>Wilson</surname>
                     </string-name>
                  </person-group>
                  <edition>2d</edition>
                  <source>Thinking About Crime</source>
                  <year>1983</year>
               </mixed-citation>
            </p>
            <p>
               <mixed-citation id="d14095e281" publication-type="book">
C. MURRAY &amp; L. Cox,
BEYOND PROBATION: JUVENILE CORRECTIONS AND THE CHRONIC DELINQUENT (1979)<person-group>
                     <string-name>
                        <surname>Murray</surname>
                     </string-name>
                  </person-group>
                  <source>Beyond Probation: Juvenile Corrections and the Chronic Delinquent</source>
                  <year>1979</year>
               </mixed-citation>
            </p>
         </fn>
         <fn id="d14095e306a1310">
            <label>4</label>
            <p>
               <mixed-citation id="d14095e313" publication-type="journal">
Feld, The Juvenile Court Meets the Principle of the Offense: Punishment, Treatment and the
Difference It Makes, 68(5) B.U.L. REV. 821 (1988).<person-group>
                     <string-name>
                        <surname>Feld</surname>
                     </string-name>
                  </person-group>
                  <issue>5</issue>
                  <fpage>821</fpage>
                  <volume>68</volume>
                  <source>B.U.L. Rev.</source>
                  <year>1988</year>
               </mixed-citation>
            </p>
         </fn>
         <fn id="d14095e349a1310">
            <label>5</label>
            <p>
               <mixed-citation id="d14095e356" publication-type="book">
D. HAMPARIAN, R. SCHUSTER, S. DINITZ &amp;J. CONRAD, THE VIOLENT FEW: A STUDY
OF DANGEROUS JUVENILE OFFENDERS (1978)<person-group>
                     <string-name>
                        <surname>Hamparian</surname>
                     </string-name>
                  </person-group>
                  <source>The Violent Few: A Study of Dangerous Juvenile Offenders</source>
                  <year>1978</year>
               </mixed-citation>
            </p>
            <p>
               <mixed-citation id="d14095e380" publication-type="book">
D. HAMPARIAN, R. SCHUSTER, J. DAVIS, &amp; J.
WHITE, THE YOUNG CRIMINAL YEARS OF THE VIOLENT FEW (monograph prepared for the
Office of Juv. Just. &amp; Delinq. Prevention, Dep't of Just., 1985) hereinafter D.
HAMPARIAN, THE YOUNG CRIMINAL YEARS<person-group>
                     <string-name>
                        <surname>Hamparian</surname>
                     </string-name>
                  </person-group>
                  <source>The Young Criminal Years of the Violent Few</source>
                  <year>1985</year>
               </mixed-citation>
            </p>
            <p>
               <mixed-citation id="d14095e411" publication-type="journal">
Rojek &amp; Erickson, Delinquent Careers, 20 CRIM-
INOLOGY 5 (1982)<person-group>
                     <string-name>
                        <surname>Rojek</surname>
                     </string-name>
                  </person-group>
                  <fpage>5</fpage>
                  <volume>20</volume>
                  <source>Criminology</source>
                  <year>1982</year>
               </mixed-citation>
            </p>
            <p>
               <mixed-citation id="d14095e443" publication-type="journal">
Shannon, Risk Assessment vs Real Prediction: The Prediction Problem and
Public Trust, 1 J. QUANTITATIVE CRIMINOLOGY 159 (1985)<person-group>
                     <string-name>
                        <surname>Shannon</surname>
                     </string-name>
                  </person-group>
                  <fpage>159</fpage>
                  <volume>1</volume>
                  <source>J. Quantitative Criminology</source>
                  <year>1985</year>
               </mixed-citation>
            </p>
         </fn>
         <fn id="d14095e475a1310">
            <label>6</label>
            <p>
               <mixed-citation id="d14095e482" publication-type="journal">
Gendreau &amp; Ross, Revivification of Rehabilitation: Evidence from the 1980s, 4 JUST. Q.
349 (1987).<person-group>
                     <string-name>
                        <surname>Gendreau</surname>
                     </string-name>
                  </person-group>
                  <fpage>349</fpage>
                  <volume>4</volume>
                  <source>Just. Q.</source>
                  <year>1987</year>
               </mixed-citation>
            </p>
         </fn>
         <fn id="d14095e514a1310">
            <label>7</label>
            <p>
               <mixed-citation id="d14095e521" publication-type="journal">
Fagan, Social and Legal Policy Dimensions of Violent Juvenile Crime, 17 CRIM. JUST. &amp;
BEHAV. 93 (1990).<person-group>
                     <string-name>
                        <surname>Fagan</surname>
                     </string-name>
                  </person-group>
                  <fpage>93</fpage>
                  <volume>17</volume>
                  <source>Crim. Just. &amp; Behav.</source>
                  <year>1990</year>
               </mixed-citation>
            </p>
         </fn>
         <fn id="d14095e553a1310">
            <label>8</label>
            <p>
               <mixed-citation id="d14095e560" publication-type="journal">
Feld, The Juvenile Court Meets the Principle of the Offense. Legislative Changes in Juvenile
Waiver Statutes, 78 J. CRIM. L. &amp; CRIMINOLOGY 471 (1987).<person-group>
                     <string-name>
                        <surname>Feld</surname>
                     </string-name>
                  </person-group>
                  <fpage>471</fpage>
                  <volume>78</volume>
                  <source>J. Crim. L. &amp; Criminology</source>
                  <year>1987</year>
               </mixed-citation>
            </p>
         </fn>
         <fn id="d14095e592a1310">
            <label>9</label>
            <p>
               <mixed-citation id="d14095e599" publication-type="other">
N.Y. CRIM. PRO. LAW § 180.75 (McKinney 1990)</mixed-citation>
            </p>
            <p>
               <mixed-citation id="d14095e605" publication-type="other">
VT. STAT. ANN. tit. 33,
§ 632(a) (1989)</mixed-citation>
            </p>
         </fn>
         <fn id="d14095e615a1310">
            <label>10</label>
            <p>
               <mixed-citation id="d14095e622" publication-type="other">
N.J. REV. STAT. § 2C: 4-11 (1987)</mixed-citation>
            </p>
            <p>
               <mixed-citation id="d14095e628" publication-type="other">
OHIO REV. CODE ANN. § 2151.26 (An-
derson 1990)</mixed-citation>
            </p>
         </fn>
         <fn id="d14095e639a1310">
            <label>11</label>
            <p>
               <mixed-citation id="d14095e646" publication-type="other">
MICH. COMP. LAWS § 712A.4 (1990)</mixed-citation>
            </p>
            <p>
               <mixed-citation id="d14095e652" publication-type="other">
FLA. STAT. § 39.02 (1988)</mixed-citation>
            </p>
         </fn>
         <fn id="d14095e659a1310">
            <label>12</label>
            <p>
               <mixed-citation id="d14095e666" publication-type="book">
D. HAMPARIAN, R. SCHUSTER, J. DAVIS &amp; J. WHITE, YOUTH IN ADULT COURTS:
BETWEEN TWO WORLDS (monograph prepared for the Office of Juv. &amp; Delinq. Preven-
tion, Dep't of Just., 1982)<person-group>
                     <string-name>
                        <surname>Hamparian</surname>
                     </string-name>
                  </person-group>
                  <source>Youth in Adult Courts: Between Two Worlds</source>
                  <year>1982</year>
               </mixed-citation>
            </p>
            <p>
               <mixed-citation id="d14095e694" publication-type="book">
D. HAMPARIAN &amp; R. SCHUSTER, YOUTH IN ADULT
COURTS<person-group>
                     <string-name>
                        <surname>Hamparian</surname>
                     </string-name>
                  </person-group>
                  <source>Youth in Adult Courts</source>
                  <year>1982</year>
               </mixed-citation>
            </p>
         </fn>
         <fn id="d14095e719a1310">
            <label>13</label>
            <p>
               <mixed-citation id="d14095e726" publication-type="book">
D. FARRINGTON, L. OHLIN &amp; J. WILSON, UNDERSTANDING AND CONTROLLING
CRIME: TOWARD A NEW RESEARCH STRATEGY (1986)<person-group>
                     <string-name>
                        <surname>Farrington</surname>
                     </string-name>
                  </person-group>
                  <source>Understanding and Controlling Crime: Toward a New Research Strategy</source>
                  <year>1986</year>
               </mixed-citation>
            </p>
         </fn>
         <fn id="d14095e751a1310">
            <label>15</label>
            <p>
               <mixed-citation id="d14095e758" publication-type="journal">
Keiter, Criminal or Delinquent? A Study of Juvenile Cases Transferred to the Crimi-
nal Court, 19 CRIME &amp; DELINQ. 528, 529 (1973)<person-group>
                     <string-name>
                        <surname>Keiter</surname>
                     </string-name>
                  </person-group>
                  <fpage>528</fpage>
                  <volume>19</volume>
                  <source>Crime &amp; Delinq.</source>
                  <year>1973</year>
               </mixed-citation>
            </p>
            <p>
               <mixed-citation id="d14095e789" publication-type="other">
Eigen, The Determi-
nants and Impact of Jurisdictional Transfer in Philadelphia, in MAJOR ISSUES, supra note 1, at
333</mixed-citation>
            </p>
         </fn>
         <fn id="d14095e802a1310">
            <label>16</label>
            <p>
               <mixed-citation id="d14095e809" publication-type="journal">
Thomas &amp; Bilchik, Prosecuting Juveniles in
Criminal Courts: A Legal and Empirical Analysis, 76 J. CRIM. L. &amp; CRIMINOLOGY 439 (1985)<person-group>
                     <string-name>
                        <surname>Thomas</surname>
                     </string-name>
                  </person-group>
                  <fpage>439</fpage>
                  <volume>76</volume>
                  <source>J. Crim. L. &amp; Criminology</source>
                  <year>1985</year>
               </mixed-citation>
            </p>
         </fn>
         <fn id="d14095e841a1310">
            <label>17</label>
            <p>
               <mixed-citation id="d14095e850" publication-type="book">
D. ROTHMAN, CONSCIENCE AND CONVENIENCE: THE ASYLUM AND ITS ALTERNA-
TIVES IN PROGRESSIVE AMERICA (1980)<person-group>
                     <string-name>
                        <surname>Rothman</surname>
                     </string-name>
                  </person-group>
                  <source>Conscience and Convenience: The Asylum and Its Alternatives in Progressive America</source>
                  <year>1980</year>
               </mixed-citation>
            </p>
            <p>
               <mixed-citation id="d14095e874" publication-type="book">
A. PLATT, THE CHILD SAVERS: THE INVENTION OF DELINQUENCY (1969)<person-group>
                     <string-name>
                        <surname>Platt</surname>
                     </string-name>
                  </person-group>
                  <source>The Child Savers: The Invention of Delinquency</source>
                  <year>1969</year>
               </mixed-citation>
            </p>
         </fn>
         <fn id="d14095e897a1310">
            <label>18</label>
            <p>
               <mixed-citation id="d14095e904" publication-type="book">
D. ROTHMAN, supra note 17  </mixed-citation>
            </p>
         </fn>
         <fn id="d14095e913a1310">
            <label>19</label>
            <p>
               <mixed-citation id="d14095e920" publication-type="book">
D. ROTHMAN, supra note 17  </mixed-citation>
            </p>
            <p>
               <mixed-citation id="d14095e928" publication-type="journal">
Thomas &amp; Bilchik, supra note 16  </mixed-citation>
            </p>
         </fn>
         <fn id="d14095e937a1310">
            <label>20</label>
            <p>
               <mixed-citation id="d14095e944" publication-type="book">
Schlossman, Juvenile Justice: History and Philosophy, in 3 ENCYCLOPEDIA OF CRIME
AND JUSTICE 961 (S. Kadish ed. 1983)<person-group>
                     <string-name>
                        <surname>Schlossman</surname>
                     </string-name>
                  </person-group>
                  <comment content-type="section">Juvenile Justice: History and Philosophy</comment>
                  <volume>961</volume>
                  <source>Encyclopedia of Crime and Justice</source>
                  <year>1983</year>
               </mixed-citation>
            </p>
         </fn>
         <fn id="d14095e976a1310">
            <label>21</label>
            <p>
               <mixed-citation id="d14095e983" publication-type="book">
E. RYERSON, THE BEST-LAID PLANS: AMERICA'S JUVENILE COURT EXPERIMENT
(1978).<person-group>
                     <string-name>
                        <surname>Ryerson</surname>
                     </string-name>
                  </person-group>
                  <source>The Best-Laid Plans: America's Juvenile Court Experiment</source>
                  <year>1978</year>
               </mixed-citation>
            </p>
         </fn>
         <fn id="d14095e1008a1310">
            <label>22</label>
            <p>
               <mixed-citation id="d14095e1015" publication-type="journal">
Feld, The Juvenile Court Meets the Principle of the Ofense: Legislative Changes injuve-
nile Waiver Statutes, 78 J. CRIM. L. &amp; CRIMINOLOGY 471 (1987)<person-group>
                     <string-name>
                        <surname>Feld</surname>
                     </string-name>
                  </person-group>
                  <fpage>471</fpage>
                  <volume>78</volume>
                  <source>J. Crim. L. &amp; Criminology</source>
                  <year>1987</year>
               </mixed-citation>
            </p>
         </fn>
         <fn id="d14095e1047a1310">
            <label>23</label>
            <p>
               <mixed-citation id="d14095e1054" publication-type="book">
Whitebread
&amp; Batey, The Role of Waiver in Juvenile Court: Questions of Philosophy and Function, in MAJOR
ISSUES, supra note 1, at 207  <fpage>207</fpage>
               </mixed-citation>
            </p>
            <p>
               <mixed-citation id="d14095e1071" publication-type="book">
D. HAMPARIAN &amp; R. SCHUSTER, YOUTH IN ADULT COURTS, supra note 12  </mixed-citation>
            </p>
            <p>
               <mixed-citation id="d14095e1079" publication-type="journal">
Rudman, Hart-
stone, Fagan &amp; Moore, Violent Youth in Adult Court: Process and Punishment, 32 CRIME &amp;
DELINQ. 75 (1986)[hereinafter Rudman]<person-group>
                     <string-name>
                        <surname>Rudman</surname>
                     </string-name>
                  </person-group>
                  <fpage>75</fpage>
                  <volume>32</volume>
                  <source>Crime &amp; Delinq.</source>
                  <year>1986</year>
               </mixed-citation>
            </p>
            <p>
               <mixed-citation id="d14095e1114" publication-type="journal">
Feld, supra note 22  </mixed-citation>
            </p>
         </fn>
         <fn id="d14095e1124a1310">
            <label>24</label>
            <p>
               <mixed-citation id="d14095e1131" publication-type="other">
United States v. Gault, 381 U.S. 1 (1967)</mixed-citation>
            </p>
            <p>
               <mixed-citation id="d14095e1137" publication-type="other">
United States v. Kent, 383 U.S. 541
(1966)</mixed-citation>
            </p>
            <p>
               <mixed-citation id="d14095e1146" publication-type="book">
Whitebread &amp; Batey, supra note 23  </mixed-citation>
            </p>
            <p>
               <mixed-citation id="d14095e1155" publication-type="journal">
Bortner, Traditional Rhetoric, Organizational
Realities. Remand of Juveniles to Adult Court, 32 CRIME &amp; DELINQ. 53 (1986)<person-group>
                     <string-name>
                        <surname>Bortner</surname>
                     </string-name>
                  </person-group>
                  <fpage>53</fpage>
                  <volume>32</volume>
                  <source>Crime &amp; Delinq.</source>
                  <year>1986</year>
               </mixed-citation>
            </p>
         </fn>
         <fn id="d14095e1187a1310">
            <label>25</label>
            <p>
               <mixed-citation id="d14095e1196" publication-type="journal">
Feld, supra note 22  </mixed-citation>
            </p>
            <p>
               <mixed-citation id="d14095e1204" publication-type="journal">
Bailey, Cor-
rectional Outcome. An Evaluation of 100 Reports, 57 J. CRIM. L., CRIMINOLOGY, &amp; POLICE
SCI. 153 (1966)<person-group>
                     <string-name>
                        <surname>Bailey</surname>
                     </string-name>
                  </person-group>
                  <fpage>153</fpage>
                  <volume>57</volume>
                  <source>J. Crim. L., Criminology, &amp; Police Sci.</source>
                  <year>1966</year>
               </mixed-citation>
            </p>
            <p>
               <mixed-citation id="d14095e1239" publication-type="book">
D. LIPTON, R. MARTINSON, &amp;J. WILKS, THE EFFECTIVENESS OF CORREC-
TIONAL PROGRAMS: A SURVEY OF TREATMENT EVALUATION STUDIES (1975)<person-group>
                     <string-name>
                        <surname>Lipton</surname>
                     </string-name>
                  </person-group>
                  <source>The Effectiveness of Correctional Programs: A Survey of Treatment Evaluation Studies</source>
                  <year>1975</year>
               </mixed-citation>
            </p>
            <p>
               <mixed-citation id="d14095e1263" publication-type="journal">
Robison &amp;
Smith, The Efectiveness of Correctional Programs, 17 CRIME &amp; DELINQ. 67 (1971)<person-group>
                     <string-name>
                        <surname>Robison</surname>
                     </string-name>
                  </person-group>
                  <fpage>67</fpage>
                  <volume>17</volume>
                  <source>Crime &amp; Delinq.</source>
                  <year>1971</year>
               </mixed-citation>
            </p>
            <p>
               <mixed-citation id="d14095e1294" publication-type="book">
THE REHA-
BILITATION OF CRIMINAL OFFENDERS: PROBLEMS AND PROSPECTS (L. Sechrest, S. White &amp;
E. Brown eds. 1979)<source>The Rehabilitation of Criminal Offenders: Problems and Prospects</source>
                  <year>1979</year>
               </mixed-citation>
            </p>
            <p>
               <mixed-citation id="d14095e1312" publication-type="journal">
Wright &amp; Dixon, Community Prevention and Treatment of Juvenile Delin-
quency: A Review of Evaluation Studies, 17 J. RES. IN CRIME &amp; DELINQ. 35 (1977)<person-group>
                     <string-name>
                        <surname>Wright</surname>
                     </string-name>
                  </person-group>
                  <fpage>35</fpage>
                  <volume>17</volume>
                  <source>J. Res. In Crime &amp; Delinq.</source>
                  <year>1977</year>
               </mixed-citation>
            </p>
         </fn>
         <fn id="d14095e1344a1310">
            <label>26</label>
            <p>
               <mixed-citation id="d14095e1351" publication-type="book">
JUVENILE COURT LAW REVISION COMMISSION, FINAL REPORT (Cal. Atty. Gen'l
Office 1984)<person-group>
                     <string-name>
                        <surname>Juvenile Court Law Revision Commission</surname>
                     </string-name>
                  </person-group>
                  <source>Final Report</source>
                  <year>1984</year>
               </mixed-citation>
            </p>
         </fn>
         <fn id="d14095e1376a1310">
            <label>27</label>
            <p>
               <mixed-citation id="d14095e1383" publication-type="other">
Conrad, Crime and the Child, in MAJOR ISSUES, supra note 1, at 179</mixed-citation>
            </p>
         </fn>
         <fn id="d14095e1390a1310">
            <label>28</label>
            <p>
               <mixed-citation id="d14095e1397" publication-type="book">
Jensen &amp; Erickson, The Social Meaning of Sanctions, in CRIME, LAW AND
SANCTIONS: THEORETICAL PERSPECTIVES 119 (M. Krohn &amp; R. Akers eds., 6 Sage Re-
search Series in Criminology, 1978)<person-group>
                     <string-name>
                        <surname>Jensen</surname>
                     </string-name>
                  </person-group>
                  <comment content-type="section">The Social Meaning of Sanctions</comment>
                  <volume>119</volume>
                  <source>Crime, Law and Sanctions: Theoretical Perspectives</source>
                  <year>1978</year>
               </mixed-citation>
            </p>
         </fn>
         <fn id="d14095e1432a1310">
            <label>30</label>
            <p>
               <mixed-citation id="d14095e1439" publication-type="other">
383 U.S. 541 (1966).</mixed-citation>
            </p>
         </fn>
         <fn id="d14095e1447a1310">
            <label>31</label>
            <p>
               <mixed-citation id="d14095e1454" publication-type="other">
Id. at 555, 560-62.</mixed-citation>
            </p>
         </fn>
         <fn id="d14095e1461a1310">
            <label>32</label>
            <p>
               <mixed-citation id="d14095e1468" publication-type="other">
387 U.S. 1 (1967).</mixed-citation>
            </p>
         </fn>
         <fn id="d14095e1475a1310">
            <label>33</label>
            <p>
               <mixed-citation id="d14095e1482" publication-type="other">
Winship, 397 U.S. 358 (1970)</mixed-citation>
            </p>
            <p>
               <mixed-citation id="d14095e1488" publication-type="other">
McKeiver v. Pennsylvania, 403 U.S.
528 (1971)</mixed-citation>
            </p>
         </fn>
         <fn id="d14095e1498a1310">
            <label>34</label>
            <p>
               <mixed-citation id="d14095e1505" publication-type="journal">
Feld, The Juvenile Court Meets the Principle of the Offense.: Legislative Changes in Juve-
nile Waiver Statutes, 78 J. CRIM. L. &amp; CRIMINOLOGY 471 (1987)<person-group>
                     <string-name>
                        <surname>Feld</surname>
                     </string-name>
                  </person-group>
                  <fpage>471</fpage>
                  <volume>78</volume>
                  <source>J. Crim. L. &amp; Criminology</source>
                  <year>1987</year>
               </mixed-citation>
            </p>
         </fn>
         <fn id="d14095e1537a1310">
            <label>35</label>
            <p>
               <mixed-citation id="d14095e1544" publication-type="book">
Strasburg, Some Recent National Trends in Serious Juvenile Crime, in VIOLENT JUVENILE
OFFENDERS: AN ANTHOLOGY 5 (R. Mathias, P. DeMuro &amp; R. Allinson eds. 1984)<person-group>
                     <string-name>
                        <surname>Strasburg</surname>
                     </string-name>
                  </person-group>
                  <comment content-type="section">Some Recent National Trends in Serious Juvenile Crime</comment>
                  <volume>5</volume>
                  <source>Violent Juvenile Offenders: an Anthology</source>
                  <year>1984</year>
               </mixed-citation>
            </p>
            <p>
               <mixed-citation id="d14095e1575" publication-type="book">
Weiner
&amp; Wolfgang, The Extent and Character of Violent Crime in America, 1969 to 1982, in AMERICAN
VIOLENCE AND PUBLIC POLICY: AN UPDATE OF THE NATIONAL COMMISSION ON THE CAUSES
AND PREVENTION OF VIOLENCE 17 (L. Curtis ed. 1985)<person-group>
                     <string-name>
                        <surname>Weiner</surname>
                     </string-name>
                  </person-group>
                  <comment content-type="section">The Extent and Character of Violent Crime in America, 1969 to 1982</comment>
                  <volume>17</volume>
                  <source>American Violence and Public Policy: An Update of The National Commission on The Causes and Prevention of Violence</source>
                  <year>1985</year>
               </mixed-citation>
            </p>
         </fn>
         <fn id="d14095e1613a1310">
            <label>36</label>
            <p>
               <mixed-citation id="d14095e1620" publication-type="other">
supra note 25</mixed-citation>
            </p>
         </fn>
         <fn id="d14095e1628a1310">
            <label>37</label>
            <p>
               <mixed-citation id="d14095e1637" publication-type="other">
Roysher &amp; Edelman, Treating Juveniles as Adults in New York.- What Does It
Mean and How Is It Working?, in MAJOR ISSUES, supra note 1, at 265</mixed-citation>
            </p>
            <p>
               <mixed-citation id="d14095e1646" publication-type="other">
P.
GREENWOOD, A. ABRAHAMSE &amp; F. ZIMRING, FACTORS AFFECTING SENTENCE SEVERITY FOR
YOUNG ADULT OFFENDERS (monograph prepared for Nat'l Inst. of Just., U.S. Dep't of
Just., Aug. 1984)</mixed-citation>
            </p>
            <p>
               <mixed-citation id="d14095e1662" publication-type="journal">
Rudman, supra note 23  </mixed-citation>
            </p>
         </fn>
         <fn id="d14095e1671a1310">
            <label>38</label>
            <p>
               <mixed-citation id="d14095e1678" publication-type="book">
Weiner &amp; Wolfgang, supra note 35,
at 27  <fpage>27</fpage>
               </mixed-citation>
            </p>
            <p>
               <mixed-citation id="d14095e1692" publication-type="journal">
Shannon, Risk
Assessment vs Real Prediction: The Prediction Problem and Public Trust, 1 J. QUANTITATIVE
CRIMINOLOGY 159 (1985)<person-group>
                     <string-name>
                        <surname>Shannon</surname>
                     </string-name>
                  </person-group>
                  <fpage>159</fpage>
                  <volume>1</volume>
                  <source>J. Quantitative Criminology</source>
                  <year>1985</year>
               </mixed-citation>
            </p>
            <p>
               <mixed-citation id="d14095e1726" publication-type="book">
M. WOLFGANG, R. FIGLIO &amp; T. SELLIN, DELINQUENCY IN A
BIRTH COHORT (1972)<person-group>
                     <string-name>
                        <surname>Wolfgang</surname>
                     </string-name>
                  </person-group>
                  <source>Delinquency in a Birth Cohort</source>
                  <year>1972</year>
               </mixed-citation>
            </p>
            <p>
               <mixed-citation id="d14095e1751" publication-type="book">
D. HAMPARIAN, R. SCHUSTER, S. DINITZ &amp; J. CONRAD, THE VIO-
LENT FEW: A STUDY OF DANGEROUS JUVENILE OFFENDERS (1978)<person-group>
                     <string-name>
                        <surname>Hamparian</surname>
                     </string-name>
                  </person-group>
                  <source>The Violent Few: A Study of Dangerous Juvenile Offenders</source>
                  <year>1978</year>
               </mixed-citation>
            </p>
         </fn>
         <fn id="d14095e1776a1310">
            <label>39</label>
            <p>
               <mixed-citation id="d14095e1783" publication-type="journal">
Rud-
man, supra note 23  </mixed-citation>
            </p>
            <p>
               <mixed-citation id="d14095e1794" publication-type="book">
D. HAMPARIAN &amp; R. SCHUSTER, YOUTH IN ADULT COURTS, supra
note 12  </mixed-citation>
            </p>
         </fn>
         <fn id="d14095e1806a1310">
            <label>40</label>
            <p>
               <mixed-citation id="d14095e1813" publication-type="other">
WASH. REV. CODE
§ 13.40.010 (1990)</mixed-citation>
            </p>
         </fn>
         <fn id="d14095e1823a1310">
            <label>41</label>
            <p>
               <mixed-citation id="d14095e1830" publication-type="other">
N.Y. PENAL LAW § 60.02 (McKinney 1990).</mixed-citation>
            </p>
         </fn>
         <fn id="d14095e1837a1310">
            <label>42</label>
            <p>
               <mixed-citation id="d14095e1844" publication-type="other">
Cal. Penal Code § 1170 (West 1990).</mixed-citation>
            </p>
         </fn>
         <fn id="d14095e1852a1310">
            <label>43</label>
            <p>
               <mixed-citation id="d14095e1859" publication-type="other">
COLO. REV. STAT. § 19-2-804 (1990)</mixed-citation>
            </p>
         </fn>
         <fn id="d14095e1866a1310">
            <label>44</label>
            <p>
               <mixed-citation id="d14095e1873" publication-type="journal">
Schneider
&amp; Schram, The Washington State Juvenile Justice System Reform: A Review of Findings, 1 CRIM.
JUST. POL'Y REV. 211 (1986)<person-group>
                     <string-name>
                        <surname>Schneider</surname>
                     </string-name>
                  </person-group>
                  <fpage>211</fpage>
                  <volume>1</volume>
                  <source>Crim. Just. Pol'y Rev.</source>
                  <year>1986</year>
               </mixed-citation>
            </p>
         </fn>
         <fn id="d14095e1908a1310">
            <label>45</label>
            <p>
               <mixed-citation id="d14095e1915" publication-type="journal">
Feld, The Juvenile Court Meets the Principle of the Offense: Legislative Changes injuve-
nile Waiver Statutes, 78 J. CRIM. L. &amp; CRIMINOLOGY 471 (1987)<person-group>
                     <string-name>
                        <surname>Feld</surname>
                     </string-name>
                  </person-group>
                  <fpage>471</fpage>
                  <volume>78</volume>
                  <source>J. Crim. L. &amp; Criminology</source>
                  <year>1987</year>
               </mixed-citation>
            </p>
            <p>
               <mixed-citation id="d14095e1946" publication-type="other">
N.Y.
CRIM. PRO. LAW § 1.20(42) (McKinney 1990)</mixed-citation>
            </p>
            <p>
               <mixed-citation id="d14095e1955" publication-type="other">
id.</mixed-citation>
            </p>
         </fn>
         <fn id="d14095e1962a1310">
            <label>46</label>
            <p>
               <mixed-citation id="d14095e1969" publication-type="other">
MICH. COMP. LAWS § 712A.4 (1990)</mixed-citation>
            </p>
            <p>
               <mixed-citation id="d14095e1975" publication-type="other">
FLA. STAT. § 39.02 (1988)</mixed-citation>
            </p>
            <p>
               <mixed-citation id="d14095e1981" publication-type="other">
MASS. GEN. L.
ch. 119, § 61 (1990)</mixed-citation>
            </p>
         </fn>
         <fn id="d14095e1991a1310">
            <label>47</label>
            <p>
               <mixed-citation id="d14095e1998" publication-type="other">
N.J. REV. STAT. § 2A: 4A-26 (1982)</mixed-citation>
            </p>
         </fn>
         <fn id="d14095e2005a1310">
            <label>48</label>
            <p>
               <mixed-citation id="d14095e2012" publication-type="journal">
Rudman, supra note 23  </mixed-citation>
            </p>
            <p>
               <mixed-citation id="d14095e2020" publication-type="book">
D. HAMPARIAN &amp; R. SCHUSTER, YOUTH IN ADULT
COURTS, supra note 12  </mixed-citation>
            </p>
         </fn>
         <fn id="d14095e2033a1310">
            <label>49</label>
            <p>
               <mixed-citation id="d14095e2040" publication-type="book">
D. HAMPARIAN &amp; R. SCHUSTER, YOUTH IN ADULT COURTS, supra note 12  </mixed-citation>
            </p>
         </fn>
         <fn id="d14095e2049a1310">
            <label>50</label>
            <p>
               <mixed-citation id="d14095e2056" publication-type="journal">
Rudman, supra note 23  </mixed-citation>
            </p>
            <p>
               <mixed-citation id="d14095e2064" publication-type="journal">
Bortner, Traditional Rhetoric, Organizational Realities: Re-
mand of Juveniles to Adult Court, 32 CRIME &amp; DELINQ. 53 (1986)<person-group>
                     <string-name>
                        <surname>Bortner</surname>
                     </string-name>
                  </person-group>
                  <fpage>53</fpage>
                  <volume>32</volume>
                  <source>Crime &amp; Delinq.</source>
                  <year>1986</year>
               </mixed-citation>
            </p>
            <p>
               <mixed-citation id="d14095e2095" publication-type="book">
D. HAMPARIAN &amp; R.
SCHUSTER, YOUTH IN ADULT COURTS, supra note 12  </mixed-citation>
            </p>
         </fn>
         <fn id="d14095e2107a1310">
            <label>51</label>
            <p>
               <mixed-citation id="d14095e2114" publication-type="other">
Zimring, Notes Toward a Jurisprudence of Waiver, in MAJOR ISSUES, supra note 1, at
193.</mixed-citation>
            </p>
         </fn>
         <fn id="d14095e2124a1310">
            <label>52</label>
            <p>
               <mixed-citation id="d14095e2131" publication-type="journal">
Emerson, On Last Resorts, 87 AM. J. Soc. 1 (1981)<person-group>
                     <string-name>
                        <surname>Emerson</surname>
                     </string-name>
                  </person-group>
                  <fpage>1</fpage>
                  <volume>87</volume>
                  <source>Am. J. Soc.</source>
                  <year>1981</year>
               </mixed-citation>
            </p>
         </fn>
         <fn id="d14095e2160a1310">
            <label>54</label>
            <p>
               <mixed-citation id="d14095e2167" publication-type="other">
Whitebread &amp; Batey, The Role of Waiver in Juvenile Court: Questions of Philosophy
and Function, in MAJOR ISSUES, supra note 1, at 207</mixed-citation>
            </p>
            <p>
               <mixed-citation id="d14095e2176" publication-type="other">
Conrad, Crime and the Child, in MAJOR
ISSUES, supra note 1, at 179</mixed-citation>
            </p>
         </fn>
         <fn id="d14095e2186a1310">
            <label>55</label>
            <p>
               <mixed-citation id="d14095e2193" publication-type="other">
Flicker, Prosecuting Juveniles as Adults: A Symptom of a Crisis in the Juvenile Courts, in
MAJOR ISSUES, supra note 1, at 351.</mixed-citation>
            </p>
         </fn>
         <fn id="d14095e2204a1310">
            <label>56</label>
            <p>
               <mixed-citation id="d14095e2211" publication-type="other">
Id.</mixed-citation>
            </p>
         </fn>
         <fn id="d14095e2218a1310">
            <label>57</label>
            <p>
               <mixed-citation id="d14095e2225" publication-type="journal">
Feld, Reference of Juvenile Offenders for Adult Prosecution: The Legislative Alternative to
Asking Unanswerable Questions, 62 MINN. L. REV. 515 (1978)<person-group>
                     <string-name>
                        <surname>Feld</surname>
                     </string-name>
                  </person-group>
                  <fpage>515</fpage>
                  <volume>62</volume>
                  <source>Minn. L. Rev.</source>
                  <year>1978</year>
               </mixed-citation>
            </p>
            <p>
               <mixed-citation id="d14095e2256" publication-type="journal">
Feld, The Juvenile Court Meets
the Principle of the Offense: Punishment, Treatment and the Difference It Makes, 68(5) B.U.L. REV.
821 (1988)<person-group>
                     <string-name>
                        <surname>Feld</surname>
                     </string-name>
                  </person-group>
                  <issue>5</issue>
                  <fpage>821</fpage>
                  <volume>68</volume>
                  <source>B.U.L. Rev.</source>
                  <year>1988</year>
               </mixed-citation>
            </p>
         </fn>
         <fn id="d14095e2294a1310">
            <label>58</label>
            <p>
               <mixed-citation id="d14095e2301" publication-type="other">
383 U.S. 541 (1966).</mixed-citation>
            </p>
         </fn>
         <fn id="d14095e2308a1310">
            <label>59</label>
            <p>
               <mixed-citation id="d14095e2315" publication-type="other">
383 U.S. at 566-68</mixed-citation>
            </p>
         </fn>
         <fn id="d14095e2322a1310">
            <label>60</label>
            <p>
               <mixed-citation id="d14095e2329" publication-type="book">
D. HAMPARIAN, THE YOUNG CRIMINAL YEARS, supra note 5  </mixed-citation>
            </p>
         </fn>
         <fn id="d14095e2338a1310">
            <label>61</label>
            <p>
               <mixed-citation id="d14095e2345" publication-type="journal">
Rudman, supra note 23.  </mixed-citation>
            </p>
         </fn>
         <fn id="d14095e2355a1310">
            <label>62</label>
            <p>
               <mixed-citation id="d14095e2362" publication-type="other">
Zimring, Notes Toward a Jurisprudence of Waiver, in MAJOR ISSUES, supra note 1, at
193.</mixed-citation>
            </p>
         </fn>
         <fn id="d14095e2372a1310">
            <label>63</label>
            <p>
               <mixed-citation id="d14095e2379" publication-type="book">
D. HAMPARIAN, THE YOUNG CRIMINAL YEARS, supra note 12  </mixed-citation>
            </p>
         </fn>
         <fn id="d14095e2388a1310">
            <label>64</label>
            <p>
               <mixed-citation id="d14095e2395" publication-type="other">
Id.</mixed-citation>
            </p>
         </fn>
         <fn id="d14095e2402a1310">
            <label>65</label>
            <p>
               <mixed-citation id="d14095e2409" publication-type="journal">
Keiter, Criminal or Delinquent? A Study of Juvenile Cases Transferred to the Criminal Court,
19 CRIME &amp; DELINQ. 528 (1973).<person-group>
                     <string-name>
                        <surname>Keiter</surname>
                     </string-name>
                  </person-group>
                  <fpage>528</fpage>
                  <volume>19</volume>
                  <source>Crime &amp; Delinq.</source>
                  <year>1973</year>
               </mixed-citation>
            </p>
         </fn>
         <fn id="d14095e2441a1310">
            <label>66</label>
            <p>
               <mixed-citation id="d14095e2448" publication-type="other">
Id.</mixed-citation>
            </p>
         </fn>
         <fn id="d14095e2455a1310">
            <label>67</label>
            <p>
               <mixed-citation id="d14095e2462" publication-type="other">
Eigen, The Determinants and Impact of Jurisdictional Transfer in Philadelphia, in MAJOR
ISSUES, supra note 1, at 333.</mixed-citation>
            </p>
         </fn>
         <fn id="d14095e2473a1310">
            <label>68</label>
            <p>
               <mixed-citation id="d14095e2482" publication-type="other">
Id.</mixed-citation>
            </p>
            <p>
               <mixed-citation id="d14095e2488" publication-type="book">
D. HAMPARIAN, THE YOUNG CRIMINAL YEARS, supra note 12  </mixed-citation>
            </p>
            <p>
               <mixed-citation id="d14095e2497" publication-type="journal">
Fagan, Slaughter &amp;
Hartstone, Blind Justice? The Impact of Race on the Juvenile Justice Process, 33 CRIME &amp; DE-
LINQ 224 (1987)<person-group>
                     <string-name>
                        <surname>Fagan</surname>
                     </string-name>
                  </person-group>
                  <fpage>224</fpage>
                  <volume>33</volume>
                  <source>Crime &amp; Delinq</source>
                  <year>1987</year>
               </mixed-citation>
            </p>
         </fn>
         <fn id="d14095e2532a1310">
            <label>69</label>
            <p>
               <mixed-citation id="d14095e2539" publication-type="journal">
McCarthy &amp; Smith, The Conceptualization of Discrimination in the Juvenile Justice Process:
The Impact of Administrative Factors and Screening Decisions on Juvenile Court Dispositions, 24
CRIMINOLOGY 41 (1986).<person-group>
                     <string-name>
                        <surname>McCarthy</surname>
                     </string-name>
                  </person-group>
                  <fpage>41</fpage>
                  <volume>24</volume>
                  <source>Criminology</source>
                  <year>1986</year>
               </mixed-citation>
            </p>
         </fn>
         <fn id="d14095e2574a1310">
            <label>70</label>
            <p>
               <mixed-citation id="d14095e2581" publication-type="journal">
Osbun &amp; Rode, Prosecuting Juveniles as Adults. The Quest for Objective Decisions, 22
CRIMINOLOGY 187 (1984).<person-group>
                     <string-name>
                        <surname>Osbun</surname>
                     </string-name>
                  </person-group>
                  <fpage>187</fpage>
                  <volume>22</volume>
                  <source>Criminology</source>
                  <year>1984</year>
               </mixed-citation>
            </p>
         </fn>
         <fn id="d14095e2613a1310">
            <label>71</label>
            <p>
               <mixed-citation id="d14095e2620" publication-type="journal">
Rudman, supra note 23.  </mixed-citation>
            </p>
         </fn>
         <fn id="d14095e2629a1310">
            <label>72</label>
            <p>
               <mixed-citation id="d14095e2636" publication-type="journal">
Fagan, Forst &amp; Vivona, Racial Determinants of the Judicial Transfer Decision.: Prosecuting
Violent Youths in the Criminal Court, 33 CRIME &amp; DELINQ. 259 (1987)<person-group>
                     <string-name>
                        <surname>Fagan</surname>
                     </string-name>
                  </person-group>
                  <fpage>259</fpage>
                  <volume>33</volume>
                  <source>Crime &amp; Delinq.</source>
                  <year>1987</year>
               </mixed-citation>
            </p>
            <p>
               <mixed-citation id="d14095e2667" publication-type="other">
Eigen, The
Determinants and Impact of Jurisdictional Transfer in Philadelphia, in MAJOR ISSUES, supra note
1, at 333</mixed-citation>
            </p>
         </fn>
         <fn id="d14095e2680a1310">
            <label>73</label>
            <p>
               <mixed-citation id="d14095e2687" publication-type="journal">
Thomas &amp; Bilchik, Prosecuting Juveniles in Criminal Courts: A Legal and Empirical Analy-
sis, 76 J. CRIM. L. &amp; CRIMINOLOGY 439 (1985).<person-group>
                     <string-name>
                        <surname>Thomas</surname>
                     </string-name>
                  </person-group>
                  <fpage>439</fpage>
                  <volume>76</volume>
                  <source>J. Crim. L. &amp; Criminology</source>
                  <year>1985</year>
               </mixed-citation>
            </p>
         </fn>
         <fn id="d14095e2720a1310">
            <label>75</label>
            <p>
               <mixed-citation id="d14095e2729" publication-type="other">
Eigen, supra note 72</mixed-citation>
            </p>
            <p>
               <mixed-citation id="d14095e2735" publication-type="book">
D. HAMPARIAN, THE YOUNG CRIMINAL YEARS, supra note 12  </mixed-citation>
            </p>
            <p>
               <mixed-citation id="d14095e2744" publication-type="journal">
Osbun &amp; Rode, Prosecuting Juveniles as Adults: The Quest for Objective Decisions, 22 CRIMINOL-
OGY 187 (1984)<person-group>
                     <string-name>
                        <surname>Osbun</surname>
                     </string-name>
                  </person-group>
                  <fpage>187</fpage>
                  <volume>22</volume>
                  <source>Criminology</source>
                  <year>1984</year>
               </mixed-citation>
            </p>
            <p>
               <mixed-citation id="d14095e2775" publication-type="journal">
Rudman, supra note 23  </mixed-citation>
            </p>
            <p>
               <mixed-citation id="d14095e2783" publication-type="journal">
Rudman, Hartstone, Fagan &amp; Moore, Violent
Youth in Adult Court: Process and Punishment, 32 CRIME &amp; DELINQ. 75 (1986)<person-group>
                     <string-name>
                        <surname>Rudman</surname>
                     </string-name>
                  </person-group>
                  <fpage>75</fpage>
                  <volume>32</volume>
                  <source>Crime &amp; Delinq.</source>
                  <year>1986</year>
               </mixed-citation>
            </p>
            <p>
               <mixed-citation id="d14095e2814" publication-type="journal">
Feld, The
Juvenile Court Meets the Principle of the Offense: Legislative Changes in Juvenile Waiver Statutes,
78 J. CRIM. L. &amp; CRIMINOLOGY 471 (1987)<person-group>
                     <string-name>
                        <surname>Feld</surname>
                     </string-name>
                  </person-group>
                  <fpage>471</fpage>
                  <volume>78</volume>
                  <source>J. Crim. L. &amp; Criminology</source>
                  <year>1987</year>
               </mixed-citation>
            </p>
            <p>
               <mixed-citation id="d14095e2848" publication-type="journal">
Keiter, Criminal or Delinquent? A Study of juve-
nile Cases Transferred to the Criminal Court, 19 CRIME &amp; DELINQ. 528 (1973)<person-group>
                     <string-name>
                        <surname>Keiter</surname>
                     </string-name>
                  </person-group>
                  <fpage>528</fpage>
                  <volume>19</volume>
                  <source>Crime &amp; Delinq.</source>
                  <year>1973</year>
               </mixed-citation>
            </p>
            <p>
               <mixed-citation id="d14095e2879" publication-type="journal">
Bortner, Tradi-
tional Rhetoric, Organizational Realities: Remand of Juveniles to Adult Court, 32 CRIME &amp;
DELINQ. 53 (1986)<person-group>
                     <string-name>
                        <surname>Bortner</surname>
                     </string-name>
                  </person-group>
                  <fpage>53</fpage>
                  <volume>32</volume>
                  <source>Crime &amp; Delinq.</source>
                  <year>1986</year>
               </mixed-citation>
            </p>
         </fn>
         <fn id="d14095e2914a1310">
            <label>77</label>
            <p>
               <mixed-citation id="d14095e2921" publication-type="other">
MASS. GEN L., ch. 119, § 61 (1990)</mixed-citation>
            </p>
            <p>
               <mixed-citation id="d14095e2927" publication-type="other">
MICH. COMP. LAWS § 712A.4 (1990)</mixed-citation>
            </p>
            <p>
               <mixed-citation id="d14095e2933" publication-type="other">
N.J. REV.
STAT. §§ 2A: 4A-48, -49 (1990)</mixed-citation>
            </p>
            <p>
               <mixed-citation id="d14095e2943" publication-type="other">
ARIZ. R. OF PRO. FOR JUVENILE CT., R. 12-14 (1988)</mixed-citation>
            </p>
         </fn>
         <fn id="d14095e2950a1310">
            <label>78</label>
            <p>
               <mixed-citation id="d14095e2957" publication-type="journal">
Feld, supra note 75.  </mixed-citation>
            </p>
         </fn>
         <fn id="d14095e2966a1310">
            <label>79</label>
            <p>
               <mixed-citation id="d14095e2973" publication-type="other">
MASS. GEN. L., ch. 119, § 61 (1990)</mixed-citation>
            </p>
            <p>
               <mixed-citation id="d14095e2979" publication-type="other">
MICH. COMP. L. § 712A.4 (4)(b) (1989)</mixed-citation>
            </p>
         </fn>
         <fn id="d14095e2986a1310">
            <label>80</label>
            <p>
               <mixed-citation id="d14095e2993" publication-type="other">
MICH. COMP. L. § 769.1(10) (1989)</mixed-citation>
            </p>
            <p>
               <mixed-citation id="d14095e2999" publication-type="other">
ARIZ. REV. STAT. § 8-241 (1988)</mixed-citation>
            </p>
         </fn>
         <fn id="d14095e3006a1310">
            <label>81</label>
            <p>
               <mixed-citation id="d14095e3013" publication-type="other">
MASS. GEN. L. ch. 119, § 62 (1990)</mixed-citation>
            </p>
         </fn>
         <fn id="d14095e3021a1310">
            <label>82</label>
            <p>
               <mixed-citation id="d14095e3028" publication-type="other">
MICH. COMP. LAWS § 712A.4 (1990)</mixed-citation>
            </p>
         </fn>
         <fn id="d14095e3035a1310">
            <label>83</label>
            <p>
               <mixed-citation id="d14095e3042" publication-type="other">
N.J. REV. STAT. § 2A: 4-48 (1990)</mixed-citation>
            </p>
         </fn>
         <fn id="d14095e3049a1310">
            <label>84</label>
            <p>
               <mixed-citation id="d14095e3056" publication-type="other">
ARIZ. REV. STAT. ANN. § 8-241 (1988)</mixed-citation>
            </p>
         </fn>
         <fn id="d14095e3063a1310">
            <label>85</label>
            <p>
               <mixed-citation id="d14095e3070" publication-type="journal">
McCarthy &amp; Smith, The Conceptualization of Discrimination in the Juvenile Justice Process:
The Impact of Administrative Factors and Screening Decisions on Juvenile Court Dispositions, 24
CRIMINOLOGY 41 (1986).<person-group>
                     <string-name>
                        <surname>McCarthy</surname>
                     </string-name>
                  </person-group>
                  <fpage>41</fpage>
                  <volume>24</volume>
                  <source>Criminology</source>
                  <year>1986</year>
               </mixed-citation>
            </p>
         </fn>
         <fn id="d14095e3105a1310">
            <label>86</label>
            <p>
               <mixed-citation id="d14095e3112" publication-type="journal">
Thornberry, Race, Socioeconomic Status and Sentencing in the Juvenile Justice System, 64 J.
CRIM. L. &amp; CRIMINOLOGY 90 (1973)<person-group>
                     <string-name>
                        <surname>Thornberry</surname>
                     </string-name>
                  </person-group>
                  <fpage>90</fpage>
                  <volume>64</volume>
                  <source>J. Crim. L. &amp; Criminology</source>
                  <year>1973</year>
               </mixed-citation>
            </p>
            <p>
               <mixed-citation id="d14095e3143" publication-type="journal">
Thornberry, Sentencing Disparities in the Juvenile Justice
System, 70 J. CRIM. L. &amp; CRIMINOLOGY 164 (1979)<person-group>
                     <string-name>
                        <surname>Thornberry</surname>
                     </string-name>
                  </person-group>
                  <fpage>164</fpage>
                  <volume>70</volume>
                  <source>J. Crim. L. &amp; Criminology</source>
                  <year>1979</year>
               </mixed-citation>
            </p>
            <p>
               <mixed-citation id="d14095e3174" publication-type="journal">
Fagan, Forst &amp; Vivona, Racial Determi-
nants of the Judicial Transfer Decision: Prosecuting Violent Youths in the Criminal Court, 33 CRIME
&amp; DELINQ. 259 (1987)<person-group>
                     <string-name>
                        <surname>Fagan</surname>
                     </string-name>
                  </person-group>
                  <fpage>259</fpage>
                  <volume>33</volume>
                  <source>Crime &amp; Delinq.</source>
                  <year>1987</year>
               </mixed-citation>
            </p>
            <p>
               <mixed-citation id="d14095e3209" publication-type="journal">
McCarthy &amp; Smith, supra note 85  </mixed-citation>
            </p>
         </fn>
         <fn id="d14095e3218a1310">
            <label>87</label>
            <p>
               <mixed-citation id="d14095e3225" publication-type="journal">
Loeber &amp; Dishion, Early Predictors of Male Delinquency: A Review, 94 PSYCH. BULL.
68 (1983)<person-group>
                     <string-name>
                        <surname>Loeber</surname>
                     </string-name>
                  </person-group>
                  <fpage>68</fpage>
                  <volume>94</volume>
                  <source>Psych. Bull.</source>
                  <year>1983</year>
               </mixed-citation>
            </p>
         </fn>
         <fn id="d14095e3258a1310">
            <label>88</label>
            <p>
               <mixed-citation id="d14095e3265" publication-type="book">
J. PIAGET, THE MORAL JUDGEMENT OF THE CHILD (M. Gabain trans. 1966)<person-group>
                     <string-name>
                        <surname>Piaget</surname>
                     </string-name>
                  </person-group>
                  <source>The Moral Judgement of the Child</source>
                  <year>1966</year>
               </mixed-citation>
            </p>
            <p>
               <mixed-citation id="d14095e3286" publication-type="journal">
Kohlberg, The Development of Children 's Orientations Toward a Moral Order, 6 VITA HUMANA
11 (1963)<person-group>
                     <string-name>
                        <surname>Kohlberg</surname>
                     </string-name>
                  </person-group>
                  <fpage>11</fpage>
                  <volume>6</volume>
                  <source>Vita Humana</source>
                  <year>1963</year>
               </mixed-citation>
            </p>
         </fn>
         <fn id="d14095e3318a1310">
            <label>89</label>
            <p>
               <mixed-citation id="d14095e3325" publication-type="book">
Weiner &amp; Wolfgang, The Extent and Character of Violent Crime in America, 1969 to
1982, in AMERICAN VIOLENCE AND PUBLIC POLICY: AN UPDATE OF THE NATIONAL COMMIS-
SION ON THE CAUSES AND PREVENTION OF VIOLENCE 17 (L. Curtis ed. 1985).<person-group>
                     <string-name>
                        <surname>Weiner</surname>
                     </string-name>
                  </person-group>
                  <comment content-type="section">The Extent and Character of Violent Crime in America, 1969 to 1982</comment>
                  <volume>17</volume>
                  <source>American Violence and Public Policy: An Update of the National Commission on the Causes and Prevention of Violence</source>
                  <year>1985</year>
               </mixed-citation>
            </p>
         </fn>
         <fn id="d14095e3360a1310">
            <label>90</label>
            <p>
               <mixed-citation id="d14095e3367" publication-type="book">
M. WOLFGANG, R. FIGLIO &amp; T. SELLIN, DELINQUENCY IN A BIRTH COHORT
(1972)<person-group>
                     <string-name>
                        <surname>Wolfgang</surname>
                     </string-name>
                  </person-group>
                  <source>Delinquency in a Birth Cohort</source>
                  <year>1972</year>
               </mixed-citation>
            </p>
            <p>
               <mixed-citation id="d14095e3391" publication-type="journal">
Farrington, Self-Reports and Deviant Behavior: Predictive and Stable?, 64 J. CRIM. L. &amp;
CRIMINOLOGY 99 (1973)<person-group>
                     <string-name>
                        <surname>Farrington</surname>
                     </string-name>
                  </person-group>
                  <fpage>99</fpage>
                  <volume>64</volume>
                  <source>J. Crim. L. &amp; Criminology</source>
                  <year>1973</year>
               </mixed-citation>
            </p>
            <p>
               <mixed-citation id="d14095e3422" publication-type="book">
D. HAMPARIAN, R. SCHUSTER, S. DINITZ &amp;J. CONRAD, THE VIO-
LENT FEW: A STUDY OF DANGEROUS JUVENILE OFFENDERS (1978)<person-group>
                     <string-name>
                        <surname>Hamparian</surname>
                     </string-name>
                  </person-group>
                  <source>The Violent Few: A Study of Dangerous Juvenile Offenders</source>
                  <year>1978</year>
               </mixed-citation>
            </p>
            <p>
               <mixed-citation id="d14095e3447" publication-type="book">
D. HAMPARIAN, THE
YOUNG CRIMINAL YEARS, supra note 5  </mixed-citation>
            </p>
            <p>
               <mixed-citation id="d14095e3458" publication-type="book">
D. FARRINGTON, L. OHLIN &amp; J. WILSON, UNDER-
STANDING AND CONTROLLING CRIME: TOWARD A NEW RESEARCH STRATEGY (1986)<person-group>
                     <string-name>
                        <surname>Farrington</surname>
                     </string-name>
                  </person-group>
                  <source>Understanding and Controlling Crime: Toward a New Research Strategy</source>
                  <year>1986</year>
               </mixed-citation>
            </p>
         </fn>
         <fn id="d14095e3483a1310">
            <label>91</label>
            <p>
               <mixed-citation id="d14095e3490" publication-type="book">
Megargee, Psychological Determinants and Correlates of Criminal Violence, in CRIMINAL
VIOLENCE 112 (M. Wolfgang &amp; N. Weiner eds. 1982).<person-group>
                     <string-name>
                        <surname>Megargee</surname>
                     </string-name>
                  </person-group>
                  <comment content-type="section">Psychological Determinants and Correlates of Criminal Violence</comment>
                  <volume>112</volume>
                  <source>Criminal Violence</source>
                  <year>1982</year>
               </mixed-citation>
            </p>
         </fn>
         <fn id="d14095e3522a1310">
            <label>92</label>
            <p>
               <mixed-citation id="d14095e3529" publication-type="journal">
Piper, Violent Recidivism and Chronicity in the 1958 Philadelphia Cohort, 1 J. OF
QUANTITATIVE CRIMINOLOGY 319 (1985)<person-group>
                     <string-name>
                        <surname>Piper</surname>
                     </string-name>
                  </person-group>
                  <fpage>319</fpage>
                  <volume>1</volume>
                  <source>J. of Quantitative Criminology</source>
                  <year>1985</year>
               </mixed-citation>
            </p>
         </fn>
         <fn id="d14095e3561a1310">
            <label>93</label>
            <p>
               <mixed-citation id="d14095e3568" publication-type="journal">
Rudman, supra note 23.  </mixed-citation>
            </p>
         </fn>
         <fn id="d14095e3578a1310">
            <label>94</label>
            <p>
               <mixed-citation id="d14095e3585" publication-type="journal">
Rudman, supra note 23  </mixed-citation>
            </p>
         </fn>
         <fn id="d14095e3594a1310">
            <label>95</label>
            <p>
               <mixed-citation id="d14095e3601" publication-type="book">
Weiner &amp; Wolfgang, The Extent and Character of Violent Crime in America, 1969 to
1982, in AMERICAN VIOLENCE AND PUBLIC POLICY: AN UPDATE OF THE NATIONAL COMMIS-
SION ON THE CAUSES AND PREVENTION OF VIOLENCE 17 (L. Curtis ed. 1985).<person-group>
                     <string-name>
                        <surname>Weiner</surname>
                     </string-name>
                  </person-group>
                  <comment content-type="section">The Extent and Character of Violent Crime in America, 1969 to 1982</comment>
                  <volume>17</volume>
                  <source>American Violence and Public Policy: An Update of The National Commission on the Causes and Prevention of Violence</source>
                  <year>1985</year>
               </mixed-citation>
            </p>
         </fn>
         <fn id="d14095e3636a1310">
            <label>96</label>
            <p>
               <mixed-citation id="d14095e3643" publication-type="journal">
McCarthy &amp; Smith, The Conceptualization of Discrimination in the Juvenile justice Process.
The Impact of Administrative Factors and Screening Decisions on Juvenile Court Dispositions, 24
CRIMINOLOGY 41 (1986).<person-group>
                     <string-name>
                        <surname>McCarthy</surname>
                     </string-name>
                  </person-group>
                  <fpage>41</fpage>
                  <volume>24</volume>
                  <source>Criminology</source>
                  <year>1986</year>
               </mixed-citation>
            </p>
         </fn>
         <fn id="d14095e3678a1310">
            <label>97</label>
            <p>
               <mixed-citation id="d14095e3685" publication-type="journal">
Rossi, Waite, Boise &amp; Berk, The Seriousness of Crimes: Normative Structure and Individ-
ual Differences, 39 AM. Soc. REV. 224 (1974)<person-group>
                     <string-name>
                        <surname>Rossi</surname>
                     </string-name>
                  </person-group>
                  <fpage>224</fpage>
                  <volume>39</volume>
                  <source>Am. Soc. Rev.</source>
                  <year>1974</year>
               </mixed-citation>
            </p>
            <p>
               <mixed-citation id="d14095e3716" publication-type="book">
M. WOLFGANG, R. FIGLIO, P. TRACY &amp; S.
SINGER, THE NATIONAL SURVEY OF CRIME SEVERITY (monograph prepared for the Bureau
of Justice Statistics, U.S. Dep't of Just., 1985)<person-group>
                     <string-name>
                        <surname>Wolfgang</surname>
                     </string-name>
                  </person-group>
                  <source>The National Survey of Crime Severity</source>
                  <year>1985</year>
               </mixed-citation>
            </p>
         </fn>
         <fn id="d14095e3745a1310">
            <label>100</label>
            <p>
               <mixed-citation id="d14095e3752" publication-type="book">
M. WOLFGANG, R. FIGLIO, P. TRACY &amp; S. SINGER, supra note 97.  </mixed-citation>
            </p>
         </fn>
         <fn id="d14095e3761a1310">
            <label>101</label>
            <p>
               <mixed-citation id="d14095e3768" publication-type="journal">
Piper, Violent Recidivism and Chronicity in the 1958 Philadelphia Cohort, 1 J. or QUANTI-
TATIVE CRIMINOLOGY 319 (1985).<person-group>
                     <string-name>
                        <surname>Piper</surname>
                     </string-name>
                  </person-group>
                  <fpage>319</fpage>
                  <volume>1</volume>
                  <source>J. or Quantitative Criminology</source>
                  <year>1985</year>
               </mixed-citation>
            </p>
         </fn>
         <fn id="d14095e3801a1310">
            <label>102</label>
            <p>
               <mixed-citation id="d14095e3808" publication-type="other">
P. GREENWOOD, SELECTIVE INCAPACITATION REVISITED: WHY THE HIGH-
RATE OFFENDERS ARE HARD TO PREDICT (monograph prepared for Nat'l Inst. of Just.,
U.S. Dep't of Just., 1982)</mixed-citation>
            </p>
            <p>
               <mixed-citation id="d14095e3820" publication-type="journal">
Loeber &amp; Dishion, Early Predictors of Male Delinquency: A Review,
94 PSYCH. BULL. 68 (1983)<person-group>
                     <string-name>
                        <surname>Loeber</surname>
                     </string-name>
                  </person-group>
                  <fpage>68</fpage>
                  <volume>94</volume>
                  <source>Psych. Bull.</source>
                  <year>1983</year>
               </mixed-citation>
            </p>
         </fn>
         <fn id="d14095e3852a1310">
            <label>103</label>
            <p>
               <mixed-citation id="d14095e3859" publication-type="journal">
Fagan, Forst &amp; Vivona, Racial Determinants
of the Judicial Transfer Decision: Prosecuting Violent Youths in the Criminal Court, 33 CRIME &amp;
DELINQ. 259 (1987)<person-group>
                     <string-name>
                        <surname>Fagan</surname>
                     </string-name>
                  </person-group>
                  <fpage>259</fpage>
                  <volume>33</volume>
                  <source>Crime &amp; Delinq.</source>
                  <year>1987</year>
               </mixed-citation>
            </p>
         </fn>
         <fn id="d14095e3894a1310">
            <label>104</label>
            <p>
               <mixed-citation id="d14095e3901" publication-type="other">
Id.</mixed-citation>
            </p>
         </fn>
         <fn id="d14095e3908a1310">
            <label>105</label>
            <p>
               <mixed-citation id="d14095e3915" publication-type="journal">
Stapleton, Aday &amp; Ito, An Empirical Typology of American Metropolitan Juvenile Courts,
88 AM. Soc. REV. 549 (1982).<person-group>
                     <string-name>
                        <surname>Stapleton</surname>
                     </string-name>
                  </person-group>
                  <fpage>549</fpage>
                  <volume>88</volume>
                  <source>Am. Soc. Rev.</source>
                  <year>1982</year>
               </mixed-citation>
            </p>
         </fn>
         <fn id="d14095e3947a1310">
            <label>106</label>
            <p>
               <mixed-citation id="d14095e3954" publication-type="journal">
Rudman, supra note 23  </mixed-citation>
            </p>
         </fn>
         <fn id="d14095e3963a1310">
            <label>107</label>
            <p>
               <mixed-citation id="d14095e3970" publication-type="book">
W. KLECKA, DISCRIMINANT ANALYSIS (1980)<person-group>
                     <string-name>
                        <surname>Klecka</surname>
                     </string-name>
                  </person-group>
                  <source>Discriminant Analysis</source>
                  <year>1980</year>
               </mixed-citation>
            </p>
            <p>
               <mixed-citation id="d14095e3991" publication-type="book">
W. COOLEY &amp; P. LOHNES, MUL-
TIVARIATE PROCEDURES FOR THE BEHAVIORAL SCIENCES (1962)<person-group>
                     <string-name>
                        <surname>Cooley</surname>
                     </string-name>
                  </person-group>
                  <source>Multivariate Procedures for the Behavioral Sciences</source>
                  <year>1962</year>
               </mixed-citation>
            </p>
         </fn>
         <fn id="d14095e4017a1310">
            <label>108</label>
            <p>
               <mixed-citation id="d14095e4024" publication-type="journal">
McCarthy &amp; Smith, The Conceptualization of Discrimination in the Juvenile Justice Process:
The Impact of Administrative Factors and Screening Decisions on Juvenile Court Dispositions, 24
CRIMINOLOGY 41 (1986)<person-group>
                     <string-name>
                        <surname>McCarthy</surname>
                     </string-name>
                  </person-group>
                  <fpage>41</fpage>
                  <volume>24</volume>
                  <source>Criminology</source>
                  <year>1986</year>
               </mixed-citation>
            </p>
            <p>
               <mixed-citation id="d14095e4058" publication-type="journal">
Fagan, Slaughter &amp; Hartstone, Blind Justice? The Impact of Race
on the Juvenile Justice Process, 33 CRIME &amp; DELINQ. 224 (1987)<person-group>
                     <string-name>
                        <surname>Fagan</surname>
                     </string-name>
                  </person-group>
                  <fpage>224</fpage>
                  <volume>33</volume>
                  <source>Crime &amp; Delinq.</source>
                  <year>1987</year>
               </mixed-citation>
            </p>
         </fn>
         <fn id="d14095e4090a1310">
            <label>109</label>
            <p>
               <mixed-citation id="d14095e4097" publication-type="other">
Conrad, Crime and the Child, in MAJOR ISSUES, supra note 1, at 179.</mixed-citation>
            </p>
         </fn>
         <fn id="d14095e4104a1310">
            <label>110</label>
            <p>
               <mixed-citation id="d14095e4111" publication-type="book">
P. GREENWOOD, J. PETERSILIA &amp; F. ZIMRING, AGE, CRIME AND SANCTION: THE
TRANSITION FROM JUVENILE TO ADULT COURT (monograph prepared for the Office of Juv.
and Delinq. Prevy., Dep't of Just., 1980).<person-group>
                     <string-name>
                        <surname>Greenwood</surname>
                     </string-name>
                  </person-group>
                  <source>Crime and Sanction: The Transition from Juvenile to Adult Court</source>
                  <year>1980</year>
               </mixed-citation>
            </p>
         </fn>
         <fn id="d14095e4140a1310">
            <label>111</label>
            <p>
               <mixed-citation id="d14095e4147" publication-type="journal">
Feld, The Juvenile Court Meets the Principle of the Ofense: Legislative Changes in Juvenile
Waiver Statutes, 78 J. CRIM. L. &amp; CRIMINOLOGY 471 (1987).<person-group>
                     <string-name>
                        <surname>Feld</surname>
                     </string-name>
                  </person-group>
                  <fpage>471</fpage>
                  <volume>78</volume>
                  <source>J. Crim. L. &amp; Criminology</source>
                  <year>1987</year>
               </mixed-citation>
            </p>
         </fn>
         <fn id="d14095e4179a1310">
            <label>112</label>
            <p>
               <mixed-citation id="d14095e4186" publication-type="journal">
Thomas &amp; Bilchik, Prosecuting Juveniles in Criminal Courts: A Legal and Empirical Analy-
sis, 76 J. CRIM. L. &amp; CRIMINOLOGY 439 (1985).<person-group>
                     <string-name>
                        <surname>Thomas</surname>
                     </string-name>
                  </person-group>
                  <fpage>439</fpage>
                  <volume>76</volume>
                  <source>J. Crim. L. &amp; Criminology</source>
                  <year>1985</year>
               </mixed-citation>
            </p>
         </fn>
         <fn id="d14095e4218a1310">
            <label>S13</label>
            <p>
               <mixed-citation id="d14095e4225" publication-type="journal">
Hirschi &amp; Gottfredson, Age and the Explanation of Crime, 89 AM. J. Soc. 552 (1983).<person-group>
                     <string-name>
                        <surname>Hirschi</surname>
                     </string-name>
                  </person-group>
                  <fpage>552</fpage>
                  <volume>89</volume>
                  <source>Am. J. Soc.</source>
                  <year>1983</year>
               </mixed-citation>
            </p>
         </fn>
         <fn id="d14095e4255a1310">
            <label>114</label>
            <p>
               <mixed-citation id="d14095e4262" publication-type="other">
Matter of the Appeal in Pima County Juvenile Action, 149 Ariz. 35,</mixed-citation>
            </p>
            <p>
               <mixed-citation id="d14095e4268" publication-type="other">
716
P.2d 404 (1986)</mixed-citation>
            </p>
         </fn>
         <fn id="d14095e4278a1310">
            <label>115</label>
            <p>
               <mixed-citation id="d14095e4285" publication-type="journal">
Thomas &amp; Bilchik, supra note 112.  </mixed-citation>
            </p>
         </fn>
         <fn id="d14095e4294a1310">
            <label>116</label>
            <p>
               <mixed-citation id="d14095e4301" publication-type="journal">
Wizner, Discretionary Waiver of Juvenile Court Jurisdiction: An Invitation to Procedural
Arbitrariness, 3 CRIM. JUST. ETHICS 41 (1984).<person-group>
                     <string-name>
                        <surname>Wizner</surname>
                     </string-name>
                  </person-group>
                  <fpage>41</fpage>
                  <volume>3</volume>
                  <source>Crim. Just. Ethics</source>
                  <year>1984</year>
               </mixed-citation>
            </p>
         </fn>
         <fn id="d14095e4333a1310">
            <label>117</label>
            <p>
               <mixed-citation id="d14095e4340" publication-type="journal">
Feld, The Juvenile Court Meets the Principle of the Offense: Legislative Changes in Juvenile
Waiver Statutes, 78 J. CRIM. L. &amp; CRIMINOLOGY 471 (1987).<person-group>
                     <string-name>
                        <surname>Feld</surname>
                     </string-name>
                  </person-group>
                  <fpage>471</fpage>
                  <volume>78</volume>
                  <source>J. Crim. L. &amp; Criminology</source>
                  <year>1987</year>
               </mixed-citation>
            </p>
         </fn>
         <fn id="d14095e4372a1310">
            <label>118</label>
            <p>
               <mixed-citation id="d14095e4379" publication-type="journal">
Forst, Fisher &amp; Coates, Indeterminate and Determinate Sentencing of Juvenile Delinquents:
A National Survey of Approaches to Commitment and Release Decision-Making, 36 Juv. &amp; FAM.
CT. J. 1 (1985).<person-group>
                     <string-name>
                        <surname>Forst</surname>
                     </string-name>
                  </person-group>
                  <fpage>1</fpage>
                  <volume>36</volume>
                  <source>Juv. &amp; Fam. Ct. J.</source>
                  <year>1985</year>
               </mixed-citation>
            </p>
         </fn>
      </fn-group>
   </back>
</article>
