<article xmlns:xsi="http://www.w3.org/2001/XMLSchema-instance"
         xmlns:xlink="http://www.w3.org/1999/xlink"
         xmlns:mml="http://www.w3.org/1998/Math/MathML"
         dtd-version="1.0"
         article-type="research-article">
   <front>
      <journal-meta>
         <journal-id journal-id-type="jstor">jcrimlawcrim1973</journal-id>
         <journal-id journal-id-type="jstor">j100481</journal-id>
         <journal-title-group>
            <journal-title>The Journal of Criminal Law and Criminology (1973-)</journal-title>
         </journal-title-group>
         <publisher>
            <publisher-name>Northwestern University School of Law</publisher-name>
         </publisher>
         <issn pub-type="ppub">00914169</issn>
      </journal-meta>
      <article-meta>
         <article-id pub-id-type="doi">10.2307/1143826</article-id>
         <article-categories>
            <subj-group>
               <subject>Studies</subject>
            </subj-group>
         </article-categories>
         <title-group>
            <article-title>The Measurement of Recidivism in Cases of Spouse Assault</article-title>
         </title-group>
         <contrib-group>
            <contrib contrib-type="author">
               <string-name>
                  <given-names>Franklyn W.</given-names>
                  <surname>Dunford</surname>
               </string-name>
            </contrib>
         </contrib-group>
         <pub-date>
            <day>1</day>
            <month>4</month>
            <year>1992</year>
         </pub-date>
         <volume>83</volume>
         <issue>1</issue>
         <issue-id>i247850</issue-id>
         <fpage>120</fpage>
         <lpage>136</lpage>
         <page-range>120-136</page-range>
         <permissions>
            <copyright-statement>Copyright 1992 Northwestern University, School of Law</copyright-statement>
         </permissions>
         <self-uri xlink:href="http://www.jstor.org/stable/1143826"/>
         <custom-meta-group>
            <custom-meta>
               <meta-name>lang</meta-name>
               <meta-value>eng</meta-value>
            </custom-meta>
         </custom-meta-group>
      </article-meta>
   </front>
   <back>
      <fn-group>
         <title>[Footnotes]</title>
         <fn id="d11095e123a1310">
            <label>1</label>
            <p>
               <mixed-citation id="d11095e130" publication-type="journal">
Lawrence W. Sherman &amp; Richard A. Berk, The Specific Deterrent Effects of Arrest for
Domestic Assault, 49 AM. SOC. REV. 261 (1984)<person-group>
                     <string-name>
                        <surname>Lawrence</surname>
                     </string-name>
                  </person-group>
                  <volume>26</volume>
                  <source>49 Am. Soc. Rev.</source>
                  <year>1984</year>
               </mixed-citation>
            </p>
            <p>
               <mixed-citation id="d11095e158" publication-type="book">
PETER H. NEIDIG &amp; DALE H. FRIEDMAN,
SPOUSE ABUSE: A TREATMENT PROGRAM FOR COUPLES (1984)<person-group>
                     <string-name>
                        <surname>Peter</surname>
                     </string-name>
                  </person-group>
                  <source>Spouse Abuse: A Treatment Program For Couples</source>
                  <year>1984</year>
               </mixed-citation>
            </p>
            <p>
               <mixed-citation id="d11095e182" publication-type="book">
DONALD G. DUTRON, THE
DOMESTIC ASSAULT OF WOMEN: PSYCHOLOGICAL AND CRIMINAL JUSTICE PERSPECTIVES
(1988)<person-group>
                     <string-name>
                        <surname>Dutton</surname>
                     </string-name>
                  </person-group>
                  <source>The Domestic Assault of Women: Psychological and Criminal Justice Perspectives</source>
                  <year>1988</year>
               </mixed-citation>
            </p>
            <p>
               <mixed-citation id="d11095e211" publication-type="journal">
J. L. Edelson &amp; M. A. Syers, The Relative Effectiveness of Group Treatments for Men
Who Batter, 26 SOC. WORK RES. &amp; ABSTRACTS 13 (1990)<person-group>
                     <string-name>
                        <surname>Edelson</surname>
                     </string-name>
                  </person-group>
                  <volume>13</volume>
                  <source>26 Soc. Work Res. &amp; Abstracts</source>
                  <year>1990</year>
               </mixed-citation>
            </p>
         </fn>
         <fn id="d11095e240a1310">
            <label>2</label>
            <p>
               <mixed-citation id="d11095e247" publication-type="journal">
Lawrence W. Sherman &amp; Ellen G. Cohn, The Impact of Research on Legal Policy:. The
Minneapolis Domestic Violence Experiment, 23 LAW &amp; SOC'Y. REV. 117, 141 (1989).<person-group>
                     <string-name>
                        <surname>Sherman</surname>
                     </string-name>
                  </person-group>
                  <volume>117</volume>
                  <source>23 Law &amp; Soc'y. Rev.</source>
                  <year>1989</year>
               </mixed-citation>
            </p>
         </fn>
         <fn id="d11095e276a1310">
            <label>3</label>
            <p>
               <mixed-citation id="d11095e283" publication-type="book">
NATIONAL INSTITUTE OF JUSTICE, REPLICATING AN EXPERIMENT IN SPECIFIC DETER-
RENCE: ALTERNATIVE POLICE RESPONSE TO SPOUSE ASSAULT (1986).<person-group>
                     <string-name>
                        <surname>National Institute of Justice</surname>
                     </string-name>
                  </person-group>
                  <source>Replicating An Experiment in Specific Deterrence: Alternative Police Response To Spouse Assault</source>
                  <year>1986</year>
               </mixed-citation>
            </p>
         </fn>
         <fn id="d11095e308a1310">
            <label>4</label>
            <p>
               <mixed-citation id="d11095e315" publication-type="book">
FRANKLYN W. DUNFORD, ET. AL., THE OMAHA DOMESTIC POLICE EXPERIMENT: FINAL
REPORT TO THE INSTITUTE OF JUSTICE (1989)<person-group>
                     <string-name>
                        <surname>Dunford</surname>
                     </string-name>
                  </person-group>
                  <source>The Omaha Domestic Police Experiment: Final Report To the Institute of Justice</source>
                  <year>1989</year>
               </mixed-citation>
            </p>
            <p>
               <mixed-citation id="d11095e339" publication-type="book">
DUNFORD ET AL., THE OMAHA
DOMESTIC POLICE EXPERIMENT<person-group>
                     <string-name>
                        <surname>Dunford</surname>
                     </string-name>
                  </person-group>
                  <source>The Omaha Domestic Police Experiment</source>
               </mixed-citation>
            </p>
            <p>
               <mixed-citation id="d11095e360" publication-type="journal">
Franklyn W. Dunford et
al., The Role of Arrest in Domestic Assualt: The Omaha Police Experiment, 28 CRIMINOLOGY 183
(1990)<person-group>
                     <string-name>
                        <surname>Dunford</surname>
                     </string-name>
                  </person-group>
                  <volume>183</volume>
                  <source>28 Criminology</source>
                  <year>1990</year>
               </mixed-citation>
            </p>
            <p>
               <mixed-citation id="d11095e392" publication-type="book">
Dunford et al., The Omaha Police Experiment<person-group>
                     <string-name>
                        <surname>Dunford</surname>
                     </string-name>
                  </person-group>
                  <source>The Omaha Police Experiment</source>
               </mixed-citation>
            </p>
         </fn>
         <fn id="d11095e412a1310">
            <label>6</label>
            <p>
               <mixed-citation id="d11095e419" publication-type="book">
DUNFORD ET AL., THE OMAHA DOMESTIC VIO-
LENCE POLICE EXPERIMENT, supra note 4  </mixed-citation>
            </p>
         </fn>
         <fn id="d11095e431a1310">
            <label>7</label>
            <p>
               <mixed-citation id="d11095e438" publication-type="book">
Dunford et al., The Omaha Police Experiment, supra note 4.  </mixed-citation>
            </p>
         </fn>
         <fn id="d11095e447a1310">
            <label>8</label>
            <p>
               <mixed-citation id="d11095e454" publication-type="journal">
Arnold Binder &amp; James W. Meeker, Experiments and Reforms, 16 J. CRIM. JUST. 347,
355 (1988)<person-group>
                     <string-name>
                        <surname>Binder</surname>
                     </string-name>
                  </person-group>
                  <volume>347</volume>
                  <source>16J. Crim. Just.</source>
                  <year>1988</year>
               </mixed-citation>
            </p>
         </fn>
         <fn id="d11095e483a1310">
            <label>10</label>
            <p>
               <mixed-citation id="d11095e490" publication-type="other">
supra note 4</mixed-citation>
            </p>
         </fn>
         <fn id="d11095e497a1310">
            <label>14</label>
            <p>
               <mixed-citation id="d11095e504" publication-type="other">
Durron, supra note 1 at 6-8, 136</mixed-citation>
            </p>
            <p>
               <mixed-citation id="d11095e510" publication-type="other">
id. at 138-39, 153</mixed-citation>
            </p>
         </fn>
         <fn id="d11095e517a1310">
            <label>16</label>
            <p>
               <mixed-citation id="d11095e524" publication-type="book">
MILTON ARGERIOU &amp; DENNIS MCCARTY, DRIVING UNDER THE INFLUENCE OF LI-
QUOR IN MASSACHUSETTS: A STUDY OF RECIDIVISM (1982)<person-group>
                     <string-name>
                        <surname>Argeriou</surname>
                     </string-name>
                  </person-group>
                  <source>Driving Under the Influence of Liquor in Massachusetts: A Study of Recidivism</source>
                  <year>1982</year>
               </mixed-citation>
            </p>
            <p>
               <mixed-citation id="d11095e548" publication-type="journal">
Dennis McCarty &amp; Milton
Argeriou, Rearrest Following Residential Treatment for Repeat Offender Drunk Drivers, 49 J.
STUD. ALCOHOL 1 (1988)<person-group>
                     <string-name>
                        <surname>McCarty</surname>
                     </string-name>
                  </person-group>
                  <volume>1</volume>
                  <source>49 J. Stud. Alcohol</source>
                  <year>1988</year>
               </mixed-citation>
            </p>
            <p>
               <mixed-citation id="d11095e579" publication-type="journal">
Stepen A. Maisto, et. al., DRIVING RECORDS OF PERSONS CON-
VICTED OF DRIVING UNDER THE INFLUENCE OF ALCOHOL, 40J. STUD. ALCOHOL 70 (1979)<person-group>
                     <string-name>
                        <surname>Maisto</surname>
                     </string-name>
                  </person-group>
                  <volume>70</volume>
                  <source>40J. Stud. Alcohol</source>
                  <year>1979</year>
               </mixed-citation>
            </p>
            <p>
               <mixed-citation id="d11095e608" publication-type="book">
NATIONAL HIGHWAY TRAFFIC SAFETY ADMINISTRATION, ALCOHOL SAFETY PROGRAM, VOL-
UME 1: NATURE AND SCOPE OF THE NATIONAL PROGRAM (1979)<person-group>
                     <string-name>
                        <surname>National Highway Traffic Safety Administration</surname>
                     </string-name>
                  </person-group>
                  <source>Alcohol Safety Program, Volume 1: Nature and Scope of the National Program</source>
                  <year>1979</year>
               </mixed-citation>
            </p>
         </fn>
      </fn-group>
   </back>
</article>
