<article xmlns:xsi="http://www.w3.org/2001/XMLSchema-instance"
         xmlns:xlink="http://www.w3.org/1999/xlink"
         xmlns:mml="http://www.w3.org/1998/Math/MathML"
         dtd-version="1.0"
         article-type="research-article">
   <front>
      <journal-meta>
         <journal-id journal-id-type="jstor">jcrimlawcrim1973</journal-id>
         <journal-id journal-id-type="jstor">j100481</journal-id>
         <journal-title-group>
            <journal-title>The Journal of Criminal Law and Criminology (1973-)</journal-title>
         </journal-title-group>
         <publisher>
            <publisher-name>Northwestern University School of Law</publisher-name>
         </publisher>
         <issn pub-type="ppub">00914169</issn>
      </journal-meta>
      <article-meta>
         <article-id pub-id-type="doi">10.2307/1143972</article-id>
         <article-categories>
            <subj-group>
               <subject>Criminology</subject>
            </subj-group>
         </article-categories>
         <title-group>
            <article-title>Decision-Making in Criminal Defense: An Empirical Study of Insanity Pleas and the Impact of Doubted Client Competence</article-title>
         </title-group>
         <contrib-group>
            <contrib contrib-type="author">
               <string-name>
                  <given-names>Richard J.</given-names>
                  <surname>Bonnie</surname>
               </string-name>
            </contrib>
            <contrib contrib-type="author">
               <string-name>
                  <given-names>Norman G.</given-names>
                  <surname>Poythress</surname>
               </string-name>
            </contrib>
            <contrib contrib-type="author">
               <string-name>
                  <given-names>Steven K.</given-names>
                  <surname>Hoge</surname>
               </string-name>
            </contrib>
            <contrib contrib-type="author">
               <string-name>
                  <given-names>John</given-names>
                  <surname>Monahan</surname>
               </string-name>
            </contrib>
            <contrib contrib-type="author">
               <string-name>
                  <given-names>Marlene M.</given-names>
                  <surname>Eisenberg</surname>
               </string-name>
            </contrib>
         </contrib-group>
         <pub-date>
            <day>1</day>
            <month>10</month>
            <year>1996</year>
         </pub-date>
         <volume>87</volume>
         <issue>1</issue>
         <issue-id>i247866</issue-id>
         <fpage>48</fpage>
         <lpage>62</lpage>
         <page-range>48-62</page-range>
         <permissions>
            <copyright-statement>Copyright 1997 Northwestern University, School of Law</copyright-statement>
         </permissions>
         <self-uri xlink:href="http://www.jstor.org/stable/1143972"/>
         <custom-meta-group>
            <custom-meta>
               <meta-name>lang</meta-name>
               <meta-value>eng</meta-value>
            </custom-meta>
         </custom-meta-group>
      </article-meta>
   </front>
   <back>
      <fn-group>
         <title>[Footnotes]</title>
         <fn id="d10295e171a1310">
            <label>1</label>
            <p>
               <mixed-citation id="d10295e180" publication-type="book">
MILTON HEUMANN, PLEA BARGAINING (1978)<person-group>
                     <string-name>
                        <surname>Heumann</surname>
                     </string-name>
                  </person-group>
                  <source>Plea Bargaining</source>
                  <year>1978</year>
               </mixed-citation>
            </p>
            <p>
               <mixed-citation id="d10295e201" publication-type="book">
LISA MCINTYRE, THE PUBLIC DEFENDER
(1987)<person-group>
                     <string-name>
                        <surname>McIntyre</surname>
                     </string-name>
                  </person-group>
                  <source>The Public Defender</source>
                  <year>1987</year>
               </mixed-citation>
            </p>
            <p>
               <mixed-citation id="d10295e226" publication-type="journal">
Abraham Blumberg, The Practice of Law as Confidence Game: Organizational Cooptation
of a Profession, 1 L. &amp; Soc'Y REv. 15 (1967)<person-group>
                     <string-name>
                        <surname>Blumberg</surname>
                     </string-name>
                  </person-group>
                  <fpage>15</fpage>
                  <volume>1</volume>
                  <source>L. &amp; Soc'y Rev.</source>
                  <year>1967</year>
               </mixed-citation>
            </p>
         </fn>
         <fn id="d10295e258a1310">
            <label>2</label>
            <p>
               <mixed-citation id="d10295e265" publication-type="other">
509 U.S. 389 (1993).</mixed-citation>
            </p>
         </fn>
         <fn id="d10295e272a1310">
            <label>3</label>
            <p>
               <mixed-citation id="d10295e279" publication-type="other">
Id. at 398-99.</mixed-citation>
            </p>
         </fn>
         <fn id="d10295e286a1310">
            <label>4</label>
            <p>
               <mixed-citation id="d10295e293" publication-type="journal">
Norman Poythress et al., Attorney-Client Decision Making in Criminal Cases: Findings
from Three Studies, 18 LAW &amp; HUM. BEHAV. 437 (1994)<object-id pub-id-type="jstor">10.2307/1394315</object-id>
                  <fpage>437</fpage>
               </mixed-citation>
            </p>
            <p>
               <mixed-citation id="d10295e308" publication-type="journal">
Steven K. Hoge et al., Attorney-Client
Decision-Making in Criminal Cases: Client Competence and Participation as Perceived by Their At-
torneys, 10 BEHAV. SCI. &amp; L. 385 (1992)<fpage>385</fpage>
                  <volume>10</volume>
                  <source>Behav. Sci. &amp; L.</source>
                  <year>1992</year>
               </mixed-citation>
            </p>
         </fn>
         <fn id="d10295e335a1310">
            <label>5</label>
            <p>
               <mixed-citation id="d10295e342" publication-type="journal">
Hoge et al., supra note 4, at 390.  <fpage>390</fpage>
               </mixed-citation>
            </p>
         </fn>
         <fn id="d10295e354a1310">
            <label>6</label>
            <p>
               <mixed-citation id="d10295e361" publication-type="journal">
Poythress et al., supra note 4, at 442.  <fpage>442</fpage>
               </mixed-citation>
            </p>
         </fn>
         <fn id="d10295e373a1310">
            <label>7</label>
            <p>
               <mixed-citation id="d10295e380" publication-type="journal">
Id.  </mixed-citation>
            </p>
         </fn>
         <fn id="d10295e389a1310">
            <label>8</label>
            <p>
               <mixed-citation id="d10295e396" publication-type="journal">
Id.; Hoge et al., supra note 4, at 390  <fpage>390</fpage>
               </mixed-citation>
            </p>
         </fn>
         <fn id="d10295e408a1310">
            <label>9</label>
            <p>
               <mixed-citation id="d10295e415" publication-type="journal">
Hoge et al., supra note 4, at 389  <fpage>389</fpage>
               </mixed-citation>
            </p>
            <p>
               <mixed-citation id="d10295e426" publication-type="journal">
Poythress et al., supra note 4, at 441  <fpage>441</fpage>
               </mixed-citation>
            </p>
         </fn>
         <fn id="d10295e438a1310">
            <label>10</label>
            <p>
               <mixed-citation id="d10295e445" publication-type="journal">
Hoge et al., supra note 4, at 388  <fpage>388</fpage>
               </mixed-citation>
            </p>
            <p>
               <mixed-citation id="d10295e456" publication-type="journal">
Poythress et al., supra note 4, at 442  <fpage>442</fpage>
               </mixed-citation>
            </p>
         </fn>
         <fn id="d10295e469a1310">
            <label>11</label>
            <p>
               <mixed-citation id="d10295e476" publication-type="journal">
Carmen Cirincione, Henry J. Steadman &amp; Margaret A. McGreevy, Rates of
Insanity Acquittals and the Factors Associated with Successful Insanity Pleas, 23 BULL. AMER.
ACAD. PSYCHIATRY &amp; L. 399 (1995)<person-group>
                     <string-name>
                        <surname>Cirincione</surname>
                     </string-name>
                  </person-group>
                  <fpage>399</fpage>
                  <volume>23</volume>
                  <source>Bull. Amer. Acad. Psychiatry &amp; L.</source>
                  <year>1995</year>
               </mixed-citation>
            </p>
         </fn>
         <fn id="d10295e511a1310">
            <label>12</label>
            <p>
               <mixed-citation id="d10295e518" publication-type="other">
Treece v. Maryland, 547 A.2d 1054, 1062 (Md. 1988)</mixed-citation>
            </p>
            <p>
               <mixed-citation id="d10295e524" publication-type="other">
ABA STAN-
DARDS FOR CRIMINAL JUSTICE, Std. 4-5.2 and cmt. (1993)</mixed-citation>
            </p>
         </fn>
         <fn id="d10295e534a1310">
            <label>14</label>
            <p>
               <mixed-citation id="d10295e541" publication-type="partial">
supra note 4, at 446-49</mixed-citation>
            </p>
         </fn>
         <fn id="d10295e548a1310">
            <label>23</label>
            <p>
               <mixed-citation id="d10295e555" publication-type="other">
Whalem v. United States, 346 F.2d 812, 818 (D.C. Cir. 1965) (en banc),
overruled</mixed-citation>
            </p>
            <p>
               <mixed-citation id="d10295e564" publication-type="other">
United States v. Marble, 940 F.2d 1543 (D.C. Cir. 1991)</mixed-citation>
            </p>
         </fn>
         <fn id="d10295e571a1310">
            <label>24</label>
            <p>
               <mixed-citation id="d10295e578" publication-type="other">
408 A.2d 364 (D.C. 1979).</mixed-citation>
            </p>
         </fn>
         <fn id="d10295e585a1310">
            <label>25</label>
            <p>
               <mixed-citation id="d10295e592" publication-type="other">
Treece v. State, 547 A.2d 1054 (Md. 1988)</mixed-citation>
            </p>
         </fn>
         <fn id="d10295e600a1310">
            <label>26</label>
            <p>
               <mixed-citation id="d10295e607" publication-type="other">
People v. Newton, 446 N.W.2d 487 (Mich. Ct. App. 1989)</mixed-citation>
            </p>
         </fn>
         <fn id="d10295e614a1310">
            <label>27</label>
            <p>
               <mixed-citation id="d10295e621" publication-type="journal">
Richard J. Bonnie, The Competence of Criminal Defendants: Beyond Dusky and
Drope, 47 U. MIAMI L. REv. 539, 568-70 (1993)<person-group>
                     <string-name>
                        <surname>Bonnie</surname>
                     </string-name>
                  </person-group>
                  <fpage>539</fpage>
                  <volume>47</volume>
                  <source>U. Miami L. Rev.</source>
                  <year>1993</year>
               </mixed-citation>
            </p>
         </fn>
         <fn id="d10295e653a1310">
            <label>28</label>
            <p>
               <mixed-citation id="d10295e660" publication-type="other">
People v. Edward, MICHIGAN LAWYERS' WEEKLY, Oct. 18,
1993, at 23A (Mich. Ct. App. 1993)</mixed-citation>
            </p>
         </fn>
         <fn id="d10295e670a1310">
            <label>30</label>
            <p>
               <mixed-citation id="d10295e677" publication-type="other">
People v. Hunt, 427 N.W.2d 907
(Mich. Ct. App. 1988)</mixed-citation>
            </p>
            <p>
               <mixed-citation id="d10295e686" publication-type="other">
People v. Snyder, 310 N.W.2d 868 (Mich. Ct. App. 1981)</mixed-citation>
            </p>
            <p>
               <mixed-citation id="d10295e692" publication-type="other">
People v. Nyberg, 362 N.W.2d 748, 751 (Mich. Ct.
App. 1984)</mixed-citation>
            </p>
         </fn>
         <fn id="d10295e702a1310">
            <label>32</label>
            <p>
               <mixed-citation id="d10295e709" publication-type="journal">
Norman G. Poythress, Jr., Psychiatric Expertise in Civil Commitment: Training
Attorneys to Cope with Expert Testimony, 2 LAW &amp; HUM. BEHAV. 1, 18 (1978)<object-id pub-id-type="jstor">10.2307/1393889</object-id>
                  <fpage>1</fpage>
               </mixed-citation>
            </p>
         </fn>
         <fn id="d10295e725a1310">
            <label>33</label>
            <p>
               <mixed-citation id="d10295e732" publication-type="book">
MODEL RULES OF PROFESSIONAL CONDUCT, Rule 1.14 cmt. (1992)<source>Model Rules Of Professional Conduct</source>
                  <year>1992</year>
               </mixed-citation>
            </p>
            <p>
               <mixed-citation id="d10295e744" publication-type="book">
MODEL CODE OF
PROFESSIONAL RESPONSIBILITY EC 7-12 (1978)<fpage>7</fpage>
                  <source>Model Code Of Professional Responsibility Ec</source>
                  <year>1978</year>
               </mixed-citation>
            </p>
         </fn>
         <fn id="d10295e764a1310">
            <label>34</label>
            <p>
               <mixed-citation id="d10295e771" publication-type="book">
JOEL FEINBERG, HARM TO SELF 12-16 (1986)<person-group>
                     <string-name>
                        <surname>Feinberg</surname>
                     </string-name>
                  </person-group>
                  <fpage>12</fpage>
                  <source>Harm To Self</source>
                  <year>1986</year>
               </mixed-citation>
            </p>
         </fn>
         <fn id="d10295e796a1310">
            <label>35</label>
            <p>
               <mixed-citation id="d10295e803" publication-type="journal">
Bonnie, supra note 27  </mixed-citation>
            </p>
            <p>
               <mixed-citation id="d10295e811" publication-type="journal">
Richard J. Bonnie, The Competence of Criminal Defendants: A
Theoretical Reformulation, 10 BEHAv. SCI. &amp; L. 291 (1992)<person-group>
                     <string-name>
                        <surname>Bonnie</surname>
                     </string-name>
                  </person-group>
                  <fpage>291</fpage>
                  <source>10 BEHAv. SCI. &amp; L</source>
                  <year>1992</year>
               </mixed-citation>
            </p>
            <p>
               <mixed-citation id="d10295e839" publication-type="journal">
Bruce J. Winick, Reforming Incompe-
tency to Stand Trial and Plead Guilty: A Restated Proposal and a Response to Professor Bonnie, 85 J.
CRIM. L. &amp; CRIMINOLOGY 571 (1995)<person-group>
                     <string-name>
                        <surname>Winick</surname>
                     </string-name>
                  </person-group>
                  <fpage>571</fpage>
                  <volume>85</volume>
                  <source>J. Crim. L. &amp; Criminology</source>
                  <year>1995</year>
               </mixed-citation>
            </p>
         </fn>
         <fn id="d10295e874a1310">
            <label>36</label>
            <p>
               <mixed-citation id="d10295e881" publication-type="journal">
Bonnie, A Theoretical Reformulation, supra note 35, at 308-11.  </mixed-citation>
            </p>
         </fn>
      </fn-group>
   </back>
</article>
