<article xmlns:xsi="http://www.w3.org/2001/XMLSchema-instance"
         xmlns:xlink="http://www.w3.org/1999/xlink"
         xmlns:mml="http://www.w3.org/1998/Math/MathML"
         dtd-version="1.0"
         article-type="research-article">
   <front>
      <journal-meta>
         <journal-id journal-id-type="jstor">jcrimlawcrim1973</journal-id>
         <journal-id journal-id-type="jstor">j100481</journal-id>
         <journal-title-group>
            <journal-title>The Journal of Criminal Law and Criminology (1973-)</journal-title>
         </journal-title-group>
         <publisher>
            <publisher-name>Northwestern University School of Law</publisher-name>
         </publisher>
         <issn pub-type="ppub">00914169</issn>
      </journal-meta>
      <article-meta>
         <article-id pub-id-type="jstor">1143928</article-id>
         <article-categories>
            <subj-group>
               <subject>Supreme Court Review</subject>
            </subj-group>
         </article-categories>
         <title-group>
            <article-title>Plain Error Rule. Clarifying Plain Error Analysis under Rule 52(b) of the Federal Rules of Criminal Procedure</article-title>
         </title-group>
         <contrib-group>
            <contrib contrib-type="author">
               <string-name>
                  <given-names>Jeffrey L.</given-names>
                  <surname>Lowry</surname>
               </string-name>
            </contrib>
         </contrib-group>
         <pub-date>
            <day>1</day>
            <month>1</month>
            <year>1994</year>
         
            <day>1</day>
            <month>4</month>
            <year>1994</year>
         </pub-date>
         <volume>84</volume>
         <issue>4</issue>
         <issue-id>i247857</issue-id>
         <fpage>1065</fpage>
         <lpage>1085</lpage>
         <page-range>1065-1085</page-range>
         <permissions>
            <copyright-statement>Copyright 1994 Northwestern University, School of Law</copyright-statement>
         </permissions>
         <self-uri xlink:href="http://www.jstor.org/stable/1143928"/>
         <custom-meta-group>
            <custom-meta>
               <meta-name>lang</meta-name>
               <meta-value>eng</meta-value>
            </custom-meta>
         </custom-meta-group>
      </article-meta>
   </front>
   <back>
      <fn-group>
         <title>[Footnotes]</title>
         <fn id="d10676e135a1310">
            <label>1</label>
            <p>
               <mixed-citation id="d10676e142" publication-type="other">
113 S. Ct. 1770 (1993).</mixed-citation>
            </p>
         </fn>
         <fn id="d10676e149a1310">
            <label>2</label>
            <p>
               <mixed-citation id="d10676e156" publication-type="other">
Id. at 1781.</mixed-citation>
            </p>
         </fn>
         <fn id="d10676e163a1310">
            <label>3</label>
            <p>
               <mixed-citation id="d10676e170" publication-type="other">
Id. at 1777-79.</mixed-citation>
            </p>
         </fn>
         <fn id="d10676e177a1310">
            <label>4</label>
            <p>
               <mixed-citation id="d10676e184" publication-type="other">
Id. at 1780.</mixed-citation>
            </p>
         </fn>
         <fn id="d10676e192a1310">
            <label>5</label>
            <p>
               <mixed-citation id="d10676e199" publication-type="other">
Id. at 1781.</mixed-citation>
            </p>
         </fn>
         <fn id="d10676e206a1310">
            <label>6</label>
            <p>
               <mixed-citation id="d10676e213" publication-type="other">
FED. R. CRIM. P. 52(b) advisory committee's note ("This rule is a restatement
of existing law ... .")</mixed-citation>
            </p>
         </fn>
         <fn id="d10676e223a1310">
            <label>7</label>
            <p>
               <mixed-citation id="d10676e230" publication-type="other">
163 U.S. 632 (1896).</mixed-citation>
            </p>
         </fn>
         <fn id="d10676e237a1310">
            <label>8</label>
            <p>
               <mixed-citation id="d10676e244" publication-type="other">
Id. at 658-59</mixed-citation>
            </p>
            <p>
               <mixed-citation id="d10676e250" publication-type="other">
Id. at 659</mixed-citation>
            </p>
            <p>
               <mixed-citation id="d10676e256" publication-type="other">
infra text accompa-
nying notes 128-31</mixed-citation>
            </p>
         </fn>
         <fn id="d10676e266a1310">
            <label>9</label>
            <p>
               <mixed-citation id="d10676e273" publication-type="other">
197 U.S. 207 (1905).</mixed-citation>
            </p>
         </fn>
         <fn id="d10676e280a1310">
            <label>10</label>
            <p>
               <mixed-citation id="d10676e287" publication-type="other">
Id. at 221-22 (citing Wiborg, 163 U.S. at 658)</mixed-citation>
            </p>
            <p>
               <mixed-citation id="d10676e293" publication-type="other">
Id. at 222</mixed-citation>
            </p>
         </fn>
         <fn id="d10676e301a1310">
            <label>11</label>
            <p>
               <mixed-citation id="d10676e308" publication-type="other">
297 U.S. 157 (1936).</mixed-citation>
            </p>
         </fn>
         <fn id="d10676e315a1310">
            <label>12</label>
            <p>
               <mixed-citation id="d10676e322" publication-type="other">
Id. at 160.</mixed-citation>
            </p>
         </fn>
         <fn id="d10676e329a1310">
            <label>13</label>
            <p>
               <mixed-citation id="d10676e336" publication-type="other">
infra part V.B</mixed-citation>
            </p>
         </fn>
         <fn id="d10676e343a1310">
            <label>14</label>
            <p>
               <mixed-citation id="d10676e350" publication-type="other">
FED. R. CRIM. P. 52(b)</mixed-citation>
            </p>
         </fn>
         <fn id="d10676e357a1310">
            <label>15</label>
            <p>
               <mixed-citation id="d10676e364" publication-type="other">
FED. R. CRIM. P. 52(b)</mixed-citation>
            </p>
         </fn>
         <fn id="d10676e371a1310">
            <label>16</label>
            <p>
               <mixed-citation id="d10676e378" publication-type="other">
456 U.S. 152 (1982).</mixed-citation>
            </p>
         </fn>
         <fn id="d10676e386a1310">
            <label>17</label>
            <p>
               <mixed-citation id="d10676e393" publication-type="other">
Id. at 163.</mixed-citation>
            </p>
         </fn>
         <fn id="d10676e400a1310">
            <label>18</label>
            <p>
               <mixed-citation id="d10676e407" publication-type="other">
Section 2255</mixed-citation>
            </p>
            <p>
               <mixed-citation id="d10676e413" publication-type="other">
28 U.S.G.n § 2255 (1988)</mixed-citation>
            </p>
         </fn>
         <fn id="d10676e420a1310">
            <label>19</label>
            <p>
               <mixed-citation id="d10676e427" publication-type="other">
Frady, 456 U.S. at 158.</mixed-citation>
            </p>
         </fn>
         <fn id="d10676e434a1310">
            <label>20</label>
            <p>
               <mixed-citation id="d10676e441" publication-type="other">
Id. at 166.</mixed-citation>
            </p>
         </fn>
         <fn id="d10676e448a1310">
            <label>21</label>
            <p>
               <mixed-citation id="d10676e455" publication-type="other">
Id. at 163.</mixed-citation>
            </p>
         </fn>
         <fn id="d10676e462a1310">
            <label>22</label>
            <p>
               <mixed-citation id="d10676e469" publication-type="other">
Id.</mixed-citation>
            </p>
            <p>
               <mixed-citation id="d10676e475" publication-type="other">
Id. at 163 n.13</mixed-citation>
            </p>
         </fn>
         <fn id="d10676e483a1310">
            <label>23</label>
            <p>
               <mixed-citation id="d10676e490" publication-type="other">
Id. at n.14</mixed-citation>
            </p>
            <p>
               <mixed-citation id="d10676e496" publication-type="other">
United States v. Gerald, 624 F.2d 1291, 1299 (5th Cir. 1980)</mixed-citation>
            </p>
            <p>
               <mixed-citation id="d10676e502" publication-type="other">
United States v. DiBenedetto, 542 F.2d 490, 494 (8th Cir. 1976)</mixed-citation>
            </p>
         </fn>
         <fn id="d10676e509a1310">
            <label>24</label>
            <p>
               <mixed-citation id="d10676e516" publication-type="other">
470 U.S. 1 (1985).</mixed-citation>
            </p>
         </fn>
         <fn id="d10676e523a1310">
            <label>25</label>
            <p>
               <mixed-citation id="d10676e530" publication-type="other">
Id. at 15</mixed-citation>
            </p>
            <p>
               <mixed-citation id="d10676e536" publication-type="other">
Frady, 456 U.S. at 163</mixed-citation>
            </p>
         </fn>
         <fn id="d10676e543a1310">
            <label>26</label>
            <p>
               <mixed-citation id="d10676e550" publication-type="other">
Id. at 6.</mixed-citation>
            </p>
         </fn>
         <fn id="d10676e557a1310">
            <label>27</label>
            <p>
               <mixed-citation id="d10676e564" publication-type="other">
Id.</mixed-citation>
            </p>
         </fn>
         <fn id="d10676e571a1310">
            <label>28</label>
            <p>
               <mixed-citation id="d10676e578" publication-type="other">
Id. at 15</mixed-citation>
            </p>
            <p>
               <mixed-citation id="d10676e584" publication-type="other">
United States v. Atkinson, 297 U.S. 157, 160 (1936)</mixed-citation>
            </p>
            <p>
               <mixed-citation id="d10676e590" publication-type="other">
States v. Frady, 456 U.S. 152, 163 n.14 (1982)</mixed-citation>
            </p>
         </fn>
         <fn id="d10676e598a1310">
            <label>29</label>
            <p>
               <mixed-citation id="d10676e605" publication-type="other">
Id. at 16.</mixed-citation>
            </p>
         </fn>
         <fn id="d10676e612a1310">
            <label>30</label>
            <p>
               <mixed-citation id="d10676e619" publication-type="other">
Id.</mixed-citation>
            </p>
            <p>
               <mixed-citation id="d10676e625" publication-type="other">
United States v. Socony-Vacuum Oil Co., 310 U.S. 150, 240 (1940)</mixed-citation>
            </p>
         </fn>
         <fn id="d10676e632a1310">
            <label>31</label>
            <p>
               <mixed-citation id="d10676e639" publication-type="other">
Id.</mixed-citation>
            </p>
         </fn>
         <fn id="d10676e646a1310">
            <label>32</label>
            <p>
               <mixed-citation id="d10676e653" publication-type="other">
Id. at 16 n.14.</mixed-citation>
            </p>
         </fn>
         <fn id="d10676e660a1310">
            <label>33</label>
            <p>
               <mixed-citation id="d10676e667" publication-type="other">
Id.</mixed-citation>
            </p>
            <p>
               <mixed-citation id="d10676e673" publication-type="other">
3A
CHARLES A. WRIGHT, FEDERAL PRACTICE AND PROCEDURE § 856 (2d ed. 1982)</mixed-citation>
            </p>
            <p>
               <mixed-citation id="d10676e682" publication-type="other">
Dupoint v. United States, 388 F.2d 39, 45 (5th Cir. 1968)</mixed-citation>
            </p>
            <p>
               <mixed-citation id="d10676e689" publication-type="other">
United States v. Stout, 667 F.2d 1347, 1354 (11lth Cir. 1982)</mixed-citation>
            </p>
            <p>
               <mixed-citation id="d10676e695" publication-type="other">
United States v. McCaskill,
676 F.2d 995, 1002 (4th Cir.)</mixed-citation>
            </p>
            <p>
               <mixed-citation id="d10676e704" publication-type="other">
459 U.S. 1018 (1982)</mixed-citation>
            </p>
            <p>
               <mixed-citation id="d10676e710" publication-type="other">
Eaton v. United States,
398 F.2d 485, 486 (5th Cir.)</mixed-citation>
            </p>
            <p>
               <mixed-citation id="d10676e719" publication-type="other">
393 U.S. 937 (1968)</mixed-citation>
            </p>
            <p>
               <mixed-citation id="d10676e725" publication-type="other">
Page v. United States, 282
F.2d 807, 810 (8th Cir. 1960)</mixed-citation>
            </p>
            <p>
               <mixed-citation id="d10676e735" publication-type="other">
WAYNE R. LAFAVE &amp; JEROLD H. ISRAEL, CRIMI-
NAL PROCEDURE § 26.5 (1984)</mixed-citation>
            </p>
         </fn>
         <fn id="d10676e745a1310">
            <label>34</label>
            <p>
               <mixed-citation id="d10676e752" publication-type="other">
Young, 470 U.S. at 16 n.14.</mixed-citation>
            </p>
         </fn>
         <fn id="d10676e760a1310">
            <label>35</label>
            <p>
               <mixed-citation id="d10676e767" publication-type="other">
Id.</mixed-citation>
            </p>
         </fn>
         <fn id="d10676e774a1310">
            <label>36</label>
            <p>
               <mixed-citation id="d10676e781" publication-type="other">
United States v. Olano, 113 S. Ct. 1770, 1774 (1993).</mixed-citation>
            </p>
         </fn>
         <fn id="d10676e788a1310">
            <label>37</label>
            <p>
               <mixed-citation id="d10676e795" publication-type="other">
United States v. Olano, 934 F.2d 1425, 1428 (9th Cir. 1991).</mixed-citation>
            </p>
         </fn>
         <fn id="d10676e802a1310">
            <label>38</label>
            <p>
               <mixed-citation id="d10676e809" publication-type="other">
Brief for Respondent Guy W. Olano, Jr. at 2, United States v. Olano, 113 S. Ct.
1770 (1993) (No. 91-1306)</mixed-citation>
            </p>
         </fn>
         <fn id="d10676e819a1310">
            <label>39</label>
            <p>
               <mixed-citation id="d10676e826" publication-type="other">
Olano, 113 S. Ct. at 1774.</mixed-citation>
            </p>
         </fn>
         <fn id="d10676e833a1310">
            <label>40</label>
            <p>
               <mixed-citation id="d10676e840" publication-type="other">
Brief for Olano at 2, Olano (No. 91-1306).</mixed-citation>
            </p>
         </fn>
         <fn id="d10676e848a1310">
            <label>41</label>
            <p>
               <mixed-citation id="d10676e855" publication-type="other">
Id.</mixed-citation>
            </p>
         </fn>
         <fn id="d10676e862a1310">
            <label>42</label>
            <p>
               <mixed-citation id="d10676e869" publication-type="other">
Id.</mixed-citation>
            </p>
         </fn>
         <fn id="d10676e876a1310">
            <label>43</label>
            <p>
               <mixed-citation id="d10676e883" publication-type="other">
Olano, 113 S. Ct. at 1774.</mixed-citation>
            </p>
         </fn>
         <fn id="d10676e890a1310">
            <label>44</label>
            <p>
               <mixed-citation id="d10676e897" publication-type="other">
Id. at 1774-75.</mixed-citation>
            </p>
         </fn>
         <fn id="d10676e904a1310">
            <label>45</label>
            <p>
               <mixed-citation id="d10676e911" publication-type="other">
Id.</mixed-citation>
            </p>
         </fn>
         <fn id="d10676e918a1310">
            <label>46</label>
            <p>
               <mixed-citation id="d10676e925" publication-type="other">
Id.</mixed-citation>
            </p>
         </fn>
         <fn id="d10676e933a1310">
            <label>47</label>
            <p>
               <mixed-citation id="d10676e940" publication-type="other">
Id.</mixed-citation>
            </p>
         </fn>
         <fn id="d10676e947a1310">
            <label>48</label>
            <p>
               <mixed-citation id="d10676e954" publication-type="other">
Id.</mixed-citation>
            </p>
         </fn>
         <fn id="d10676e961a1310">
            <label>49</label>
            <p>
               <mixed-citation id="d10676e968" publication-type="other">
Id.</mixed-citation>
            </p>
         </fn>
         <fn id="d10676e975a1310">
            <label>50</label>
            <p>
               <mixed-citation id="d10676e982" publication-type="other">
Brief for Olano at 4, Olano (No. 91-1306).</mixed-citation>
            </p>
         </fn>
         <fn id="d10676e989a1310">
            <label>51</label>
            <p>
               <mixed-citation id="d10676e996" publication-type="other">
United States v. Olano, 934 F.2d 1425, 1427 (9th Cir. 1991).</mixed-citation>
            </p>
         </fn>
         <fn id="d10676e1003a1310">
            <label>52</label>
            <p>
               <mixed-citation id="d10676e1010" publication-type="other">
Id. at 1428.</mixed-citation>
            </p>
         </fn>
         <fn id="d10676e1018a1310">
            <label>53</label>
            <p>
               <mixed-citation id="d10676e1025" publication-type="other">
Id. Rule 24(c)</mixed-citation>
            </p>
            <p>
               <mixed-citation id="d10676e1031" publication-type="other">
FED. R.
CRIM. P. 24(c)</mixed-citation>
            </p>
         </fn>
         <fn id="d10676e1041a1310">
            <label>54</label>
            <p>
               <mixed-citation id="d10676e1048" publication-type="other">
Olano, 934 F.2d at 1436.</mixed-citation>
            </p>
         </fn>
         <fn id="d10676e1055a1310">
            <label>55</label>
            <p>
               <mixed-citation id="d10676e1062" publication-type="other">
Id. at 1436-37.</mixed-citation>
            </p>
         </fn>
         <fn id="d10676e1069a1310">
            <label>56</label>
            <p>
               <mixed-citation id="d10676e1076" publication-type="other">
Id. at 1438.</mixed-citation>
            </p>
         </fn>
         <fn id="d10676e1083a1310">
            <label>57</label>
            <p>
               <mixed-citation id="d10676e1090" publication-type="other">
Id.</mixed-citation>
            </p>
            <p>
               <mixed-citation id="d10676e1096" publication-type="other">
United States v. Virginia Erection Corp., 335 F.2d 868, 872 (4th Cir.
1964)</mixed-citation>
            </p>
         </fn>
         <fn id="d10676e1106a1310">
            <label>58</label>
            <p>
               <mixed-citation id="d10676e1113" publication-type="other">
Id. at 1439.</mixed-citation>
            </p>
         </fn>
         <fn id="d10676e1121a1310">
            <label>59</label>
            <p>
               <mixed-citation id="d10676e1128" publication-type="other">
United States v. Olano, 112 S. Ct. 1935 (1992).</mixed-citation>
            </p>
         </fn>
         <fn id="d10676e1135a1310">
            <label>60</label>
            <p>
               <mixed-citation id="d10676e1142" publication-type="other">
United States v. Olano, 113 S. Ct. 1770, 1776 (1993).</mixed-citation>
            </p>
         </fn>
         <fn id="d10676e1149a1310">
            <label>62</label>
            <p>
               <mixed-citation id="d10676e1156" publication-type="other">
Olano, 113 S. Ct. at 1776.</mixed-citation>
            </p>
         </fn>
         <fn id="d10676e1163a1310">
            <label>63</label>
            <p>
               <mixed-citation id="d10676e1170" publication-type="other">
Id. at 1776-79.</mixed-citation>
            </p>
         </fn>
         <fn id="d10676e1177a1310">
            <label>64</label>
            <p>
               <mixed-citation id="d10676e1184" publication-type="other">
Id. at 1777-78.</mixed-citation>
            </p>
         </fn>
         <fn id="d10676e1191a1310">
            <label>65</label>
            <p>
               <mixed-citation id="d10676e1198" publication-type="other">
Id. at 1778-79.</mixed-citation>
            </p>
         </fn>
         <fn id="d10676e1206a1310">
            <label>66</label>
            <p>
               <mixed-citation id="d10676e1213" publication-type="other">
Id. at 1777.</mixed-citation>
            </p>
         </fn>
         <fn id="d10676e1220a1310">
            <label>67</label>
            <p>
               <mixed-citation id="d10676e1227" publication-type="other">
Id.</mixed-citation>
            </p>
         </fn>
         <fn id="d10676e1234a1310">
            <label>68</label>
            <p>
               <mixed-citation id="d10676e1241" publication-type="other">
Id.</mixed-citation>
            </p>
            <p>
               <mixed-citation id="d10676e1247" publication-type="other">
Johnson v. Zerbst, 304 U.S. 458, 464 (1938)</mixed-citation>
            </p>
         </fn>
         <fn id="d10676e1254a1310">
            <label>69</label>
            <p>
               <mixed-citation id="d10676e1261" publication-type="other">
Id.</mixed-citation>
            </p>
         </fn>
         <fn id="d10676e1268a1310">
            <label>70</label>
            <p>
               <mixed-citation id="d10676e1275" publication-type="other">
Id.</mixed-citation>
            </p>
         </fn>
         <fn id="d10676e1282a1310">
            <label>71</label>
            <p>
               <mixed-citation id="d10676e1289" publication-type="other">
Id.</mixed-citation>
            </p>
         </fn>
         <fn id="d10676e1297a1310">
            <label>72</label>
            <p>
               <mixed-citation id="d10676e1304" publication-type="other">
Id. at 1777-78.</mixed-citation>
            </p>
         </fn>
         <fn id="d10676e1311a1310">
            <label>73</label>
            <p>
               <mixed-citation id="d10676e1318" publication-type="other">
Id. at 1778.</mixed-citation>
            </p>
         </fn>
         <fn id="d10676e1325a1310">
            <label>74</label>
            <p>
               <mixed-citation id="d10676e1332" publication-type="other">
Id.</mixed-citation>
            </p>
         </fn>
         <fn id="d10676e1339a1310">
            <label>75</label>
            <p>
               <mixed-citation id="d10676e1346" publication-type="other">
Id.</mixed-citation>
            </p>
         </fn>
         <fn id="d10676e1353a1310">
            <label>76</label>
            <p>
               <mixed-citation id="d10676e1360" publication-type="other">
Id.</mixed-citation>
            </p>
         </fn>
         <fn id="d10676e1367a1310">
            <label>77</label>
            <p>
               <mixed-citation id="d10676e1374" publication-type="other">
Id.</mixed-citation>
            </p>
         </fn>
         <fn id="d10676e1382a1310">
            <label>78</label>
            <p>
               <mixed-citation id="d10676e1389" publication-type="other">
Id.</mixed-citation>
            </p>
         </fn>
         <fn id="d10676e1396a1310">
            <label>79</label>
            <p>
               <mixed-citation id="d10676e1403" publication-type="other">
Id. at 1779</mixed-citation>
            </p>
            <p>
               <mixed-citation id="d10676e1409" publication-type="other">
United States v. Atkinson, 297 U.S. 157 (1936)</mixed-citation>
            </p>
         </fn>
         <fn id="d10676e1416a1310">
            <label>80</label>
            <p>
               <mixed-citation id="d10676e1423" publication-type="other">
Id.</mixed-citation>
            </p>
            <p>
               <mixed-citation id="d10676e1429" publication-type="other">
Atkinson, 297 U.S. at 160</mixed-citation>
            </p>
         </fn>
         <fn id="d10676e1436a1310">
            <label>81</label>
            <p>
               <mixed-citation id="d10676e1443" publication-type="other">
Id.</mixed-citation>
            </p>
            <p>
               <mixed-citation id="d10676e1449" publication-type="other">
United States v. Young, 470 U.S. 1, 15 (1985)</mixed-citation>
            </p>
         </fn>
         <fn id="d10676e1456a1310">
            <label>82</label>
            <p>
               <mixed-citation id="d10676e1463" publication-type="other">
Id.</mixed-citation>
            </p>
            <p>
               <mixed-citation id="d10676e1469" publication-type="other">
United States v. Frady, 456 U.S. 152, 163 n.14 (1982)</mixed-citation>
            </p>
         </fn>
         <fn id="d10676e1476a1310">
            <label>83</label>
            <p>
               <mixed-citation id="d10676e1483" publication-type="other">
Id.</mixed-citation>
            </p>
         </fn>
         <fn id="d10676e1491a1310">
            <label>84</label>
            <p>
               <mixed-citation id="d10676e1498" publication-type="other">
Id.</mixed-citation>
            </p>
            <p>
               <mixed-citation id="d10676e1504" publication-type="other">
FED. R. CRIM. P. 24(c)</mixed-citation>
            </p>
         </fn>
         <fn id="d10676e1511a1310">
            <label>85</label>
            <p>
               <mixed-citation id="d10676e1518" publication-type="other">
Id.</mixed-citation>
            </p>
         </fn>
         <fn id="d10676e1525a1310">
            <label>86</label>
            <p>
               <mixed-citation id="d10676e1532" publication-type="other">
Id.</mixed-citation>
            </p>
         </fn>
         <fn id="d10676e1539a1310">
            <label>87</label>
            <p>
               <mixed-citation id="d10676e1546" publication-type="other">
Id.</mixed-citation>
            </p>
         </fn>
         <fn id="d10676e1553a1310">
            <label>88</label>
            <p>
               <mixed-citation id="d10676e1560" publication-type="other">
Id. at 1779-80</mixed-citation>
            </p>
            <p>
               <mixed-citation id="d10676e1566" publication-type="other">
FED. R. CRIM. P. 23(b) advisory committee's note</mixed-citation>
            </p>
         </fn>
         <fn id="d10676e1573a1310">
            <label>89</label>
            <p>
               <mixed-citation id="d10676e1580" publication-type="other">
Id. at 1780.</mixed-citation>
            </p>
         </fn>
         <fn id="d10676e1588a1310">
            <label>90</label>
            <p>
               <mixed-citation id="d10676e1595" publication-type="other">
Id.</mixed-citation>
            </p>
         </fn>
         <fn id="d10676e1602a1310">
            <label>91</label>
            <p>
               <mixed-citation id="d10676e1609" publication-type="other">
Id. at 1781.</mixed-citation>
            </p>
         </fn>
         <fn id="d10676e1616a1310">
            <label>92</label>
            <p>
               <mixed-citation id="d10676e1623" publication-type="other">
Id.</mixed-citation>
            </p>
         </fn>
         <fn id="d10676e1630a1310">
            <label>93</label>
            <p>
               <mixed-citation id="d10676e1637" publication-type="other">
Id.</mixed-citation>
            </p>
         </fn>
         <fn id="d10676e1644a1310">
            <label>94</label>
            <p>
               <mixed-citation id="d10676e1651" publication-type="other">
471 U.S. 307 (1985).</mixed-citation>
            </p>
         </fn>
         <fn id="d10676e1658a1310">
            <label>95</label>
            <p>
               <mixed-citation id="d10676e1665" publication-type="other">
Olano, 113 S. Ct. at 1781 (quoting Franklin, 471 U.S. at 324 n.9).</mixed-citation>
            </p>
         </fn>
         <fn id="d10676e1673a1310">
            <label>96</label>
            <p>
               <mixed-citation id="d10676e1680" publication-type="other">
Id.</mixed-citation>
            </p>
         </fn>
         <fn id="d10676e1687a1310">
            <label>97</label>
            <p>
               <mixed-citation id="d10676e1694" publication-type="other">
Id.</mixed-citation>
            </p>
         </fn>
         <fn id="d10676e1701a1310">
            <label>98</label>
            <p>
               <mixed-citation id="d10676e1708" publication-type="other">
Id.</mixed-citation>
            </p>
         </fn>
         <fn id="d10676e1715a1310">
            <label>99</label>
            <p>
               <mixed-citation id="d10676e1722" publication-type="other">
Id. (Kennedy, J., concurring).</mixed-citation>
            </p>
         </fn>
         <fn id="d10676e1729a1310">
            <label>100</label>
            <p>
               <mixed-citation id="d10676e1736" publication-type="other">
Id. at 1782 (Kennedy, J., concurring).</mixed-citation>
            </p>
         </fn>
         <fn id="d10676e1743a1310">
            <label>101</label>
            <p>
               <mixed-citation id="d10676e1750" publication-type="other">
Id. at 1778.</mixed-citation>
            </p>
         </fn>
         <fn id="d10676e1758a1310">
            <label>102</label>
            <p>
               <mixed-citation id="d10676e1765" publication-type="other">
Id. at 1782 (Kennedy, J., concurring).</mixed-citation>
            </p>
         </fn>
         <fn id="d10676e1772a1310">
            <label>103</label>
            <p>
               <mixed-citation id="d10676e1779" publication-type="other">
Id. (Kennedy, J., concurring).</mixed-citation>
            </p>
         </fn>
         <fn id="d10676e1786a1310">
            <label>104</label>
            <p>
               <mixed-citation id="d10676e1793" publication-type="other">
Id. (Kennedy, J., concurring).</mixed-citation>
            </p>
         </fn>
         <fn id="d10676e1800a1310">
            <label>105</label>
            <p>
               <mixed-citation id="d10676e1807" publication-type="other">
Id. (Kennedy, J., concurring).</mixed-citation>
            </p>
         </fn>
         <fn id="d10676e1814a1310">
            <label>106</label>
            <p>
               <mixed-citation id="d10676e1821" publication-type="other">
Id. (Kennedy, J., concurring).</mixed-citation>
            </p>
         </fn>
         <fn id="d10676e1828a1310">
            <label>108</label>
            <p>
               <mixed-citation id="d10676e1835" publication-type="other">
Olano, 113 S. Ct. at 1782 (Stevens, J., dissenting).</mixed-citation>
            </p>
         </fn>
         <fn id="d10676e1843a1310">
            <label>109</label>
            <p>
               <mixed-citation id="d10676e1850" publication-type="other">
Id. (Stevens, J., dissenting).</mixed-citation>
            </p>
         </fn>
         <fn id="d10676e1857a1310">
            <label>110</label>
            <p>
               <mixed-citation id="d10676e1864" publication-type="other">
Id. at 1782-83 (Stevens, J., dissenting)</mixed-citation>
            </p>
            <p>
               <mixed-citation id="d10676e1870" publication-type="other">
Vasquez v. Hillary, 474 U.S. 254,
263-64 (1986)</mixed-citation>
            </p>
         </fn>
         <fn id="d10676e1880a1310">
            <label>111</label>
            <p>
               <mixed-citation id="d10676e1887" publication-type="other">
Id. at 1783 (Stevens, J., dissenting)</mixed-citation>
            </p>
            <p>
               <mixed-citation id="d10676e1893" publication-type="other">
United States v. Atkinson, 297 U.S.
157, 160 (1936)</mixed-citation>
            </p>
         </fn>
         <fn id="d10676e1903a1310">
            <label>112</label>
            <p>
               <mixed-citation id="d10676e1910" publication-type="other">
Id. (Stevens, J., dissenting).</mixed-citation>
            </p>
         </fn>
         <fn id="d10676e1917a1310">
            <label>113</label>
            <p>
               <mixed-citation id="d10676e1924" publication-type="other">
Id. (Stevens, J., dissenting).</mixed-citation>
            </p>
         </fn>
         <fn id="d10676e1931a1310">
            <label>114</label>
            <p>
               <mixed-citation id="d10676e1938" publication-type="other">
Id. (Stevens, J., dissenting).</mixed-citation>
            </p>
         </fn>
         <fn id="d10676e1946a1310">
            <label>115</label>
            <p>
               <mixed-citation id="d10676e1953" publication-type="other">
Id. (Stevens, J., dissenting).</mixed-citation>
            </p>
         </fn>
         <fn id="d10676e1960a1310">
            <label>116</label>
            <p>
               <mixed-citation id="d10676e1967" publication-type="other">
Id. (Stevens, J., dissenting).</mixed-citation>
            </p>
         </fn>
         <fn id="d10676e1974a1310">
            <label>117</label>
            <p>
               <mixed-citation id="d10676e1981" publication-type="other">
Id. at 1783-84 (Stevens, J., dissenting)</mixed-citation>
            </p>
            <p>
               <mixed-citation id="d10676e1987" publication-type="other">
Ortega-Rodriguez v. United States,
113 S. Ct. 1199, 1209 n.24 (1993)</mixed-citation>
            </p>
         </fn>
         <fn id="d10676e1997a1310">
            <label>118</label>
            <p>
               <mixed-citation id="d10676e2004" publication-type="other">
Id. at 1776.</mixed-citation>
            </p>
         </fn>
         <fn id="d10676e2011a1310">
            <label>119</label>
            <p>
               <mixed-citation id="d10676e2018" publication-type="other">
Id. at 1777-79</mixed-citation>
            </p>
            <p>
               <mixed-citation id="d10676e2024" publication-type="other">
id. at 1779, 1781</mixed-citation>
            </p>
         </fn>
         <fn id="d10676e2031a1310">
            <label>120</label>
            <p>
               <mixed-citation id="d10676e2038" publication-type="other">
Id. at 1777-78.</mixed-citation>
            </p>
         </fn>
         <fn id="d10676e2046a1310">
            <label>121</label>
            <p>
               <mixed-citation id="d10676e2053" publication-type="other">
Id. at 1778</mixed-citation>
            </p>
            <p>
               <mixed-citation id="d10676e2059" publication-type="other">
Id. at 1777</mixed-citation>
            </p>
            <p>
               <mixed-citation id="d10676e2065" publication-type="other">
Id. at 1781</mixed-citation>
            </p>
         </fn>
         <fn id="d10676e2072a1310">
            <label>122</label>
            <p>
               <mixed-citation id="d10676e2079" publication-type="other">
3A WRIGHT, supra note 33 § 856</mixed-citation>
            </p>
         </fn>
         <fn id="d10676e2086a1310">
            <label>123</label>
            <p>
               <mixed-citation id="d10676e2093" publication-type="other">
Olano, 113 S. Ct. at 1779</mixed-citation>
            </p>
            <p>
               <mixed-citation id="d10676e2099" publication-type="other">
Id.</mixed-citation>
            </p>
            <p>
               <mixed-citation id="d10676e2105" publication-type="other">
supra note 119</mixed-citation>
            </p>
         </fn>
         <fn id="d10676e2112a1310">
            <label>124</label>
            <p>
               <mixed-citation id="d10676e2119" publication-type="other">
Olano, 113 S. Ct. at 1776.</mixed-citation>
            </p>
         </fn>
         <fn id="d10676e2126a1310">
            <label>125</label>
            <p>
               <mixed-citation id="d10676e2133" publication-type="other">
supra note 6</mixed-citation>
            </p>
         </fn>
         <fn id="d10676e2140a1310">
            <label>126</label>
            <p>
               <mixed-citation id="d10676e2147" publication-type="other">
United States v. Young, 470 U.S. 1, 15 n.12 (1985)</mixed-citation>
            </p>
            <p>
               <mixed-citation id="d10676e2153" publication-type="other">
FED. R. CRIM. P. 52(b)</mixed-citation>
            </p>
            <p>
               <mixed-citation id="d10676e2159" publication-type="other">
Wiborg v. United States, 163 U.S. 632 (1896)</mixed-citation>
            </p>
         </fn>
         <fn id="d10676e2167a1310">
            <label>127</label>
            <p>
               <mixed-citation id="d10676e2174" publication-type="other">
United States v. Atkinson, 297 U.S. 157, 160 (1936).</mixed-citation>
            </p>
         </fn>
         <fn id="d10676e2181a1310">
            <label>128</label>
            <p>
               <mixed-citation id="d10676e2188" publication-type="other">
Wiborg, 163 U.S. at 658.</mixed-citation>
            </p>
         </fn>
         <fn id="d10676e2195a1310">
            <label>129</label>
            <p>
               <mixed-citation id="d10676e2202" publication-type="other">
Id.</mixed-citation>
            </p>
            <p>
               <mixed-citation id="d10676e2208" publication-type="other">
Young, 470 U.S. at 15 n.12</mixed-citation>
            </p>
         </fn>
         <fn id="d10676e2215a1310">
            <label>130</label>
            <p>
               <mixed-citation id="d10676e2222" publication-type="other">
Wiborg, 163 U.S. at 659.</mixed-citation>
            </p>
         </fn>
         <fn id="d10676e2229a1310">
            <label>131</label>
            <p>
               <mixed-citation id="d10676e2236" publication-type="other">
Id.</mixed-citation>
            </p>
            <p>
               <mixed-citation id="d10676e2242" publication-type="other">
Clyatt v. United States, 197 U.S. 207 (1905)</mixed-citation>
            </p>
         </fn>
         <fn id="d10676e2249a1310">
            <label>132</label>
            <p>
               <mixed-citation id="d10676e2258" publication-type="other">
United States v. Newman, 965 F.2d 206, 213 (7th Cir.)</mixed-citation>
            </p>
            <p>
               <mixed-citation id="d10676e2264" publication-type="other">
113 S. Ct. 470 (1992)</mixed-citation>
            </p>
            <p>
               <mixed-citation id="d10676e2271" publication-type="other">
United States v. Frazier, 936 F.2d 262, 266
(6th Cir. 1991)</mixed-citation>
            </p>
            <p>
               <mixed-citation id="d10676e2280" publication-type="other">
United States v. Gollot, 939 F.2d 255, 259 (5th Cir. 1991)</mixed-citation>
            </p>
            <p>
               <mixed-citation id="d10676e2286" publication-type="other">
United States v. Neumann, 887 F.2d 880, 882 (8th Cir. 1989)</mixed-citation>
            </p>
            <p>
               <mixed-citation id="d10676e2292" publication-type="other">
495 U.S. 949 (1990)</mixed-citation>
            </p>
         </fn>
         <fn id="d10676e2300a1310">
            <label>133</label>
            <p>
               <mixed-citation id="d10676e2307" publication-type="other">
United States v. Silverstein, 732 F.2d 1338, 1349 (7th Cir. 1984)</mixed-citation>
            </p>
            <p>
               <mixed-citation id="d10676e2313" publication-type="other">
469
U.S. 1111 (1985)</mixed-citation>
            </p>
         </fn>
         <fn id="d10676e2323a1310">
            <label>134</label>
            <p>
               <mixed-citation id="d10676e2330" publication-type="other">
Id.</mixed-citation>
            </p>
         </fn>
         <fn id="d10676e2337a1310">
            <label>135</label>
            <p>
               <mixed-citation id="d10676e2344" publication-type="other">
United States v. Young, 470 U.S. 1, 15 (1985).</mixed-citation>
            </p>
         </fn>
         <fn id="d10676e2351a1310">
            <label>136</label>
            <p>
               <mixed-citation id="d10676e2358" publication-type="other">
Id.</mixed-citation>
            </p>
            <p>
               <mixed-citation id="d10676e2364" publication-type="other">
United States v. Frady, 456 U.S. 152, 163 n.14
(1982)</mixed-citation>
            </p>
         </fn>
         <fn id="d10676e2374a1310">
            <label>137</label>
            <p>
               <mixed-citation id="d10676e2381" publication-type="other">
Id.</mixed-citation>
            </p>
            <p>
               <mixed-citation id="d10676e2387" publication-type="other">
United States v. Frady, 456 U.S. 152, 163 n.14 (1982)</mixed-citation>
            </p>
         </fn>
         <fn id="d10676e2394a1310">
            <label>138</label>
            <p>
               <mixed-citation id="d10676e2401" publication-type="other">
United States v. Olano, 113 S. Ct. 1770, 1779 (1993)</mixed-citation>
            </p>
            <p>
               <mixed-citation id="d10676e2407" publication-type="other">
supra text accompanying
notes 79-81</mixed-citation>
            </p>
         </fn>
         <fn id="d10676e2418a1310">
            <label>139</label>
            <p>
               <mixed-citation id="d10676e2425" publication-type="other">
United States v. Atkinson, 297 U.S. 157, 160 (1936).</mixed-citation>
            </p>
         </fn>
         <fn id="d10676e2432a1310">
            <label>140</label>
            <p>
               <mixed-citation id="d10676e2439" publication-type="other">
Olano, 113 S. Ct. at 1779.</mixed-citation>
            </p>
         </fn>
         <fn id="d10676e2446a1310">
            <label>141</label>
            <p>
               <mixed-citation id="d10676e2453" publication-type="other">
Id.</mixed-citation>
            </p>
            <p>
               <mixed-citation id="d10676e2459" publication-type="other">
Atkinson,
297 U.S. at 160</mixed-citation>
            </p>
         </fn>
         <fn id="d10676e2469a1310">
            <label>142</label>
            <p>
               <mixed-citation id="d10676e2476" publication-type="other">
United States v. Caputo, 978 F.2d 972, 974 (7th Cir. 1992)</mixed-citation>
            </p>
         </fn>
         <fn id="d10676e2483a1310">
            <label>143</label>
            <p>
               <mixed-citation id="d10676e2490" publication-type="other">
United States v. Silverstein, 732 F.2d 1338, 1349 (7th Cir. 1984)</mixed-citation>
            </p>
            <p>
               <mixed-citation id="d10676e2496" publication-type="other">
469 U.S. 1111 (1985)</mixed-citation>
            </p>
            <p>
               <mixed-citation id="d10676e2502" publication-type="other">
supra text accompanying notes 134-37</mixed-citation>
            </p>
         </fn>
         <fn id="d10676e2509a1310">
            <label>144</label>
            <p>
               <mixed-citation id="d10676e2516" publication-type="other">
Olano, 113 S. Ct. at 1779.</mixed-citation>
            </p>
         </fn>
         <fn id="d10676e2524a1310">
            <label>145</label>
            <p>
               <mixed-citation id="d10676e2531" publication-type="other">
Id.</mixed-citation>
            </p>
            <p>
               <mixed-citation id="d10676e2537" publication-type="other">
United States v. Young, 470 U.S. 1, 7 (1985)</mixed-citation>
            </p>
         </fn>
         <fn id="d10676e2544a1310">
            <label>146</label>
            <p>
               <mixed-citation id="d10676e2551" publication-type="other">
Id.</mixed-citation>
            </p>
         </fn>
         <fn id="d10676e2558a1310">
            <label>147</label>
            <p>
               <mixed-citation id="d10676e2565" publication-type="other">
FED. R. CRIM. P. 52(b)</mixed-citation>
            </p>
            <p>
               <mixed-citation id="d10676e2571" publication-type="other">
supra notes 6-10</mixed-citation>
            </p>
         </fn>
         <fn id="d10676e2578a1310">
            <label>148</label>
            <p>
               <mixed-citation id="d10676e2587" publication-type="other">
Young, 470 U.S. at 15 n.12</mixed-citation>
            </p>
            <p>
               <mixed-citation id="d10676e2593" publication-type="other">
Id.</mixed-citation>
            </p>
            <p>
               <mixed-citation id="d10676e2600" publication-type="other">
FED. R. CRIM. P. (Preliminary Draft
1943)</mixed-citation>
            </p>
         </fn>
         <fn id="d10676e2610a1310">
            <label>149</label>
            <p>
               <mixed-citation id="d10676e2617" publication-type="other">
United States v. Frady, 456 U.S. 152, 164 (1982)</mixed-citation>
            </p>
            <p>
               <mixed-citation id="d10676e2623" publication-type="other">
supra note 20</mixed-citation>
            </p>
         </fn>
         <fn id="d10676e2630a1310">
            <label>150</label>
            <p>
               <mixed-citation id="d10676e2637" publication-type="other">
Young, 470 U.S. at 16.</mixed-citation>
            </p>
         </fn>
         <fn id="d10676e2645a1310">
            <label>151</label>
            <p>
               <mixed-citation id="d10676e2652" publication-type="other">
supra notes 140-42</mixed-citation>
            </p>
         </fn>
         <fn id="d10676e2659a1310">
            <label>152</label>
            <p>
               <mixed-citation id="d10676e2666" publication-type="other">
Frady, 456 U.S. at 163; Young, 470 U.S. at 15-16</mixed-citation>
            </p>
         </fn>
         <fn id="d10676e2673a1310">
            <label>153</label>
            <p>
               <mixed-citation id="d10676e2680" publication-type="other">
Frady, 456 U.S. at 163 n.14.</mixed-citation>
            </p>
         </fn>
         <fn id="d10676e2687a1310">
            <label>154</label>
            <p>
               <mixed-citation id="d10676e2694" publication-type="other">
supra part V.A.</mixed-citation>
            </p>
         </fn>
         <fn id="d10676e2701a1310">
            <label>155</label>
            <p>
               <mixed-citation id="d10676e2708" publication-type="other">
United States v. Olano, 113 S. Ct. 1770, 1779 (1993).</mixed-citation>
            </p>
         </fn>
         <fn id="d10676e2715a1310">
            <label>156</label>
            <p>
               <mixed-citation id="d10676e2722" publication-type="other">
Id. at 1778.</mixed-citation>
            </p>
         </fn>
         <fn id="d10676e2730a1310">
            <label>157</label>
            <p>
               <mixed-citation id="d10676e2737" publication-type="other">
Id. at 1780.</mixed-citation>
            </p>
         </fn>
         <fn id="d10676e2744a1310">
            <label>158</label>
            <p>
               <mixed-citation id="d10676e2751" publication-type="other">
Id.</mixed-citation>
            </p>
         </fn>
         <fn id="d10676e2758a1310">
            <label>159</label>
            <p>
               <mixed-citation id="d10676e2765" publication-type="other">
3A WRIGHT, supra note 33 § 856</mixed-citation>
            </p>
         </fn>
         <fn id="d10676e2772a1310">
            <label>160</label>
            <p>
               <mixed-citation id="d10676e2779" publication-type="other">
United States v. Young, 470 U.S. 1, 16 (1984)</mixed-citation>
            </p>
         </fn>
         <fn id="d10676e2786a1310">
            <label>161</label>
            <p>
               <mixed-citation id="d10676e2793" publication-type="other">
United States v. Robinson, 485 U.S. 25, 36-37 (1988) (Blackmun, J., concurring in
part and dissenting in part).</mixed-citation>
            </p>
         </fn>
         <fn id="d10676e2803a1310">
            <label>162</label>
            <p>
               <mixed-citation id="d10676e2810" publication-type="other">
Olano, 113 S. Ct. at 1780-81</mixed-citation>
            </p>
         </fn>
         <fn id="d10676e2818a1310">
            <label>163</label>
            <p>
               <mixed-citation id="d10676e2825" publication-type="other">
Id. at 1780.</mixed-citation>
            </p>
         </fn>
         <fn id="d10676e2832a1310">
            <label>164</label>
            <p>
               <mixed-citation id="d10676e2839" publication-type="other">
Id. at 1781.</mixed-citation>
            </p>
         </fn>
      </fn-group>
   </back>
</article>
