<article xmlns:xsi="http://www.w3.org/2001/XMLSchema-instance"
         xmlns:xlink="http://www.w3.org/1999/xlink"
         xmlns:mml="http://www.w3.org/1998/Math/MathML"
         dtd-version="1.0"
         article-type="research-article">
   <front>
      <journal-meta>
         <journal-id journal-id-type="jstor">jcrimlawcrim1973</journal-id>
         <journal-id journal-id-type="jstor">j100481</journal-id>
         <journal-title-group>
            <journal-title>The Journal of Criminal Law and Criminology (1973-)</journal-title>
         </journal-title-group>
         <publisher>
            <publisher-name>Northwestern University School of Law</publisher-name>
         </publisher>
         <issn pub-type="ppub">00914169</issn>
      </journal-meta>
      <article-meta>
         <article-id pub-id-type="jstor">1143919</article-id>
         <article-categories>
            <subj-group>
               <subject>Supreme Court Review</subject>
            </subj-group>
         </article-categories>
         <title-group>
            <article-title>Eighth Amendment. The Excessive Fines Clause</article-title>
         </title-group>
         <contrib-group>
            <contrib contrib-type="author">
               <string-name>
                  <given-names>David</given-names>
                  <surname>Lieber</surname>
               </string-name>
            </contrib>
         </contrib-group>
         <pub-date>
            <day>1</day>
            <month>1</month>
            <year>1994</year>
         
            <day>1</day>
            <month>4</month>
            <year>1994</year>
         </pub-date>
         <volume>84</volume>
         <issue>4</issue>
         <issue-id>i247857</issue-id>
         <fpage>805</fpage>
         <lpage>826</lpage>
         <page-range>805-826</page-range>
         <permissions>
            <copyright-statement>Copyright 1994 Northwestern University, School of Law</copyright-statement>
         </permissions>
         <self-uri xlink:href="http://www.jstor.org/stable/1143919"/>
         <custom-meta-group>
            <custom-meta>
               <meta-name>lang</meta-name>
               <meta-value>eng</meta-value>
            </custom-meta>
         </custom-meta-group>
      </article-meta>
   </front>
   <back>
      <fn-group>
         <title>[Footnotes]</title>
         <fn id="d10718e135a1310">
            <label>1</label>
            <p>
               <mixed-citation id="d10718e142" publication-type="partial">
113 S. Ct. 2801 (1993).</mixed-citation>
            </p>
         </fn>
         <fn id="d10718e149a1310">
            <label>2</label>
            <p>
               <mixed-citation id="d10718e156" publication-type="partial">
Id. at 2803.</mixed-citation>
            </p>
         </fn>
         <fn id="d10718e163a1310">
            <label>3</label>
            <p>
               <mixed-citation id="d10718e170" publication-type="other">
United States v. 508 Depot St., 964 F.2d 814, 817 (8th Cir. 1992)</mixed-citation>
            </p>
            <p>
               <mixed-citation id="d10718e176" publication-type="other">
Austin v. United States 113 S. Ct. 2801 (1993)</mixed-citation>
            </p>
         </fn>
         <fn id="d10718e183a1310">
            <label>4</label>
            <p>
               <mixed-citation id="d10718e190" publication-type="other">
United States v. 3639-2nd St., 869 F.2d 1093, 1095 (8th Cir. 1983)</mixed-citation>
            </p>
         </fn>
         <fn id="d10718e198a1310">
            <label>5</label>
            <p>
               <mixed-citation id="d10718e205" publication-type="other">
Id.</mixed-citation>
            </p>
         </fn>
         <fn id="d10718e212a1310">
            <label>6</label>
            <p>
               <mixed-citation id="d10718e219" publication-type="other">
21 U.S.C. § 881(e) (1992)</mixed-citation>
            </p>
         </fn>
         <fn id="d10718e226a1310">
            <label>7</label>
            <p>
               <mixed-citation id="d10718e233" publication-type="journal">
OFFICE OF NAT'L DRUG CONTROL POLICY, NATIONAL DRUG CONTROL STRATEGY 28
(Feb. 1991).<person-group>
                     <string-name>
                        <surname>Office of Nat'l Drug Control Policy</surname>
                     </string-name>
                  </person-group>
                  <issue>Feb.</issue>
                  <volume>28</volume>
                  <source>National Drug Control Strategy</source>
                  <year>1991</year>
               </mixed-citation>
            </p>
         </fn>
         <fn id="d10718e265a1310">
            <label>8</label>
            <p>
               <mixed-citation id="d10718e272" publication-type="journal">
Id.  </mixed-citation>
            </p>
         </fn>
         <fn id="d10718e281a1310">
            <label>9</label>
            <p>
               <mixed-citation id="d10718e288" publication-type="other">
Calero-Toledo v. Pearson Yacht Leasing Co., 416 U.S. 663, 680 (1974)</mixed-citation>
            </p>
         </fn>
         <fn id="d10718e295a1310">
            <label>10</label>
            <p>
               <mixed-citation id="d10718e302" publication-type="other">
Id. at 680-81.</mixed-citation>
            </p>
         </fn>
         <fn id="d10718e310a1310">
            <label>11</label>
            <p>
               <mixed-citation id="d10718e317" publication-type="other">
Id. at 681</mixed-citation>
            </p>
            <p>
               <mixed-citation id="d10718e323" publication-type="other">
Exodus
21 :28</mixed-citation>
            </p>
            <p>
               <mixed-citation id="d10718e332" publication-type="other">
1 WILLIAM BLACKSTONE, COMMENTARIES *300; 1 MATTHEW HALE, PLEAS OF THE
CROWN 419, 423-24 (1st Am. ed. 1847)</mixed-citation>
            </p>
            <p>
               <mixed-citation id="d10718e342" publication-type="book">
2 FREDERICK POLLOCK &amp; FREDERIC W.
MAITLAND, HISTORY OF ENGLISH LAW 473 (2d ed. 1909)<person-group>
                     <string-name>
                        <surname>Pollock</surname>
                     </string-name>
                  </person-group>
                  <edition>2</edition>
                  <volume>473</volume>
                  <source>History Of English Law</source>
                  <year>1909</year>
               </mixed-citation>
            </p>
            <p>
               <mixed-citation id="d10718e373" publication-type="book">
Law of Deodands 34 LAW MAG.
188, 189 (1845)<volume>188</volume>
                  <source>Law of Deodands 34 Law Mag</source>
                  <year>1845</year>
               </mixed-citation>
            </p>
            <p>
               <mixed-citation id="d10718e391" publication-type="book">
Jacob J. Finkelstein, The Goring Ox: Some Historical Perspectives on Deo-
dands, Forfeitures, Wrongful Death and the Western Notion of Sovereignty, 46 TEMP. L.Q. 169,
182 (1973)<person-group>
                     <string-name>
                        <surname>Finkelstein</surname>
                     </string-name>
                  </person-group>
                  <volume>169</volume>
                  <source>The Goring Ox: Some Historical Perspectives on Deodands, Forfeitures, Wrongful Death and the Western Notion of Sovereignty</source>
                  <year>1973</year>
               </mixed-citation>
            </p>
         </fn>
         <fn id="d10718e423a1310">
            <label>12</label>
            <p>
               <mixed-citation id="d10718e430" publication-type="book">
Id. at 682  <fpage>682</fpage>
               </mixed-citation>
            </p>
            <p>
               <mixed-citation id="d10718e441" publication-type="book">
3 WILLIAM S. HOLDSWORTH, HISTORY OF ENGLISH LAW 68-71 (3d
ed. 1927)<person-group>
                     <string-name>
                        <surname>Holdsworth</surname>
                     </string-name>
                  </person-group>
                  <edition>3</edition>
                  <volume>68</volume>
                  <source>History of English Law</source>
                  <year>1927</year>
               </mixed-citation>
            </p>
            <p>
               <mixed-citation id="d10718e472" publication-type="book">
1 FREDERICK POLLOCK &amp; FREDERIC W. MAITLAND, HISTORY OF ENGLISH LAW
351 (2d ed. 1909)<person-group>
                     <string-name>
                        <surname>Pollock</surname>
                     </string-name>
                  </person-group>
                  <edition>2</edition>
                  <volume>351</volume>
                  <source>History of English Law</source>
                  <year>1909</year>
               </mixed-citation>
            </p>
         </fn>
         <fn id="d10718e504a1310">
            <label>13</label>
            <p>
               <mixed-citation id="d10718e511" publication-type="book">
Id.  </mixed-citation>
            </p>
         </fn>
         <fn id="d10718e520a1310">
            <label>14</label>
            <p>
               <mixed-citation id="d10718e527" publication-type="book">
Id.  </mixed-citation>
            </p>
         </fn>
         <fn id="d10718e536a1310">
            <label>15</label>
            <p>
               <mixed-citation id="d10718e543" publication-type="book">
Id. at 683  <fpage>683</fpage>
               </mixed-citation>
            </p>
            <p>
               <mixed-citation id="d10718e554" publication-type="other">
3 WILLIAM BLACKSTONE, COMMENTARIES *261-62</mixed-citation>
            </p>
            <p>
               <mixed-citation id="d10718e560" publication-type="other">
C.J. Hendry
Co. v. Moore, 318 U.S. 133, 137-38 (1943)</mixed-citation>
            </p>
         </fn>
         <fn id="d10718e570a1310">
            <label>16</label>
            <p>
               <mixed-citation id="d10718e577" publication-type="other">
Id. at 683</mixed-citation>
            </p>
            <p>
               <mixed-citation id="d10718e583" publication-type="other">
Act of July 31, 1789, §§ 12, 36, 1 Stat. 39, 47</mixed-citation>
            </p>
            <p>
               <mixed-citation id="d10718e589" publication-type="other">
Act of Aug. 4, 1790,
§§ 13, 22, 27, 28, 67, 1 Stat. 157, 161, 163, 176)</mixed-citation>
            </p>
         </fn>
         <fn id="d10718e600a1310">
            <label>17</label>
            <p>
               <mixed-citation id="d10718e607" publication-type="other">
Id.</mixed-citation>
            </p>
         </fn>
         <fn id="d10718e614a1310">
            <label>18</label>
            <p>
               <mixed-citation id="d10718e621" publication-type="other">
Id. at 663.</mixed-citation>
            </p>
         </fn>
         <fn id="d10718e628a1310">
            <label>19</label>
            <p>
               <mixed-citation id="d10718e635" publication-type="other">
Id. 676-77.</mixed-citation>
            </p>
         </fn>
         <fn id="d10718e642a1310">
            <label>20</label>
            <p>
               <mixed-citation id="d10718e649" publication-type="other">
Id. at 683-86.</mixed-citation>
            </p>
         </fn>
         <fn id="d10718e656a1310">
            <label>21</label>
            <p>
               <mixed-citation id="d10718e663" publication-type="partial">
25 U.S. (12 Wheat.) 1 (1827).</mixed-citation>
            </p>
         </fn>
         <fn id="d10718e670a1310">
            <label>22</label>
            <p>
               <mixed-citation id="d10718e677" publication-type="partial">
43 U.S. (2 How.) 210 (1844).</mixed-citation>
            </p>
         </fn>
         <fn id="d10718e685a1310">
            <label>23</label>
            <p>
               <mixed-citation id="d10718e692" publication-type="book">
Palmyra, 25 U.S. (12 Wheat.) at 14<fpage>14</fpage>
                  <volume>25</volume>
                  <source>Palmyra</source>
               </mixed-citation>
            </p>
            <p>
               <mixed-citation id="d10718e707" publication-type="book">
Brig Malek Adhel, 43 U.S. (2 How.) at 237<fpage>237</fpage>
                  <volume>43</volume>
                  <source>Brig Malek Adhel</source>
               </mixed-citation>
            </p>
         </fn>
         <fn id="d10718e723a1310">
            <label>24</label>
            <p>
               <mixed-citation id="d10718e730" publication-type="other">
Calero-Toledo v. Pearson Yacht Leasing Co., 416 U.S. 663, 687-88 (1974).</mixed-citation>
            </p>
         </fn>
         <fn id="d10718e737a1310">
            <label>25</label>
            <p>
               <mixed-citation id="d10718e744" publication-type="other">
Id. at 689.</mixed-citation>
            </p>
         </fn>
         <fn id="d10718e751a1310">
            <label>26</label>
            <p>
               <mixed-citation id="d10718e758" publication-type="other">
United States v. James Good Real Property, No. 92-1180, 1993 U.S. LEXIS
7941, at *23-*24 (Dec. 13, 1993)</mixed-citation>
            </p>
         </fn>
         <fn id="d10718e768a1310">
            <label>27</label>
            <p>
               <mixed-citation id="d10718e775" publication-type="other">
U.S. CONST. amend. VIII</mixed-citation>
            </p>
         </fn>
         <fn id="d10718e782a1310">
            <label>28</label>
            <p>
               <mixed-citation id="d10718e789" publication-type="other">
Browning-Ferris Indus. of Vermont v. Kelco Disposal, Inc., 492 U.S. 257
(1989)</mixed-citation>
            </p>
         </fn>
         <fn id="d10718e800a1310">
            <label>29</label>
            <p>
               <mixed-citation id="d10718e807" publication-type="other">
Id. at 262.</mixed-citation>
            </p>
         </fn>
         <fn id="d10718e814a1310">
            <label>30</label>
            <p>
               <mixed-citation id="d10718e821" publication-type="other">
Id. at 264 n.4.</mixed-citation>
            </p>
         </fn>
         <fn id="d10718e828a1310">
            <label>31</label>
            <p>
               <mixed-citation id="d10718e835" publication-type="other">
Id. at 266.</mixed-citation>
            </p>
         </fn>
         <fn id="d10718e842a1310">
            <label>32</label>
            <p>
               <mixed-citation id="d10718e849" publication-type="other">
Id. at 267.</mixed-citation>
            </p>
         </fn>
         <fn id="d10718e856a1310">
            <label>33</label>
            <p>
               <mixed-citation id="d10718e863" publication-type="other">
Kennedy v. Mendoza-Martinez, 372 U.S. 144 (1963)</mixed-citation>
            </p>
         </fn>
         <fn id="d10718e870a1310">
            <label>34</label>
            <p>
               <mixed-citation id="d10718e877" publication-type="other">
Id. at 168.</mixed-citation>
            </p>
         </fn>
         <fn id="d10718e885a1310">
            <label>35</label>
            <p>
               <mixed-citation id="d10718e892" publication-type="other">
United States v. Halper, 490 U.S. 435 (1989)</mixed-citation>
            </p>
         </fn>
         <fn id="d10718e899a1310">
            <label>36</label>
            <p>
               <mixed-citation id="d10718e906" publication-type="other">
Id.</mixed-citation>
            </p>
         </fn>
         <fn id="d10718e913a1310">
            <label>37</label>
            <p>
               <mixed-citation id="d10718e920" publication-type="other">
Id. at 437.</mixed-citation>
            </p>
         </fn>
         <fn id="d10718e927a1310">
            <label>38</label>
            <p>
               <mixed-citation id="d10718e934" publication-type="other">
Id. at 438.</mixed-citation>
            </p>
         </fn>
         <fn id="d10718e941a1310">
            <label>39</label>
            <p>
               <mixed-citation id="d10718e948" publication-type="other">
Id.</mixed-citation>
            </p>
         </fn>
         <fn id="d10718e955a1310">
            <label>40</label>
            <p>
               <mixed-citation id="d10718e962" publication-type="other">
Id. at 448-49.</mixed-citation>
            </p>
         </fn>
         <fn id="d10718e970a1310">
            <label>41</label>
            <p>
               <mixed-citation id="d10718e977" publication-type="other">
Id. at 447-48.</mixed-citation>
            </p>
            <p>
               <mixed-citation id="d10718e983" publication-type="other">
U.S. CONST. amend. VI</mixed-citation>
            </p>
            <p>
               <mixed-citation id="d10718e989" publication-type="other">
U.S. CONST. amend. V</mixed-citation>
            </p>
            <p>
               <mixed-citation id="d10718e996" publication-type="other">
U.S.
CONST. amend. VIII</mixed-citation>
            </p>
         </fn>
         <fn id="d10718e1006a1310">
            <label>42</label>
            <p>
               <mixed-citation id="d10718e1013" publication-type="other">
Id. at 448.</mixed-citation>
            </p>
         </fn>
         <fn id="d10718e1020a1310">
            <label>43</label>
            <p>
               <mixed-citation id="d10718e1027" publication-type="partial">
954 F.2d 29 (2d Cir. 1992).</mixed-citation>
            </p>
         </fn>
         <fn id="d10718e1034a1310">
            <label>44</label>
            <p>
               <mixed-citation id="d10718e1041" publication-type="partial">
Id. at 35-38.</mixed-citation>
            </p>
         </fn>
         <fn id="d10718e1048a1310">
            <label>45</label>
            <p>
               <mixed-citation id="d10718e1055" publication-type="partial">
Id. at 35.</mixed-citation>
            </p>
         </fn>
         <fn id="d10718e1062a1310">
            <label>46</label>
            <p>
               <mixed-citation id="d10718e1069" publication-type="partial">
Id. at 31-32, 38-39</mixed-citation>
            </p>
         </fn>
         <fn id="d10718e1077a1310">
            <label>47</label>
            <p>
               <mixed-citation id="d10718e1084" publication-type="partial">
884 F.2d 41 (1st Cir. 1989).</mixed-citation>
            </p>
         </fn>
         <fn id="d10718e1091a1310">
            <label>48</label>
            <p>
               <mixed-citation id="d10718e1098" publication-type="partial">
Id. at 43.</mixed-citation>
            </p>
         </fn>
         <fn id="d10718e1105a1310">
            <label>49</label>
            <p>
               <mixed-citation id="d10718e1112" publication-type="partial">
Id.</mixed-citation>
            </p>
         </fn>
         <fn id="d10718e1119a1310">
            <label>50</label>
            <p>
               <mixed-citation id="d10718e1126" publication-type="other">
United States v. Santoro, 866 F.2d 1538, 1543-44 (4th Cir. 1989).</mixed-citation>
            </p>
         </fn>
         <fn id="d10718e1133a1310">
            <label>51</label>
            <p>
               <mixed-citation id="d10718e1140" publication-type="other">
United States v. One 107.9 Acre Parcel, 898 F.2d 396, 401 (3d Cir. 1990)</mixed-citation>
            </p>
         </fn>
         <fn id="d10718e1147a1310">
            <label>52</label>
            <p>
               <mixed-citation id="d10718e1154" publication-type="other">
United States v. 300 Cove Road, 861 F.2d 232 (9th Cir. 1988).</mixed-citation>
            </p>
         </fn>
         <fn id="d10718e1162a1310">
            <label>53</label>
            <p>
               <mixed-citation id="d10718e1169" publication-type="other">
Id. at 234-35.</mixed-citation>
            </p>
         </fn>
         <fn id="d10718e1176a1310">
            <label>54</label>
            <p>
               <mixed-citation id="d10718e1183" publication-type="other">
Id.</mixed-citation>
            </p>
         </fn>
         <fn id="d10718e1190a1310">
            <label>55</label>
            <p>
               <mixed-citation id="d10718e1197" publication-type="other">
Brief for The United States at 4, Austin v. United States, 113 S. Ct. 2801 (1993)
(No. 92-6073).</mixed-citation>
            </p>
         </fn>
         <fn id="d10718e1207a1310">
            <label>56</label>
            <p>
               <mixed-citation id="d10718e1214" publication-type="other">
Id. at 4-5.</mixed-citation>
            </p>
         </fn>
         <fn id="d10718e1221a1310">
            <label>57</label>
            <p>
               <mixed-citation id="d10718e1228" publication-type="other">
Id.</mixed-citation>
            </p>
         </fn>
         <fn id="d10718e1235a1310">
            <label>58</label>
            <p>
               <mixed-citation id="d10718e1242" publication-type="other">
Brief for Petitioner at 5, Austin v. United States, 113 S. Ct. 2801 (1993) (No. 92-
6073).</mixed-citation>
            </p>
         </fn>
         <fn id="d10718e1253a1310">
            <label>59</label>
            <p>
               <mixed-citation id="d10718e1260" publication-type="other">
United States v. 508 Depot Street, 964 F.2d 814, 815-16 (8th Cir. 1992)</mixed-citation>
            </p>
            <p>
               <mixed-citation id="d10718e1266" publication-type="other">
Austin v. United States, 113 S. Ct. 2801 (1993)</mixed-citation>
            </p>
         </fn>
         <fn id="d10718e1273a1310">
            <label>60</label>
            <p>
               <mixed-citation id="d10718e1280" publication-type="other">
Id.</mixed-citation>
            </p>
         </fn>
         <fn id="d10718e1287a1310">
            <label>61</label>
            <p>
               <mixed-citation id="d10718e1294" publication-type="book">
Brief for Petitioner at 5-6, Austin (No. 92-6073).<person-group>
                     <string-name>
                        <surname>Brief for Petitioner</surname>
                     </string-name>
                  </person-group>
                  <fpage>5</fpage>
                  <source>Austin</source>
               </mixed-citation>
            </p>
         </fn>
         <fn id="d10718e1316a1310">
            <label>62</label>
            <p>
               <mixed-citation id="d10718e1323" publication-type="book">
Id. at 6.  <fpage>6</fpage>
               </mixed-citation>
            </p>
         </fn>
         <fn id="d10718e1335a1310">
            <label>63</label>
            <p>
               <mixed-citation id="d10718e1342" publication-type="book">
Id.  </mixed-citation>
            </p>
         </fn>
         <fn id="d10718e1351a1310">
            <label>64</label>
            <p>
               <mixed-citation id="d10718e1360" publication-type="partial">
21 U.S.C. § 881(a) (1992)</mixed-citation>
            </p>
         </fn>
         <fn id="d10718e1368a1310">
            <label>65</label>
            <p>
               <mixed-citation id="d10718e1375" publication-type="book">
Brief for Petitioner at 3-4, Austin (No. 92-6073).<person-group>
                     <string-name>
                        <surname>Brief</surname>
                     </string-name>
                  </person-group>
                  <fpage>3</fpage>
                  <source>Austin</source>
               </mixed-citation>
            </p>
         </fn>
         <fn id="d10718e1397a1310">
            <label>66</label>
            <p>
               <mixed-citation id="d10718e1404" publication-type="other">
United States v. 508 Depot Street, 964 F.2d 814, 816 (8th Cir. 1992)</mixed-citation>
            </p>
            <p>
               <mixed-citation id="d10718e1410" publication-type="other">
Austin v. United States, 113 S. Ct. 2801 (1993)</mixed-citation>
            </p>
         </fn>
         <fn id="d10718e1417a1310">
            <label>67</label>
            <p>
               <mixed-citation id="d10718e1424" publication-type="other">
Id. at 816-17.</mixed-citation>
            </p>
         </fn>
         <fn id="d10718e1431a1310">
            <label>68</label>
            <p>
               <mixed-citation id="d10718e1438" publication-type="book">
Brief for Petitioner at 6-7, Austin (No. 92-6073).<person-group>
                     <string-name>
                        <surname>Brief</surname>
                     </string-name>
                  </person-group>
                  <fpage>6</fpage>
                  <source>Austin</source>
               </mixed-citation>
            </p>
         </fn>
         <fn id="d10718e1460a1310">
            <label>69</label>
            <p>
               <mixed-citation id="d10718e1467" publication-type="partial">
508 Depot Street, 964 F.2d at 816-17.</mixed-citation>
            </p>
         </fn>
         <fn id="d10718e1474a1310">
            <label>70</label>
            <p>
               <mixed-citation id="d10718e1481" publication-type="partial">
Id. at 817.</mixed-citation>
            </p>
         </fn>
         <fn id="d10718e1489a1310">
            <label>71</label>
            <p>
               <mixed-citation id="d10718e1496" publication-type="partial">
Id.</mixed-citation>
            </p>
         </fn>
         <fn id="d10718e1503a1310">
            <label>72</label>
            <p>
               <mixed-citation id="d10718e1510" publication-type="partial">
Id.</mixed-citation>
            </p>
         </fn>
         <fn id="d10718e1517a1310">
            <label>73</label>
            <p>
               <mixed-citation id="d10718e1524" publication-type="partial">
Id.</mixed-citation>
            </p>
         </fn>
         <fn id="d10718e1531a1310">
            <label>74</label>
            <p>
               <mixed-citation id="d10718e1538" publication-type="partial">
Id.</mixed-citation>
            </p>
         </fn>
         <fn id="d10718e1545a1310">
            <label>75</label>
            <p>
               <mixed-citation id="d10718e1552" publication-type="partial">
Id.</mixed-citation>
            </p>
            <p>
               <mixed-citation id="d10718e1558" publication-type="other">
United States v. Tax Lot 1500, 861 F.2d 232, 234 (9th Cir. 1988)</mixed-citation>
            </p>
            <p>
               <mixed-citation id="d10718e1564" publication-type="partial">
493 U.S. 954 (1989)</mixed-citation>
            </p>
         </fn>
         <fn id="d10718e1571a1310">
            <label>76</label>
            <p>
               <mixed-citation id="d10718e1578" publication-type="partial">
Id. at 817-18.</mixed-citation>
            </p>
         </fn>
         <fn id="d10718e1586a1310">
            <label>77</label>
            <p>
               <mixed-citation id="d10718e1593" publication-type="partial">
Id. at 818.</mixed-citation>
            </p>
         </fn>
         <fn id="d10718e1600a1310">
            <label>78</label>
            <p>
               <mixed-citation id="d10718e1607" publication-type="partial">
Id.</mixed-citation>
            </p>
         </fn>
         <fn id="d10718e1614a1310">
            <label>79</label>
            <p>
               <mixed-citation id="d10718e1621" publication-type="partial">
Id.</mixed-citation>
            </p>
            <p>
               <mixed-citation id="d10718e1627" publication-type="other">
Browning-Ferris Indus. v. Kelco Disposal, Inc., 492 U.S. 257, 266
(1989)</mixed-citation>
            </p>
         </fn>
         <fn id="d10718e1637a1310">
            <label>80</label>
            <p>
               <mixed-citation id="d10718e1644" publication-type="other">
Id.</mixed-citation>
            </p>
         </fn>
         <fn id="d10718e1651a1310">
            <label>81</label>
            <p>
               <mixed-citation id="d10718e1658" publication-type="other">
Austin v. United States, 113 S. Ct. 1036 (1993).</mixed-citation>
            </p>
         </fn>
         <fn id="d10718e1665a1310">
            <label>82</label>
            <p>
               <mixed-citation id="d10718e1672" publication-type="other">
Austin v. United States, 113 S. Ct. 2801, 2803 (1993).</mixed-citation>
            </p>
         </fn>
         <fn id="d10718e1680a1310">
            <label>84</label>
            <p>
               <mixed-citation id="d10718e1687" publication-type="other">
Austin, 113 S. Ct. at 2804 (citing Browning-Ferris Indus. v. Kelco Disposal, Inc.,</mixed-citation>
            </p>
            <p>
               <mixed-citation id="d10718e1693" publication-type="other">
Browning-Ferris Indus. v. Kelco Disposal, Inc.,
492 U.S. 257 (1989)</mixed-citation>
            </p>
         </fn>
         <fn id="d10718e1703a1310">
            <label>85</label>
            <p>
               <mixed-citation id="d10718e1710" publication-type="other">
Id.</mixed-citation>
            </p>
         </fn>
         <fn id="d10718e1717a1310">
            <label>86</label>
            <p>
               <mixed-citation id="d10718e1724" publication-type="other">
Id.</mixed-citation>
            </p>
            <p>
               <mixed-citation id="d10718e1730" publication-type="other">
Browning-Ferris, 492 U.S. at 268</mixed-citation>
            </p>
         </fn>
         <fn id="d10718e1737a1310">
            <label>87</label>
            <p>
               <mixed-citation id="d10718e1744" publication-type="other">
Id. at 2806.</mixed-citation>
            </p>
         </fn>
         <fn id="d10718e1751a1310">
            <label>88</label>
            <p>
               <mixed-citation id="d10718e1758" publication-type="other">
Id. at 2805.</mixed-citation>
            </p>
         </fn>
         <fn id="d10718e1765a1310">
            <label>89</label>
            <p>
               <mixed-citation id="d10718e1772" publication-type="other">
Id. at 2806.</mixed-citation>
            </p>
         </fn>
         <fn id="d10718e1780a1310">
            <label>90</label>
            <p>
               <mixed-citation id="d10718e1787" publication-type="other">
Id. at 2806-07.</mixed-citation>
            </p>
         </fn>
         <fn id="d10718e1794a1310">
            <label>91</label>
            <p>
               <mixed-citation id="d10718e1801" publication-type="other">
Id. at 2806.</mixed-citation>
            </p>
         </fn>
         <fn id="d10718e1808a1310">
            <label>92</label>
            <p>
               <mixed-citation id="d10718e1815" publication-type="other">
Id. at 2807.</mixed-citation>
            </p>
         </fn>
         <fn id="d10718e1822a1310">
            <label>93</label>
            <p>
               <mixed-citation id="d10718e1829" publication-type="other">
Id. at 2806-07.</mixed-citation>
            </p>
         </fn>
         <fn id="d10718e1836a1310">
            <label>94</label>
            <p>
               <mixed-citation id="d10718e1843" publication-type="other">
Id. at 2807-08.</mixed-citation>
            </p>
         </fn>
         <fn id="d10718e1850a1310">
            <label>95</label>
            <p>
               <mixed-citation id="d10718e1857" publication-type="other">
Id.</mixed-citation>
            </p>
            <p>
               <mixed-citation id="d10718e1863" publication-type="other">
Act of July 31, 1789, § 12, 1 Stat. 39</mixed-citation>
            </p>
         </fn>
         <fn id="d10718e1871a1310">
            <label>96</label>
            <p>
               <mixed-citation id="d10718e1878" publication-type="other">
Id. at 2808-09.</mixed-citation>
            </p>
         </fn>
         <fn id="d10718e1885a1310">
            <label>97</label>
            <p>
               <mixed-citation id="d10718e1892" publication-type="other">
Id. at 2809-10.</mixed-citation>
            </p>
         </fn>
         <fn id="d10718e1899a1310">
            <label>98</label>
            <p>
               <mixed-citation id="d10718e1906" publication-type="other">
Id. at 2809</mixed-citation>
            </p>
            <p>
               <mixed-citation id="d10718e1912" publication-type="other">
Goldsmith-Grant Co. v. United States, 254 U.S. 505, 512 (1921)</mixed-citation>
            </p>
            <p>
               <mixed-citation id="d10718e1918" publication-type="other">
Calero-Toledo v. Pearson Yacht Leasing Co., 416 U.S. 663, 689-90 (1974)</mixed-citation>
            </p>
         </fn>
         <fn id="d10718e1925a1310">
            <label>99</label>
            <p>
               <mixed-citation id="d10718e1932" publication-type="other">
Id. at 2809 n.10.</mixed-citation>
            </p>
         </fn>
         <fn id="d10718e1939a1310">
            <label>100</label>
            <p>
               <mixed-citation id="d10718e1946" publication-type="other">
Id. at 2810.</mixed-citation>
            </p>
         </fn>
         <fn id="d10718e1953a1310">
            <label>101</label>
            <p>
               <mixed-citation id="d10718e1960" publication-type="other">
Id. at 2810-11.</mixed-citation>
            </p>
         </fn>
         <fn id="d10718e1968a1310">
            <label>102</label>
            <p>
               <mixed-citation id="d10718e1975" publication-type="other">
Id. at 2811</mixed-citation>
            </p>
            <p>
               <mixed-citation id="d10718e1981" publication-type="other">
S. REP. No. 225, 98th Cong., 1st Sess. 191, 195 (1983)</mixed-citation>
            </p>
         </fn>
         <fn id="d10718e1988a1310">
            <label>103</label>
            <p>
               <mixed-citation id="d10718e1995" publication-type="other">
Id.</mixed-citation>
            </p>
         </fn>
         <fn id="d10718e2002a1310">
            <label>104</label>
            <p>
               <mixed-citation id="d10718e2009" publication-type="other">
Id. at 2811-12.</mixed-citation>
            </p>
         </fn>
         <fn id="d10718e2016a1310">
            <label>105</label>
            <p>
               <mixed-citation id="d10718e2023" publication-type="other">
Id. at 2812.</mixed-citation>
            </p>
         </fn>
         <fn id="d10718e2030a1310">
            <label>106</label>
            <p>
               <mixed-citation id="d10718e2037" publication-type="other">
Id.</mixed-citation>
            </p>
         </fn>
         <fn id="d10718e2044a1310">
            <label>107</label>
            <p>
               <mixed-citation id="d10718e2051" publication-type="other">
Id.</mixed-citation>
            </p>
            <p>
               <mixed-citation id="d10718e2057" publication-type="other">
Browning-Ferris Indus. v. Kelco Disposal, Inc., 492 U.S. 257, 265
(1989)</mixed-citation>
            </p>
         </fn>
         <fn id="d10718e2068a1310">
            <label>108</label>
            <p>
               <mixed-citation id="d10718e2075" publication-type="other">
Id.</mixed-citation>
            </p>
         </fn>
         <fn id="d10718e2082a1310">
            <label>109</label>
            <p>
               <mixed-citation id="d10718e2089" publication-type="other">
Id. at 2813 (Scalia, J., concurring).</mixed-citation>
            </p>
         </fn>
         <fn id="d10718e2096a1310">
            <label>110</label>
            <p>
               <mixed-citation id="d10718e2103" publication-type="other">
Id.</mixed-citation>
            </p>
         </fn>
         <fn id="d10718e2110a1310">
            <label>111</label>
            <p>
               <mixed-citation id="d10718e2117" publication-type="other">
Id.</mixed-citation>
            </p>
         </fn>
         <fn id="d10718e2124a1310">
            <label>112</label>
            <p>
               <mixed-citation id="d10718e2131" publication-type="other">
Id. at 2813-14</mixed-citation>
            </p>
         </fn>
         <fn id="d10718e2138a1310">
            <label>113</label>
            <p>
               <mixed-citation id="d10718e2145" publication-type="other">
Id. at 2814</mixed-citation>
            </p>
         </fn>
         <fn id="d10718e2153a1310">
            <label>114</label>
            <p>
               <mixed-citation id="d10718e2160" publication-type="other">
Id.</mixed-citation>
            </p>
         </fn>
         <fn id="d10718e2167a1310">
            <label>115</label>
            <p>
               <mixed-citation id="d10718e2174" publication-type="other">
Id.</mixed-citation>
            </p>
         </fn>
         <fn id="d10718e2181a1310">
            <label>116</label>
            <p>
               <mixed-citation id="d10718e2188" publication-type="other">
Id.</mixed-citation>
            </p>
         </fn>
         <fn id="d10718e2195a1310">
            <label>117</label>
            <p>
               <mixed-citation id="d10718e2202" publication-type="other">
Id.</mixed-citation>
            </p>
         </fn>
         <fn id="d10718e2209a1310">
            <label>118</label>
            <p>
               <mixed-citation id="d10718e2216" publication-type="other">
Id.</mixed-citation>
            </p>
         </fn>
         <fn id="d10718e2223a1310">
            <label>119</label>
            <p>
               <mixed-citation id="d10718e2230" publication-type="other">
Id. at 2814-15</mixed-citation>
            </p>
         </fn>
         <fn id="d10718e2238a1310">
            <label>120</label>
            <p>
               <mixed-citation id="d10718e2245" publication-type="other">
Id. at 2815</mixed-citation>
            </p>
         </fn>
         <fn id="d10718e2252a1310">
            <label>121</label>
            <p>
               <mixed-citation id="d10718e2259" publication-type="other">
Id.</mixed-citation>
            </p>
         </fn>
         <fn id="d10718e2266a1310">
            <label>122</label>
            <p>
               <mixed-citation id="d10718e2273" publication-type="other">
Id.</mixed-citation>
            </p>
         </fn>
         <fn id="d10718e2280a1310">
            <label>124</label>
            <p>
               <mixed-citation id="d10718e2287" publication-type="other">
Id.</mixed-citation>
            </p>
         </fn>
         <fn id="d10718e2294a1310">
            <label>125</label>
            <p>
               <mixed-citation id="d10718e2301" publication-type="other">
Id. at 2815-16</mixed-citation>
            </p>
         </fn>
         <fn id="d10718e2308a1310">
            <label>126</label>
            <p>
               <mixed-citation id="d10718e2315" publication-type="other">
Id. at 2816</mixed-citation>
            </p>
         </fn>
         <fn id="d10718e2323a1310">
            <label>127</label>
            <p>
               <mixed-citation id="d10718e2330" publication-type="other">
Id.</mixed-citation>
            </p>
         </fn>
         <fn id="d10718e2337a1310">
            <label>128</label>
            <p>
               <mixed-citation id="d10718e2344" publication-type="other">
United States v. Halper, 490 U.S. 435 (1989).</mixed-citation>
            </p>
         </fn>
         <fn id="d10718e2351a1310">
            <label>129</label>
            <p>
               <mixed-citation id="d10718e2358" publication-type="other">
Browning-Ferris Indus. v. Kelco Disposal, Inc., 492 U.S. 257 (1989).</mixed-citation>
            </p>
         </fn>
         <fn id="d10718e2365a1310">
            <label>130</label>
            <p>
               <mixed-citation id="d10718e2372" publication-type="book">
Halper, 490 U.S. at 448.<fpage>448</fpage>
                  <volume>490</volume>
                  <source>Halper</source>
               </mixed-citation>
            </p>
         </fn>
         <fn id="d10718e2388a1310">
            <label>131</label>
            <p>
               <mixed-citation id="d10718e2395" publication-type="other">
Kennedy v. Mendoza-Martinez, 372 U.S. 144, 169 (1963)</mixed-citation>
            </p>
         </fn>
         <fn id="d10718e2402a1310">
            <label>132</label>
            <p>
               <mixed-citation id="d10718e2409" publication-type="other">
Halper, 490 U.S. at 448.</mixed-citation>
            </p>
         </fn>
         <fn id="d10718e2417a1310">
            <label>133</label>
            <p>
               <mixed-citation id="d10718e2424" publication-type="other">
Id.</mixed-citation>
            </p>
         </fn>
         <fn id="d10718e2431a1310">
            <label>134</label>
            <p>
               <mixed-citation id="d10718e2438" publication-type="other">
Id. at 452-53</mixed-citation>
            </p>
         </fn>
         <fn id="d10718e2445a1310">
            <label>135</label>
            <p>
               <mixed-citation id="d10718e2452" publication-type="other">
Id. at 453</mixed-citation>
            </p>
         </fn>
         <fn id="d10718e2459a1310">
            <label>136</label>
            <p>
               <mixed-citation id="d10718e2466" publication-type="other">
Austin v. United States, 113 S. Ct. 2801, 2811-12 (1993).</mixed-citation>
            </p>
         </fn>
         <fn id="d10718e2473a1310">
            <label>137</label>
            <p>
               <mixed-citation id="d10718e2480" publication-type="other">
Id. at 2112.</mixed-citation>
            </p>
         </fn>
         <fn id="d10718e2487a1310">
            <label>138</label>
            <p>
               <mixed-citation id="d10718e2494" publication-type="other">
Id. at 2812.</mixed-citation>
            </p>
         </fn>
         <fn id="d10718e2502a1310">
            <label>139</label>
            <p>
               <mixed-citation id="d10718e2509" publication-type="other">
Browning-Ferris Indus. v. Kelco Disposal, Inc., 492 U.S. 257, 263-64 (1989).</mixed-citation>
            </p>
         </fn>
         <fn id="d10718e2516a1310">
            <label>140</label>
            <p>
               <mixed-citation id="d10718e2523" publication-type="other">
Id. at 287</mixed-citation>
            </p>
         </fn>
         <fn id="d10718e2530a1310">
            <label>141</label>
            <p>
               <mixed-citation id="d10718e2537" publication-type="other">
Id. at 266.</mixed-citation>
            </p>
         </fn>
         <fn id="d10718e2544a1310">
            <label>142</label>
            <p>
               <mixed-citation id="d10718e2551" publication-type="other">
Id. at 262</mixed-citation>
            </p>
         </fn>
         <fn id="d10718e2558a1310">
            <label>143</label>
            <p>
               <mixed-citation id="d10718e2565" publication-type="other">
Id. at 263.</mixed-citation>
            </p>
         </fn>
         <fn id="d10718e2572a1310">
            <label>144</label>
            <p>
               <mixed-citation id="d10718e2579" publication-type="other">
Id. at 265.</mixed-citation>
            </p>
         </fn>
         <fn id="d10718e2587a1310">
            <label>145</label>
            <p>
               <mixed-citation id="d10718e2594" publication-type="other">
Id. at 275.</mixed-citation>
            </p>
         </fn>
         <fn id="d10718e2601a1310">
            <label>146</label>
            <p>
               <mixed-citation id="d10718e2608" publication-type="other">
Austin v. United States, 113 S. Ct. 2801, 2813-14 (1993) (Scalia, J., concurring).</mixed-citation>
            </p>
         </fn>
         <fn id="d10718e2615a1310">
            <label>148</label>
            <p>
               <mixed-citation id="d10718e2622" publication-type="other">
Id. at 2806-10.</mixed-citation>
            </p>
         </fn>
         <fn id="d10718e2629a1310">
            <label>148</label>
            <p>
               <mixed-citation id="d10718e2636" publication-type="other">
United States v. 508 Depot Street, 964 F.2d 814, 817 (1992)</mixed-citation>
            </p>
            <p>
               <mixed-citation id="d10718e2642" publication-type="other">
Austin
v. United States, 113 S. Ct. 2801 (1993)</mixed-citation>
            </p>
         </fn>
         <fn id="d10718e2652a1310">
            <label>149</label>
            <p>
               <mixed-citation id="d10718e2659" publication-type="other">
Id.</mixed-citation>
            </p>
         </fn>
         <fn id="d10718e2666a1310">
            <label>150</label>
            <p>
               <mixed-citation id="d10718e2673" publication-type="other">
Austin, 113 S. Ct at 2809.</mixed-citation>
            </p>
         </fn>
         <fn id="d10718e2681a1310">
            <label>151</label>
            <p>
               <mixed-citation id="d10718e2688" publication-type="other">
Id. at 2809-10.</mixed-citation>
            </p>
         </fn>
         <fn id="d10718e2695a1310">
            <label>152</label>
            <p>
               <mixed-citation id="d10718e2702" publication-type="other">
Id. at 2813-14</mixed-citation>
            </p>
         </fn>
         <fn id="d10718e2709a1310">
            <label>153</label>
            <p>
               <mixed-citation id="d10718e2716" publication-type="partial">
21 U.S.C. §§ 881(a)(4), (7) (1992)</mixed-citation>
            </p>
            <p>
               <mixed-citation id="d10718e2722" publication-type="partial">
supra note 64</mixed-citation>
            </p>
         </fn>
         <fn id="d10718e2729a1310">
            <label>154</label>
            <p>
               <mixed-citation id="d10718e2736" publication-type="partial">
Id. at 2810 n.12.</mixed-citation>
            </p>
         </fn>
         <fn id="d10718e2743a1310">
            <label>155</label>
            <p>
               <mixed-citation id="d10718e2750" publication-type="partial">
Id. at 2814 n.</mixed-citation>
            </p>
         </fn>
         <fn id="d10718e2757a1310">
            <label>156</label>
            <p>
               <mixed-citation id="d10718e2764" publication-type="partial">
Id. at 2812.</mixed-citation>
            </p>
         </fn>
         <fn id="d10718e2772a1310">
            <label>157</label>
            <p>
               <mixed-citation id="d10718e2779" publication-type="partial">
463 U.S. 277 (1983)</mixed-citation>
            </p>
            <p>
               <mixed-citation id="d10718e2785" publication-type="other">
Brief for Petitioner at 9, Austin v. United States, 113
S. Ct. 2801 (1993) (No. 92-6073)</mixed-citation>
            </p>
         </fn>
         <fn id="d10718e2795a1310">
            <label>158</label>
            <p>
               <mixed-citation id="d10718e2802" publication-type="other">
Solem, 463 U.S. at 290.</mixed-citation>
            </p>
         </fn>
         <fn id="d10718e2809a1310">
            <label>159</label>
            <p>
               <mixed-citation id="d10718e2816" publication-type="other">
Id. at 290-92.</mixed-citation>
            </p>
         </fn>
         <fn id="d10718e2823a1310">
            <label>160</label>
            <p>
               <mixed-citation id="d10718e2830" publication-type="other">
Browning-Ferris Indus. v. Kelco Disposal, Inc., 492 U.S. 257, 300-01 (1989)
(O'Connor, J., concurring).</mixed-citation>
            </p>
         </fn>
         <fn id="d10718e2840a1310">
            <label>161</label>
            <p>
               <mixed-citation id="d10718e2847" publication-type="other">
Id. at 301</mixed-citation>
            </p>
         </fn>
         <fn id="d10718e2854a1310">
            <label>162</label>
            <p>
               <mixed-citation id="d10718e2861" publication-type="other">
Woodson v. North Carolina, 428 U.S. 280, 304 (1976)</mixed-citation>
            </p>
         </fn>
         <fn id="d10718e2869a1310">
            <label>163</label>
            <p>
               <mixed-citation id="d10718e2876" publication-type="other">
Austin v United States, 113 S. Ct. 2801, 2814-15 (1993) (Scalia, J., concurring).</mixed-citation>
            </p>
         </fn>
         <fn id="d10718e2883a1310">
            <label>164</label>
            <p>
               <mixed-citation id="d10718e2890" publication-type="other">
Id. at 2815 (Scalia, J., concurring).</mixed-citation>
            </p>
         </fn>
         <fn id="d10718e2897a1310">
            <label>165</label>
            <p>
               <mixed-citation id="d10718e2904" publication-type="other">
Id.</mixed-citation>
            </p>
         </fn>
         <fn id="d10718e2911a1310">
            <label>166</label>
            <p>
               <mixed-citation id="d10718e2918" publication-type="other">
Brief for The United States at 6, Austin v. United States, 113 S. Ct. 2801 (1993)
(No. 92-6073).</mixed-citation>
            </p>
         </fn>
         <fn id="d10718e2928a1310">
            <label>167</label>
            <p>
               <mixed-citation id="d10718e2935" publication-type="partial">
111 S. Ct. 2680 (1991).</mixed-citation>
            </p>
         </fn>
         <fn id="d10718e2942a1310">
            <label>168</label>
            <p>
               <mixed-citation id="d10718e2949" publication-type="partial">
Id.</mixed-citation>
            </p>
         </fn>
         <fn id="d10718e2957a1310">
            <label>169</label>
            <p>
               <mixed-citation id="d10718e2964" publication-type="partial">
Id. at 2700-01.</mixed-citation>
            </p>
         </fn>
         <fn id="d10718e2971a1310">
            <label>170</label>
            <p>
               <mixed-citation id="d10718e2978" publication-type="partial">
Id. at 2710-12</mixed-citation>
            </p>
         </fn>
         <fn id="d10718e2985a1310">
            <label>171</label>
            <p>
               <mixed-citation id="d10718e2992" publication-type="partial">
Id. at 2702-05</mixed-citation>
            </p>
         </fn>
         <fn id="d10718e2999a1310">
            <label>172</label>
            <p>
               <mixed-citation id="d10718e3006" publication-type="other">
Austin v. United States, 113 S. Ct. 2801, 2815-16 (Kennedy, J., concurring).</mixed-citation>
            </p>
         </fn>
      </fn-group>
   </back>
</article>
