<article xmlns:xsi="http://www.w3.org/2001/XMLSchema-instance"
         xmlns:xlink="http://www.w3.org/1999/xlink"
         xmlns:mml="http://www.w3.org/1998/Math/MathML"
         dtd-version="1.0"
         article-type="research-article">
   <front>
      <journal-meta>
         <journal-id journal-id-type="jstor">jcrimlawcrim1973</journal-id>
         <journal-id journal-id-type="jstor">j100481</journal-id>
         <journal-title-group>
            <journal-title>The Journal of Criminal Law and Criminology (1973-)</journal-title>
         </journal-title-group>
         <publisher>
            <publisher-name>Northwestern University School of Law</publisher-name>
         </publisher>
         <issn pub-type="ppub">00914169</issn>
      </journal-meta>
      <article-meta>
         <article-id pub-id-type="doi">10.2307/1143992</article-id>
         <article-categories>
            <subj-group>
               <subject>Supreme Court Review</subject>
            </subj-group>
         </article-categories>
         <title-group>
            <article-title>Rejecting the Clear and Convincing Evidence Standard for Proof of Incompetence</article-title>
         </title-group>
         <contrib-group>
            <contrib contrib-type="author">
               <string-name>
                  <given-names>Alaya B.</given-names>
                  <surname>Meyers</surname>
               </string-name>
            </contrib>
         </contrib-group>
         <pub-date>
            <day>1</day>
            <month>4</month>
            <year>1997</year>
         </pub-date>
         <volume>87</volume>
         <issue>3</issue>
         <issue-id>i247868</issue-id>
         <fpage>1016</fpage>
         <lpage>1039</lpage>
         <page-range>1016-1039</page-range>
         <permissions>
            <copyright-statement>Copyright 1997 Northwestern University, School of Law</copyright-statement>
         </permissions>
         <self-uri xlink:href="http://www.jstor.org/stable/1143992"/>
         <custom-meta-group>
            <custom-meta>
               <meta-name>lang</meta-name>
               <meta-value>eng</meta-value>
            </custom-meta>
         </custom-meta-group>
      </article-meta>
   </front>
   <back>
      <fn-group>
         <title>[Footnotes]</title>
         <fn id="d323e123a1310">
            <label>1</label>
            <p>
               <mixed-citation id="d323e130" publication-type="other">
116 S. Ct. 1373 (1996).</mixed-citation>
            </p>
         </fn>
         <fn id="d323e137a1310">
            <label>2</label>
            <p>
               <mixed-citation id="d323e144" publication-type="other">
Id. at 1374-75.</mixed-citation>
            </p>
         </fn>
         <fn id="d323e151a1310">
            <label>3</label>
            <p>
               <mixed-citation id="d323e158" publication-type="other">
Medina v. California, 505 U.S. 437, 452 (1992).</mixed-citation>
            </p>
         </fn>
         <fn id="d323e165a1310">
            <label>4</label>
            <p>
               <mixed-citation id="d323e172" publication-type="other">
Cooper, 116 S. Ct. at 1384.</mixed-citation>
            </p>
         </fn>
         <fn id="d323e180a1310">
            <label>5</label>
            <p>
               <mixed-citation id="d323e187" publication-type="other">
Id. at 1377-80, 1380-83.</mixed-citation>
            </p>
         </fn>
         <fn id="d323e194a1310">
            <label>6</label>
            <p>
               <mixed-citation id="d323e201" publication-type="journal">
HENRY WEIHOFEN, MENTAL DISORDER AS A CRIMINAL DEFENSE 429 (1954).<fpage>429</fpage>
                  <source>Mental Disorder As a Criminal Defense</source>
                  <year>1954</year>
               </mixed-citation>
            </p>
         </fn>
         <fn id="d323e217a1310">
            <label>7</label>
            <p>
               <mixed-citation id="d323e224" publication-type="other">
Medina, 505 U.S. at 439</mixed-citation>
            </p>
            <p>
               <mixed-citation id="d323e230" publication-type="other">
Pate v. Robinson, 383 U.S. 375 (1986)</mixed-citation>
            </p>
            <p>
               <mixed-citation id="d323e236" publication-type="other">
Drope v. Mis-
souri, 420 U.S. 162 (1975)</mixed-citation>
            </p>
            <p>
               <mixed-citation id="d323e246" publication-type="journal">
Stephanie M. Herseth, Competency to Stand Trial, 84 GEO.
L.J. 1066, 1076 n.1418 (1996)<person-group>
                     <string-name>
                        <surname>Stephanie</surname>
                     </string-name>
                  </person-group>
                  <issue>1418</issue>
                  <volume>1066</volume>
                  <source>Geo. L.J.</source>
                  <year>1996</year>
               </mixed-citation>
            </p>
         </fn>
         <fn id="d323e278a1310">
            <label>8</label>
            <p>
               <mixed-citation id="d323e285" publication-type="book">
WAYNE R. LAFAVE &amp; AUSTIN W. ScoTr, JR., SUBSTANTIVE CRIMINAL LAW § 4.4(a) (2d
ed. 1986).<person-group>
                     <string-name>
                        <surname>Wayne</surname>
                     </string-name>
                  </person-group>
                  <edition>2</edition>
                  <fpage>4</fpage>
                  <volume>4</volume>
                  <source>Substantive Criminal Law</source>
                  <year>1986</year>
               </mixed-citation>
            </p>
         </fn>
         <fn id="d323e320a1310">
            <label>9</label>
            <p>
               <mixed-citation id="d323e327" publication-type="book">
Id.  </mixed-citation>
            </p>
         </fn>
         <fn id="d323e336a1310">
            <label>10</label>
            <p>
               <mixed-citation id="d323e343" publication-type="book">
Id.  </mixed-citation>
            </p>
         </fn>
         <fn id="d323e353a1310">
            <label>11</label>
            <p>
               <mixed-citation id="d323e360" publication-type="book">
Id.  </mixed-citation>
            </p>
         </fn>
         <fn id="d323e369a1310">
            <label>12</label>
            <p>
               <mixed-citation id="d323e376" publication-type="other">
362 U.S. 402 (1960) (per curiam).</mixed-citation>
            </p>
         </fn>
         <fn id="d323e383a1310">
            <label>13</label>
            <p>
               <mixed-citation id="d323e390" publication-type="other">
Id.</mixed-citation>
            </p>
            <p>
               <mixed-citation id="d323e396" publication-type="other">
id.</mixed-citation>
            </p>
         </fn>
         <fn id="d323e403a1310">
            <label>14</label>
            <p>
               <mixed-citation id="d323e410" publication-type="other">
383 U.S. 375 (1966)</mixed-citation>
            </p>
         </fn>
         <fn id="d323e417a1310">
            <label>15</label>
            <p>
               <mixed-citation id="d323e424" publication-type="other">
Id. at 378.</mixed-citation>
            </p>
         </fn>
         <fn id="d323e431a1310">
            <label>16</label>
            <p>
               <mixed-citation id="d323e440" publication-type="other">
Queen v. Goode, 112 Eng. Rep.
572 (K.B. 1837)</mixed-citation>
            </p>
            <p>
               <mixed-citation id="d323e449" publication-type="other">
King v. Pritchard, 173 Eng. Rep. 135 (1836)</mixed-citation>
            </p>
            <p>
               <mixed-citation id="d323e456" publication-type="other">
King v. Frith, 22 How. St. Tr.
307 (1790)</mixed-citation>
            </p>
            <p>
               <mixed-citation id="d323e465" publication-type="other">
Queen v. Podola,
43 Crim. App. 220 (1959)</mixed-citation>
            </p>
            <p>
               <mixed-citation id="d323e474" publication-type="other">
State v. O'Grady, 5 Ohio Dec. 654 (1896)</mixed-citation>
            </p>
            <p>
               <mixed-citation id="d323e480" publication-type="other">
State v. Helm, 61 S.W.
915 (Ark. 1901)</mixed-citation>
            </p>
            <p>
               <mixed-citation id="d323e489" publication-type="other">
State v. Bethune, 71 S.E. 29 (S.C. 1911)</mixed-citation>
            </p>
            <p>
               <mixed-citation id="d323e495" publication-type="other">
Commonwealth v. Simanowicz,
89 A. 562 (Pa. 1913)</mixed-citation>
            </p>
            <p>
               <mixed-citation id="d323e505" publication-type="other">
People v. Lawson, 174 P. 885 (Cal. 1918)</mixed-citation>
            </p>
            <p>
               <mixed-citation id="d323e511" publication-type="other">
People v. Geary, 131 N.E.
652 (Ill. 1921)</mixed-citation>
            </p>
            <p>
               <mixed-citation id="d323e520" publication-type="other">
State v. Seminary, 115 So. 370 (La. 1927)</mixed-citation>
            </p>
            <p>
               <mixed-citation id="d323e526" publication-type="other">
State v. Bruntlett, 36 N.W.2d 450
(Iowa 1949)</mixed-citation>
            </p>
         </fn>
         <fn id="d323e537a1310">
            <label>17</label>
            <p>
               <mixed-citation id="d323e544" publication-type="other">
432 U.S. 197 (1977)</mixed-citation>
            </p>
         </fn>
         <fn id="d323e551a1310">
            <label>18</label>
            <p>
               <mixed-citation id="d323e558" publication-type="other">
Id. at 206</mixed-citation>
            </p>
         </fn>
         <fn id="d323e565a1310">
            <label>19</label>
            <p>
               <mixed-citation id="d323e572" publication-type="other">
343 U.S. 790 (1952)</mixed-citation>
            </p>
         </fn>
         <fn id="d323e579a1310">
            <label>20</label>
            <p>
               <mixed-citation id="d323e586" publication-type="other">
429 U.S. 877 (1976)</mixed-citation>
            </p>
         </fn>
         <fn id="d323e593a1310">
            <label>21</label>
            <p>
               <mixed-citation id="d323e600" publication-type="other">
Patterson, 432 U.S. at 206</mixed-citation>
            </p>
         </fn>
         <fn id="d323e607a1310">
            <label>22</label>
            <p>
               <mixed-citation id="d323e614" publication-type="other">
441 U.S. 418 (1979)</mixed-citation>
            </p>
         </fn>
         <fn id="d323e622a1310">
            <label>23</label>
            <p>
               <mixed-citation id="d323e629" publication-type="other">
Id. at 419-20</mixed-citation>
            </p>
         </fn>
         <fn id="d323e636a1310">
            <label>24</label>
            <p>
               <mixed-citation id="d323e643" publication-type="other">
Id. at 427</mixed-citation>
            </p>
         </fn>
         <fn id="d323e650a1310">
            <label>25</label>
            <p>
               <mixed-citation id="d323e657" publication-type="other">
Id. at 432</mixed-citation>
            </p>
            <p>
               <mixed-citation id="d323e663" publication-type="other">
Cruzan v. Director, Mo. Dep't of Health, 497 U.S. 261 (1990)</mixed-citation>
            </p>
            <p>
               <mixed-citation id="d323e669" publication-type="other">
Santosky v. Kramer, 455 U.S. 745
(1982)</mixed-citation>
            </p>
            <p>
               <mixed-citation id="d323e679" publication-type="other">
Woodby v. INS, 385 U.S. 276 (1966)</mixed-citation>
            </p>
         </fn>
         <fn id="d323e686a1310">
            <label>26</label>
            <p>
               <mixed-citation id="d323e693" publication-type="other">
Addington, 441 U.S. at 428</mixed-citation>
            </p>
         </fn>
         <fn id="d323e700a1310">
            <label>27</label>
            <p>
               <mixed-citation id="d323e707" publication-type="other">
Id.</mixed-citation>
            </p>
         </fn>
         <fn id="d323e714a1310">
            <label>28</label>
            <p>
               <mixed-citation id="d323e721" publication-type="other">
Id</mixed-citation>
            </p>
            <p>
               <mixed-citation id="d323e727" publication-type="other">
Patterson v. New York, 432 U.S. 197, 208 (1977)</mixed-citation>
            </p>
         </fn>
         <fn id="d323e735a1310">
            <label>29</label>
            <p>
               <mixed-citation id="d323e742" publication-type="other">
505 U.S. 437 (1992)</mixed-citation>
            </p>
         </fn>
         <fn id="d323e749a1310">
            <label>30</label>
            <p>
               <mixed-citation id="d323e756" publication-type="other">
Id. at 439</mixed-citation>
            </p>
         </fn>
         <fn id="d323e763a1310">
            <label>31</label>
            <p>
               <mixed-citation id="d323e770" publication-type="other">
Id. at 452-53</mixed-citation>
            </p>
         </fn>
         <fn id="d323e777a1310">
            <label>32</label>
            <p>
               <mixed-citation id="d323e784" publication-type="other">
424 U.S. 319 (1976)</mixed-citation>
            </p>
         </fn>
         <fn id="d323e791a1310">
            <label>33</label>
            <p>
               <mixed-citation id="d323e798" publication-type="other">
Medina v. California, 505 U.S. 437, 443 (1992)</mixed-citation>
            </p>
         </fn>
         <fn id="d323e805a1310">
            <label>34</label>
            <p>
               <mixed-citation id="d323e812" publication-type="other">
Mathews, 424 U.S. at 335</mixed-citation>
            </p>
         </fn>
         <fn id="d323e820a1310">
            <label>35</label>
            <p>
               <mixed-citation id="d323e827" publication-type="other">
Medina, 505 U.S. at 444</mixed-citation>
            </p>
         </fn>
         <fn id="d323e834a1310">
            <label>36</label>
            <p>
               <mixed-citation id="d323e841" publication-type="other">
Id. at 445</mixed-citation>
            </p>
         </fn>
         <fn id="d323e848a1310">
            <label>37</label>
            <p>
               <mixed-citation id="d323e855" publication-type="other">
Id.</mixed-citation>
            </p>
         </fn>
         <fn id="d323e862a1310">
            <label>38</label>
            <p>
               <mixed-citation id="d323e869" publication-type="other">
Id. at 452</mixed-citation>
            </p>
            <p>
               <mixed-citation id="d323e875" publication-type="other">
Bruce J.
Winick, Presumptions and Burdens of Proof in Determining Competency to Stand Trial: An Analysis
of Medina v. California and the Supreme Court's New Due Process Methodology in Criminal Cases,
47 U. MIAMI L. REV. 817, 827 (1993)</mixed-citation>
            </p>
         </fn>
         <fn id="d323e891a1310">
            <label>39</label>
            <p>
               <mixed-citation id="d323e898" publication-type="other">
Medina, 505 U.S. at 449</mixed-citation>
            </p>
            <p>
               <mixed-citation id="d323e904" publication-type="other">
Id. at 458</mixed-citation>
            </p>
            <p>
               <mixed-citation id="d323e910" publication-type="other">
Id. at 463</mixed-citation>
            </p>
         </fn>
         <fn id="d323e917a1310">
            <label>40</label>
            <p>
               <mixed-citation id="d323e924" publication-type="other">
Cooper v. Oklahoma, 116 S. Ct. 1373, 1377 (1996)</mixed-citation>
            </p>
         </fn>
         <fn id="d323e932a1310">
            <label>41</label>
            <p>
               <mixed-citation id="d323e939" publication-type="other">
id. at 1380</mixed-citation>
            </p>
         </fn>
         <fn id="d323e946a1310">
            <label>42</label>
            <p>
               <mixed-citation id="d323e953" publication-type="other">
OKLA. STAT. ANN. tit. 22, § 1175.4(B) (West 1995)</mixed-citation>
            </p>
         </fn>
         <fn id="d323e960a1310">
            <label>43</label>
            <p>
               <mixed-citation id="d323e969" publication-type="other">
Transcript of Oral Argument, Cooper v. Oklahoma, 116 S.Ct. 1373 (1996) (No.
95-5207), available in 1996 WL 21695, at *8-*9</mixed-citation>
            </p>
            <p>
               <mixed-citation id="d323e978" publication-type="other">
Id</mixed-citation>
            </p>
            <p>
               <mixed-citation id="d323e985" publication-type="book">
Petitioner at
22, Cooper (No. 95-5207)<person-group>
                     <string-name>
                        <surname>Petitioner</surname>
                     </string-name>
                  </person-group>
                  <fpage>22</fpage>
                  <source>Cooper</source>
               </mixed-citation>
            </p>
            <p>
               <mixed-citation id="d323e1009" publication-type="book">
Id  </mixed-citation>
            </p>
            <p>
               <mixed-citation id="d323e1017" publication-type="book">
Id  </mixed-citation>
            </p>
         </fn>
         <fn id="d323e1026a1310">
            <label>44</label>
            <p>
               <mixed-citation id="d323e1033" publication-type="other">
Cooper v. Oklahoma, 889 P.2d 293, 298 (Okla. Crim. App. 1995)</mixed-citation>
            </p>
         </fn>
         <fn id="d323e1040a1310">
            <label>45</label>
            <p>
               <mixed-citation id="d323e1047" publication-type="other">
Id.</mixed-citation>
            </p>
         </fn>
         <fn id="d323e1054a1310">
            <label>46</label>
            <p>
               <mixed-citation id="d323e1061" publication-type="other">
Id.</mixed-citation>
            </p>
         </fn>
         <fn id="d323e1069a1310">
            <label>47</label>
            <p>
               <mixed-citation id="d323e1076" publication-type="other">
Id.</mixed-citation>
            </p>
         </fn>
         <fn id="d323e1083a1310">
            <label>48</label>
            <p>
               <mixed-citation id="d323e1090" publication-type="other">
Id.</mixed-citation>
            </p>
         </fn>
         <fn id="d323e1097a1310">
            <label>49</label>
            <p>
               <mixed-citation id="d323e1104" publication-type="other">
Id.</mixed-citation>
            </p>
         </fn>
         <fn id="d323e1111a1310">
            <label>50</label>
            <p>
               <mixed-citation id="d323e1118" publication-type="other">
Id.</mixed-citation>
            </p>
         </fn>
         <fn id="d323e1125a1310">
            <label>51</label>
            <p>
               <mixed-citation id="d323e1132" publication-type="other">
Id.</mixed-citation>
            </p>
         </fn>
         <fn id="d323e1139a1310">
            <label>52</label>
            <p>
               <mixed-citation id="d323e1146" publication-type="other">
Id.</mixed-citation>
            </p>
         </fn>
         <fn id="d323e1154a1310">
            <label>53</label>
            <p>
               <mixed-citation id="d323e1161" publication-type="other">
Id. at 299</mixed-citation>
            </p>
            <p>
               <mixed-citation id="d323e1167" publication-type="other">
Id</mixed-citation>
            </p>
         </fn>
         <fn id="d323e1174a1310">
            <label>54</label>
            <p>
               <mixed-citation id="d323e1181" publication-type="other">
Id.</mixed-citation>
            </p>
         </fn>
         <fn id="d323e1188a1310">
            <label>55</label>
            <p>
               <mixed-citation id="d323e1195" publication-type="other">
Petitioner at 2, Cooper v. Oklahoma, 116 S.Ct. 1373 (1996) (No. 95-5207)</mixed-citation>
            </p>
         </fn>
         <fn id="d323e1202a1310">
            <label>56</label>
            <p>
               <mixed-citation id="d323e1209" publication-type="other">
Cooper, 889 P.2d at 299</mixed-citation>
            </p>
         </fn>
         <fn id="d323e1216a1310">
            <label>57</label>
            <p>
               <mixed-citation id="d323e1223" publication-type="other">
Id.</mixed-citation>
            </p>
         </fn>
         <fn id="d323e1230a1310">
            <label>58</label>
            <p>
               <mixed-citation id="d323e1237" publication-type="book">
Petitioner's Brief at 2, Cooper (No. 95-5207)<person-group>
                     <string-name>
                        <surname>Petitioner</surname>
                     </string-name>
                  </person-group>
                  <fpage>2</fpage>
                  <source>Cooper</source>
               </mixed-citation>
            </p>
         </fn>
         <fn id="d323e1260a1310">
            <label>59</label>
            <p>
               <mixed-citation id="d323e1267" publication-type="book">
Id.  </mixed-citation>
            </p>
         </fn>
         <fn id="d323e1276a1310">
            <label>60</label>
            <p>
               <mixed-citation id="d323e1283" publication-type="book">
Id.  </mixed-citation>
            </p>
         </fn>
         <fn id="d323e1292a1310">
            <label>61</label>
            <p>
               <mixed-citation id="d323e1299" publication-type="book">
Id. at 3  <fpage>3</fpage>
               </mixed-citation>
            </p>
         </fn>
         <fn id="d323e1311a1310">
            <label>62</label>
            <p>
               <mixed-citation id="d323e1318" publication-type="book">
Id.  </mixed-citation>
            </p>
         </fn>
         <fn id="d323e1327a1310">
            <label>63</label>
            <p>
               <mixed-citation id="d323e1334" publication-type="book">
Id.  </mixed-citation>
            </p>
         </fn>
         <fn id="d323e1343a1310">
            <label>65</label>
            <p>
               <mixed-citation id="d323e1350" publication-type="other">
Petitioner's Brief at 3, Cooper (No. 95-5207)</mixed-citation>
            </p>
         </fn>
         <fn id="d323e1358a1310">
            <label>66</label>
            <p>
               <mixed-citation id="d323e1365" publication-type="other">
Id.</mixed-citation>
            </p>
         </fn>
         <fn id="d323e1372a1310">
            <label>67</label>
            <p>
               <mixed-citation id="d323e1379" publication-type="other">
Id.</mixed-citation>
            </p>
         </fn>
         <fn id="d323e1386a1310">
            <label>68</label>
            <p>
               <mixed-citation id="d323e1393" publication-type="other">
Id</mixed-citation>
            </p>
            <p>
               <mixed-citation id="d323e1399" publication-type="other">
Id</mixed-citation>
            </p>
         </fn>
         <fn id="d323e1406a1310">
            <label>69</label>
            <p>
               <mixed-citation id="d323e1413" publication-type="other">
Cooper v. Oklahoma, 116 S. Ct. 1373, 1375 (1996)</mixed-citation>
            </p>
         </fn>
         <fn id="d323e1420a1310">
            <label>70</label>
            <p>
               <mixed-citation id="d323e1427" publication-type="other">
Id.</mixed-citation>
            </p>
         </fn>
         <fn id="d323e1434a1310">
            <label>71</label>
            <p>
               <mixed-citation id="d323e1441" publication-type="other">
Petitioner's Brief at 4, Cooper (No. 95-5207)</mixed-citation>
            </p>
         </fn>
         <fn id="d323e1449a1310">
            <label>72</label>
            <p>
               <mixed-citation id="d323e1456" publication-type="other">
Id. at 5</mixed-citation>
            </p>
         </fn>
         <fn id="d323e1463a1310">
            <label>73</label>
            <p>
               <mixed-citation id="d323e1470" publication-type="other">
Id. at 6</mixed-citation>
            </p>
         </fn>
         <fn id="d323e1477a1310">
            <label>74</label>
            <p>
               <mixed-citation id="d323e1484" publication-type="other">
Id.</mixed-citation>
            </p>
         </fn>
         <fn id="d323e1491a1310">
            <label>75</label>
            <p>
               <mixed-citation id="d323e1498" publication-type="other">
Id.</mixed-citation>
            </p>
         </fn>
         <fn id="d323e1505a1310">
            <label>76</label>
            <p>
               <mixed-citation id="d323e1512" publication-type="other">
Cooper v. Oklahoma, 116 S. Ct. 1373, 1375 (1996)</mixed-citation>
            </p>
            <p>
               <mixed-citation id="d323e1518" publication-type="other">
Peti-
tioner's Brief at 6, Cooper (No. 95-5207)</mixed-citation>
            </p>
         </fn>
         <fn id="d323e1528a1310">
            <label>77</label>
            <p>
               <mixed-citation id="d323e1535" publication-type="other">
Cooper v. Oklahoma, 889 P.2d 293, 304 (Okla. Crim. App. 1995)</mixed-citation>
            </p>
            <p>
               <mixed-citation id="d323e1541" publication-type="book">
Petitioner's Brief
at 6, Cooper (No. 95-5207)<fpage>6</fpage>
                  <source>Cooper</source>
               </mixed-citation>
            </p>
         </fn>
         <fn id="d323e1558a1310">
            <label>78</label>
            <p>
               <mixed-citation id="d323e1565" publication-type="other">
Petitioner's Brief at 6, Cooper (No. 95-5207)</mixed-citation>
            </p>
         </fn>
         <fn id="d323e1572a1310">
            <label>79</label>
            <p>
               <mixed-citation id="d323e1579" publication-type="other">
Id. at 9</mixed-citation>
            </p>
            <p>
               <mixed-citation id="d323e1585" publication-type="other">
Respondent's Brief at 9, Cooper (No. 95-5207)</mixed-citation>
            </p>
         </fn>
         <fn id="d323e1592a1310">
            <label>80</label>
            <p>
               <mixed-citation id="d323e1599" publication-type="other">
Petitioner's Brief at 9, Cooper (No. 95-5207)</mixed-citation>
            </p>
         </fn>
         <fn id="d323e1606a1310">
            <label>81</label>
            <p>
               <mixed-citation id="d323e1613" publication-type="other">
Id.</mixed-citation>
            </p>
         </fn>
         <fn id="d323e1620a1310">
            <label>82</label>
            <p>
               <mixed-citation id="d323e1627" publication-type="other">
Id. at 10</mixed-citation>
            </p>
            <p>
               <mixed-citation id="d323e1633" publication-type="other">
Respondent's Brief at 11, Cooper (No. 95-5207)</mixed-citation>
            </p>
         </fn>
         <fn id="d323e1640a1310">
            <label>83</label>
            <p>
               <mixed-citation id="d323e1647" publication-type="other">
Petitioner's Brief at 10, Cooper (No. 95-5207)</mixed-citation>
            </p>
         </fn>
         <fn id="d323e1655a1310">
            <label>84</label>
            <p>
               <mixed-citation id="d323e1662" publication-type="other">
Id.</mixed-citation>
            </p>
         </fn>
         <fn id="d323e1669a1310">
            <label>85</label>
            <p>
               <mixed-citation id="d323e1676" publication-type="other">
Amicus Brief of National Association of Criminal Defense Lawyers at 2, Cooper v.
Oklahoma, 116 S. Ct. 1373 (1996) (No. 95-5207)</mixed-citation>
            </p>
         </fn>
         <fn id="d323e1686a1310">
            <label>86</label>
            <p>
               <mixed-citation id="d323e1693" publication-type="other">
Petitioner's Brief at 10, Cooper (No. 95-5207)</mixed-citation>
            </p>
         </fn>
         <fn id="d323e1700a1310">
            <label>87</label>
            <p>
               <mixed-citation id="d323e1707" publication-type="other">
Id.</mixed-citation>
            </p>
         </fn>
         <fn id="d323e1714a1310">
            <label>88</label>
            <p>
               <mixed-citation id="d323e1721" publication-type="other">
Id.</mixed-citation>
            </p>
         </fn>
         <fn id="d323e1728a1310">
            <label>89</label>
            <p>
               <mixed-citation id="d323e1735" publication-type="other">
Id. at 11</mixed-citation>
            </p>
         </fn>
         <fn id="d323e1743a1310">
            <label>90</label>
            <p>
               <mixed-citation id="d323e1750" publication-type="other">
Id. at 11-12</mixed-citation>
            </p>
         </fn>
         <fn id="d323e1757a1310">
            <label>91</label>
            <p>
               <mixed-citation id="d323e1764" publication-type="other">
Respondent's Brief at 1, Cooper (No. 95-5207)</mixed-citation>
            </p>
         </fn>
         <fn id="d323e1771a1310">
            <label>92</label>
            <p>
               <mixed-citation id="d323e1778" publication-type="other">
Cooper v. Oklahoma, 116 S. Ct. 1373, 1376 (1996)</mixed-citation>
            </p>
         </fn>
         <fn id="d323e1785a1310">
            <label>93</label>
            <p>
               <mixed-citation id="d323e1792" publication-type="other">
Cooper v. Oklahoma, 889 P.2d 293, 303 (Okla. Crim. App. 1995)</mixed-citation>
            </p>
         </fn>
         <fn id="d323e1799a1310">
            <label>94</label>
            <p>
               <mixed-citation id="d323e1806" publication-type="other">
Cooper v. Oklahoma, 116 S. Ct. 282 (1995)</mixed-citation>
            </p>
         </fn>
         <fn id="d323e1813a1310">
            <label>95</label>
            <p>
               <mixed-citation id="d323e1820" publication-type="other">
Cooper, 116 S. Ct. at 1384</mixed-citation>
            </p>
         </fn>
         <fn id="d323e1828a1310">
            <label>96</label>
            <p>
               <mixed-citation id="d323e1835" publication-type="other">
Id. at 1377-80</mixed-citation>
            </p>
         </fn>
         <fn id="d323e1842a1310">
            <label>97</label>
            <p>
               <mixed-citation id="d323e1849" publication-type="other">
Id. at 1384</mixed-citation>
            </p>
         </fn>
         <fn id="d323e1856a1310">
            <label>98</label>
            <p>
               <mixed-citation id="d323e1863" publication-type="other">
Id. at 1376</mixed-citation>
            </p>
            <p>
               <mixed-citation id="d323e1869" publication-type="other">
Medina v. California, 505 U.S. 437, 453 (1992)</mixed-citation>
            </p>
            <p>
               <mixed-citation id="d323e1875" publication-type="other">
Drope v. Missouri,
420 U.S. 162, 171-72 (1975)</mixed-citation>
            </p>
            <p>
               <mixed-citation id="d323e1885" publication-type="other">
Pate v. Robinson, 383 U.S. 375, 378 (1966)</mixed-citation>
            </p>
         </fn>
         <fn id="d323e1892a1310">
            <label>99</label>
            <p>
               <mixed-citation id="d323e1899" publication-type="other">
Id. at 1377</mixed-citation>
            </p>
         </fn>
         <fn id="d323e1906a1310">
            <label>100</label>
            <p>
               <mixed-citation id="d323e1913" publication-type="other">
505 U.S. 437 (1992)</mixed-citation>
            </p>
         </fn>
         <fn id="d323e1920a1310">
            <label>101</label>
            <p>
               <mixed-citation id="d323e1927" publication-type="other">
Cooper, 116 S. Ct. at 1377</mixed-citation>
            </p>
         </fn>
         <fn id="d323e1935a1310">
            <label>102</label>
            <p>
               <mixed-citation id="d323e1942" publication-type="other">
Id.</mixed-citation>
            </p>
         </fn>
         <fn id="d323e1949a1310">
            <label>103</label>
            <p>
               <mixed-citation id="d323e1956" publication-type="other">
Id.</mixed-citation>
            </p>
         </fn>
         <fn id="d323e1963a1310">
            <label>104</label>
            <p>
               <mixed-citation id="d323e1970" publication-type="other">
Id.</mixed-citation>
            </p>
            <p>
               <mixed-citation id="d323e1976" publication-type="other">
Id. at 1381</mixed-citation>
            </p>
         </fn>
         <fn id="d323e1983a1310">
            <label>105</label>
            <p>
               <mixed-citation id="d323e1990" publication-type="other">
Id. at 1377</mixed-citation>
            </p>
         </fn>
         <fn id="d323e1997a1310">
            <label>106</label>
            <p>
               <mixed-citation id="d323e2004" publication-type="other">
Id.</mixed-citation>
            </p>
         </fn>
         <fn id="d323e2011a1310">
            <label>107</label>
            <p>
               <mixed-citation id="d323e2018" publication-type="other">
Id. at 1377-78</mixed-citation>
            </p>
         </fn>
         <fn id="d323e2026a1310">
            <label>108</label>
            <p>
               <mixed-citation id="d323e2033" publication-type="other">
Id. at 1378</mixed-citation>
            </p>
            <p>
               <mixed-citation id="d323e2039" publication-type="other">
King v. Pritchard, 7 Car. &amp; P. 303 (1836)</mixed-citation>
            </p>
            <p>
               <mixed-citation id="d323e2045" publication-type="other">
King v. Frith, 22 How. St. Tr. 307 (1790)</mixed-citation>
            </p>
         </fn>
         <fn id="d323e2052a1310">
            <label>109</label>
            <p>
               <mixed-citation id="d323e2059" publication-type="journal">
43 Crim. App. 220 (1959)<fpage>220</fpage>
                  <source>Crim. App.</source>
                  <year>1959</year>
               </mixed-citation>
            </p>
         </fn>
         <fn id="d323e2075a1310">
            <label>110</label>
            <p>
               <mixed-citation id="d323e2082" publication-type="other">
Cooper, 116 S. Ct. at 1378-79</mixed-citation>
            </p>
         </fn>
         <fn id="d323e2089a1310">
            <label>111</label>
            <p>
               <mixed-citation id="d323e2096" publication-type="other">
Id. at 1379</mixed-citation>
            </p>
            <p>
               <mixed-citation id="d323e2102" publication-type="other">
State v. Harris, 78 Am. Dec. 272, 272-75
(N.C. 1860)</mixed-citation>
            </p>
            <p>
               <mixed-citation id="d323e2111" publication-type="other">
King v. Dyson and King v. Pritchard</mixed-citation>
            </p>
         </fn>
         <fn id="d323e2118a1310">
            <label>112</label>
            <p>
               <mixed-citation id="d323e2125" publication-type="other">
Id.</mixed-citation>
            </p>
            <p>
               <mixed-citation id="d323e2131" publication-type="other">
State v. O'Grady, 5 Ohio Dec. 654, 655 (1896)</mixed-citation>
            </p>
         </fn>
         <fn id="d323e2138a1310">
            <label>113</label>
            <p>
               <mixed-citation id="d323e2145" publication-type="other">
Id. at 1380</mixed-citation>
            </p>
            <p>
               <mixed-citation id="d323e2151" publication-type="other">
Id.</mixed-citation>
            </p>
         </fn>
         <fn id="d323e2159a1310">
            <label>114</label>
            <p>
               <mixed-citation id="d323e2166" publication-type="other">
Id.</mixed-citation>
            </p>
         </fn>
         <fn id="d323e2173a1310">
            <label>115</label>
            <p>
               <mixed-citation id="d323e2180" publication-type="other">
Id.</mixed-citation>
            </p>
         </fn>
         <fn id="d323e2187a1310">
            <label>116</label>
            <p>
               <mixed-citation id="d323e2194" publication-type="other">
Id.</mixed-citation>
            </p>
            <p>
               <mixed-citation id="d323e2200" publication-type="other">
Medina v. California, 505 U.S. 437, 445 (1992)</mixed-citation>
            </p>
         </fn>
         <fn id="d323e2207a1310">
            <label>117</label>
            <p>
               <mixed-citation id="d323e2214" publication-type="other">
Id.</mixed-citation>
            </p>
            <p>
               <mixed-citation id="d323e2220" publication-type="other">
Medina, 505 U.S. at 448 (internal quotation marks omitted)</mixed-citation>
            </p>
         </fn>
         <fn id="d323e2227a1310">
            <label>118</label>
            <p>
               <mixed-citation id="d323e2234" publication-type="other">
Id. at 1381</mixed-citation>
            </p>
         </fn>
         <fn id="d323e2241a1310">
            <label>119</label>
            <p>
               <mixed-citation id="d323e2248" publication-type="other">
Id.</mixed-citation>
            </p>
         </fn>
         <fn id="d323e2256a1310">
            <label>120</label>
            <p>
               <mixed-citation id="d323e2263" publication-type="other">
Id. at 1381-82</mixed-citation>
            </p>
         </fn>
         <fn id="d323e2270a1310">
            <label>121</label>
            <p>
               <mixed-citation id="d323e2277" publication-type="other">
Id. at 1382</mixed-citation>
            </p>
            <p>
               <mixed-citation id="d323e2283" publication-type="other">
Id.</mixed-citation>
            </p>
         </fn>
         <fn id="d323e2290a1310">
            <label>122</label>
            <p>
               <mixed-citation id="d323e2297" publication-type="other">
Id. at 1383</mixed-citation>
            </p>
         </fn>
         <fn id="d323e2304a1310">
            <label>123</label>
            <p>
               <mixed-citation id="d323e2311" publication-type="other">
Id. at 1383-84</mixed-citation>
            </p>
         </fn>
         <fn id="d323e2318a1310">
            <label>124</label>
            <p>
               <mixed-citation id="d323e2325" publication-type="other">
432 U.S. 197 (1977)</mixed-citation>
            </p>
         </fn>
         <fn id="d323e2332a1310">
            <label>125</label>
            <p>
               <mixed-citation id="d323e2339" publication-type="other">
Cooper, 116 S. Ct. at 1383</mixed-citation>
            </p>
         </fn>
         <fn id="d323e2347a1310">
            <label>126</label>
            <p>
               <mixed-citation id="d323e2354" publication-type="other">
Id.</mixed-citation>
            </p>
         </fn>
         <fn id="d323e2361a1310">
            <label>127</label>
            <p>
               <mixed-citation id="d323e2368" publication-type="other">
441 U.S. 418 (1979)</mixed-citation>
            </p>
         </fn>
         <fn id="d323e2375a1310">
            <label>128</label>
            <p>
               <mixed-citation id="d323e2382" publication-type="other">
Cooper, 116 S. Ct. at 1383</mixed-citation>
            </p>
         </fn>
         <fn id="d323e2389a1310">
            <label>129</label>
            <p>
               <mixed-citation id="d323e2396" publication-type="other">
Id.</mixed-citation>
            </p>
         </fn>
         <fn id="d323e2403a1310">
            <label>130</label>
            <p>
               <mixed-citation id="d323e2410" publication-type="other">
Id. at 1384</mixed-citation>
            </p>
            <p>
               <mixed-citation id="d323e2416" publication-type="other">
Id.</mixed-citation>
            </p>
         </fn>
         <fn id="d323e2423a1310">
            <label>131</label>
            <p>
               <mixed-citation id="d323e2430" publication-type="other">
Id.</mixed-citation>
            </p>
         </fn>
         <fn id="d323e2438a1310">
            <label>132</label>
            <p>
               <mixed-citation id="d323e2445" publication-type="other">
Id.</mixed-citation>
            </p>
         </fn>
         <fn id="d323e2452a1310">
            <label>133</label>
            <p>
               <mixed-citation id="d323e2459" publication-type="other">
Id.</mixed-citation>
            </p>
            <p>
               <mixed-citation id="d323e2465" publication-type="other">
Cooper v. Oklahoma, 889 P.2d 293 (Okla. Crim. App. 1995)</mixed-citation>
            </p>
            <p>
               <mixed-citation id="d323e2471" publication-type="other">
Id.</mixed-citation>
            </p>
         </fn>
         <fn id="d323e2478a1310">
            <label>134</label>
            <p>
               <mixed-citation id="d323e2485" publication-type="other">
Cooper, 889 P.2d at 302</mixed-citation>
            </p>
         </fn>
         <fn id="d323e2492a1310">
            <label>135</label>
            <p>
               <mixed-citation id="d323e2499" publication-type="other">
Id. at 303</mixed-citation>
            </p>
         </fn>
         <fn id="d323e2506a1310">
            <label>136</label>
            <p>
               <mixed-citation id="d323e2513" publication-type="other">
Id.</mixed-citation>
            </p>
            <p>
               <mixed-citation id="d323e2519" publication-type="other">
Medina v. California, 505 U.S. 437 (1992) (internal quotations omitted)</mixed-citation>
            </p>
         </fn>
         <fn id="d323e2526a1310">
            <label>137</label>
            <p>
               <mixed-citation id="d323e2533" publication-type="other">
Id.</mixed-citation>
            </p>
         </fn>
         <fn id="d323e2541a1310">
            <label>138</label>
            <p>
               <mixed-citation id="d323e2548" publication-type="other">
Id. at 304</mixed-citation>
            </p>
            <p>
               <mixed-citation id="d323e2554" publication-type="other">
Id. at 313</mixed-citation>
            </p>
         </fn>
         <fn id="d323e2561a1310">
            <label>139</label>
            <p>
               <mixed-citation id="d323e2568" publication-type="other">
Cooper v.
Oklahoma, 116 S. Ct. 1373 (1996) (No. 95-5207)</mixed-citation>
            </p>
         </fn>
         <fn id="d323e2578a1310">
            <label>140</label>
            <p>
               <mixed-citation id="d323e2585" publication-type="other">
State v. O'Grady, 5 Ohio Dec. 654 (1896)</mixed-citation>
            </p>
            <p>
               <mixed-citation id="d323e2591" publication-type="other">
Queen v. Podola, 43 Crim. App.
220 (1959)</mixed-citation>
            </p>
         </fn>
         <fn id="d323e2601a1310">
            <label>141</label>
            <p>
               <mixed-citation id="d323e2608" publication-type="other">
Cooper, 116 S. Ct. at 1377</mixed-citation>
            </p>
         </fn>
         <fn id="d323e2615a1310">
            <label>142</label>
            <p>
               <mixed-citation id="d323e2622" publication-type="other">
22 How. St. Tr. 307 (1790)</mixed-citation>
            </p>
         </fn>
         <fn id="d323e2629a1310">
            <label>143</label>
            <p>
               <mixed-citation id="d323e2636" publication-type="other">
112 Eng. Rep. 572 (KB. 1837)</mixed-citation>
            </p>
         </fn>
         <fn id="d323e2644a1310">
            <label>144</label>
            <p>
               <mixed-citation id="d323e2651" publication-type="other">
173 Eng. Rep. 135 (1836)</mixed-citation>
            </p>
         </fn>
         <fn id="d323e2658a1310">
            <label>145</label>
            <p>
               <mixed-citation id="d323e2665" publication-type="other">
Frith, 22 How. St. Tr. at 311</mixed-citation>
            </p>
         </fn>
         <fn id="d323e2672a1310">
            <label>146</label>
            <p>
               <mixed-citation id="d323e2679" publication-type="other">
Cooper, 116 S. Ct. at 1378</mixed-citation>
            </p>
         </fn>
         <fn id="d323e2686a1310">
            <label>147</label>
            <p>
               <mixed-citation id="d323e2693" publication-type="other">
Id. at 1379</mixed-citation>
            </p>
         </fn>
         <fn id="d323e2700a1310">
            <label>148</label>
            <p>
               <mixed-citation id="d323e2707" publication-type="other">
Id. at 1378 n.10</mixed-citation>
            </p>
         </fn>
         <fn id="d323e2714a1310">
            <label>149</label>
            <p>
               <mixed-citation id="d323e2721" publication-type="other">
5 Ohio Dec. 654 (1896)</mixed-citation>
            </p>
         </fn>
         <fn id="d323e2729a1310">
            <label>150</label>
            <p>
               <mixed-citation id="d323e2736" publication-type="other">
Id. at 655</mixed-citation>
            </p>
         </fn>
         <fn id="d323e2743a1310">
            <label>151</label>
            <p>
               <mixed-citation id="d323e2750" publication-type="other">
89 A. 562 (Pa. 1913)</mixed-citation>
            </p>
         </fn>
         <fn id="d323e2757a1310">
            <label>152</label>
            <p>
               <mixed-citation id="d323e2764" publication-type="other">
Id. at 563</mixed-citation>
            </p>
         </fn>
         <fn id="d323e2771a1310">
            <label>153</label>
            <p>
               <mixed-citation id="d323e2778" publication-type="other">
State v. Helm, 61 S.W. 915, 918 (Ark. 1901)</mixed-citation>
            </p>
         </fn>
         <fn id="d323e2785a1310">
            <label>154</label>
            <p>
               <mixed-citation id="d323e2792" publication-type="other">
State v. Bethune, 71 S.E. 29, 32 (S.C. 1911)</mixed-citation>
            </p>
         </fn>
         <fn id="d323e2799a1310">
            <label>155</label>
            <p>
               <mixed-citation id="d323e2806" publication-type="other">
174 P. 885 (Cal. 1918)</mixed-citation>
            </p>
         </fn>
         <fn id="d323e2814a1310">
            <label>156</label>
            <p>
               <mixed-citation id="d323e2821" publication-type="other">
Id. at 888</mixed-citation>
            </p>
         </fn>
         <fn id="d323e2828a1310">
            <label>157</label>
            <p>
               <mixed-citation id="d323e2835" publication-type="other">
131 N.E. 652 (Ill. 1921)</mixed-citation>
            </p>
         </fn>
         <fn id="d323e2842a1310">
            <label>158</label>
            <p>
               <mixed-citation id="d323e2849" publication-type="other">
Id. at 655</mixed-citation>
            </p>
         </fn>
         <fn id="d323e2856a1310">
            <label>159</label>
            <p>
               <mixed-citation id="d323e2863" publication-type="other">
115 So. 370 (La. 1927)</mixed-citation>
            </p>
         </fn>
         <fn id="d323e2870a1310">
            <label>160</label>
            <p>
               <mixed-citation id="d323e2877" publication-type="other">
Id. at 372</mixed-citation>
            </p>
         </fn>
         <fn id="d323e2884a1310">
            <label>161</label>
            <p>
               <mixed-citation id="d323e2891" publication-type="other">
36 N.W.2d 450 (Iowa 1949)</mixed-citation>
            </p>
         </fn>
         <fn id="d323e2899a1310">
            <label>162</label>
            <p>
               <mixed-citation id="d323e2906" publication-type="other">
Id. at 455</mixed-citation>
            </p>
         </fn>
         <fn id="d323e2913a1310">
            <label>163</label>
            <p>
               <mixed-citation id="d323e2920" publication-type="other">
Cooper v. Oklahoma, 116 S.Ct. 1373 (1996) (No. 95-
5207)</mixed-citation>
            </p>
         </fn>
         <fn id="d323e2930a1310">
            <label>164</label>
            <p>
               <mixed-citation id="d323e2937" publication-type="other">
Id. at 30</mixed-citation>
            </p>
         </fn>
         <fn id="d323e2944a1310">
            <label>165</label>
            <p>
               <mixed-citation id="d323e2951" publication-type="other">
Id.</mixed-citation>
            </p>
         </fn>
         <fn id="d323e2958a1310">
            <label>166</label>
            <p>
               <mixed-citation id="d323e2965" publication-type="other">
State of Utah, Cooper v. Oklahoma, 116 S. Ct. 1373 (1996) (No.
95-5207)</mixed-citation>
            </p>
            <p>
               <mixed-citation id="d323e2974" publication-type="other">
Id. at 3</mixed-citation>
            </p>
         </fn>
         <fn id="d323e2981a1310">
            <label>167</label>
            <p>
               <mixed-citation id="d323e2988" publication-type="other">
Patterson v. New York, 432 U.S. 197, 202 (1977)</mixed-citation>
            </p>
         </fn>
         <fn id="d323e2996a1310">
            <label>168</label>
            <p>
               <mixed-citation id="d323e3003" publication-type="other">
Cooper v. Oklahoma, 116 S. Ct. 1373, 1382 (1996)</mixed-citation>
            </p>
         </fn>
         <fn id="d323e3010a1310">
            <label>169</label>
            <p>
               <mixed-citation id="d323e3017" publication-type="other">
Id. at 1383</mixed-citation>
            </p>
         </fn>
         <fn id="d323e3024a1310">
            <label>170</label>
            <p>
               <mixed-citation id="d323e3031" publication-type="other">
497 U.S. 261 (1990)</mixed-citation>
            </p>
         </fn>
         <fn id="d323e3038a1310">
            <label>171</label>
            <p>
               <mixed-citation id="d323e3045" publication-type="other">
Id.</mixed-citation>
            </p>
         </fn>
         <fn id="d323e3052a1310">
            <label>172</label>
            <p>
               <mixed-citation id="d323e3059" publication-type="other">
Id. at 280-81</mixed-citation>
            </p>
         </fn>
         <fn id="d323e3066a1310">
            <label>173</label>
            <p>
               <mixed-citation id="d323e3073" publication-type="other">
Id. at 283</mixed-citation>
            </p>
         </fn>
         <fn id="d323e3081a1310">
            <label>174</label>
            <p>
               <mixed-citation id="d323e3088" publication-type="other">
Id.</mixed-citation>
            </p>
         </fn>
         <fn id="d323e3095a1310">
            <label>175</label>
            <p>
               <mixed-citation id="d323e3102" publication-type="other">
455 U.S. 745 (1982)</mixed-citation>
            </p>
         </fn>
         <fn id="d323e3109a1310">
            <label>176</label>
            <p>
               <mixed-citation id="d323e3116" publication-type="other">
Id. at 749</mixed-citation>
            </p>
         </fn>
         <fn id="d323e3123a1310">
            <label>177</label>
            <p>
               <mixed-citation id="d323e3130" publication-type="other">
Id. at 747-48, 767</mixed-citation>
            </p>
         </fn>
         <fn id="d323e3137a1310">
            <label>178</label>
            <p>
               <mixed-citation id="d323e3144" publication-type="other">
385 U.S. 276 (1966)</mixed-citation>
            </p>
         </fn>
         <fn id="d323e3151a1310">
            <label>179</label>
            <p>
               <mixed-citation id="d323e3158" publication-type="other">
Id.</mixed-citation>
            </p>
         </fn>
         <fn id="d323e3166a1310">
            <label>180</label>
            <p>
               <mixed-citation id="d323e3173" publication-type="other">
Id. at 277</mixed-citation>
            </p>
         </fn>
         <fn id="d323e3180a1310">
            <label>181</label>
            <p>
               <mixed-citation id="d323e3187" publication-type="other">
Id. at 286</mixed-citation>
            </p>
            <p>
               <mixed-citation id="d323e3193" publication-type="other">
Id. at 285</mixed-citation>
            </p>
         </fn>
         <fn id="d323e3200a1310">
            <label>182</label>
            <p>
               <mixed-citation id="d323e3207" publication-type="other">
441 U.S. 418 (1979)</mixed-citation>
            </p>
         </fn>
         <fn id="d323e3214a1310">
            <label>183</label>
            <p>
               <mixed-citation id="d323e3221" publication-type="other">
Id.</mixed-citation>
            </p>
         </fn>
         <fn id="d323e3228a1310">
            <label>184</label>
            <p>
               <mixed-citation id="d323e3235" publication-type="other">
Id. at 426</mixed-citation>
            </p>
         </fn>
         <fn id="d323e3242a1310">
            <label>185</label>
            <p>
               <mixed-citation id="d323e3249" publication-type="other">
Id. at 427</mixed-citation>
            </p>
         </fn>
         <fn id="d323e3257a1310">
            <label>186</label>
            <p>
               <mixed-citation id="d323e3264" publication-type="other">
Cruzan v. Director, Mo. Dep't of Health, 497 U.S. 261, 264 (1990)</mixed-citation>
            </p>
         </fn>
         <fn id="d323e3271a1310">
            <label>187</label>
            <p>
               <mixed-citation id="d323e3278" publication-type="other">
Id. at 286-87</mixed-citation>
            </p>
         </fn>
         <fn id="d323e3285a1310">
            <label>188</label>
            <p>
               <mixed-citation id="d323e3292" publication-type="other">
Id. at 283</mixed-citation>
            </p>
         </fn>
         <fn id="d323e3299a1310">
            <label>189</label>
            <p>
               <mixed-citation id="d323e3306" publication-type="other">
Santosky v. Kramer, 455 U.S. 745, 747-48 (1982)</mixed-citation>
            </p>
         </fn>
         <fn id="d323e3313a1310">
            <label>190</label>
            <p>
               <mixed-citation id="d323e3320" publication-type="other">
Woodby v. INS, 385 U.S. 276, 286 (1966)</mixed-citation>
            </p>
         </fn>
         <fn id="d323e3327a1310">
            <label>191</label>
            <p>
               <mixed-citation id="d323e3334" publication-type="other">
Addington v. Texas, 441 U.S. 418, 427 (1979)</mixed-citation>
            </p>
         </fn>
         <fn id="d323e3342a1310">
            <label>192</label>
            <p>
               <mixed-citation id="d323e3349" publication-type="other">
In re Winship, 397 U.S. 358, 372 (1970) (Harlan, J., concurring)</mixed-citation>
            </p>
         </fn>
         <fn id="d323e3356a1310">
            <label>193</label>
            <p>
               <mixed-citation id="d323e3365" publication-type="other">
OKLA. STAT. ANN. tit. 22, § 1175.4(B) (West Supp. 1996)</mixed-citation>
            </p>
            <p>
               <mixed-citation id="d323e3371" publication-type="other">
Thompson v. Oklahoma, 487 U.S. 815, 838
(1988)</mixed-citation>
            </p>
            <p>
               <mixed-citation id="d323e3381" publication-type="other">
Id. at 823-24</mixed-citation>
            </p>
            <p>
               <mixed-citation id="d323e3387" publication-type="other">
Id.
at 829</mixed-citation>
            </p>
         </fn>
         <fn id="d323e3397a1310">
            <label>194</label>
            <p>
               <mixed-citation id="d323e3404" publication-type="other">
Court Tightens Standard of Fitness to Stand Trial, WALL ST. J., Apr. 17, 1996, at B2</mixed-citation>
            </p>
            <p>
               <mixed-citation id="d323e3410" publication-type="other">
CONN.
GEN. STAT. § 54-56d(b) (1995)</mixed-citation>
            </p>
            <p>
               <mixed-citation id="d323e3419" publication-type="other">
50 PA. CONS. STAT. § 7403(a) (West Supp. 1996)</mixed-citation>
            </p>
            <p>
               <mixed-citation id="d323e3426" publication-type="other">
R.I. GEN.
Laws § 40.1-5.3-3(b) (West Supp. 1996)</mixed-citation>
            </p>
         </fn>
         <fn id="d323e3436a1310">
            <label>196</label>
            <p>
               <mixed-citation id="d323e3443" publication-type="other">
Tate v. Oklahoma, 896 P.2d 1182 (Okla. Crim. App. 1995)</mixed-citation>
            </p>
         </fn>
         <fn id="d323e3450a1310">
            <label>197</label>
            <p>
               <mixed-citation id="d323e3457" publication-type="other">
Smith v. Oklahoma, No. F-94-1199, 1996 WL 557818, at *1 (Okla. Crim. App. Oct. 1,
1996)</mixed-citation>
            </p>
         </fn>
         <fn id="d323e3467a1310">
            <label>198</label>
            <p>
               <mixed-citation id="d323e3474" publication-type="other">
Id. at *2</mixed-citation>
            </p>
         </fn>
         <fn id="d323e3482a1310">
            <label>199</label>
            <p>
               <mixed-citation id="d323e3489" publication-type="other">
Id. at *4 (emphasis added)</mixed-citation>
            </p>
         </fn>
         <fn id="d323e3496a1310">
            <label>200</label>
            <p>
               <mixed-citation id="d323e3503" publication-type="other">
Hatch v. Oklahoma, 92 F.3d 1012, 1013 (10th Cir. 1996)</mixed-citation>
            </p>
         </fn>
         <fn id="d323e3510a1310">
            <label>201</label>
            <p>
               <mixed-citation id="d323e3517" publication-type="other">
Id. at 1015</mixed-citation>
            </p>
         </fn>
         <fn id="d323e3524a1310">
            <label>202</label>
            <p>
               <mixed-citation id="d323e3531" publication-type="other">
Id.</mixed-citation>
            </p>
         </fn>
         <fn id="d323e3538a1310">
            <label>203</label>
            <p>
               <mixed-citation id="d323e3545" publication-type="other">
Id.</mixed-citation>
            </p>
         </fn>
         <fn id="d323e3552a1310">
            <label>204</label>
            <p>
               <mixed-citation id="d323e3559" publication-type="other">
Id.</mixed-citation>
            </p>
         </fn>
         <fn id="d323e3567a1310">
            <label>205</label>
            <p>
               <mixed-citation id="d323e3574" publication-type="other">
Valdez v. Oklahoma, 900
P.2d 363, 367, 369 (Okla. Crim. App. 1995)</mixed-citation>
            </p>
         </fn>
         <fn id="d323e3584a1310">
            <label>206</label>
            <p>
               <mixed-citation id="d323e3591" publication-type="other">
Amicus Brief of the State of Utah at 16, Cooper v. Oklahoma, 116 S.Ct. 1373
(1996) (95-5207)</mixed-citation>
            </p>
         </fn>
         <fn id="d323e3601a1310">
            <label>207</label>
            <p>
               <mixed-citation id="d323e3608" publication-type="other">
Drope v. Missouri, 420 U.S. 162 (1975)</mixed-citation>
            </p>
            <p>
               <mixed-citation id="d323e3614" publication-type="other">
Id. at 172</mixed-citation>
            </p>
         </fn>
      </fn-group>
   </back>
</article>
