<article xmlns:xsi="http://www.w3.org/2001/XMLSchema-instance"
         xmlns:xlink="http://www.w3.org/1999/xlink"
         xmlns:mml="http://www.w3.org/1998/Math/MathML"
         dtd-version="1.0"
         article-type="research-article">
   <front>
      <journal-meta>
         <journal-id journal-id-type="jstor">jcrimlawcrim1973</journal-id>
         <journal-id journal-id-type="jstor">j100481</journal-id>
         <journal-title-group>
            <journal-title>The Journal of Criminal Law and Criminology (1973-)</journal-title>
         </journal-title-group>
         <publisher>
            <publisher-name>Northwestern University School of Law</publisher-name>
         </publisher>
         <issn pub-type="ppub">00914169</issn>
      </journal-meta>
      <article-meta>
         <article-id pub-id-type="doi">10.2307/1143790</article-id>
         <article-categories>
            <subj-group>
               <subject>Principal Studies</subject>
            </subj-group>
         </article-categories>
         <title-group>
            <article-title>Are There Multiple Paths to Delinquency?</article-title>
         </title-group>
         <contrib-group>
            <contrib contrib-type="author">
               <string-name>
                  <given-names>Denver Youth</given-names>
                  <surname>Survey</surname>
               </string-name>
            </contrib>
            <contrib contrib-type="author">
               <string-name>
                  <given-names>David</given-names>
                  <surname>Huizinga</surname>
               </string-name>
            </contrib>
            <contrib contrib-type="author">
               <string-name>
                  <given-names>Finn-Aage</given-names>
                  <surname>Esbensen</surname>
               </string-name>
            </contrib>
            <contrib contrib-type="author">
               <string-name>
                  <given-names>Anne Wylie</given-names>
                  <surname>Weiher</surname>
               </string-name>
            </contrib>
         </contrib-group>
         <pub-date>
            <day>1</day>
            <month>4</month>
            <year>1991</year>
         </pub-date>
         <volume>82</volume>
         <issue>1</issue>
         <issue-id>i247846</issue-id>
         <fpage>83</fpage>
         <lpage>118</lpage>
         <page-range>83-118</page-range>
         <permissions>
            <copyright-statement>Copyright 1991 Northwestern University, School of Law</copyright-statement>
         </permissions>
         <self-uri xlink:href="http://www.jstor.org/stable/1143790"/>
         <abstract>
            <p>Criminological research and theory generally proceed with the orientation, if not the assumption, that delinquency is the result of some series of events common to all delinquents. While some attention has been given to the concepts of typologies, multiple pathways, and different developmental sequences leading to different outcomes, rarely have these concepts been pursued empirically. This paper uses a typological approach to make a preliminary examination of the existence of multiple paths leading to delinquency. Data from the first two annual surveys of the Denver Youth Survey provide the basis for the analyses. The results support the notion that there is typological diversity in the backgrounds of youth who become delinquent, a diversity which, perhaps, should not be ignored.</p>
         </abstract>
         <custom-meta-group>
            <custom-meta>
               <meta-name>lang</meta-name>
               <meta-value>eng</meta-value>
            </custom-meta>
         </custom-meta-group>
      </article-meta>
   </front>
   <back>
      <fn-group>
         <title>[Footnotes]</title>
         <fn id="d2919e174a1310">
            <label>1</label>
            <p>
               <mixed-citation id="d2919e181" publication-type="book">
Gibbons, The Assumption of the Efficacy of Middle-Range Explanations. Typologies, in
THEORETICAL METHODS IN CRIMINOLOGY 151 (R. Meier ed. 1985).<person-group>
                     <string-name>
                        <surname>Gibbons</surname>
                     </string-name>
                  </person-group>
                  <comment content-type="section">The Assumption of the Efficacy of Middle-Range Explanations. Typologies</comment>
                  <volume>151</volume>
                  <source>Theoretical Methods in Criminology</source>
                  <year>1985</year>
               </mixed-citation>
            </p>
         </fn>
         <fn id="d2919e213a1310">
            <label>2</label>
            <p>
               <mixed-citation id="d2919e220" publication-type="journal">
Loeber &amp; Le Blanc, Toward a Developmental Criminology, in 12 CRIME &amp; JUST.: A
REVIEW OF RES. 375 (M. Tonry &amp; N. Morris eds. 1990).<person-group>
                     <string-name>
                        <surname>Loeber</surname>
                     </string-name>
                  </person-group>
                  <fpage>375</fpage>
                  <volume>12</volume>
                  <source>Crime &amp; Just.: A Review of Res.</source>
                  <year>1990</year>
               </mixed-citation>
            </p>
         </fn>
         <fn id="d2919e252a1310">
            <label>3</label>
            <p>
               <mixed-citation id="d2919e259" publication-type="journal">
Elliott, Ageton &amp; Canter, An Integrated Theoretical Perspective on Delinquent Behavior,
16 J. RES. IN CRIME &amp; DELINQ. 27 (1979).<person-group>
                     <string-name>
                        <surname>Elliott</surname>
                     </string-name>
                  </person-group>
                  <fpage>27</fpage>
                  <volume>16</volume>
                  <source>J. Res. in Crime &amp; Delinq.</source>
                  <year>1979</year>
               </mixed-citation>
            </p>
         </fn>
         <fn id="d2919e291a1310">
            <label>4</label>
            <p>
               <mixed-citation id="d2919e298" publication-type="book">
D. FARRINGTON, L. OHLIN &amp; J. WILSON, UNDERSTANDING AND CONTROLLING CRIME:
TOWARDS A NEW RESEARCH STRATEGY (1986).<person-group>
                     <string-name>
                        <surname>Farrington</surname>
                     </string-name>
                  </person-group>
                  <source>Understanding and Controlling Crime: Towards A New Research Strategy</source>
                  <year>1986</year>
               </mixed-citation>
            </p>
         </fn>
         <fn id="d2919e324a1310">
            <label>5</label>
            <p>
               <mixed-citation id="d2919e331" publication-type="conference">
D. Huizinga, Dynamic Typologies: A Means of Exploring Multivariate Data (1979)
(paper presented at the Classification Society Meetings, Gainesville, FL).<person-group>
                     <string-name>
                        <surname>Huizinga</surname>
                     </string-name>
                  </person-group>
                  <comment content-type="section">Dynamic Typologies: A Means of Exploring Multivariate Data</comment>
                  <source>The Classification Society Meetings, Gainesville, FL</source>
                  <year>1979</year>
               </mixed-citation>
            </p>
         </fn>
         <fn id="d2919e360a1310">
            <label>6</label>
            <p>
               <mixed-citation id="d2919e367" publication-type="journal">
Brennan &amp; Huizinga, The Social Psychology of Runaways, 3 CLASSIFICATION SOC'Y
BULL. (1976).<person-group>
                     <string-name>
                        <surname>Brennan</surname>
                     </string-name>
                  </person-group>
                  <volume>3</volume>
                  <source>Classification Soc'y Bull.</source>
                  <year>1976</year>
               </mixed-citation>
            </p>
         </fn>
         <fn id="d2919e396a1310">
            <label>7</label>
            <p>
               <mixed-citation id="d2919e403" publication-type="book">
T. BRENNAN, D. HUIZINGA &amp; D. ELLIOTT, THE SOCIAL PSYCHOLOGY OF RUNAWAYS
(1978) [hereinafter T. BRENNAN, RUNAWAYS]<person-group>
                     <string-name>
                        <surname>Brennan</surname>
                     </string-name>
                  </person-group>
                  <source>The Social Psychology of Runaways</source>
                  <year>1978</year>
               </mixed-citation>
            </p>
            <p>
               <mixed-citation id="d2919e427" publication-type="book">
D. FINKELHOR, G. HOTALING &amp; A. SEDLAK,
MISSING, ABDUCTED, RUNAWAY, AND THROWNAWAY CHILDREN IN AMERICA (monograph
prepared for Office of Juvenile Justice and Delinquency Prevention, 1990)<person-group>
                     <string-name>
                        <surname>Finkelhor</surname>
                     </string-name>
                  </person-group>
                  <source>Missing, Abducted, Runaway, and Thrownaway Children in America</source>
                  <year>1990</year>
               </mixed-citation>
            </p>
         </fn>
         <fn id="d2919e456a1310">
            <label>8</label>
            <p>
               <mixed-citation id="d2919e463" publication-type="journal">
Loeber, Development and Risk Factors of Juvenile Antisocial Behavior and Delinquency, 10
CLINICAL PSYCHOLOGY REV. 1 (1990).<person-group>
                     <string-name>
                        <surname>Loeber</surname>
                     </string-name>
                  </person-group>
                  <fpage>1</fpage>
                  <volume>10</volume>
                  <source>Clinical Psychology Rev.</source>
                  <year>1990</year>
               </mixed-citation>
            </p>
         </fn>
         <fn id="d2919e495a1310">
            <label>9</label>
            <p>
               <mixed-citation id="d2919e502" publication-type="journal">
Hill &amp; Crawford, Women, Race, and Crime, 28 CRIMINOLOGY 601 (1990).<person-group>
                     <string-name>
                        <surname>Hill</surname>
                     </string-name>
                  </person-group>
                  <fpage>601</fpage>
                  <volume>28</volume>
                  <source>Criminology</source>
                  <year>1990</year>
               </mixed-citation>
            </p>
         </fn>
         <fn id="d2919e531a1310">
            <label>10</label>
            <p>
               <mixed-citation id="d2919e538" publication-type="journal">
Seydlitz, The Effects of Gender, Age, and Parental Attachment on Delinquency: A Test for
Interactions, 10 Soc. SPECTRUM 209 (1990).<person-group>
                     <string-name>
                        <surname>Seydlitz</surname>
                     </string-name>
                  </person-group>
                  <fpage>209</fpage>
                  <volume>10</volume>
                  <source>Soc. Spectrum</source>
                  <year>1990</year>
               </mixed-citation>
            </p>
         </fn>
         <fn id="d2919e571a1310">
            <label>11</label>
            <p>
               <mixed-citation id="d2919e578" publication-type="journal">
Bailey &amp; Hubbard, Developmental Variation in the Context of Marijuana Initiation among
Adolescents, 31 J. HEALTH &amp; SOC. BEHAV. 58 (1990).<person-group>
                     <string-name>
                        <surname>Bailey</surname>
                     </string-name>
                  </person-group>
                  <fpage>58</fpage>
                  <volume>32</volume>
                  <source>J. Health &amp; Soc. Behav.</source>
                  <year>1990</year>
               </mixed-citation>
            </p>
         </fn>
         <fn id="d2919e610a1310">
            <label>12</label>
            <p>
               <mixed-citation id="d2919e617" publication-type="book">
D. ELLIOIT, D. HUIZINGA &amp; S. AGETON, EXPLAINING DELINQUENCY AND DRUG USE
(1985) [hereinafer D. ELLIOT', EXPLAINING DELINQUENCY].<person-group>
                     <string-name>
                        <surname>Ellioit</surname>
                     </string-name>
                  </person-group>
                  <source>Explaining Delinquency and Drug Use</source>
                  <year>1985</year>
               </mixed-citation>
            </p>
         </fn>
         <fn id="d2919e642a1310">
            <label>13</label>
            <p>
               <mixed-citation id="d2919e649" publication-type="journal">
Cattell, Factor Analysis. An Introduction to the Essentials, 21 BIOMETRICS 405 (1965).<object-id pub-id-type="doi">10.2307/2528100</object-id>
                  <fpage>405</fpage>
               </mixed-citation>
            </p>
         </fn>
         <fn id="d2919e662a1310">
            <label>14</label>
            <p>
               <mixed-citation id="d2919e669" publication-type="book">
R. AKERS, DEVIANT BEHAVIOR: A SOCIAL LEARNING PERSPECTIVE (1977)<person-group>
                     <string-name>
                        <surname>Akers</surname>
                     </string-name>
                  </person-group>
                  <source>Deviant Behavior: A Social Learning Perspective</source>
                  <year>1977</year>
               </mixed-citation>
            </p>
            <p>
               <mixed-citation id="d2919e690" publication-type="book">
D. ELLI-
OTT, EXPLAINING DELINQUENCY, supra note 12  </mixed-citation>
            </p>
            <p>
               <mixed-citation id="d2919e701" publication-type="book">
R. JESSOR &amp; S. JESSOR, PROBLEM BEHAVIOR
AND PSYCHOSOCIAL DEVELOPMENT: A LONGITUDINAL STUDY OF YOUTH (1977)<person-group>
                     <string-name>
                        <surname>Jessor</surname>
                     </string-name>
                  </person-group>
                  <source>Problem Behavior and Psychosocial Development: A Longitudinal Study of Youth</source>
                  <year>1977</year>
               </mixed-citation>
            </p>
            <p>
               <mixed-citation id="d2919e726" publication-type="book">
R. JOHN-
SON, JUVENILE DELINQUENCY AND ITS ORIGINS (1979)<person-group>
                     <string-name>
                        <surname>Johnson</surname>
                     </string-name>
                  </person-group>
                  <source>Juvenile Delinquency and Its Origins</source>
                  <year>1979</year>
               </mixed-citation>
            </p>
            <p>
               <mixed-citation id="d2919e750" publication-type="journal">
Cernkovich, Evaluating Two Models
of Delinquency Causation: Structural Theory and Control Theory, 16 CRIMINOLOGY 335 (1978)<person-group>
                     <string-name>
                        <surname>Cernkovich</surname>
                     </string-name>
                  </person-group>
                  <fpage>335</fpage>
                  <volume>16</volume>
                  <source>Criminology</source>
                  <year>1978</year>
               </mixed-citation>
            </p>
            <p>
               <mixed-citation id="d2919e781" publication-type="book">
Conger, Juvenile Delinquency.: Behavior Restraint or Behavior Facilitation?, in UNDERSTANDING
CRIME: CURRENT THEORY AND RESEARCH 131 (T. Hirschi &amp; M. Gottfredson eds. 1980)<person-group>
                     <string-name>
                        <surname>Conger</surname>
                     </string-name>
                  </person-group>
                  <comment content-type="section">Juvenile Delinquency.: Behavior Restraint or Behavior Facilitation?</comment>
                  <volume>131</volume>
                  <source>Understanding Crime: Current Theory and Research</source>
                  <year>1980</year>
               </mixed-citation>
            </p>
            <p>
               <mixed-citation id="d2919e812" publication-type="book">
Conger, From Social Learning to Criminal Behavior, in CRIME, LAW AND SANCTIONS: THEO-
RETICAL PERSPECTIVES 91 (M. Krohn &amp; R. Akers eds. 1978)<person-group>
                     <string-name>
                        <surname>Conger</surname>
                     </string-name>
                  </person-group>
                  <comment content-type="section">From Social Learning to Criminal Behavior</comment>
                  <volume>91</volume>
                  <source>Crime, Law and Sanctions: Theoretical Perspectives</source>
                  <year>1978</year>
               </mixed-citation>
            </p>
            <p>
               <mixed-citation id="d2919e843" publication-type="journal">
Conger, Social Control and
Social Learning Models of Delinquent Behavior: A Synthesis, 14 CRIMINOLOGY 17 (1976)<person-group>
                     <string-name>
                        <surname>Conger</surname>
                     </string-name>
                  </person-group>
                  <fpage>17</fpage>
                  <volume>14</volume>
                  <source>Criminology</source>
                  <year>1976</year>
               </mixed-citation>
            </p>
            <p>
               <mixed-citation id="d2919e874" publication-type="book">
Elli-
ott, The Assumption that Theories Can be Combined With Increased Explanatory Power. Theoretical
Integrations, in THEOORETICAL METHODS IN CRIMINOLOGY (R. Meier ed. 1985)<person-group>
                     <string-name>
                        <surname>Elliott</surname>
                     </string-name>
                  </person-group>
                  <comment content-type="section">The Assumption that Theories Can be Combined With Increased Explanatory Power. Theoretical Integrations</comment>
                  <source>Theooretical Methods in Criminology</source>
                  <year>1985</year>
               </mixed-citation>
            </p>
            <p>
               <mixed-citation id="d2919e906" publication-type="journal">
Hepburn,
Testing Alternative Models of Delinquency Causation, 67 J. CRIM. L. &amp; CRIMINOLOGY 450
(1977)<person-group>
                     <string-name>
                        <surname>Hepburn</surname>
                     </string-name>
                  </person-group>
                  <fpage>450</fpage>
                  <volume>67</volume>
                  <source>J. Crim. L. &amp; Criminology</source>
                  <year>1977</year>
               </mixed-citation>
            </p>
            <p>
               <mixed-citation id="d2919e940" publication-type="journal">
Linden &amp; Hackler, Affective Ties and Delinquency, 16 PAC. Soc. REV. 27 (1973)<person-group>
                     <string-name>
                        <surname>Linden</surname>
                     </string-name>
                  </person-group>
                  <fpage>27</fpage>
                  <volume>16</volume>
                  <source>Pac. Soc. Rev.</source>
                  <year>1973</year>
               </mixed-citation>
            </p>
            <p>
               <mixed-citation id="d2919e968" publication-type="book">
Meade &amp; Marsden, An Integration of Classic Theories of Delinquency, in YOUTH AND SOCIETY:
STUDIES OF ADOLESCENT DEVIANCE (A.C. Meade ed. 1981)<person-group>
                     <string-name>
                        <surname>Meade</surname>
                     </string-name>
                  </person-group>
                  <comment content-type="section">An Integration of Classic Theories of Delinquency</comment>
                  <source>Youth and Society: Studies of Adolescent Deviance</source>
                  <year>1981</year>
               </mixed-citation>
            </p>
            <p>
               <mixed-citation id="d2919e996" publication-type="book">
Mednick, Pollock, Volauka &amp;
Gabrielli, Jr., Biology and Violence, in CRIMINAL VIOLENCE 85 (M. Wolfgang &amp; N. Weiner
eds. 1982)<person-group>
                     <string-name>
                        <surname>Mednick</surname>
                     </string-name>
                  </person-group>
                  <comment content-type="section">Jr., Biology and Violence</comment>
                  <volume>85</volume>
                  <source>Criminal Violence</source>
                  <year>1982</year>
               </mixed-citation>
            </p>
            <p>
               <mixed-citation id="d2919e1030" publication-type="journal">
Patterson, Chamberlain &amp; Reid, A Comparative Evaluation of a Parent-Training
Program, 13 BEHAV. THERAPY 638 (1982)<person-group>
                     <string-name>
                        <surname>Patterson</surname>
                     </string-name>
                  </person-group>
                  <fpage>638</fpage>
                  <volume>13</volume>
                  <source>Behav. Therapy</source>
                  <year>1982</year>
               </mixed-citation>
            </p>
            <p>
               <mixed-citation id="d2919e1061" publication-type="journal">
Thompson, Smith-DiJulio &amp; Matthews, Social
Control Theory: Evaluating a Model for the Study of Adolescent Alcohol and Drug Use, 13 YOUTH
&amp; SOC'Y 303 (1982)<person-group>
                     <string-name>
                        <surname>Thompson</surname>
                     </string-name>
                  </person-group>
                  <fpage>303</fpage>
                  <volume>13</volume>
                  <source>Youth &amp; Soc'y</source>
                  <year>1982</year>
               </mixed-citation>
            </p>
         </fn>
         <fn id="d2919e1096a1310">
            <label>15</label>
            <p>
               <mixed-citation id="d2919e1103" publication-type="book">
D. ELLIOTT, EXPLAINING DELINQUENCY, supra note 12.  </mixed-citation>
            </p>
         </fn>
         <fn id="d2919e1112a1310">
            <label>16</label>
            <p>
               <mixed-citation id="d2919e1119" publication-type="journal">
Esben-
sen &amp; Huizinga, Community Structure and Drug Use: From a Social Disorganization Perspective,
7 JUST. Q 691 (1990)<person-group>
                     <string-name>
                        <surname>Esbensen</surname>
                     </string-name>
                  </person-group>
                  <fpage>691</fpage>
                  <volume>7</volume>
                  <source>Just. Q</source>
                  <year>1990</year>
               </mixed-citation>
            </p>
         </fn>
         <fn id="d2919e1155a1310">
            <label>17</label>
            <p>
               <mixed-citation id="d2919e1162" publication-type="other">
M. Krohn, S. Stern, T. Thornberry &amp; S. Jang, Family Processes and Initiation of
Delinquency and Drug Use: The Impact of Parent and Adolescent Perceptions (1989)
(unpublished manuscript).</mixed-citation>
            </p>
         </fn>
         <fn id="d2919e1175a1310">
            <label>18</label>
            <p>
               <mixed-citation id="d2919e1182" publication-type="journal">
Sparks, Euclidean Cluster Analysis, 22 APPLIED STATISTICS 126 (1973).<object-id pub-id-type="doi">10.2307/2346321</object-id>
                  <fpage>126</fpage>
               </mixed-citation>
            </p>
         </fn>
         <fn id="d2919e1195a1310">
            <label>19</label>
            <p>
               <mixed-citation id="d2919e1202" publication-type="conference">
D. Huizinga, Are There Any Clusters?
(1978) (paper presented at the Classification Society Meetings, Clemson, SC)<person-group>
                     <string-name>
                        <surname>Huizinga</surname>
                     </string-name>
                  </person-group>
                  <comment content-type="section">Are There Any Clusters?</comment>
                  <source>The Classification Society Meetings, Clemson, SC</source>
                  <year>1978</year>
               </mixed-citation>
            </p>
         </fn>
      </fn-group>
   </back>
</article>
