<article xmlns:xsi="http://www.w3.org/2001/XMLSchema-instance"
         xmlns:xlink="http://www.w3.org/1999/xlink"
         xmlns:mml="http://www.w3.org/1998/Math/MathML"
         dtd-version="1.0"
         article-type="research-article">
   <front>
      <journal-meta>
         <journal-id journal-id-type="jstor">jcrimlawcrim1973</journal-id>
         <journal-id journal-id-type="jstor">j100481</journal-id>
         <journal-title-group>
            <journal-title>The Journal of Criminal Law and Criminology (1973-)</journal-title>
         </journal-title-group>
         <publisher>
            <publisher-name>Northwestern University School of Law</publisher-name>
         </publisher>
         <issn pub-type="ppub">00914169</issn>
      </journal-meta>
      <article-meta>
         <article-id pub-id-type="doi">10.2307/1143839</article-id>
         <article-categories>
            <subj-group>
               <subject>Criminology</subject>
            </subj-group>
         </article-categories>
         <title-group>
            <article-title>Well Kept: Comparing Quality of Confinement in Private and Public Prisons</article-title>
         </title-group>
         <contrib-group>
            <contrib contrib-type="author">
               <string-name>
                  <given-names>Charles H.</given-names>
                  <surname>Logan</surname>
               </string-name>
            </contrib>
         </contrib-group>
         <pub-date>
            <day>1</day>
            <month>10</month>
            <year>1992</year>
         </pub-date>
         <volume>83</volume>
         <issue>3</issue>
         <issue-id>i247852</issue-id>
         <fpage>577</fpage>
         <lpage>613</lpage>
         <page-range>577-613</page-range>
         <permissions>
            <copyright-statement>Copyright 1992 Northwestern University, School of Law</copyright-statement>
         </permissions>
         <self-uri xlink:href="http://www.jstor.org/stable/1143839"/>
         <abstract>
            <p>Quality of confinement is compared among three women's prisons: private, state, and federal. Defined along eight dimensions, quality of confinement is measured using 333 indicators derived from institutional records and surveys of inmates and staff. A comparative Prison Quality Index summarizes the results for each prison on each dimension. While all three prisons are regarded as having been high in quality, the private prison outperformed its governmental counterparts on nearly every dimension.</p>
         </abstract>
         <custom-meta-group>
            <custom-meta>
               <meta-name>lang</meta-name>
               <meta-value>eng</meta-value>
            </custom-meta>
         </custom-meta-group>
      </article-meta>
   </front>
   <back>
      <fn-group>
         <title>[Footnotes]</title>
         <fn id="d10419e129a1310">
            <label>1</label>
            <p>
               <mixed-citation id="d10419e136" publication-type="other">
infra, Section V.A., Using a Federal Prison as a Third
Point of Comparison</mixed-citation>
            </p>
         </fn>
         <fn id="d10419e146a1310">
            <label>2</label>
            <p>
               <mixed-citation id="d10419e153" publication-type="other">
Section V.B., infra</mixed-citation>
            </p>
         </fn>
         <fn id="d10419e160a1310">
            <label>3</label>
            <p>
               <mixed-citation id="d10419e167" publication-type="journal">
Samuel Jan Brakel, Prison Management, Private Enterprise Style: The Inmates' Evaluation,
14 NEW ENG. J. ON CRIM. &amp; CIV. CONFINEMENT 175 (1988)<person-group>
                     <string-name>
                        <surname>Brakel</surname>
                     </string-name>
                  </person-group>
                  <volume>175</volume>
                  <source>14 New Eng. J. On Crim. &amp; Civ. Confinement</source>
                  <year>1988</year>
               </mixed-citation>
            </p>
            <p>
               <mixed-citation id="d10419e195" publication-type="journal">
Robert Levinson, Okeechobee:
An Evaluation of Privatization in Corrections, 65 PRISON J. 75 (1985)<person-group>
                     <string-name>
                        <surname>Levinson</surname>
                     </string-name>
                  </person-group>
                  <volume>75</volume>
                  <source>65 Prison J.</source>
                  <year>1985</year>
               </mixed-citation>
            </p>
            <p>
               <mixed-citation id="d10419e223" publication-type="book">
THE URBAN INSTITUTE,
COMPARISON OF PRIVATELY AND PUBLICLY OPERATED CORRECTIONS FACILITIES IN KEN-
TUCKY AND MASSACHUSETTS (1989)<person-group>
                     <string-name>
                        <surname>The Urban Institute</surname>
                     </string-name>
                  </person-group>
                  <source>Comparison of Privately and Publicly Operated Corrections Facilities in Kentucky and Massachusetts</source>
                  <year>1989</year>
               </mixed-citation>
            </p>
            <p>
               <mixed-citation id="d10419e252" publication-type="other">
STATE OF TEXAS, Public Safety and Criminal Justice (Pt.
2), 2 BREAKING THE MOLD: NEW WAYS TO GOVERN TEXAS; A REPORT FROM THE TEXAS
PERFORMANCE REVIEW 19 (Texas Comptroller of Public Accounts 1991)</mixed-citation>
            </p>
         </fn>
         <fn id="d10419e265a1310">
            <label>4</label>
            <p>
               <mixed-citation id="d10419e272" publication-type="book">
JOHNJ. DIIULIO, JR., GOVERNING PRISONS: A COMPARA-
TIVE STUDY OF CORRECTIONAL MANAGEMENT (1987)<person-group>
                     <string-name>
                        <surname>Diiulio</surname>
                     </string-name>
                  </person-group>
                  <source>Governing Prisons: a Comparative Study of Correctional Management</source>
                  <year>1987</year>
               </mixed-citation>
            </p>
         </fn>
         <fn id="d10419e298a1310">
            <label>5</label>
            <p>
               <mixed-citation id="d10419e305" publication-type="book">
CHARLES W. THOMAS &amp; SUZANNA L. FOARD, PRIVATE CORRECTIONAL FACILITY CEN-
SUS 1992 (University of Florida 1992).<person-group>
                     <string-name>
                        <surname>Thomas</surname>
                     </string-name>
                  </person-group>
                  <source>Private Correctional Facility Census 1992</source>
                  <year>1992</year>
               </mixed-citation>
            </p>
         </fn>
         <fn id="d10419e330a1310">
            <label>6</label>
            <p>
               <mixed-citation id="d10419e337" publication-type="book">
CHARLES H. LOGAN &amp; BILL W. McGRIFF, COMPARING COSTS OF PUBLIC AND PRIVATE
PRISONS: A CASE STUDY (National Institute of Justice 1989)<person-group>
                     <string-name>
                        <surname>Logan</surname>
                     </string-name>
                  </person-group>
                  <source>Comparing Costs of Public and Private Prisons: a Case Study</source>
                  <year>1989</year>
               </mixed-citation>
            </p>
            <p>
               <mixed-citation id="d10419e361" publication-type="book">
STATE OF TEXAS, Information
Report on Contracts and Correctional Facilities and Services, in SUNSET ADVISORY COMM. FINAL
REP., Ch. 4 (Austin, Sunset Advisory Commission, 1991)<person-group>
                     <string-name>
                        <surname>State Of Texas</surname>
                     </string-name>
                  </person-group>
                  <comment content-type="section">Information Report on Contracts and Correctional Facilities and Services</comment>
                  <source>Sunset Advisory Comm. Final Rep.</source>
                  <year>1991</year>
               </mixed-citation>
            </p>
            <p>
               <mixed-citation id="d10419e392" publication-type="book">
DOUGLAS C. McDONALD, The
Costs of Operating Public and Private Correctional Facilities, in PRIVATE PRISONS AND THE PUB-
LIC INTEREST 86 (Douglas McDonald ed., 1990)<person-group>
                     <string-name>
                        <surname>McDonald</surname>
                     </string-name>
                  </person-group>
                  <comment content-type="section">The Costs of Operating Public and Private Correctional Facilities</comment>
                  <volume>86</volume>
                  <source>Private Prisons and the Public Interest</source>
                  <year>1990</year>
               </mixed-citation>
            </p>
         </fn>
         <fn id="d10419e427a1310">
            <label>7</label>
            <p>
               <mixed-citation id="d10419e434" publication-type="other">
Ruiz v. Estelle, 503 F. Supp. 1265 (S.D. Tex. 1980).</mixed-citation>
            </p>
         </fn>
         <fn id="d10419e441a1310">
            <label>8</label>
            <p>
               <mixed-citation id="d10419e448" publication-type="other">
Duran v. Apodaca, No. Civil 77-721-C (D. N.M., filed July 17, 1980).</mixed-citation>
            </p>
         </fn>
         <fn id="d10419e455a1310">
            <label>9</label>
            <p>
               <mixed-citation id="d10419e462" publication-type="book">
CHARLES H. LOGAN, WELL KEPT: COMPARING
QUALITY OF CONFINEMENT IN A PUBLIC AND A PRIVATE PRISON (National Institute of Jus-
tice 1991)<person-group>
                     <string-name>
                        <surname>Logan</surname>
                     </string-name>
                  </person-group>
                  <source>Well Kept: Comparing Quality of Confinement in a Public and a Private Prison</source>
                  <year>1991</year>
               </mixed-citation>
            </p>
         </fn>
         <fn id="d10419e491a1310">
            <label>10</label>
            <p>
               <mixed-citation id="d10419e498" publication-type="book">
LOGAN, supra note 9, at 5-11  <fpage>5</fpage>
               </mixed-citation>
            </p>
         </fn>
         <fn id="d10419e511a1310">
            <label>13</label>
            <p>
               <mixed-citation id="d10419e518" publication-type="other">
WILLIAM G. SAYLOR, SURVEYING PRISON ENVIRONMENTS (Office of Research, Fed-
eral Bureau of Prisons 1984).</mixed-citation>
            </p>
         </fn>
         <fn id="d10419e528a1310">
            <label>16</label>
            <p>
               <mixed-citation id="d10419e537" publication-type="book">
supra
note 9  </mixed-citation>
            </p>
         </fn>
         <fn id="d10419e549a1310">
            <label>23</label>
            <p>
               <mixed-citation id="d10419e556" publication-type="book">
THE URBAN INSTITUTE, supra note 3  </mixed-citation>
            </p>
         </fn>
         <fn id="d10419e565a1310">
            <label>24</label>
            <p>
               <mixed-citation id="d10419e572" publication-type="book">
LOGAN, supra note 9  </mixed-citation>
            </p>
         </fn>
         <fn id="d10419e581a1310">
            <label>25</label>
            <p>
               <mixed-citation id="d10419e590" publication-type="other">
supra note 8</mixed-citation>
            </p>
         </fn>
         <fn id="d10419e597a1310">
            <label>26</label>
            <p>
               <mixed-citation id="d10419e604" publication-type="other">
infra section V.A</mixed-citation>
            </p>
         </fn>
         <fn id="d10419e612a1310">
            <label>29</label>
            <p>
               <mixed-citation id="d10419e619" publication-type="other">
supra note 8</mixed-citation>
            </p>
         </fn>
         <fn id="d10419e626a1310">
            <label>32</label>
            <p>
               <mixed-citation id="d10419e633" publication-type="book">
LOGAN, supra note 9  </mixed-citation>
            </p>
         </fn>
         <fn id="d10419e642a1310">
            <label>33</label>
            <p>
               <mixed-citation id="d10419e651" publication-type="book">
GEORGE M. &amp; CAMILLE G. CAMP, THE CORRECTIONS YEARBOOK 1989
(Criminal Justice Institute, 1989), at 21-22, 33<person-group>
                     <string-name>
                        <surname>George</surname>
                     </string-name>
                  </person-group>
                  <fpage>21</fpage>
                  <volume>1989</volume>
                  <source>The Corrections Yearbook</source>
                  <year>1989</year>
               </mixed-citation>
            </p>
         </fn>
         <fn id="d10419e683a1310">
            <label>36</label>
            <p>
               <mixed-citation id="d10419e690" publication-type="book">
SOURCEBOOK OF CRIMINAL JUSTICE STATISTICS-1987 (Timothy J. Flannagan &amp;
Katherine M. Jamieson eds., Bureau of Justice Statistics 1988), at 92.<fpage>92</fpage>
                  <source>Sourcebook of Criminal Justice Statistics</source>
                  <year>1988</year>
               </mixed-citation>
            </p>
         </fn>
         <fn id="d10419e709a1310">
            <label>38</label>
            <p>
               <mixed-citation id="d10419e716" publication-type="other">
supra note 3</mixed-citation>
            </p>
         </fn>
         <fn id="d10419e723a1310">
            <label>39</label>
            <p>
               <mixed-citation id="d10419e730" publication-type="other">
supra note 21</mixed-citation>
            </p>
         </fn>
         <fn id="d10419e738a1310">
            <label>40</label>
            <p>
               <mixed-citation id="d10419e745" publication-type="book">
LOGAN, supra
note 9  </mixed-citation>
            </p>
         </fn>
         <fn id="d10419e757a1310">
            <label>41</label>
            <p>
               <mixed-citation id="d10419e764" publication-type="other">
supra notes 3</mixed-citation>
            </p>
            <p>
               <mixed-citation id="d10419e770" publication-type="other">
6</mixed-citation>
            </p>
         </fn>
         <fn id="d10419e777a1310">
            <label>42</label>
            <p>
               <mixed-citation id="d10419e784" publication-type="book">
LOGAN, supra note 9  </mixed-citation>
            </p>
         </fn>
      </fn-group>
   </back>
</article>
