<article xmlns:xsi="http://www.w3.org/2001/XMLSchema-instance"
         xmlns:xlink="http://www.w3.org/1999/xlink"
         xmlns:mml="http://www.w3.org/1998/Math/MathML"
         dtd-version="1.0"
         article-type="research-article">
   <front>
      <journal-meta>
         <journal-id journal-id-type="jstor">jcrimlawcrim1973</journal-id>
         <journal-id journal-id-type="jstor">j100481</journal-id>
         <journal-title-group>
            <journal-title>The Journal of Criminal Law and Criminology (1973-)</journal-title>
         </journal-title-group>
         <publisher>
            <publisher-name>Northwestern University School of Law</publisher-name>
         </publisher>
         <issn pub-type="ppub">00914169</issn>
      </journal-meta>
      <article-meta>
         <article-id pub-id-type="doi">10.2307/1144032</article-id>
         <article-categories>
            <subj-group>
               <subject>Criminology</subject>
            </subj-group>
         </article-categories>
         <title-group>
            <article-title>Preventive Detention and the Judicial Prediction of Dangerousness for Juveniles: A Natural Experiment</article-title>
         </title-group>
         <contrib-group>
            <contrib contrib-type="author">
               <string-name>
                  <given-names>Jeffrey</given-names>
                  <surname>Fagan</surname>
               </string-name>
            </contrib>
            <contrib contrib-type="author">
               <string-name>
                  <given-names>Martin</given-names>
                  <surname>Guggenheim</surname>
               </string-name>
            </contrib>
         </contrib-group>
         <pub-date>
            <day>1</day>
            <month>1</month>
            <year>1996</year>
         </pub-date>
         <volume>86</volume>
         <issue>2</issue>
         <issue-id>i247863</issue-id>
         <fpage>415</fpage>
         <lpage>448</lpage>
         <page-range>415-448</page-range>
         <permissions>
            <copyright-statement>Copyright 1996 Northwestern University, School of Law</copyright-statement>
         </permissions>
         <self-uri xlink:href="http://www.jstor.org/stable/1144032"/>
         <custom-meta-group>
            <custom-meta>
               <meta-name>lang</meta-name>
               <meta-value>eng</meta-value>
            </custom-meta>
         </custom-meta-group>
      </article-meta>
   </front>
   <back>
      <fn-group>
         <title>[Footnotes]</title>
         <fn id="d6392e135a1310">
            <label>1</label>
            <p>
               <mixed-citation id="d6392e142" publication-type="other">
Hearings Before the Subcomm. on Constitutional Rights of the Comm. on the Judici-
ary, 91st Cong., 2d Sess. (1970)</mixed-citation>
            </p>
            <p>
               <mixed-citation id="d6392e151" publication-type="other">
D.C. CODE ANN. §§ 23-1321 to 1332 (1981 &amp; Supp. 1995)</mixed-citation>
            </p>
         </fn>
         <fn id="d6392e158a1310">
            <label>2</label>
            <p>
               <mixed-citation id="d6392e165" publication-type="book">
Mary Toborg &amp;John Bellassai, Attempts to Predict Violence: Research Findings and Legisla-
tive Responses, in THE PREDICTION OF CRIMINAL VIOLENCE 101, 107 (Fernard N. Dutile &amp;
Cleon H. Foust eds., 1987)<person-group>
                     <string-name>
                        <surname>Toborg</surname>
                     </string-name>
                  </person-group>
                  <comment content-type="section">Attempts to Predict Violence: Research Findings and Legislative Responses</comment>
                  <volume>101</volume>
                  <source>The Prediction of Criminal Violence</source>
                  <year>1987</year>
               </mixed-citation>
            </p>
            <p>
               <mixed-citation id="d6392e199" publication-type="journal">
John Goldkamp, Danger and Detention: A Second Generation of
Bail Reform, 76 J. CRIM. L. &amp; CRIMINOLOGY 1 (1985)<object-id pub-id-type="doi">10.2307/1143353</object-id>
                  <fpage>1</fpage>
               </mixed-citation>
            </p>
         </fn>
         <fn id="d6392e215a1310">
            <label>3</label>
            <p>
               <mixed-citation id="d6392e224" publication-type="book">
Toborg &amp; Bellassai, supra note 2, at 108  <fpage>108</fpage>
               </mixed-citation>
            </p>
            <p>
               <mixed-citation id="d6392e235" publication-type="other">
Bail Reform Act of 1984</mixed-citation>
            </p>
         </fn>
         <fn id="d6392e242a1310">
            <label>4</label>
            <p>
               <mixed-citation id="d6392e249" publication-type="other">
467 U.S. 253 (1984).</mixed-citation>
            </p>
         </fn>
         <fn id="d6392e257a1310">
            <label>5</label>
            <p>
               <mixed-citation id="d6392e264" publication-type="other">
481 U.S. 739 (1987).</mixed-citation>
            </p>
         </fn>
         <fn id="d6392e271a1310">
            <label>6</label>
            <p>
               <mixed-citation id="d6392e278" publication-type="other">
18 U.S.C. §§ 3141-56 (1988 &amp; Supp. 1993).</mixed-citation>
            </p>
         </fn>
         <fn id="d6392e285a1310">
            <label>7</label>
            <p>
               <mixed-citation id="d6392e292" publication-type="other">
Bell v. Wolfish, 441 U.S. 520, 535-38 (1979)</mixed-citation>
            </p>
            <p>
               <mixed-citation id="d6392e298" publication-type="other">
United States v. Edwards, 430 A.2d
1321 (D.C. Cir. 1981)</mixed-citation>
            </p>
            <p>
               <mixed-citation id="d6392e307" publication-type="book">
Schall 467
U.S. at 274<fpage>274</fpage>
                  <source>Schall</source>
               </mixed-citation>
            </p>
         </fn>
         <fn id="d6392e323a1310">
            <label>8</label>
            <p>
               <mixed-citation id="d6392e330" publication-type="other">
Schall, 467 U.S. at 278-81</mixed-citation>
            </p>
            <p>
               <mixed-citation id="d6392e336" publication-type="book">
Salerno, 481 U.S. at 751.<fpage>751</fpage>
                  <source>Salerno</source>
               </mixed-citation>
            </p>
         </fn>
         <fn id="d6392e349a1310">
            <label>9</label>
            <p>
               <mixed-citation id="d6392e356" publication-type="other">
Schall, 467 U.S. at 278.</mixed-citation>
            </p>
         </fn>
         <fn id="d6392e363a1310">
            <label>10</label>
            <p>
               <mixed-citation id="d6392e370" publication-type="other">
Id.</mixed-citation>
            </p>
         </fn>
         <fn id="d6392e378a1310">
            <label>11</label>
            <p>
               <mixed-citation id="d6392e385" publication-type="journal">
Goldkamp, supra note 2, at 6.  </mixed-citation>
            </p>
         </fn>
         <fn id="d6392e394a1310">
            <label>12</label>
            <p>
               <mixed-citation id="d6392e401" publication-type="journal">
Goldkamp, supra note 2, at 3-5  </mixed-citation>
            </p>
            <p>
               <mixed-citation id="d6392e409" publication-type="book">
DANIELJ. FREED &amp; PATRICIA M. WALD, BAIL IN THE
UNITED STATES: 1964 (1964)<person-group>
                     <string-name>
                        <surname>Freed</surname>
                     </string-name>
                  </person-group>
                  <source>Bail in The United States: 1964</source>
                  <year>1964</year>
               </mixed-citation>
            </p>
            <p>
               <mixed-citation id="d6392e433" publication-type="book">
WAYNE H. THOMAS, BAIL REFORM IN AMERICA (1976)<person-group>
                     <string-name>
                        <surname>Thomas</surname>
                     </string-name>
                  </person-group>
                  <source>Bail Reform in America</source>
                  <year>1976</year>
               </mixed-citation>
            </p>
            <p>
               <mixed-citation id="d6392e455" publication-type="book">
MAL-
COLM M. FEELEY, THE PROCESS IS THE PUNISHMENT (1979)<person-group>
                     <string-name>
                        <surname>Feeley</surname>
                     </string-name>
                  </person-group>
                  <source>The Process is the Punishment</source>
                  <year>1979</year>
               </mixed-citation>
            </p>
         </fn>
         <fn id="d6392e480a1310">
            <label>13</label>
            <p>
               <mixed-citation id="d6392e487" publication-type="other">
Stack v. Boyle, 342 U.S. 1, 4-5 (1951)</mixed-citation>
            </p>
            <p>
               <mixed-citation id="d6392e493" publication-type="other">
Carlson v. Landon, 342 U.S. 524 (1952)</mixed-citation>
            </p>
         </fn>
         <fn id="d6392e500a1310">
            <label>14</label>
            <p>
               <mixed-citation id="d6392e507" publication-type="journal">
Arthur Angel et al., Preventive Detention: An Empirical Analysis, 6 HARV. C.R.-C.L. L.
REV. 300 (1971)<person-group>
                     <string-name>
                        <surname>Angel</surname>
                     </string-name>
                  </person-group>
                  <fpage>300</fpage>
                  <volume>6</volume>
                  <source>Harv. C.R.-C.L. L. Rev.</source>
                  <year>1971</year>
               </mixed-citation>
            </p>
            <p>
               <mixed-citation id="d6392e538" publication-type="journal">
John Mitchell, Bail Reform and the Constitutionality of Pretrial Detention, 55
VA. L. REV. 1223 (1969)<object-id pub-id-type="doi">10.2307/1071765</object-id>
                  <fpage>1223</fpage>
               </mixed-citation>
            </p>
            <p>
               <mixed-citation id="d6392e553" publication-type="journal">
Lawrence Tribe, An Ounce of Detention: Preventive Justice in the World
of John Mitchell, 56 VA. L. REV. 371 (1970)<object-id pub-id-type="doi">10.2307/1071797</object-id>
                  <fpage>371</fpage>
               </mixed-citation>
            </p>
         </fn>
         <fn id="d6392e569a1310">
            <label>15</label>
            <p>
               <mixed-citation id="d6392e576" publication-type="other">
FLA. STAT. ANN. § 907.041(1) (West 1985)</mixed-citation>
            </p>
            <p>
               <mixed-citation id="d6392e582" publication-type="other">
CAL. CONST. ART. 1 § 12 (1982)</mixed-citation>
            </p>
            <p>
               <mixed-citation id="d6392e588" publication-type="other">
D.C. CODE ANN. §§ 23-1321-32 (1981 &amp; Supp. 1985)</mixed-citation>
            </p>
         </fn>
         <fn id="d6392e595a1310">
            <label>16</label>
            <p>
               <mixed-citation id="d6392e602" publication-type="journal">
Goldkamp supra note 2, at 21  </mixed-citation>
            </p>
            <p>
               <mixed-citation id="d6392e610" publication-type="other">
FLA. STAT. ANN. § 907.041(1) (West 1985)</mixed-citation>
            </p>
         </fn>
         <fn id="d6392e618a1310">
            <label>17</label>
            <p>
               <mixed-citation id="d6392e625" publication-type="other">
Bail Reform Act of 1984, 18 U.S.C. §§ 3141-56 (1988 &amp; Supp. 1993).</mixed-citation>
            </p>
         </fn>
         <fn id="d6392e632a1310">
            <label>18</label>
            <p>
               <mixed-citation id="d6392e639" publication-type="journal">
Marc Miller &amp; Martin Guggenheim, Pretrial Detention and Punishment, 75 MINN. L.
REV. 335 (1990).<person-group>
                     <string-name>
                        <surname>Miller</surname>
                     </string-name>
                  </person-group>
                  <fpage>335</fpage>
                  <volume>75</volume>
                  <source>Minn. L. Rev.</source>
                  <year>1990</year>
               </mixed-citation>
            </p>
         </fn>
         <fn id="d6392e671a1310">
            <label>19</label>
            <p>
               <mixed-citation id="d6392e678" publication-type="book">
John S. Goldkamp, Two CLASSES OF THE ACCUSED (1979)<person-group>
                     <string-name>
                        <surname>Goldkamp</surname>
                     </string-name>
                  </person-group>
                  <source>Two Classes of the Accused</source>
                  <year>1979</year>
               </mixed-citation>
            </p>
            <p>
               <mixed-citation id="d6392e699" publication-type="journal">
Goldkamp, supra note
2, at 2-3.  </mixed-citation>
            </p>
         </fn>
         <fn id="d6392e711a1310">
            <label>20</label>
            <p>
               <mixed-citation id="d6392e718" publication-type="book">
JEFFREY A. ROTH &amp; PAUL B. WICE, PRETRIAL RELEASE AND MISCONDUCT IN THE DISTRICT
OF COLUMBIA (1978)<person-group>
                     <string-name>
                        <surname>Roth</surname>
                     </string-name>
                  </person-group>
                  <source>Pretrial Release and Misconduct in The District of Columbia</source>
                  <year>1978</year>
               </mixed-citation>
            </p>
            <p>
               <mixed-citation id="d6392e742" publication-type="book">
JOHN S. GOLDKAMP &amp; MICHAEL R. GOTTFREDSON, POLICY GUIDELINES
FOR BAIL: AN EXPERIMENT IN COURT REFORM (1985)<person-group>
                     <string-name>
                        <surname>Goldkamp</surname>
                     </string-name>
                  </person-group>
                  <source>Policy Guidelines for Bail: an Experiment in Court Reform</source>
                  <year>1985</year>
               </mixed-citation>
            </p>
         </fn>
         <fn id="d6392e767a1310">
            <label>21</label>
            <p>
               <mixed-citation id="d6392e774" publication-type="journal">
Goldkamp, supra note 2, at 27.  </mixed-citation>
            </p>
         </fn>
         <fn id="d6392e783a1310">
            <label>22</label>
            <p>
               <mixed-citation id="d6392e790" publication-type="journal">
Angel et al., supra note 14  </mixed-citation>
            </p>
            <p>
               <mixed-citation id="d6392e798" publication-type="journal">
Andrew von Hirsch, Prediction of Criminal Conduct
and Preventive Confinement of Convicted Persons, 21 BUFF. L. REV. 717, 725 (1972).<person-group>
                     <string-name>
                        <surname>von Hirsch</surname>
                     </string-name>
                  </person-group>
                  <fpage>717</fpage>
                  <volume>21</volume>
                  <source>Buff. L. Rev.</source>
                  <year>1972</year>
               </mixed-citation>
            </p>
         </fn>
         <fn id="d6392e831a1310">
            <label>23</label>
            <p>
               <mixed-citation id="d6392e838" publication-type="journal">
Goldkamp, supra note 2, at 28.  </mixed-citation>
            </p>
         </fn>
         <fn id="d6392e847a1310">
            <label>24</label>
            <p>
               <mixed-citation id="d6392e854" publication-type="journal">
von Hirsch, supra note 22, at 726.  <fpage>726</fpage>
               </mixed-citation>
            </p>
         </fn>
         <fn id="d6392e866a1310">
            <label>25</label>
            <p>
               <mixed-citation id="d6392e873" publication-type="journal">
Goldkamp, supra note 2, at 22-28  <fpage>22</fpage>
               </mixed-citation>
            </p>
            <p>
               <mixed-citation id="d6392e884" publication-type="journal">
Norval Morris &amp; Marc Miller, Predictions of Danger-
ousness, 6 CRIME AND JUSTICE: AN ANNUAL REVIEW OF RESEARCH 1, 11 (1985).<object-id pub-id-type="jstor">10.2307/1147495</object-id>
                  <fpage>1</fpage>
               </mixed-citation>
            </p>
         </fn>
         <fn id="d6392e900a1310">
            <label>26</label>
            <p>
               <mixed-citation id="d6392e907" publication-type="journal">
Goldkamp, supra note 2 at 18.  </mixed-citation>
            </p>
         </fn>
         <fn id="d6392e916a1310">
            <label>27</label>
            <p>
               <mixed-citation id="d6392e923" publication-type="other">
Schall v. Martin, 467 U.S. 253, 255 (1984).</mixed-citation>
            </p>
         </fn>
         <fn id="d6392e930a1310">
            <label>28</label>
            <p>
               <mixed-citation id="d6392e937" publication-type="journal">
Goldkamp, supra note 2, at 20 n.18  <fpage>20</fpage>
               </mixed-citation>
            </p>
            <p>
               <mixed-citation id="d6392e948" publication-type="other">
TEX. CONST. art. I.,
§§ 11.1 la.</mixed-citation>
            </p>
            <p>
               <mixed-citation id="d6392e957" publication-type="other">
Nebraska, NEB. CONST. art. I, § 9, New York, N.Y. CRIM.
PROC. LAW § 510.30, and Nevada, NEV. REV. STAT. § 178.487.</mixed-citation>
            </p>
         </fn>
         <fn id="d6392e968a1310">
            <label>29</label>
            <p>
               <mixed-citation id="d6392e975" publication-type="other">
Bail Reform Act of 1984, 18 U.S.C. §§ 3141-56 (1988 &amp; Supp. 1993).</mixed-citation>
            </p>
         </fn>
         <fn id="d6392e982a1310">
            <label>30</label>
            <p>
               <mixed-citation id="d6392e989" publication-type="other">
United States v. Salerno, 481 U.S. 739, 747-48 (1987).</mixed-citation>
            </p>
         </fn>
         <fn id="d6392e996a1310">
            <label>31</label>
            <p>
               <mixed-citation id="d6392e1003" publication-type="journal">
Goldkamp, supra note 2, at 25.  <fpage>25</fpage>
               </mixed-citation>
            </p>
         </fn>
         <fn id="d6392e1015a1310">
            <label>32</label>
            <p>
               <mixed-citation id="d6392e1022" publication-type="journal">
von Hirsch, supra note 22, at 725-26.  <fpage>725</fpage>
               </mixed-citation>
            </p>
         </fn>
         <fn id="d6392e1034a1310">
            <label>33</label>
            <p>
               <mixed-citation id="d6392e1041" publication-type="journal">
Morris &amp; Miller, supra note 25, at 12.  <fpage>12</fpage>
               </mixed-citation>
            </p>
         </fn>
         <fn id="d6392e1053a1310">
            <label>34</label>
            <p>
               <mixed-citation id="d6392e1060" publication-type="journal">
Angel et al., supra note 14, at 332.  <fpage>332</fpage>
               </mixed-citation>
            </p>
         </fn>
         <fn id="d6392e1073a1310">
            <label>35</label>
            <p>
               <mixed-citation id="d6392e1080" publication-type="other">
Barefoot v. Estelle, 463 U.S. 880 (1983), Jones v. United States, 463 U.S. 354
(1983)</mixed-citation>
            </p>
            <p>
               <mixed-citation id="d6392e1089" publication-type="other">
Jurek v. Texas, 428 U.S. 262 (1976).</mixed-citation>
            </p>
         </fn>
         <fn id="d6392e1096a1310">
            <label>36</label>
            <p>
               <mixed-citation id="d6392e1103" publication-type="other">
428 U.S. 262 (1976).</mixed-citation>
            </p>
         </fn>
         <fn id="d6392e1110a1310">
            <label>37</label>
            <p>
               <mixed-citation id="d6392e1117" publication-type="other">
Id. at 272.</mixed-citation>
            </p>
         </fn>
         <fn id="d6392e1124a1310">
            <label>38</label>
            <p>
               <mixed-citation id="d6392e1131" publication-type="other">
481 U.S. 739, 751 (1987) (quoting Schall v. Martin, 467 U.S. 253, 278 (1984)).</mixed-citation>
            </p>
         </fn>
         <fn id="d6392e1138a1310">
            <label>39</label>
            <p>
               <mixed-citation id="d6392e1145" publication-type="journal">
Morris &amp; Miller, supra note 25, at n. 1.  <fpage>1</fpage>
               </mixed-citation>
            </p>
            <p>
               <mixed-citation id="d6392e1156" publication-type="journal">
Id.  </mixed-citation>
            </p>
         </fn>
         <fn id="d6392e1165a1310">
            <label>40</label>
            <p>
               <mixed-citation id="d6392e1172" publication-type="journal">
Miller &amp; Guggenheim, supra note 18.  </mixed-citation>
            </p>
         </fn>
         <fn id="d6392e1182a1310">
            <label>41</label>
            <p>
               <mixed-citation id="d6392e1189" publication-type="other">
Schall v. Martin, 467 U.S. 253, 269 (1984) (citing Bell v. Wolfish, 441 U.S. 520
(1979)).</mixed-citation>
            </p>
         </fn>
         <fn id="d6392e1199a1310">
            <label>42</label>
            <p>
               <mixed-citation id="d6392e1206" publication-type="other">
U.S. v. Salerno, 481 U.S. 739, 747-48 (1987).</mixed-citation>
            </p>
         </fn>
         <fn id="d6392e1213a1310">
            <label>43</label>
            <p>
               <mixed-citation id="d6392e1220" publication-type="other">
Id. at 748</mixed-citation>
            </p>
            <p>
               <mixed-citation id="d6392e1226" publication-type="other">
Addington v. Texas, 441 U.S. 418
(1979)</mixed-citation>
            </p>
            <p>
               <mixed-citation id="d6392e1235" publication-type="other">
Jackson v. Indiana, 406 U.S. 715 (1972)</mixed-citation>
            </p>
            <p>
               <mixed-citation id="d6392e1242" publication-type="other">
Jones v. United States, 463 U.S. 354
(1983)</mixed-citation>
            </p>
         </fn>
         <fn id="d6392e1252a1310">
            <label>44</label>
            <p>
               <mixed-citation id="d6392e1259" publication-type="journal">
Morris and Miller, supra note 25, at 13, 14  <fpage>13</fpage>
               </mixed-citation>
            </p>
         </fn>
         <fn id="d6392e1271a1310">
            <label>45</label>
            <p>
               <mixed-citation id="d6392e1278" publication-type="other">
513 F. Supp. at
708</mixed-citation>
            </p>
         </fn>
         <fn id="d6392e1288a1310">
            <label>46</label>
            <p>
               <mixed-citation id="d6392e1295" publication-type="partial">
supra note 2, at 108</mixed-citation>
            </p>
         </fn>
         <fn id="d6392e1303a1310">
            <label>47</label>
            <p>
               <mixed-citation id="d6392e1312" publication-type="partial">
Id.</mixed-citation>
            </p>
         </fn>
         <fn id="d6392e1319a1310">
            <label>48</label>
            <p>
               <mixed-citation id="d6392e1326" publication-type="journal">
Goldkamp, supra note 2, at 24.  <fpage>24</fpage>
               </mixed-citation>
            </p>
         </fn>
         <fn id="d6392e1338a1310">
            <label>49</label>
            <p>
               <mixed-citation id="d6392e1345" publication-type="book">
JOHN S. GOLDKAMP ET AL., A STUDY OF POLICY GUIDELINES: NATIONAL INSTITUTE OF
CORRECTIONS (1981)<person-group>
                     <string-name>
                        <surname>Goldkamp</surname>
                     </string-name>
                  </person-group>
                  <source>A Study of Policy Guidelines: National Institute of Corrections</source>
                  <year>1981</year>
               </mixed-citation>
            </p>
            <p>
               <mixed-citation id="d6392e1369" publication-type="partial">
supra note 2, at 30</mixed-citation>
            </p>
         </fn>
         <fn id="d6392e1376a1310">
            <label>50</label>
            <p>
               <mixed-citation id="d6392e1383" publication-type="journal">
Goldkamp, supra note 2, at 48  <fpage>48</fpage>
               </mixed-citation>
            </p>
         </fn>
         <fn id="d6392e1395a1310">
            <label>51</label>
            <p>
               <mixed-citation id="d6392e1402" publication-type="book">
JAMES EISENSTEIN &amp; HERBERTJACOB, FELONYJUSTICE (1983)<person-group>
                     <string-name>
                        <surname>Eisenstein</surname>
                     </string-name>
                  </person-group>
                  <source>Felonyjustice</source>
                  <year>1983</year>
               </mixed-citation>
            </p>
            <p>
               <mixed-citation id="d6392e1423" publication-type="book">
ROBERT M. EMER-
SON, JUDGING DELINQUENTS (1969)<person-group>
                     <string-name>
                        <surname>Emerson</surname>
                     </string-name>
                  </person-group>
                  <source>Judging Delinquents</source>
                  <year>1969</year>
               </mixed-citation>
            </p>
         </fn>
         <fn id="d6392e1448a1310">
            <label>52</label>
            <p>
               <mixed-citation id="d6392e1455" publication-type="book">
EMERSON, supra note 51  </mixed-citation>
            </p>
            <p>
               <mixed-citation id="d6392e1463" publication-type="book">
ANNE MAHONEY, THE JUVENILE COURT IN CONTEXT
(1987)<person-group>
                     <string-name>
                        <surname>Mahoney</surname>
                     </string-name>
                  </person-group>
                  <source>The Juvenile Court in Context</source>
                  <year>1987</year>
               </mixed-citation>
            </p>
            <p>
               <mixed-citation id="d6392e1487" publication-type="book">
KIMBERLY KEMPF ET AL., AN ANALYSIS OF APPARENT DISPARITIES IN THE HANDLING OF
BLACK YOUTH WITHIN MISSOURI'S JUVENILE JUSTICE SYSTEM (1993)<person-group>
                     <string-name>
                        <surname>Kempf</surname>
                     </string-name>
                  </person-group>
                  <source>An Analysis of Apparent Disparities in the Handling of Black Youth Within Missouri's Juvenile Justice System</source>
                  <year>1993</year>
               </mixed-citation>
            </p>
         </fn>
         <fn id="d6392e1513a1310">
            <label>53</label>
            <p>
               <mixed-citation id="d6392e1520" publication-type="other">
Schall v Martin, 367 U.S. 253, 274 (1984).</mixed-citation>
            </p>
         </fn>
         <fn id="d6392e1527a1310">
            <label>54</label>
            <p>
               <mixed-citation id="d6392e1534" publication-type="other">
463 U.S. 889 (1983).</mixed-citation>
            </p>
         </fn>
         <fn id="d6392e1541a1310">
            <label>55</label>
            <p>
               <mixed-citation id="d6392e1548" publication-type="other">
Id. at 900 n.7.</mixed-citation>
            </p>
         </fn>
         <fn id="d6392e1555a1310">
            <label>56</label>
            <p>
               <mixed-citation id="d6392e1562" publication-type="other">
Baxstrom v. Herold, 383 U.S. 107 (1966).</mixed-citation>
            </p>
         </fn>
         <fn id="d6392e1569a1310">
            <label>57</label>
            <p>
               <mixed-citation id="d6392e1576" publication-type="book">
GOLDKAMP &amp; GOTTFREDSON, supra note 20  </mixed-citation>
            </p>
            <p>
               <mixed-citation id="d6392e1584" publication-type="book">
ROTH &amp; WICE, supra note 20  </mixed-citation>
            </p>
            <p>
               <mixed-citation id="d6392e1592" publication-type="book">
MARY A.
TOBORG, PRETRIAL RELEASE ASSESSMENT OF DANGER AND FLIGHT: METHOD MAKES A DIFFER-
ENCE (1984)<person-group>
                     <string-name>
                        <surname>Toborg</surname>
                     </string-name>
                  </person-group>
                  <source>Pretrial Release Assessment of Danger and Flight: Method Makes a Difference</source>
                  <year>1984</year>
               </mixed-citation>
            </p>
         </fn>
         <fn id="d6392e1621a1310">
            <label>58</label>
            <p>
               <mixed-citation id="d6392e1628" publication-type="book">
GOLDKAMP &amp; GOTTFREDSON, supra note 20  </mixed-citation>
            </p>
            <p>
               <mixed-citation id="d6392e1636" publication-type="journal">
Angel et al., supra note 14.  </mixed-citation>
            </p>
         </fn>
         <fn id="d6392e1646a1310">
            <label>59</label>
            <p>
               <mixed-citation id="d6392e1653" publication-type="journal">
Angel et al., supra note 14, at 306 n.29  <fpage>306</fpage>
               </mixed-citation>
            </p>
         </fn>
         <fn id="d6392e1665a1310">
            <label>60</label>
            <p>
               <mixed-citation id="d6392e1672" publication-type="journal">
Jonas R. Rappe-
port et al., Evaluations and Follow-up of State Hospital Patients Who Had Sanity Hearings, 118
AM. J. PSYCHIATRY 1079 (1962)<person-group>
                     <string-name>
                        <surname>Rappeport</surname>
                     </string-name>
                  </person-group>
                  <fpage>1079</fpage>
                  <volume>118</volume>
                  <source>Am. J. Psychiatry</source>
                  <year>1962</year>
               </mixed-citation>
            </p>
            <p>
               <mixed-citation id="d6392e1706" publication-type="journal">
Bruce Ennis &amp; Thomas Litwack, Psychiatry and the Presumption of Expertise:
Flipping Coins in the Courtroom, 62 CAL. L. REV. 693, 717 (1974)<object-id pub-id-type="doi">10.2307/3479746</object-id>
                  <fpage>693</fpage>
               </mixed-citation>
            </p>
         </fn>
         <fn id="d6392e1722a1310">
            <label>61</label>
            <p>
               <mixed-citation id="d6392e1729" publication-type="journal">
Miller &amp; Guggenheim, supra note 18, at 318-405.  <fpage>318</fpage>
               </mixed-citation>
            </p>
         </fn>
         <fn id="d6392e1741a1310">
            <label>62</label>
            <p>
               <mixed-citation id="d6392e1748" publication-type="book">
Michael H. Tonry, Prediction and Classification: Legal and Ethical Issues, in PREDIC-
TION AND CLASSIFICATION 367 (Don M. Gottfredson &amp; Michael H. Tonry eds., 1987).<person-group>
                     <string-name>
                        <surname>Tonry</surname>
                     </string-name>
                  </person-group>
                  <comment content-type="section">Prediction and Classification: Legal and Ethical Issues</comment>
                  <fpage>367</fpage>
                  <source>Prediction and Classification</source>
                  <year>1987</year>
               </mixed-citation>
            </p>
         </fn>
         <fn id="d6392e1780a1310">
            <label>63</label>
            <p>
               <mixed-citation id="d6392e1787" publication-type="book">
Toborg &amp; Bellassai, supra note 2, at 103.  <fpage>103</fpage>
               </mixed-citation>
            </p>
         </fn>
         <fn id="d6392e1799a1310">
            <label>64</label>
            <p>
               <mixed-citation id="d6392e1806" publication-type="book">
MARY A. TOBORG, PRETRIAL RISK ASSESSMENT IN THE DISTRICT OF COLUMBIA: THE EF-
FECTS OF CHANGED PROCEDURES (1984)<person-group>
                     <string-name>
                        <surname>Toborg</surname>
                     </string-name>
                  </person-group>
                  <source>Pretrial Risk Assessment in The District of Columbia: The Effects of Changed Procedures</source>
                  <year>1984</year>
               </mixed-citation>
            </p>
         </fn>
         <fn id="d6392e1832a1310">
            <label>65</label>
            <p>
               <mixed-citation id="d6392e1839" publication-type="book">
JOHN S. GOLDKAMP ET AL., BAIL DECISIONMAKING: A STUDY OF POLICY GUIDELINES
(1981)<person-group>
                     <string-name>
                        <surname>Goldkamp</surname>
                     </string-name>
                  </person-group>
                  <source>Bail Decisionmaking: A Study of Policy Guidelines</source>
                  <year>1981</year>
               </mixed-citation>
            </p>
         </fn>
         <fn id="d6392e1864a1310">
            <label>66</label>
            <p>
               <mixed-citation id="d6392e1871" publication-type="other">
Lawrence Sherwood-Fabre, An Experiment in Bail Reform: Evaluating Pretrial Re-
lease Service Agencies in Federal District Courts 35-36, 39-40 (1984) (unpublished Ph.D.
dissertation, Indiana University).</mixed-citation>
            </p>
         </fn>
         <fn id="d6392e1884a1310">
            <label>67</label>
            <p>
               <mixed-citation id="d6392e1891" publication-type="journal">
Douglas Smith et al., Drug Use and Pretrial Misconduct in New York City, 5 J. QUANTITA-
TIVE CRIMINOLOGY 101 (1989)<person-group>
                     <string-name>
                        <surname>Smith</surname>
                     </string-name>
                  </person-group>
                  <volume>5</volume>
                  <source>J. Quantitative Criminology</source>
                  <year>1989</year>
               </mixed-citation>
            </p>
            <p>
               <mixed-citation id="d6392e1919" publication-type="journal">
John S. Goldkamp et al., Pretrial Drug Testing and Defendant
Risk, 81 J. CRIM. L. &amp; CRIMINOLOGY 585 (1990)<object-id pub-id-type="doi">10.2307/1143849</object-id>
                  <fpage>585</fpage>
               </mixed-citation>
            </p>
         </fn>
         <fn id="d6392e1935a1310">
            <label>68</label>
            <p>
               <mixed-citation id="d6392e1942" publication-type="book">
David Farrington &amp; Roger Tarling, Criminological Prediction: The Way Forward, in PRE-
DICTION IN CRIMINOLOGY 20 (David Farrington &amp; Roger Tarling eds., 1985)<person-group>
                     <string-name>
                        <surname>Farrington</surname>
                     </string-name>
                  </person-group>
                  <comment content-type="section">Criminological Prediction: The Way Forward</comment>
                  <volume>20</volume>
                  <source>Prediction in Criminology</source>
                  <year>1985</year>
               </mixed-citation>
            </p>
            <p>
               <mixed-citation id="d6392e1973" publication-type="book">
Toborg
&amp; Bellassai, supra note 2, at 116.  <fpage>116</fpage>
               </mixed-citation>
            </p>
         </fn>
         <fn id="d6392e1988a1310">
            <label>69</label>
            <p>
               <mixed-citation id="d6392e1995" publication-type="journal">
Angel et al., supra note 14, at 324-30  <fpage>324</fpage>
               </mixed-citation>
            </p>
            <p>
               <mixed-citation id="d6392e2006" publication-type="book">
Torborg &amp; Bellassai, supra note 2, at 104  <fpage>104</fpage>
               </mixed-citation>
            </p>
            <p>
               <mixed-citation id="d6392e2017" publication-type="book">
GOLDKAMP &amp; GOTTFREDSON, supra note 20.  </mixed-citation>
            </p>
         </fn>
         <fn id="d6392e2026a1310">
            <label>70</label>
            <p>
               <mixed-citation id="d6392e2033" publication-type="book">
Torborg &amp; Bellassai, supra note 2, at 104  <fpage>104</fpage>
               </mixed-citation>
            </p>
            <p>
               <mixed-citation id="d6392e2044" publication-type="journal">
Morris &amp; Miller, supra note 25, at
14  <fpage>14</fpage>
               </mixed-citation>
            </p>
            <p>
               <mixed-citation id="d6392e2058" publication-type="book">
JEAN FLOUD &amp; WARREN YOUNG, DANGEROUSNESS AND CRIMINAL JUSTICE (1981)<person-group>
                     <string-name>
                        <surname>Floud</surname>
                     </string-name>
                  </person-group>
                  <source>Dangerousness and Criminal Justice</source>
                  <year>1981</year>
               </mixed-citation>
            </p>
            <p>
               <mixed-citation id="d6392e2080" publication-type="book">
JOHN
MONAHAN, THE CLINICAL. PREDICTION OF VIOLENT BEHAVIOR (1981)<person-group>
                     <string-name>
                        <surname>Monahan</surname>
                     </string-name>
                  </person-group>
                  <source>The Clinical. Prediction of Violent Behavior</source>
                  <year>1981</year>
               </mixed-citation>
            </p>
            <p>
               <mixed-citation id="d6392e2104" publication-type="other">
Barefoot v. Estelle, 463
U.S. 880, 900 n.7 (1983)</mixed-citation>
            </p>
         </fn>
         <fn id="d6392e2115a1310">
            <label>71</label>
            <p>
               <mixed-citation id="d6392e2122" publication-type="journal">
Paul E. Meehl &amp; Albert Rosen, Antecedent Probability and the Efficiency of Psycho-
metric Signs, Patterns, or Cutting Scores, 52 PSYCHIATRY BULL. 194 (1955)<person-group>
                     <string-name>
                        <surname>Meehl</surname>
                     </string-name>
                  </person-group>
                  <fpage>194</fpage>
                  <volume>52</volume>
                  <source>Psychiatry Bull.</source>
                  <year>1955</year>
               </mixed-citation>
            </p>
            <p>
               <mixed-citation id="d6392e2153" publication-type="book">
Farrington &amp;
Tarling, supra note 68, at 20.  <fpage>20</fpage>
               </mixed-citation>
            </p>
         </fn>
         <fn id="d6392e2168a1310">
            <label>72</label>
            <p>
               <mixed-citation id="d6392e2175" publication-type="book">
Don M. Gottfredson, Prediction and Classification in Criminal Justice Decision Making, in
PREDICTION AND CLASSIFICATION, supra note 62.<person-group>
                     <string-name>
                        <surname>Gottfredson</surname>
                     </string-name>
                  </person-group>
                  <comment content-type="section">Prediction and Classification in Criminal Justice Decision Making</comment>
                  <source>Prediction and Classification</source>
               </mixed-citation>
            </p>
         </fn>
         <fn id="d6392e2200a1310">
            <label>73</label>
            <p>
               <mixed-citation id="d6392e2207" publication-type="book">
Stephen E. Gottfredson, Prediction: Methodological Issues, in PREDICTION AND CLASSIFI-
CATION, supra note 62.<person-group>
                     <string-name>
                        <surname>Gottfredson</surname>
                     </string-name>
                  </person-group>
                  <comment content-type="section">Prediction: Methodological Issues</comment>
                  <source>Prediction and Classification</source>
               </mixed-citation>
            </p>
         </fn>
         <fn id="d6392e2232a1310">
            <label>74</label>
            <p>
               <mixed-citation id="d6392e2239" publication-type="other">
Barefoot v. Estelle, 463 U.S. 880, 900 n.7 (1983) (citing JOHN MONAHAN, THE
CLINICAL PREDICTION OF VIOLENT BEHAVIOR 47-49 (1981)).</mixed-citation>
            </p>
         </fn>
         <fn id="d6392e2249a1310">
            <label>75</label>
            <p>
               <mixed-citation id="d6392e2256" publication-type="journal">
Patrick Jackson, The Impact of Pretrial Preventive Detention, 12 JUST. Sys. 305, 307
(1987).<person-group>
                     <string-name>
                        <surname>Jackson</surname>
                     </string-name>
                  </person-group>
                  <fpage>305</fpage>
                  <volume>12</volume>
                  <source>Just. Sys.</source>
                  <year>1987</year>
               </mixed-citation>
            </p>
         </fn>
         <fn id="d6392e2288a1310">
            <label>76</label>
            <p>
               <mixed-citation id="d6392e2295" publication-type="book">
THOMAS LITWACK ET AL., THE ASSESSMENT OF DANGEROUSNESS AND PREDICTIONS OF
VIOLENCE: RECENT RESEARCH AND FUTURE PROSPECTS (1991).<person-group>
                     <string-name>
                        <surname>Litwack</surname>
                     </string-name>
                  </person-group>
                  <source>The Assessment of Dangerousness and Predictions of Violence: Recent Research and Future Prospects</source>
                  <year>1991</year>
               </mixed-citation>
            </p>
         </fn>
         <fn id="d6392e2321a1310">
            <label>77</label>
            <p>
               <mixed-citation id="d6392e2328" publication-type="journal">
Miller &amp; Guggenheim, supra note 18, at 403-404  <fpage>403</fpage>
               </mixed-citation>
            </p>
            <p>
               <mixed-citation id="d6392e2339" publication-type="book">
Tonry, supra note 62.  </mixed-citation>
            </p>
         </fn>
         <fn id="d6392e2348a1310">
            <label>78</label>
            <p>
               <mixed-citation id="d6392e2355" publication-type="book">
STEPHEN CLARKE ET AL., THE EFFECTIVENESS OF BAIL SYSTEMS: AN ANALYSIS OF FAILURE
TO APPEAR IN COURT AND REARREST WHILE ON BAIL (1976)<person-group>
                     <string-name>
                        <surname>Clarke</surname>
                     </string-name>
                  </person-group>
                  <source>The Effectiveness of Bail Systems: an Analysis of Failure to Appear in Court and Rearrest While on Bail</source>
                  <year>1976</year>
               </mixed-citation>
            </p>
            <p>
               <mixed-citation id="d6392e2379" publication-type="book">
GOLDKAMP &amp; GOTITFREDSON,
supra note 20  </mixed-citation>
            </p>
            <p>
               <mixed-citation id="d6392e2390" publication-type="journal">
Angel et al., supra note 14, at 309  <fpage>309</fpage>
               </mixed-citation>
            </p>
            <p>
               <mixed-citation id="d6392e2402" publication-type="journal">
Charles E. Ares et al., The Manhattan Bail
Project: An Interim Report on the Use of Pretrial Parole, 39 N.Y.U. L. REV. 67 (1963)<person-group>
                     <string-name>
                        <surname>Ares</surname>
                     </string-name>
                  </person-group>
                  <fpage>67</fpage>
                  <volume>39</volume>
                  <source>N.Y.U. L. Rev.</source>
                  <year>1963</year>
               </mixed-citation>
            </p>
            <p>
               <mixed-citation id="d6392e2433" publication-type="book">
ROTH &amp;
WICE, supra note 20.  </mixed-citation>
            </p>
         </fn>
         <fn id="d6392e2445a1310">
            <label>79</label>
            <p>
               <mixed-citation id="d6392e2452" publication-type="book">
ROTH &amp; WICE, supra note 20, at vi, 11-48-51.  <fpage>11</fpage>
               </mixed-citation>
            </p>
         </fn>
         <fn id="d6392e2464a1310">
            <label>80</label>
            <p>
               <mixed-citation id="d6392e2471" publication-type="book">
Douglas Smith, The Neighborhood Context of Police Behavior, in COMMUNITIES
AND CRIME 313 (Albert J. Reiss, Jr. &amp; Michael Tonry eds., 1986).<person-group>
                     <string-name>
                        <surname>Smith</surname>
                     </string-name>
                  </person-group>
                  <comment content-type="section">The Neighborhood Context of Police Behavior</comment>
                  <volume>313</volume>
                  <source>Communities and Crime</source>
                  <year>1986</year>
               </mixed-citation>
            </p>
         </fn>
         <fn id="d6392e2503a1310">
            <label>81</label>
            <p>
               <mixed-citation id="d6392e2510" publication-type="journal">
Miller &amp; Guggenheim, supra note 18, at 403  <fpage>403</fpage>
               </mixed-citation>
            </p>
            <p>
               <mixed-citation id="d6392e2521" publication-type="journal">
Jackson, supra note 75, at
307  </mixed-citation>
            </p>
         </fn>
         <fn id="d6392e2533a1310">
            <label>82</label>
            <p>
               <mixed-citation id="d6392e2540" publication-type="journal">
Note, Rules For An Exceptional Class: The Commitment and Release of Persons Acquitted
of Violent Offenses by Reason of Insanity, 57 N.Y.U. L. REV. 281, 287 (1982)<fpage>281</fpage>
                  <volume>57</volume>
                  <source>N.Y.U. L. Rev.</source>
                  <year>1982</year>
               </mixed-citation>
            </p>
         </fn>
         <fn id="d6392e2564a1310">
            <label>83</label>
            <p>
               <mixed-citation id="d6392e2571" publication-type="book">
Anthony Bottoms &amp; Roger Brownsword, Dangerousness and Rights, in DANGEROUS-
NESS: PROBLEMS OF ASSESSMENT AND PREDICTION 10 (John W. Hinton ed., 1983)<person-group>
                     <string-name>
                        <surname>Bottoms</surname>
                     </string-name>
                  </person-group>
                  <comment content-type="section">Dangerousness and Rights</comment>
                  <volume>10</volume>
                  <source>Dangerousness: Problems of Assessment and Prediction</source>
                  <year>1983</year>
               </mixed-citation>
            </p>
            <p>
               <mixed-citation id="d6392e2602" publication-type="journal">
von Hirsch, supra note 22, at 740  <fpage>740</fpage>
               </mixed-citation>
            </p>
         </fn>
         <fn id="d6392e2614a1310">
            <label>84</label>
            <p>
               <mixed-citation id="d6392e2621" publication-type="journal">
Morris &amp; Miller, supra note 25, at 11.  <fpage>11</fpage>
               </mixed-citation>
            </p>
         </fn>
         <fn id="d6392e2633a1310">
            <label>85</label>
            <p>
               <mixed-citation id="d6392e2640" publication-type="journal">
Angel et al., supra note 14, at 317.  <fpage>317</fpage>
               </mixed-citation>
            </p>
         </fn>
         <fn id="d6392e2652a1310">
            <label>86</label>
            <p>
               <mixed-citation id="d6392e2659" publication-type="book">
ROBERT J. SAMPSON &amp; JOHN H. LAUB, CRIME IN THE MAKING (1993)<person-group>
                     <string-name>
                        <surname>Sampson</surname>
                     </string-name>
                  </person-group>
                  <source>Crime in the Making</source>
                  <year>1993</year>
               </mixed-citation>
            </p>
            <p>
               <mixed-citation id="d6392e2680" publication-type="book">
Robert B. Free-
man, Crime and the Economic Status of Disadvantaged Young Men, in URBAN LABOR MARKETS
AND JOB OPPORTUNITIES 201 (George E. Peterson &amp; Wayne Vroman eds., 1992).<person-group>
                     <string-name>
                        <surname>Freeman</surname>
                     </string-name>
                  </person-group>
                  <comment content-type="section">Crime and the Economic Status of Disadvantaged Young Men</comment>
                  <fpage>201</fpage>
                  <source>Urban Labor Markets and Job Opportunities</source>
                  <year>1992</year>
               </mixed-citation>
            </p>
         </fn>
         <fn id="d6392e2715a1310">
            <label>87</label>
            <p>
               <mixed-citation id="d6392e2722" publication-type="journal">
Charles E. Frazier &amp; Donna M. Bishop, The Pretrial Detention of uveniles and Its Impact
on Case Dispositions, 76J. CRIM. L. &amp; CRIMINOLOGY 1132 (1985).<object-id pub-id-type="doi">10.2307/1143504</object-id>
                  <fpage>1132</fpage>
               </mixed-citation>
            </p>
         </fn>
         <fn id="d6392e2738a1310">
            <label>88</label>
            <p>
               <mixed-citation id="d6392e2745" publication-type="journal">
Ares et al., supra note 78, at 76  <fpage>76</fpage>
               </mixed-citation>
            </p>
            <p>
               <mixed-citation id="d6392e2756" publication-type="journal">
Anne Rankin, The Effect of Pretrial Detention, 39 N.Y.U.
L. REV. 641, 642 (1964).<person-group>
                     <string-name>
                        <surname>Rankin</surname>
                     </string-name>
                  </person-group>
                  <fpage>641</fpage>
                  <volume>39</volume>
                  <source>N.Y.U.L. Rev.</source>
                  <year>1964</year>
               </mixed-citation>
            </p>
         </fn>
         <fn id="d6392e2789a1310">
            <label>89</label>
            <p>
               <mixed-citation id="d6392e2796" publication-type="journal">
Barry C. Feld, Right to Counsel in Juvenile Court: An Empirical Study If When Lawyers
Appear and the Difference They Make, 79 J. CRIM. L. &amp; CRIMINOLOGY 1185, 1338 (1985).<object-id pub-id-type="doi">10.2307/1143756</object-id>
                  <fpage>1185</fpage>
               </mixed-citation>
            </p>
         </fn>
         <fn id="d6392e2812a1310">
            <label>90</label>
            <p>
               <mixed-citation id="d6392e2819" publication-type="journal">
Miller &amp; Guggenheim supra note 18, at 416  <fpage>416</fpage>
               </mixed-citation>
            </p>
         </fn>
         <fn id="d6392e2831a1310">
            <label>91</label>
            <p>
               <mixed-citation id="d6392e2838" publication-type="journal">
Morris &amp; Miller, supra note 25, at 20.  <fpage>20</fpage>
               </mixed-citation>
            </p>
         </fn>
         <fn id="d6392e2850a1310">
            <label>92</label>
            <p>
               <mixed-citation id="d6392e2857" publication-type="journal">
Id. at 37.  <fpage>37</fpage>
               </mixed-citation>
            </p>
         </fn>
         <fn id="d6392e2869a1310">
            <label>93</label>
            <p>
               <mixed-citation id="d6392e2876" publication-type="other">
N.Y. FAM. CT. ACT § 320.5(3) (a) (b) (1983)</mixed-citation>
            </p>
         </fn>
         <fn id="d6392e2883a1310">
            <label>94</label>
            <p>
               <mixed-citation id="d6392e2890" publication-type="other">
United States ex rel. Martin v. Davis, 513 F. Supp. 691 (S.D.N.Y. 1981), affd sub nom.</mixed-citation>
            </p>
            <p>
               <mixed-citation id="d6392e2896" publication-type="other">
Martin v. Strasburg, 689 F.2d 365 (2d Cir. 1982), rev'd sub nom.</mixed-citation>
            </p>
            <p>
               <mixed-citation id="d6392e2902" publication-type="other">
Schall v. Martin, 476 U.S.
253 (1984)</mixed-citation>
            </p>
            <p>
               <mixed-citation id="d6392e2912" publication-type="other">
N.Y. FAM. CT.
ACT § 301.2 (1983)</mixed-citation>
            </p>
         </fn>
         <fn id="d6392e2923a1310">
            <label>95</label>
            <p>
               <mixed-citation id="d6392e2930" publication-type="other">
N.Y. FAM. CT. AcT § 320.5(3) (a) (1983)</mixed-citation>
            </p>
         </fn>
         <fn id="d6392e2937a1310">
            <label>96</label>
            <p>
               <mixed-citation id="d6392e2944" publication-type="other">
28
U.C.S. § 2254(b) (1988)</mixed-citation>
            </p>
         </fn>
         <fn id="d6392e2954a1310">
            <label>97</label>
            <p>
               <mixed-citation id="d6392e2961" publication-type="other">
People ex rel. Way-
burn v. Schupf, 39 N.Y.2d 682 (N.Y. 1976)</mixed-citation>
            </p>
            <p>
               <mixed-citation id="d6392e2970" publication-type="other">
infra note 99</mixed-citation>
            </p>
         </fn>
         <fn id="d6392e2977a1310">
            <label>100</label>
            <p>
               <mixed-citation id="d6392e2984" publication-type="journal">
Jeffrey Fagan, Natural Experiments, in MEASUREMENT ISSUES IN CRIMINOLOGY 103, 133
(1990).<person-group>
                     <string-name>
                        <surname>Fagan</surname>
                     </string-name>
                  </person-group>
                  <fpage>103</fpage>
                  <source>Measurement Issues in Criminology</source>
                  <year>1990</year>
               </mixed-citation>
            </p>
         </fn>
         <fn id="d6392e3013a1310">
            <label>101</label>
            <p>
               <mixed-citation id="d6392e3020" publication-type="other">
United States ex rel. Martin v. Davis, 513 F. Supp. 691 (S.D.N.Y. 1981), aff'd sub nom.</mixed-citation>
            </p>
            <p>
               <mixed-citation id="d6392e3026" publication-type="other">
Martin v. Strasburg, 689 F.2d 365 (2d Cir. 1982), rev'd sub nom.</mixed-citation>
            </p>
            <p>
               <mixed-citation id="d6392e3032" publication-type="other">
Schall v. Martin, 476 U.S.
253 (1984)</mixed-citation>
            </p>
         </fn>
         <fn id="d6392e3042a1310">
            <label>102</label>
            <p>
               <mixed-citation id="d6392e3049" publication-type="other">
N.Y. FAM. CT. ACT § 320.5(b) (1983).</mixed-citation>
            </p>
         </fn>
         <fn id="d6392e3057a1310">
            <label>104</label>
            <p>
               <mixed-citation id="d6392e3064" publication-type="other">
WAYNE R. LAFAVE 8 JEROLD ISRAEL, CRIMINAL PROCEDURE § 18.3(c) (1984).</mixed-citation>
            </p>
         </fn>
         <fn id="d6392e3071a1310">
            <label>105</label>
            <p>
               <mixed-citation id="d6392e3078" publication-type="other">
N.Y. FAM. CT. ACT § 340.1 (1983)</mixed-citation>
            </p>
            <p>
               <mixed-citation id="d6392e3084" publication-type="other">
Id. § 340.1(1)</mixed-citation>
            </p>
            <p>
               <mixed-citation id="d6392e3090" publication-type="other">
Id. § 340.4(a)</mixed-citation>
            </p>
            <p>
               <mixed-citation id="d6392e3097" publication-type="other">
Id. § 340.1(1)</mixed-citation>
            </p>
            <p>
               <mixed-citation id="d6392e3103" publication-type="other">
Id. § 340.4(b)</mixed-citation>
            </p>
         </fn>
         <fn id="d6392e3110a1310">
            <label>106</label>
            <p>
               <mixed-citation id="d6392e3117" publication-type="other">
Randy Hertz of New York University
School of Law, May 1, 1995.</mixed-citation>
            </p>
         </fn>
         <fn id="d6392e3127a1310">
            <label>107</label>
            <p>
               <mixed-citation id="d6392e3134" publication-type="other">
Bell v. Wolfish, 441 U.S. 520, 535 (1979)</mixed-citation>
            </p>
         </fn>
         <fn id="d6392e3141a1310">
            <label>108</label>
            <p>
               <mixed-citation id="d6392e3148" publication-type="other">
N.Y. FAM. CT. ACT § 340.1</mixed-citation>
            </p>
            <p>
               <mixed-citation id="d6392e3154" publication-type="other">
Id.</mixed-citation>
            </p>
            <p>
               <mixed-citation id="d6392e3160" publication-type="other">
Frank C., 512 N.Y.S.2d 89 (N.Y. 1987)</mixed-citation>
            </p>
            <p>
               <mixed-citation id="d6392e3167" publication-type="other">
Vincent M., 512 N.Y.S.2d 54, aff'd, 70 N.Y.S.2d 793 (N.Y. App. Div.
1987)</mixed-citation>
            </p>
         </fn>
         <fn id="d6392e3177a1310">
            <label>109</label>
            <p>
               <mixed-citation id="d6392e3184" publication-type="journal">
Goldkamp, supra note 2.  </mixed-citation>
            </p>
            <p>
               <mixed-citation id="d6392e3192" publication-type="other">
N.Y. FAM. CT. ACT § 320.5(3) (a) (1983)</mixed-citation>
            </p>
         </fn>
         <fn id="d6392e3200a1310">
            <label>110</label>
            <p>
               <mixed-citation id="d6392e3207" publication-type="other">
18 U.S.C. § 3142(f) (1988).</mixed-citation>
            </p>
         </fn>
         <fn id="d6392e3214a1310">
            <label>112</label>
            <p>
               <mixed-citation id="d6392e3221" publication-type="other">
Federal Bail Reform Act of 1984, 18 U.S.C. § 3141-3156 (1988 &amp; Supp.
1993).</mixed-citation>
            </p>
         </fn>
         <fn id="d6392e3231a1310">
            <label>113</label>
            <p>
               <mixed-citation id="d6392e3238" publication-type="other">
Goldkamp, supra note 2, at 69-70 tbl. 7.</mixed-citation>
            </p>
         </fn>
         <fn id="d6392e3245a1310">
            <label>114</label>
            <p>
               <mixed-citation id="d6392e3252" publication-type="journal">
Christy A. Visher et al., Predicting the Recidivism of Serious Youthful Offenders Using Sur-
vival Models, 29 CRIMINOLOGY 329 (1991).<person-group>
                     <string-name>
                        <surname>Visher</surname>
                     </string-name>
                  </person-group>
                  <fpage>329</fpage>
                  <volume>29</volume>
                  <source>Criminology</source>
                  <year>1991</year>
               </mixed-citation>
            </p>
         </fn>
         <fn id="d6392e3284a1310">
            <label>115</label>
            <p>
               <mixed-citation id="d6392e3291" publication-type="book">
PAUL D. ALLISON, EVENT HISTORY ANALYSIS (1984)<person-group>
                     <string-name>
                        <surname>Allison</surname>
                     </string-name>
                  </person-group>
                  <source>Event History Analysis</source>
                  <year>1984</year>
               </mixed-citation>
            </p>
            <p>
               <mixed-citation id="d6392e3312" publication-type="book">
MICHAEL D. MALTZ, RECIDIVISM
(1984)<person-group>
                     <string-name>
                        <surname>Maltz</surname>
                     </string-name>
                  </person-group>
                  <source>Recidivism</source>
                  <year>1984</year>
               </mixed-citation>
            </p>
            <p>
               <mixed-citation id="d6392e3336" publication-type="book">
PETER SCHMIDT &amp; ANN D. WITTE, PREDICTING RECIDIVISM USING SURVIVAL MODELS
(1988)<person-group>
                     <string-name>
                        <surname>Schmidt</surname>
                     </string-name>
                  </person-group>
                  <source>Predicting Recidivism Using Survival Models</source>
                  <year>1988</year>
               </mixed-citation>
            </p>
            <p>
               <mixed-citation id="d6392e3361" publication-type="journal">
Paul J. Gruenwald &amp; Barbara R. West, Survival Models of Recidivism Among Juvenile
Delinquents, 5 J. QUANTITATIVE CRIMINOLOGY 215 (1989)<person-group>
                     <string-name>
                        <surname>Gruenwald</surname>
                     </string-name>
                  </person-group>
                  <fpage>215</fpage>
                  <volume>5</volume>
                  <source>J. Quantitative Criminology</source>
                  <year>1989</year>
               </mixed-citation>
            </p>
         </fn>
         <fn id="d6392e3393a1310">
            <label>116</label>
            <p>
               <mixed-citation id="d6392e3400" publication-type="journal">
Visher et al., supra note 114  </mixed-citation>
            </p>
            <p>
               <mixed-citation id="d6392e3408" publication-type="journal">
Christy A. Visher &amp; Richard L. Linster, A Survival
Model of Pretrial Failure, 6 J. QUANTITATIVIE CRIMINOLOGY 153 (1990)<person-group>
                     <string-name>
                        <surname>Visher</surname>
                     </string-name>
                  </person-group>
                  <fpage>153</fpage>
                  <volume>6</volume>
                  <source>J. Quantitativie Criminology</source>
                  <year>1990</year>
               </mixed-citation>
            </p>
            <p>
               <mixed-citation id="d6392e3439" publication-type="book">
MALTZ supra note 115  </mixed-citation>
            </p>
            <p>
               <mixed-citation id="d6392e3448" publication-type="book">
SCHMIDT &amp; WITTE, supra note 115  </mixed-citation>
            </p>
            <p>
               <mixed-citation id="d6392e3456" publication-type="book">
PETER SCHMIDT &amp; ANN D. WITTE,
AN ECONOMETRIC ANALYSIS OF CRIME AND JUSTICE: THEORY, METHODS AND APPLICATIONS
(1984)<person-group>
                     <string-name>
                        <surname>Schmidt</surname>
                     </string-name>
                  </person-group>
                  <source>An Econometric Analysis of Crime and Justice: Theory, Methods and Applications</source>
                  <year>1984</year>
               </mixed-citation>
            </p>
            <p>
               <mixed-citation id="d6392e3484" publication-type="journal">
Chian-Fan Chung et al., Survival Analysis: A Survey, 7 J. QUANTATIVE CRIMINOLOGY
59 (1991)<person-group>
                     <string-name>
                        <surname>Chian-Fan Chung</surname>
                     </string-name>
                  </person-group>
                  <fpage>59</fpage>
                  <volume>7</volume>
                  <source>J. Quantative Criminology</source>
                  <year>1991</year>
               </mixed-citation>
            </p>
         </fn>
         <fn id="d6392e3517a1310">
            <label>117</label>
            <p>
               <mixed-citation id="d6392e3524" publication-type="journal">
David R. Cox, Regression Models and Life Tables, 34 J. ROYAL STAT. SOC'Y 187 (1972).<person-group>
                     <string-name>
                        <surname>Cox</surname>
                     </string-name>
                  </person-group>
                  <fpage>187</fpage>
                  <volume>34</volume>
                  <source>J. Royal Stat. Soc'y</source>
                  <year>1972</year>
               </mixed-citation>
            </p>
         </fn>
         <fn id="d6392e3553a1310">
            <label>118</label>
            <p>
               <mixed-citation id="d6392e3560" publication-type="book">
WILLIAM H. GREENE, ECONOMETRIC ANALYSIS (1990)<person-group>
                     <string-name>
                        <surname>Greene</surname>
                     </string-name>
                  </person-group>
                  <source>Econometric Analysis</source>
                  <year>1990</year>
               </mixed-citation>
            </p>
            <p>
               <mixed-citation id="d6392e3581" publication-type="book">
ELISA T. LEE, STATISTICAL
METHODS FOR SURVIVAL DATA ANALYSIS (1992)<person-group>
                     <string-name>
                        <surname>Lee</surname>
                     </string-name>
                  </person-group>
                  <source>Statistical Methods for Survival Data Analysis</source>
                  <year>1992</year>
               </mixed-citation>
            </p>
            <p>
               <mixed-citation id="d6392e3605" publication-type="book">
Allison, supra note 115  </mixed-citation>
            </p>
            <p>
               <mixed-citation id="d6392e3614" publication-type="journal">
Bernard Efron, The
Efficiency of Cox's Likelihood Function for Censored Data, 72 J. AM. STAT. ASS'N 567 (1977)<person-group>
                     <string-name>
                        <surname>Efron</surname>
                     </string-name>
                  </person-group>
                  <fpage>567</fpage>
                  <volume>72</volume>
                  <source>J. Am. Stat. Ass'n</source>
                  <year>1977</year>
               </mixed-citation>
            </p>
         </fn>
         <fn id="d6392e3646a1310">
            <label>119</label>
            <p>
               <mixed-citation id="d6392e3653" publication-type="book">
ALLISON, supra note 115  </mixed-citation>
            </p>
         </fn>
         <fn id="d6392e3662a1310">
            <label>120</label>
            <p>
               <mixed-citation id="d6392e3669" publication-type="other">
Jordan Leiter, A Comparison of the Specific Deterrent Effects of Official Sanc-
tions Across Drug and Non-Drug Cohorts of Offenders in New York City Between 1983-88
(1994) (unpublished Ph.D. dissertation, Rutgers University School of Criminal Justice).</mixed-citation>
            </p>
            <p>
               <mixed-citation id="d6392e3681" publication-type="book">
supra note 115  </mixed-citation>
            </p>
            <p>
               <mixed-citation id="d6392e3689" publication-type="book">
supra note 115  </mixed-citation>
            </p>
         </fn>
         <fn id="d6392e3698a1310">
            <label>121</label>
            <p>
               <mixed-citation id="d6392e3705" publication-type="other">
18 U.S.C. § 3142(f) (1988 &amp; Supp. 1993).</mixed-citation>
            </p>
         </fn>
         <fn id="d6392e3712a1310">
            <label>122</label>
            <p>
               <mixed-citation id="d6392e3719" publication-type="journal">
Goldkamp, supra note 2, at 71-73 tbl. 8.  <fpage>71</fpage>
               </mixed-citation>
            </p>
         </fn>
         <fn id="d6392e3732a1310">
            <label>123</label>
            <p>
               <mixed-citation id="d6392e3741" publication-type="book">
DELBIRT S.
ELLIOTT ET AL., MULTIPLE PROBLEM YOUTH (1989)<person-group>
                     <string-name>
                        <surname>Elliott</surname>
                     </string-name>
                  </person-group>
                  <source>Multiple Problem Youth</source>
                  <year>1989</year>
               </mixed-citation>
            </p>
            <p>
               <mixed-citation id="d6392e3765" publication-type="book">
Thomas R. Litwack &amp; Louis B.
Schlesinger, Assessing and Predicting Violence: Research, Law and Applications, in HANDBOOK OF
FORENSIC PSYCHOLOGY 205 (Irving B. Weiner &amp; Allen K. Hess eds., 1987).<person-group>
                     <string-name>
                        <surname>Litwack</surname>
                     </string-name>
                  </person-group>
                  <comment content-type="section">Assessing and Predicting Violence: Research, Law and Applications</comment>
                  <fpage>1987</fpage>
                  <volume>205</volume>
                  <source>Handbook of Forensic Psychology</source>
               </mixed-citation>
            </p>
         </fn>
         <fn id="d6392e3800a1310">
            <label>125</label>
            <p>
               <mixed-citation id="d6392e3807" publication-type="journal">
Miller &amp; Guggenheim, supra note 18, at 386.  <fpage>386</fpage>
               </mixed-citation>
            </p>
         </fn>
         <fn id="d6392e3819a1310">
            <label>126</label>
            <p>
               <mixed-citation id="d6392e3826" publication-type="other">
467
U.S. 253, 295 n.21 (Marshall, J., dissenting) (1984).</mixed-citation>
            </p>
         </fn>
         <fn id="d6392e3836a1310">
            <label>127</label>
            <p>
               <mixed-citation id="d6392e3843" publication-type="journal">
supra note 18, at 339 n.33  <fpage>339</fpage>
               </mixed-citation>
            </p>
            <p>
               <mixed-citation id="d6392e3854" publication-type="journal">
Jeff Thaler, Punishing the Innocent: the Need for Due
Process and the Presumption of Innocence Prior to Trial, 1978 Wis. L. REV. 441, 456-57<person-group>
                     <string-name>
                        <surname>Thaler</surname>
                     </string-name>
                  </person-group>
                  <fpage>441</fpage>
                  <source>Wis. L. Rev.</source>
                  <year>1978</year>
               </mixed-citation>
            </p>
         </fn>
         <fn id="d6392e3883a1310">
            <label>128</label>
            <p>
               <mixed-citation id="d6392e3890" publication-type="journal">
Ares et al., supra note 78.  <fpage>78</fpage>
               </mixed-citation>
            </p>
         </fn>
         <fn id="d6392e3902a1310">
            <label>129</label>
            <p>
               <mixed-citation id="d6392e3909" publication-type="journal">
Jackson, supra note 75, at 332-33.  <fpage>332</fpage>
               </mixed-citation>
            </p>
         </fn>
      </fn-group>
   </back>
</article>
