<article xmlns:xsi="http://www.w3.org/2001/XMLSchema-instance"
         xmlns:xlink="http://www.w3.org/1999/xlink"
         xmlns:mml="http://www.w3.org/1998/Math/MathML"
         dtd-version="1.0"
         article-type="research-article">
   <front>
      <journal-meta>
         <journal-id journal-id-type="jstor">jcrimlawcrim1973</journal-id>
         <journal-id journal-id-type="jstor">j100481</journal-id>
         <journal-title-group>
            <journal-title>The Journal of Criminal Law and Criminology (1973-)</journal-title>
         </journal-title-group>
         <publisher>
            <publisher-name>Northwestern University School of Law</publisher-name>
         </publisher>
         <issn pub-type="ppub">00914169</issn>
      </journal-meta>
      <article-meta>
         <article-id pub-id-type="doi">10.2307/1144257</article-id>
         <title-group>
            <article-title>Declining Homicide in New York City: A Tale of Two Trends</article-title>
         </title-group>
         <contrib-group>
            <contrib contrib-type="author">
               <string-name>
                  <given-names>Jeffrey</given-names>
                  <surname>Fagan</surname>
               </string-name>
            </contrib>
            <contrib contrib-type="author">
               <string-name>
                  <given-names>Franklin E.</given-names>
                  <surname>Zimring</surname>
               </string-name>
            </contrib>
            <contrib contrib-type="author">
               <string-name>
                  <given-names>June</given-names>
                  <surname>Kim</surname>
               </string-name>
            </contrib>
         </contrib-group>
         <pub-date>
            <day>1</day>
            <month>7</month>
            <year>1998</year>
         </pub-date>
         <volume>88</volume>
         <issue>4</issue>
         <issue-id>i247872</issue-id>
         <fpage>1277</fpage>
         <lpage>1324</lpage>
         <page-range>1277-1324</page-range>
         <permissions>
            <copyright-statement>Copyright 1998 Northwestern University, School of Law</copyright-statement>
         </permissions>
         <self-uri xlink:href="http://www.jstor.org/stable/1144257"/>
         <custom-meta-group>
            <custom-meta>
               <meta-name>lang</meta-name>
               <meta-value>eng</meta-value>
            </custom-meta>
         </custom-meta-group>
      </article-meta>
   </front>
   <back>
      <fn-group>
         <title>[Footnotes]</title>
         <fn id="d2940e138a1310">
            <label>2</label>
            <p>
               <mixed-citation id="d2940e145" publication-type="journal">
Alfred Blumstein, Youth Violence, Guns, and the Illicit Drug Industry, 86 J.
CRIM. LAW &amp; CRIMINOLOGY 10 (1995)<person-group>
                     <string-name>
                        <surname>Blumstein</surname>
                     </string-name>
                  </person-group>
                  <fpage>10</fpage>
                  <volume>86</volume>
                  <source>J. Crim. Law &amp; Criminology</source>
                  <year>1995</year>
               </mixed-citation>
            </p>
            <p>
               <mixed-citation id="d2940e176" publication-type="book">
Phillip Cook &amp; John Laub, The Unprecedented
Epidemic in Youth Violence, in M. TONRY &amp; M. MOORE, YOUTH VIOLENCE (1998)<person-group>
                     <string-name>
                        <surname>Cook</surname>
                     </string-name>
                  </person-group>
                  <comment content-type="section">The Unprecedented Epidemic in Youth Violence</comment>
                  <source>Youth Violence</source>
                  <year>1998</year>
               </mixed-citation>
            </p>
         </fn>
         <fn id="d2940e205a1310">
            <label>4</label>
            <p>
               <mixed-citation id="d2940e212" publication-type="book">
OFFICE OF VITAL STATISTICS AND EPIDEMIOLOGY, SUMMARY OF
VITAL STATISTICS, 1996, THE CITY OF NEW YORK (1997)<person-group>
                     <string-name>
                        <surname>Office of Vital Statistics and Epidemiology</surname>
                     </string-name>
                  </person-group>
                  <source>Summary of Vital Statistics, 1996</source>
                  <year>1997</year>
               </mixed-citation>
            </p>
         </fn>
         <fn id="d2940e237a1310">
            <label>5</label>
            <p>
               <mixed-citation id="d2940e244" publication-type="book">
FRANKLIN ZIMRING, AMERICAN YOUTH VIOLENCE 38-45 (1998).<person-group>
                     <string-name>
                        <surname>Zimring</surname>
                     </string-name>
                  </person-group>
                  <fpage>38</fpage>
                  <source>American Youth Violence</source>
                  <year>1998</year>
               </mixed-citation>
            </p>
         </fn>
         <fn id="d2940e269a1310">
            <label>6</label>
            <p>
               <mixed-citation id="d2940e276" publication-type="journal">
Blumstein, supra note 2  </mixed-citation>
            </p>
            <p>
               <mixed-citation id="d2940e284" publication-type="book">
PHILIPPE J. BOURGOIS, IN SEARCH OF
RESPECT: SELLING CRACKIN EL BARRIO (1995)<person-group>
                     <string-name>
                        <surname>Bourgois</surname>
                     </string-name>
                  </person-group>
                  <source>Search of Respect: Selling Crackin el Barrio</source>
                  <year>1995</year>
               </mixed-citation>
            </p>
         </fn>
         <fn id="d2940e310a1310">
            <label>7</label>
            <p>
               <mixed-citation id="d2940e317" publication-type="journal">
Franklin E. Zimring, Firearms and Federal
Laur The Gun Control Act of 1968, 4 J. LEGAL STUD. 133 n.2 (1975). For youth violence,<person-group>
                     <string-name>
                        <surname>Zimring</surname>
                     </string-name>
                  </person-group>
                  <fpage>133</fpage>
                  <volume>4</volume>
                  <source>J. Legal STUD</source>
                  <year>1975</year>
               </mixed-citation>
            </p>
            <p>
               <mixed-citation id="d2940e348" publication-type="journal">
Franklin E. Zimring, Kids, Guns, and Homicide. Policy Notes on an Age-Specific Epi-
demic, 59 LAw &amp; CONTEMP. PROBS. 25 (1996).<person-group>
                     <string-name>
                        <surname>Zimring</surname>
                     </string-name>
                  </person-group>
                  <fpage>25</fpage>
                  <volume>59</volume>
                  <source>Law &amp; Contemp. Probs.</source>
                  <year>1996</year>
               </mixed-citation>
            </p>
         </fn>
         <fn id="d2940e380a1310">
            <label>10</label>
            <p>
               <mixed-citation id="d2940e387" publication-type="journal">
Richard Curtis, The Improbable Transformation of Inner-City Neighborhoods:.
Crime, Violence, Drugs and Youth in the 1990s, 88 J. CRIM. L. &amp; CRIMINOLOGY 1233
(1998)<person-group>
                     <string-name>
                        <surname>Curtis</surname>
                     </string-name>
                  </person-group>
                  <fpage>1233</fpage>
                  <volume>88</volume>
                  <source>J. Crim. L. &amp; Criminology</source>
                  <year>1998</year>
               </mixed-citation>
            </p>
         </fn>
         <fn id="d2940e422a1310">
            <label>11</label>
            <p>
               <mixed-citation id="d2940e429" publication-type="book">
Jeffrey A. Fagan, Intoxication and Aggression, in M. TONRY &amp; J. WILSON, DRUGS AND
CRIME (Crime and Justice: An Annual Review of Research vol. 13, 1990)<person-group>
                     <string-name>
                        <surname>Fagan</surname>
                     </string-name>
                  </person-group>
                  <comment content-type="section">Intoxication and Aggression</comment>
                  <volume>13</volume>
                  <source>Drugs and Crime</source>
                  <year>1990</year>
               </mixed-citation>
            </p>
            <p>
               <mixed-citation id="d2940e460" publication-type="book">
Jeffrey A. Fa-
gan, Continuity and Change in American Crime. Lessons from Three Decades, in U.S. DEP'T
OF JUSTICE, THE CHALLENGE OF CRIME IN A FREE SOCIETY: LOOKING BACK, LOOKING
FORWARD (1998)<person-group>
                     <string-name>
                        <surname>Fagan</surname>
                     </string-name>
                  </person-group>
                  <comment content-type="section">Continuity and Change in American Crime. Lessons from Three Decades</comment>
                  <source>The Challenge of Crime in a Free Society: Looking Back, Looking Forward</source>
                  <year>1998</year>
               </mixed-citation>
            </p>
         </fn>
         <fn id="d2940e495a1310">
            <label>12</label>
            <p>
               <mixed-citation id="d2940e502" publication-type="book">
KENNETH J. ROTHMAN, MODERN EPIDEMIOLOGY (1986)<person-group>
                     <string-name>
                        <surname>Rothman</surname>
                     </string-name>
                  </person-group>
                  <source>Modern Epidemiology</source>
                  <year>1986</year>
               </mixed-citation>
            </p>
            <p>
               <mixed-citation id="d2940e523" publication-type="journal">
Colin Loftin, Assaultive Vio-
lence as a Contagious Process, 62 BULL. OF THE N.Y. ACAD. OF MED. 550 (1986)<person-group>
                     <string-name>
                        <surname>Loftin</surname>
                     </string-name>
                  </person-group>
                  <fpage>550</fpage>
                  <volume>62</volume>
                  <source>Bull. of the N.Y. Acad. of Med.</source>
                  <year>1986</year>
               </mixed-citation>
            </p>
            <p>
               <mixed-citation id="d2940e554" publication-type="journal">
Malcolm
Gladwell, The Tipping Point, THE NEW YORKER, June 3, 1996, at 32<person-group>
                     <string-name>
                        <surname>Gladwell</surname>
                     </string-name>
                  </person-group>
                  <issue>June 3</issue>
                  <fpage>32</fpage>
                  <source>The New Yorker</source>
                  <year>1996</year>
               </mixed-citation>
            </p>
         </fn>
         <fn id="d2940e586a1310">
            <label>14</label>
            <p>
               <mixed-citation id="d2940e593" publication-type="journal">
Curtis, supra note 10, at 1266.  <fpage>1266</fpage>
               </mixed-citation>
            </p>
         </fn>
         <fn id="d2940e605a1310">
            <label>15</label>
            <p>
               <mixed-citation id="d2940e612" publication-type="other">
OFFICE OF VITAL STATISTICS AND EPIDEMIOLOGY, NEW YORK CITY DEP'T OF HEALTH,
SUMMARY OF VITAL STATISTICS 1996, THE CITY OF NEWYORK (1997).</mixed-citation>
            </p>
         </fn>
         <fn id="d2940e623a1310">
            <label>16</label>
            <p>
               <mixed-citation id="d2940e630" publication-type="journal">
Paul J. Goldstein et al., Crack and Homicide in New York City, 1988: A Conceptually
Based Event Analysis, 16 CONTEMP. DRUG PROBS. 651 (1989)<person-group>
                     <string-name>
                        <surname>Goldstein</surname>
                     </string-name>
                  </person-group>
                  <fpage>651</fpage>
                  <volume>16</volume>
                  <source>Contemp. Drug Probs.</source>
                  <year>1989</year>
               </mixed-citation>
            </p>
            <p>
               <mixed-citation id="d2940e661" publication-type="book">
Jeffrey Fagan, Violence as
Regulation and Social Control in the Distribution of Crack, in MARIO DE LA ROSA ET AL.,
DRUGS AND VIOLENCE (NIDA Research Monograph No. 103, 1990)<person-group>
                     <string-name>
                        <surname>Fagan</surname>
                     </string-name>
                  </person-group>
                  <comment content-type="section">Violence as Regulation and Social Control in the Distribution of Crack</comment>
                  <source>Drugs and Violence</source>
                  <year>1990</year>
               </mixed-citation>
            </p>
         </fn>
         <fn id="d2940e693a1310">
            <label>17</label>
            <p>
               <mixed-citation id="d2940e700" publication-type="book">
Fagan, supra note 16, at 25  <fpage>25</fpage>
               </mixed-citation>
            </p>
         </fn>
         <fn id="d2940e712a1310">
            <label>18</label>
            <p>
               <mixed-citation id="d2940e719" publication-type="book">
Current Population Sur-
vey for 1985<source>Current Population Survey</source>
                  <year>1985</year>
               </mixed-citation>
            </p>
            <p>
               <mixed-citation id="d2940e734" publication-type="other">
U.S. Census for 1990</mixed-citation>
            </p>
            <p>
               <mixed-citation id="d2940e740" publication-type="other">
New York Metropolitan Transportation Council for 1995</mixed-citation>
            </p>
            <p>
               <mixed-citation id="d2940e747" publication-type="book">
N.Y. METROPOLITAN
TRANSPORTATION COUNCIL, TRANSPORTATION MODELS AND DATA INITIATIVE, TECHNICAL
MEMORANDUM NO. 8.9: POPULATION FORECASTING AND ANALYSIS (1995)<person-group>
                     <string-name>
                        <surname>Metropolitan Transportation Council, Transportation Models and Data Initiative</surname>
                     </string-name>
                  </person-group>
                  <source>Population Forecasting and Analysis</source>
                  <year>1995</year>
               </mixed-citation>
            </p>
         </fn>
         <fn id="d2940e776a1310">
            <label>19</label>
            <p>
               <mixed-citation id="d2940e783" publication-type="journal">
Gladwell, supra note 12, at 33  <fpage>33</fpage>
               </mixed-citation>
            </p>
         </fn>
         <fn id="d2940e795a1310">
            <label>20</label>
            <p>
               <mixed-citation id="d2940e802" publication-type="book">
Jeffrey Fa-
gan et al., Social Contagion of Youth Homicide in New York, in P.J. Cook &amp; M. Moore, THE
EPIDEMIC OF YOUTH VIOLENCE: A SUBSTANTIVE AND INTELLECTUAL CHALLENGE (1998)<person-group>
                     <string-name>
                        <surname>Fagan</surname>
                     </string-name>
                  </person-group>
                  <comment content-type="section">Social Contagion of Youth Homicide in New York</comment>
                  <source>The Epidemic of Youth Violence: A Substantive and Intellectual Challenge</source>
                  <year>1998</year>
               </mixed-citation>
            </p>
            <p>
               <mixed-citation id="d2940e833" publication-type="book">
RONALD
S. BURT, SOCIAL CONTAGION (1992)<person-group>
                     <string-name>
                        <surname>Burt</surname>
                     </string-name>
                  </person-group>
                  <source>Social Contagion</source>
                  <year>1992</year>
               </mixed-citation>
            </p>
            <p>
               <mixed-citation id="d2940e857" publication-type="journal">
Gregory Bovasso, A Network Analysis of Social Con-
tagion Processes in an Organizational Intervention, 49 HUM. REL. 1419 (1996)<person-group>
                     <string-name>
                        <surname>Bovasso</surname>
                     </string-name>
                  </person-group>
                  <fpage>1419</fpage>
                  <volume>49</volume>
                  <source>Human Relation</source>
                  <year>1996</year>
               </mixed-citation>
            </p>
            <p>
               <mixed-citation id="d2940e889" publication-type="journal">
Loftin, supra note 12, at 554  <fpage>554</fpage>
               </mixed-citation>
            </p>
            <p>
               <mixed-citation id="d2940e900" publication-type="journal">
Jona-
than Crane, The Epidemic Theory of Ghettos and Neighborhood Effects on Dropping Out and
Teenage Childbearing, 96 AM. J. SOC. 1226 (1991)<person-group>
                     <string-name>
                        <surname>Crane</surname>
                     </string-name>
                  </person-group>
                  <fpage>1226</fpage>
                  <volume>96</volume>
                  <source>Am. J. Soc.</source>
                  <year>1991</year>
               </mixed-citation>
            </p>
            <p>
               <mixed-citation id="d2940e934" publication-type="journal">
Gladwell, supra note 12, at 34  <fpage>34</fpage>
               </mixed-citation>
            </p>
         </fn>
         <fn id="d2940e946a1310">
            <label>21</label>
            <p>
               <mixed-citation id="d2940e953" publication-type="book">
MICHAEL H. TONRY, MALIGN NEGLECT: RACE, CRIME &amp; PUNISHMENT IN AMERICA 58-
66 (1995).<person-group>
                     <string-name>
                        <surname>Tonry</surname>
                     </string-name>
                  </person-group>
                  <fpage>58</fpage>
                  <source>Malign Neglect: Race, Crime &amp; Punishment in America</source>
                  <year>1995</year>
               </mixed-citation>
            </p>
         </fn>
         <fn id="d2940e983a1310">
            <label>22</label>
            <p>
               <mixed-citation id="d2940e990" publication-type="other">
M. SVIRIDOFF ET AL., THE NEIGHBORHOOD EFFECTS OF STREET-LEVEL DRUG
ENFORCEMENT: TACTICAL NARCOTICS TEAMS IN NEW YORK. FINAL REPORT, NIJ GRANT 89-
IJ-CX-0056 (1992).</mixed-citation>
            </p>
         </fn>
         <fn id="d2940e1003a1310">
            <label>23</label>
            <p>
               <mixed-citation id="d2940e1010" publication-type="book">
George L. KELLING &amp; CATHERINE M. COLES, FIXING BROKEN WINDOWS:
RESTORING ORDER AND REDUCING CRIME IN OUR COMMUNITIES (1997)<person-group>
                     <string-name>
                        <surname>Kelling</surname>
                     </string-name>
                  </person-group>
                  <source>Fixing Broken Windows: Restoring Order and Reducing Crime in our Communities</source>
                  <year>1997</year>
               </mixed-citation>
            </p>
         </fn>
         <fn id="d2940e1035a1310">
            <label>24</label>
            <p>
               <mixed-citation id="d2940e1042" publication-type="book">
Id. at 29.  <fpage>29</fpage>
               </mixed-citation>
            </p>
         </fn>
         <fn id="d2940e1054a1310">
            <label>25</label>
            <p>
               <mixed-citation id="d2940e1061" publication-type="book">
BOURGOIS, supra note 6  </mixed-citation>
            </p>
            <p>
               <mixed-citation id="d2940e1069" publication-type="journal">
Curtis, supra note 10, at 1262-63  <fpage>1262</fpage>
               </mixed-citation>
            </p>
            <p>
               <mixed-citation id="d2940e1080" publication-type="journal">
Goldstein, supra note 16, at 663  <fpage>663</fpage>
               </mixed-citation>
            </p>
            <p>
               <mixed-citation id="d2940e1092" publication-type="journal">
B.D. Johnson et al., Careers in Crack, Drug Use, Distribution and Non-Drug
Criminality, 34 CRIME &amp; DELINQ. 251 (1995)<person-group>
                     <string-name>
                        <surname>Johnson</surname>
                     </string-name>
                  </person-group>
                  <fpage>251</fpage>
                  <volume>Johnson</volume>
                  <source>34 Crime &amp; Delinq.</source>
                  <year>1995</year>
               </mixed-citation>
            </p>
         </fn>
         <fn id="d2940e1124a1310">
            <label>26</label>
            <p>
               <mixed-citation id="d2940e1133" publication-type="other">
U.S. Dep't Justice, Bu-
reau of Justice Statistics, Prison Statistics (last modified July 1998)
&lt;http://www.ojp.usdoj.gov/bis/prisons.htm&gt;</mixed-citation>
            </p>
            <p>
               <mixed-citation id="d2940e1145" publication-type="other">
Bureau of Justice Statistics, U.S. Dep't Justice,
National Corrections Reporting Program: Prison Admissions, Search of 1985-1996 Data Ar-
chives of the Inter-University Consortium for Political &amp; Social Research (Jan. 13,
1999)</mixed-citation>
            </p>
            <p>
               <mixed-citation id="d2940e1161" publication-type="other">
NEW YORK STATE DEP'T CORRECTIONAL SERVS., HUB SYSTEM: PROFILE OF INMATE
POPULATION UNDER CUSTODY ON JANUARY 1, 1997 (1997)</mixed-citation>
            </p>
            <p>
               <mixed-citation id="d2940e1170" publication-type="journal">
Search of National
Corrections Reporting System Reporting System 1992-1996 Archives (Jan. 13, 1999)<issue>Jan. 13</issue>
                  <source>Archives</source>
                  <year>1999</year>
               </mixed-citation>
            </p>
         </fn>
      </fn-group>
   </back>
</article>
