<article xmlns:xsi="http://www.w3.org/2001/XMLSchema-instance"
         xmlns:xlink="http://www.w3.org/1999/xlink"
         xmlns:mml="http://www.w3.org/1998/Math/MathML"
         dtd-version="1.0"
         article-type="research-article">
   <front>
      <journal-meta>
         <journal-id journal-id-type="jstor">jcrimlawcrim1973</journal-id>
         <journal-id journal-id-type="jstor">j100481</journal-id>
         <journal-title-group>
            <journal-title>The Journal of Criminal Law and Criminology (1973-)</journal-title>
         </journal-title-group>
         <publisher>
            <publisher-name>Northwestern University School of Law</publisher-name>
         </publisher>
         <issn pub-type="ppub">00914169</issn>
      </journal-meta>
      <article-meta>
         <article-id pub-id-type="doi">10.2307/1144030</article-id>
         <article-categories>
            <subj-group>
               <subject>Criminal Law</subject>
            </subj-group>
         </article-categories>
         <title-group>
            <article-title>The Social Construction of a Hate Crime Epidemic</article-title>
         </title-group>
         <contrib-group>
            <contrib contrib-type="author">
               <string-name>
                  <given-names>James B.</given-names>
                  <surname>Jacobs</surname>
               </string-name>
            </contrib>
            <contrib contrib-type="author">
               <string-name>
                  <given-names>Jessica S.</given-names>
                  <surname>Henry</surname>
               </string-name>
            </contrib>
         </contrib-group>
         <pub-date>
            <day>1</day>
            <month>1</month>
            <year>1996</year>
         </pub-date>
         <volume>86</volume>
         <issue>2</issue>
         <issue-id>i247863</issue-id>
         <fpage>366</fpage>
         <lpage>391</lpage>
         <page-range>366-391</page-range>
         <permissions>
            <copyright-statement>Copyright 1996 Northwestern University, School of Law</copyright-statement>
         </permissions>
         <self-uri xlink:href="http://www.jstor.org/stable/1144030"/>
         <custom-meta-group>
            <custom-meta>
               <meta-name>lang</meta-name>
               <meta-value>eng</meta-value>
            </custom-meta>
         </custom-meta-group>
      </article-meta>
   </front>
   <back>
      <fn-group>
         <title>[Footnotes]</title>
         <fn id="d6462e135a1310">
            <label>1</label>
            <p>
               <mixed-citation id="d6462e142" publication-type="other">
OR. REV. STAT.
§ 181.550 (1993)</mixed-citation>
            </p>
            <p>
               <mixed-citation id="d6462e151" publication-type="other">
LU-IN WANG,
HATE CRIMES LAW (1995)</mixed-citation>
            </p>
         </fn>
         <fn id="d6462e161a1310">
            <label>2</label>
            <p>
               <mixed-citation id="d6462e168" publication-type="book">
PETER L. BERGER, THE SOCIAL CONSTRUCTION OF REALITY: A TREATISE IN THE SOCI-
OLOGY OF KNOWLEDGE (1990)<person-group>
                     <string-name>
                        <surname>Berger</surname>
                     </string-name>
                  </person-group>
                  <source>The Social Construction of Reality: A Treatise in the Sociology of Knowledge</source>
                  <year>1990</year>
               </mixed-citation>
            </p>
            <p>
               <mixed-citation id="d6462e192" publication-type="book">
HANS H. GERTH &amp; C. WRIGHTS MILLS, THE POWER ELITE
(1957)<person-group>
                     <string-name>
                        <surname>Gerth</surname>
                     </string-name>
                  </person-group>
                  <source>The Power Elite</source>
                  <year>1957</year>
               </mixed-citation>
            </p>
         </fn>
         <fn id="d6462e217a1310">
            <label>3</label>
            <p>
               <mixed-citation id="d6462e224" publication-type="book">
WEBSTER'S NINTH NEW COLLEGIATE DICTIONARY (1989).<source>Webster's Ninth New Collegiate Dictionary</source>
                  <year>1989</year>
               </mixed-citation>
            </p>
         </fn>
         <fn id="d6462e237a1310">
            <label>4</label>
            <p>
               <mixed-citation id="d6462e244" publication-type="journal">
Eric Zorn, An Outbreak of Epidemics, ATLANTA CONST., Mar. 28, 1994, at A11<person-group>
                     <string-name>
                        <surname>Zorn</surname>
                     </string-name>
                  </person-group>
                  <issue>Mar. 28</issue>
                  <fpage>A11</fpage>
                  <source>Atlanta Const.</source>
                  <year>1994</year>
               </mixed-citation>
            </p>
         </fn>
         <fn id="d6462e274a1310">
            <label>5</label>
            <p>
               <mixed-citation id="d6462e281" publication-type="journal">
Id.  </mixed-citation>
            </p>
         </fn>
         <fn id="d6462e290a1310">
            <label>6</label>
            <p>
               <mixed-citation id="d6462e297" publication-type="book">
Jake Batsell, Spielberg Speaks Out Against Hate Crimes; FBI Data Show Report on Rise in
Arizona, ARIZ. REPUBLIC, June 29, 1994, at Al 1 (quoting Spielberg's testimony to the Senate
Judiciary Subcommittee)<person-group>
                     <string-name>
                        <surname>Batsell</surname>
                     </string-name>
                  </person-group>
                  <volume>29</volume>
                  <source>Spielberg Speaks Out Against Hate Crimes; FBI Data Show Report on Rise in Arizona</source>
                  <year>1994</year>
               </mixed-citation>
            </p>
         </fn>
         <fn id="d6462e329a1310">
            <label>7</label>
            <p>
               <mixed-citation id="d6462e336" publication-type="book">
Bills Introduced to Combat Hate Crimes, UPI, Mar. 22, 1993<fpage>22</fpage>
                  <source>Bills Introduced to Combat Hate Crimes</source>
                  <year>1993</year>
               </mixed-citation>
            </p>
            <p>
               <mixed-citation id="d6462e351" publication-type="other">
LEXIS, News
Library, UPSTAT File (quoting Lt. Gov. Leo McCarthy of California)</mixed-citation>
            </p>
         </fn>
         <fn id="d6462e361a1310">
            <label>8</label>
            <p>
               <mixed-citation id="d6462e368" publication-type="book">
Gina Holland, Mississippi Ills Require Hate Crimes Bill, Backers Maintain, COM. APPEAL,
Jan. 7, 1994, at 1B (quoting Sen. Bill Minor)<person-group>
                     <string-name>
                        <surname>Holland</surname>
                     </string-name>
                  </person-group>
                  <comment content-type="section">Mississippi Ills Require Hate Crimes Bill</comment>
                  <fpage>7</fpage>
                  <source>Backers Maintain</source>
                  <year>1994</year>
               </mixed-citation>
            </p>
         </fn>
         <fn id="d6462e400a1310">
            <label>9</label>
            <p>
               <mixed-citation id="d6462e407" publication-type="book">
Suzanne Espinosa, Black-on-White Hate Crimes Rising, S.F. CHRON., Nov. 17, 1993, at
A10.<person-group>
                     <string-name>
                        <surname>Espinosa</surname>
                     </string-name>
                  </person-group>
                  <fpage>A10</fpage>
                  <volume>17</volume>
                  <source>Black-on-White Hate Crimes Rising</source>
                  <year>1993</year>
               </mixed-citation>
            </p>
         </fn>
         <fn id="d6462e439a1310">
            <label>10</label>
            <p>
               <mixed-citation id="d6462e446" publication-type="book">
James B. Jacobs, The Emergence and Implications of American Hate Crime Jurisprudence,
22 ISR. Y.B. ON HUM. RTS. 113, 116-18 (1993)<person-group>
                     <string-name>
                        <surname>Jacobs</surname>
                     </string-name>
                  </person-group>
                  <fpage>116</fpage>
                  <volume>113</volume>
                  <source>The Emergence and Implications of American Hate Crime Jurisprudence</source>
               </mixed-citation>
            </p>
         </fn>
         <fn id="d6462e476a1310">
            <label>11</label>
            <p>
               <mixed-citation id="d6462e483" publication-type="book">
Eric Zorn, A Trend That's... Well, Epidemic, CHI. TRIB., Mar. 23, 1994, at N1 (citing
Ward Cates, Center for Disease Control).<person-group>
                     <string-name>
                        <surname>Zorn</surname>
                     </string-name>
                  </person-group>
                  <volume>23</volume>
                  <source>A Trend That's... Well</source>
                  <year>1994</year>
               </mixed-citation>
            </p>
         </fn>
         <fn id="d6462e512a1310">
            <label>12</label>
            <p>
               <mixed-citation id="d6462e519" publication-type="book">
Walt Albro, Report: Anti-Gay Violence Shows Dramatic Increase, UPI, Mar. 19, 1992.<person-group>
                     <string-name>
                        <surname>Albro</surname>
                     </string-name>
                  </person-group>
                  <fpage>19</fpage>
                  <source>Report: Anti-Gay Violence Shows Dramatic Increase</source>
                  <year>1992</year>
               </mixed-citation>
            </p>
         </fn>
         <fn id="d6462e544a1310">
            <label>13</label>
            <p>
               <mixed-citation id="d6462e551" publication-type="journal">
Advocacy Group Urges Police to Consider Anti-Gay Motive, GANNETT NEWS SERVICE, Oct.
11, 1994 (statement of Michael Petreli).<issue>Oct.</issue>
                  <volume>11</volume>
                  <source>Gannett News Service</source>
                  <year>1994</year>
               </mixed-citation>
            </p>
         </fn>
         <fn id="d6462e574a1310">
            <label>14</label>
            <p>
               <mixed-citation id="d6462e581" publication-type="journal">
Survey Finds Decrease in Anti-Gay Violence, N.Y. TIMES, Mar. 9, 1994, at A13 (statement
of David M. Smith).<issue>Mar.</issue>
                  <fpage>A13</fpage>
                  <volume>9</volume>
                  <source>N.Y. Times</source>
                  <year>1994</year>
               </mixed-citation>
            </p>
         </fn>
         <fn id="d6462e607a1310">
            <label>15</label>
            <p>
               <mixed-citation id="d6462e614" publication-type="journal">
Id.  </mixed-citation>
            </p>
         </fn>
         <fn id="d6462e623a1310">
            <label>16</label>
            <p>
               <mixed-citation id="d6462e630" publication-type="book">
House Appropriations/Commerce, Justice, State, the Judiciary, and Related Agencies FY 95
Commerce, Justice and State Appropriations (May 3, 1994)<comment content-type="section">House Appropriations/Commerce, Justice, State, the Judiciary, and Related Agencies FY 95 Commerce</comment>
                  <volume>3</volume>
                  <source>Justice and State Appropriations</source>
                  <year>1994</year>
               </mixed-citation>
            </p>
         </fn>
         <fn id="d6462e654a1310">
            <label>17</label>
            <p>
               <mixed-citation id="d6462e661" publication-type="conference">
Hate Crime Statistics Act of 1988: Hearing Before the Subcommittee on the Constitution of the
Committee on the Judiciary United States Senate, 100th Cong., 2d Sess. 263-64 (1988)<fpage>263</fpage>
                  <source>Hate Crime Statistics Act of 1988: Hearing Before the Subcommittee on the Constitution of the Committee on the Judiciary United States Senate, 100th Cong</source>
                  <year>1988</year>
               </mixed-citation>
            </p>
            <p>
               <mixed-citation id="d6462e679" publication-type="other">
Senate Hearing</mixed-citation>
            </p>
            <p>
               <mixed-citation id="d6462e685" publication-type="other">
Id. at
264</mixed-citation>
            </p>
         </fn>
         <fn id="d6462e695a1310">
            <label>18</label>
            <p>
               <mixed-citation id="d6462e702" publication-type="journal">
Lauren Tarshis, The War on Women, 124 SCHOLASTIC UPDATE 14, Apr. 3, 1992.<person-group>
                     <string-name>
                        <surname>Tarshis</surname>
                     </string-name>
                  </person-group>
                  <issue>Apr. 3</issue>
                  <fpage>14</fpage>
                  <volume>124</volume>
                  <source>Scholastic Update</source>
                  <year>1992</year>
               </mixed-citation>
            </p>
         </fn>
         <fn id="d6462e734a1310">
            <label>19</label>
            <p>
               <mixed-citation id="d6462e741" publication-type="journal">
Racial Violence Against Asian Americans, 106 HARV. L. REV. 1926 (1993)<object-id pub-id-type="doi">10.2307/1341790</object-id>
                  <fpage>1926</fpage>
               </mixed-citation>
            </p>
         </fn>
         <fn id="d6462e754a1310">
            <label>20</label>
            <p>
               <mixed-citation id="d6462e761" publication-type="other">
Senate Hearing, supra note 17, at 261 (letter to Senator Paul Simon from Susan C.
Lee).</mixed-citation>
            </p>
         </fn>
         <fn id="d6462e771a1310">
            <label>21</label>
            <p>
               <mixed-citation id="d6462e778" publication-type="other">
Senate Hearing, supra note 17, at 246 (letter to Senator Paul Simon from Karen G.
Kwong).</mixed-citation>
            </p>
         </fn>
         <fn id="d6462e788a1310">
            <label>22</label>
            <p>
               <mixed-citation id="d6462e795" publication-type="other">
Senate Hearing, supra note 17, at 84 (testimony of William Yoshino, Midwestern Re-
gional Director, Japanese American Citizens League).</mixed-citation>
            </p>
         </fn>
         <fn id="d6462e806a1310">
            <label>23</label>
            <p>
               <mixed-citation id="d6462e813" publication-type="other">
LEXIS "NEWS" library, "CURNEWS" file as of
April 1995</mixed-citation>
            </p>
         </fn>
         <fn id="d6462e823a1310">
            <label>24</label>
            <p>
               <mixed-citation id="d6462e830" publication-type="journal">
Spencer Rumsey, A Cancer of Hatred Afflicts America, NEWSDAY, May 27, 1993, at 129.<issue>May 27</issue>
                  <fpage>129</fpage>
                  <source>Newsday</source>
                  <year>1993</year>
               </mixed-citation>
            </p>
         </fn>
         <fn id="d6462e849a1310">
            <label>25</label>
            <p>
               <mixed-citation id="d6462e856" publication-type="journal">
Benjamin J. Hubbard, Commentary on Tolerance, L.A. TIMES, Apr. 4, 1993, at B9.<person-group>
                     <string-name>
                        <surname>Hubbard</surname>
                     </string-name>
                  </person-group>
                  <issue>Apr. 4</issue>
                  <fpage>B9</fpage>
                  <source>L.A. Times</source>
                  <year>1993</year>
               </mixed-citation>
            </p>
         </fn>
         <fn id="d6462e885a1310">
            <label>26</label>
            <p>
               <mixed-citation id="d6462e892" publication-type="book">
Espinosa, supra note 9, at A10.  <fpage>A10</fpage>
               </mixed-citation>
            </p>
         </fn>
         <fn id="d6462e904a1310">
            <label>27</label>
            <p>
               <mixed-citation id="d6462e911" publication-type="journal">
Claire Safran, They Burn Churches, Don't They?, WOMEN'S DAY, Nov. 21, 1989, at 68.<person-group>
                     <string-name>
                        <surname>Safran</surname>
                     </string-name>
                  </person-group>
                  <issue>Nov. 21</issue>
                  <fpage>68</fpage>
                  <source>Women's Day</source>
                  <year>1989</year>
               </mixed-citation>
            </p>
         </fn>
         <fn id="d6462e940a1310">
            <label>28</label>
            <p>
               <mixed-citation id="d6462e947" publication-type="other">
Civil Rights Commission to Hold Forum on Hate Crimes in Detroit, U.S. NEWSWIRE, July 15,
1991.</mixed-citation>
            </p>
         </fn>
         <fn id="d6462e958a1310">
            <label>29</label>
            <p>
               <mixed-citation id="d6462e965" publication-type="journal">
William Douglas, Bias Crime Flare Up in City's Heat, NEWSDAY, July 21, 1991, at 19.<person-group>
                     <string-name>
                        <surname>Douglas</surname>
                     </string-name>
                  </person-group>
                  <issue>July 21</issue>
                  <fpage>19</fpage>
                  <source>Newsday</source>
                  <year>1991</year>
               </mixed-citation>
            </p>
         </fn>
         <fn id="d6462e994a1310">
            <label>30</label>
            <p>
               <mixed-citation id="d6462e1001" publication-type="journal">
Id.  </mixed-citation>
            </p>
         </fn>
         <fn id="d6462e1010a1310">
            <label>31</label>
            <p>
               <mixed-citation id="d6462e1017" publication-type="other">
Survey Finds Rising Hate Crimes in U.S., XINHUA GEN. OVERSEAS NEWS SERVICE, July 30,
1990.</mixed-citation>
            </p>
         </fn>
         <fn id="d6462e1027a1310">
            <label>32</label>
            <p>
               <mixed-citation id="d6462e1034" publication-type="journal">
Karen D'Souza, Hate Crime Rise: Hostility or Awareness, PHOENIX GAZETTE, June 29,
1994, at B8.<person-group>
                     <string-name>
                        <surname>D'Souza</surname>
                     </string-name>
                  </person-group>
                  <issue>June 29</issue>
                  <fpage>B8</fpage>
                  <source>Phoenix Gazette</source>
                  <year>1994</year>
               </mixed-citation>
            </p>
         </fn>
         <fn id="d6462e1066a1310">
            <label>33</label>
            <p>
               <mixed-citation id="d6462e1073" publication-type="journal">
Tom Scherberger &amp; Sue Carlton, A Quiet Life Suddenly Shattered by Hatred, ST. PETERS-
BURG TIMES, Jan. 16, 1993, at 1A.<person-group>
                     <string-name>
                        <surname>Scherberger</surname>
                     </string-name>
                  </person-group>
                  <issue>Jan. 16</issue>
                  <fpage>1A</fpage>
                  <source>St. Petersburg Times</source>
                  <year>1993</year>
               </mixed-citation>
            </p>
         </fn>
         <fn id="d6462e1105a1310">
            <label>34</label>
            <p>
               <mixed-citation id="d6462e1112" publication-type="other">
The Atlanta Constitution</mixed-citation>
            </p>
            <p>
               <mixed-citation id="d6462e1118" publication-type="journal">
Gail Hagans, King Week '93 Hate Crime Becoming More Rare,
Police Say, ATLANTA CONST., Jan. 18, 1993, at J1<person-group>
                     <string-name>
                        <surname>Hagans</surname>
                     </string-name>
                  </person-group>
                  <issue>Jan. 18</issue>
                  <fpage>J1</fpage>
                  <source>Atlanta Const.</source>
                  <year>1993</year>
               </mixed-citation>
            </p>
            <p>
               <mixed-citation id="d6462e1149" publication-type="book">
Kathy Scruggs, Police Insensitive, Activists
Say Handcuff Man Case, Crime Report Cited, ATLANTA CONST., Mar. 1, 1992, at D5<person-group>
                     <string-name>
                        <surname>Scruggs</surname>
                     </string-name>
                  </person-group>
                  <comment content-type="section">Police Insensitive, Activists Say Handcuff Man Case, Crime Report Cited</comment>
                  <fpage>D5</fpage>
                  <volume>1</volume>
                  <source>Atlanta Const.</source>
                  <year>1992</year>
               </mixed-citation>
            </p>
         </fn>
         <fn id="d6462e1185a1310">
            <label>35</label>
            <p>
               <mixed-citation id="d6462e1192" publication-type="journal">
Lynda Richardson, 61 Acts of Bias: One
Fuse Lights Many Different Explosions, N.Y. TIMES, Jan. 28, 1992, at B1<person-group>
                     <string-name>
                        <surname>Richardson</surname>
                     </string-name>
                  </person-group>
                  <issue>Jan. 28</issue>
                  <fpage>B1</fpage>
                  <volume>61</volume>
                  <source>N.Y. Times</source>
                  <year>1992</year>
               </mixed-citation>
            </p>
         </fn>
         <fn id="d6462e1227a1310">
            <label>36</label>
            <p>
               <mixed-citation id="d6462e1234" publication-type="journal">
James B. Jacobs, Rethinking the War Against Hate Crimes: A New York City Perspective, 11
CRIM. JUST. ETHICS 55, 58 (Summer/Fall 1992)<person-group>
                     <string-name>
                        <surname>Jacobs</surname>
                     </string-name>
                  </person-group>
                  <issue>Summer</issue>
                  <fpage>55</fpage>
                  <volume>11</volume>
                  <source>Crim. Just. Ethics</source>
                  <year>1992</year>
               </mixed-citation>
            </p>
            <p>
               <mixed-citation id="d6462e1268" publication-type="journal">
CRIM. JUST. ETHICS<source>Crim. Just. Ethics</source>
               </mixed-citation>
            </p>
         </fn>
         <fn id="d6462e1278a1310">
            <label>37</label>
            <p>
               <mixed-citation id="d6462e1285" publication-type="book">
JACK LEVIN &amp; JACK MCDEVITT, THE RISING TIDE OF BIGOTRY AND BLOODSHED: HATE
CRIMES (1993).<person-group>
                     <string-name>
                        <surname>Levin</surname>
                     </string-name>
                  </person-group>
                  <source>The Rising Tide of Bigotry and Bloodshed: Hate Crimes</source>
                  <year>1993</year>
               </mixed-citation>
            </p>
         </fn>
         <fn id="d6462e1310a1310">
            <label>38</label>
            <p>
               <mixed-citation id="d6462e1317" publication-type="book">
Id. at 45-63.  <fpage>45</fpage>
               </mixed-citation>
            </p>
         </fn>
         <fn id="d6462e1329a1310">
            <label>39</label>
            <p>
               <mixed-citation id="d6462e1336" publication-type="book">
BIAS CRIMES: AMERICAN LAW ENFORCEMENT AND LEGAL RESPONSES 6-7 (Robert J. Kelly
ed., 1993).<fpage>6</fpage>
                  <source>BIAS Crimes: American Law Enforcement and Legal Responses</source>
                  <year>1993</year>
               </mixed-citation>
            </p>
         </fn>
         <fn id="d6462e1355a1310">
            <label>40</label>
            <p>
               <mixed-citation id="d6462e1362" publication-type="book">
Joan C. Weiss, Ethnoviolence: Impact Upon and Response of Victims and the Community, in
BIAS CRIME, supra note 39, at 179<person-group>
                     <string-name>
                        <surname>Weiss</surname>
                     </string-name>
                  </person-group>
                  <comment content-type="section">Ethnoviolence: Impact Upon and Response of Victims and the Community</comment>
                  <fpage>179</fpage>
                  <source>BIAS Crime</source>
               </mixed-citation>
            </p>
         </fn>
         <fn id="d6462e1392a1310">
            <label>41</label>
            <p>
               <mixed-citation id="d6462e1399" publication-type="book">
Allen D. Sapp, Richard N. Holden &amp; Michael E. Wiggins, Value and Belief Systems of
Right-Wing Extremists: Rationale and Motivation of Bias-Motivated Crimes, in BIAS CRIMES, supra
note 39, at 105.<person-group>
                     <string-name>
                        <surname>Sapp</surname>
                     </string-name>
                  </person-group>
                  <comment content-type="section">Wiggins, Value and Belief Systems of Right-Wing Extremists: Rationale and Motivation of BIAS-Motivated Crimes</comment>
                  <fpage>105</fpage>
                  <source>BIAS Crimes</source>
               </mixed-citation>
            </p>
         </fn>
         <fn id="d6462e1431a1310">
            <label>42</label>
            <p>
               <mixed-citation id="d6462e1438" publication-type="book">
HATE CRIMES: CONFRONTING VIOLENCE AGAINST LESBIANS AND GAY MEN (Gregory M.
Herek &amp; Kevin T. Berrill eds., 1992).<source>Hate Crimes: Confronting Violence Against Lesbians and Gay Men</source>
                  <year>1992</year>
               </mixed-citation>
            </p>
         </fn>
         <fn id="d6462e1454a1310">
            <label>43</label>
            <p>
               <mixed-citation id="d6462e1461" publication-type="book">
ALPHONSO PINKNEY, LEST WE FORGET: WHITE HATE CRIMES 20 (1994).<person-group>
                     <string-name>
                        <surname>Pinkney</surname>
                     </string-name>
                  </person-group>
                  <volume>20</volume>
                  <source>Lest we Forget: White Hate Crimes</source>
                  <year>1994</year>
               </mixed-citation>
            </p>
         </fn>
         <fn id="d6462e1486a1310">
            <label>44</label>
            <p>
               <mixed-citation id="d6462e1493" publication-type="book">
Id.  </mixed-citation>
            </p>
         </fn>
         <fn id="d6462e1502a1310">
            <label>45</label>
            <p>
               <mixed-citation id="d6462e1509" publication-type="book">
Id. at 27.  <fpage>27</fpage>
               </mixed-citation>
            </p>
         </fn>
         <fn id="d6462e1521a1310">
            <label>46</label>
            <p>
               <mixed-citation id="d6462e1528" publication-type="book">
WESTLAW's "MAG-ASAP" file.<person-group>
                     <string-name>
                        <surname>Westlaw</surname>
                     </string-name>
                  </person-group>
                  <source>Mag-Asap</source>
               </mixed-citation>
            </p>
         </fn>
         <fn id="d6462e1548a1310">
            <label>47</label>
            <p>
               <mixed-citation id="d6462e1555" publication-type="journal">
Abraham Abramovsky, Bias Crime: A Call for Alternative Responses, 19 FORDHAM URB.
L.J. 875, 876 (1992).<person-group>
                     <string-name>
                        <surname>Abramovsky</surname>
                     </string-name>
                  </person-group>
                  <fpage>875</fpage>
                  <volume>19</volume>
                  <source>Fordham Urb. L.J.</source>
                  <year>1992</year>
               </mixed-citation>
            </p>
         </fn>
         <fn id="d6462e1587a1310">
            <label>48</label>
            <p>
               <mixed-citation id="d6462e1594" publication-type="journal">
Id.  </mixed-citation>
            </p>
         </fn>
         <fn id="d6462e1603a1310">
            <label>49</label>
            <p>
               <mixed-citation id="d6462e1610" publication-type="journal">
Id. at 882.  <fpage>882</fpage>
               </mixed-citation>
            </p>
         </fn>
         <fn id="d6462e1622a1310">
            <label>50</label>
            <p>
               <mixed-citation id="d6462e1629" publication-type="journal">
Id. at 883.  <fpage>883</fpage>
               </mixed-citation>
            </p>
         </fn>
         <fn id="d6462e1641a1310">
            <label>51</label>
            <p>
               <mixed-citation id="d6462e1648" publication-type="journal">
Id. at 883 n.56  <fpage>883</fpage>
               </mixed-citation>
            </p>
         </fn>
         <fn id="d6462e1660a1310">
            <label>52</label>
            <p>
               <mixed-citation id="d6462e1669" publication-type="other">
BUREAU OF THE CENSUS, U.S. DEP'T OF COM., 1990 CPH-3-245H (1990)</mixed-citation>
            </p>
            <p>
               <mixed-citation id="d6462e1675" publication-type="book">
CENSUS OF
POPULATION AND HOUSING, POPULATION AND HOUSING CHARACTERISTICS FOR CENSUS TRACTS
AND BLOCK NUMBERING AREAS, NEW YORK-NORTHERN NEW JERSEY-LONG ISLAND, NY-NJ-CT
CMSA, NEW YORK, NY PMSA 505-07 tbl. 5 (1991)<fpage>505</fpage>
                  <source>Census of Population and Housing, Population and Housing Characteristics for Census Tracts and Block Numbering Areas</source>
                  <year>1991</year>
               </mixed-citation>
            </p>
         </fn>
         <fn id="d6462e1702a1310">
            <label>53</label>
            <p>
               <mixed-citation id="d6462e1709" publication-type="other">
FED. BUREAU OF INVESTIGATION, U.S. DEP'T OF JUST., CRIME IN THE U.S.: 1990, UNI-
FORM CRIME REP., at 101 tbl. 6 (1991)</mixed-citation>
            </p>
            <p>
               <mixed-citation id="d6462e1718" publication-type="book">
UNIFORM CRIME REP.: 1990<source>Uniform Crime Rep</source>
                  <year>1990</year>
               </mixed-citation>
            </p>
            <p>
               <mixed-citation id="d6462e1730" publication-type="book">
Id  </mixed-citation>
            </p>
         </fn>
         <fn id="d6462e1739a1310">
            <label>54</label>
            <p>
               <mixed-citation id="d6462e1746" publication-type="book">
NYPD Bias Incident Investigating Unit, Incident Report (Mar. 20, 1991).<comment content-type="section">NYPD Bias Incident Investigating Unit</comment>
                  <source>Incident Report</source>
                  <year>1991</year>
               </mixed-citation>
            </p>
         </fn>
         <fn id="d6462e1762a1310">
            <label>55</label>
            <p>
               <mixed-citation id="d6462e1769" publication-type="journal">
Abramovsky, supra note 47, at 884.  <fpage>884</fpage>
               </mixed-citation>
            </p>
         </fn>
         <fn id="d6462e1781a1310">
            <label>56</label>
            <p>
               <mixed-citation id="d6462e1788" publication-type="book">
LEVIN &amp; MCDEVITT, supra note 37, at ix  <fpage>ix</fpage>
               </mixed-citation>
            </p>
         </fn>
         <fn id="d6462e1800a1310">
            <label>57</label>
            <p>
               <mixed-citation id="d6462e1807" publication-type="journal">
Note, Hate is Not Speech: A Constitutional Defense of Penalty Enhancement for Hate Crimes,
106 HARV. L. REV. 1314 (1993).<object-id pub-id-type="doi">10.2307/1341635</object-id>
                  <fpage>1314</fpage>
               </mixed-citation>
            </p>
         </fn>
         <fn id="d6462e1823a1310">
            <label>58</label>
            <p>
               <mixed-citation id="d6462e1830" publication-type="journal">
Id. at 1314 n.1.  <fpage>1314</fpage>
               </mixed-citation>
            </p>
         </fn>
         <fn id="d6462e1843a1310">
            <label>59</label>
            <p>
               <mixed-citation id="d6462e1850" publication-type="journal">
Note, Combatting Racial Violence: A Legislative Proposal, 101 HARV. L. REV. 1270 (1988).<object-id pub-id-type="doi">10.2307/1341496</object-id>
                  <fpage>1270</fpage>
               </mixed-citation>
            </p>
         </fn>
         <fn id="d6462e1863a1310">
            <label>60</label>
            <p>
               <mixed-citation id="d6462e1870" publication-type="other">
Id. at 1270 n.2</mixed-citation>
            </p>
            <p>
               <mixed-citation id="d6462e1876" publication-type="conference">
Racially Motivated Violence: Hearing Before the Subcomm. on Crimi-
nal Justice of the House Comm. on the Judiciary, 97th Cong., 1st Sess. 77 (1983) (testimony of
Mary F. Berry))<comment content-type="section">Racially Motivated Violence: Hearing Before the Subcomm</comment>
                  <volume>77</volume>
                  <source>Criminal Justice of the House Comm. on the Judiciary, 97th Cong., 1st Sess</source>
                  <year>1983</year>
               </mixed-citation>
            </p>
         </fn>
         <fn id="d6462e1902a1310">
            <label>61</label>
            <p>
               <mixed-citation id="d6462e1909" publication-type="journal">
Jeffery K. Parker, Gang of
Whites Attacks 3 Blacks in Queens, WASH. POST, Dec. 21, 1986, at A17<person-group>
                     <string-name>
                        <surname>Parker</surname>
                     </string-name>
                  </person-group>
                  <issue>Dec. 21</issue>
                  <fpage>A17</fpage>
                  <volume>3</volume>
                  <source>Wash. Post</source>
                  <year>1986</year>
               </mixed-citation>
            </p>
            <p>
               <mixed-citation id="d6462e1943" publication-type="journal">
Id  </mixed-citation>
            </p>
            <p>
               <mixed-citation id="d6462e1951" publication-type="journal">
Three Youths Convicted
in Howard Beach Case, JET, Aug. 8, 1988, at 33<issue>Aug. 8</issue>
                  <fpage>33</fpage>
                  <source>JET</source>
                  <year>1988</year>
               </mixed-citation>
            </p>
         </fn>
         <fn id="d6462e1974a1310">
            <label>62</label>
            <p>
               <mixed-citation id="d6462e1981" publication-type="journal">
James B. Jacobs, Implementing Hate Crime Legislation Symbolism and Crime Control, ANN.
SURV. AM. L. 541 (1992/1993)<person-group>
                     <string-name>
                        <surname>Jacobs</surname>
                     </string-name>
                  </person-group>
                  <volume>541</volume>
                  <source>Ann. Surv. Am. L.</source>
                  <year>1992</year>
               </mixed-citation>
            </p>
            <p>
               <mixed-citation id="d6462e2009" publication-type="journal">
ANN. SURV. AM. L.<source>Ann. Surv. Am. L.</source>
               </mixed-citation>
            </p>
         </fn>
         <fn id="d6462e2019a1310">
            <label>63</label>
            <p>
               <mixed-citation id="d6462e2026" publication-type="book">
JACOBS, ISR. YB., supra note 10, at 136-38  <fpage>136</fpage>
               </mixed-citation>
            </p>
         </fn>
         <fn id="d6462e2038a1310">
            <label>64</label>
            <p>
               <mixed-citation id="d6462e2045" publication-type="other">
Senate Hearing, supra note 17, at 248.</mixed-citation>
            </p>
         </fn>
         <fn id="d6462e2053a1310">
            <label>65</label>
            <p>
               <mixed-citation id="d6462e2060" publication-type="other">
Id. at 253 (statement of Senator John Kerry).</mixed-citation>
            </p>
         </fn>
         <fn id="d6462e2067a1310">
            <label>66</label>
            <p>
               <mixed-citation id="d6462e2074" publication-type="book">
28 U.S.C. § 1445 (1994).<source>28 U.s.c.</source>
                  <year>1994</year>
               </mixed-citation>
            </p>
         </fn>
         <fn id="d6462e2087a1310">
            <label>67</label>
            <p>
               <mixed-citation id="d6462e2094" publication-type="other">
The Violence Against Women Act of 1993: Hearings on H.R. 1133 Before the Sub-
comm. of Civil and Constitutional Rights, 139 CONG. REC. H10363 (daily ed. Nov. 20, 1993)</mixed-citation>
            </p>
            <p>
               <mixed-citation id="d6462e2103" publication-type="other">
Legal Defense and Education Fund on the Violence Against Women Act of 1993:
H.R. 1133</mixed-citation>
            </p>
         </fn>
         <fn id="d6462e2113a1310">
            <label>68</label>
            <p>
               <mixed-citation id="d6462e2120" publication-type="other">
Id.</mixed-citation>
            </p>
            <p>
               <mixed-citation id="d6462e2126" publication-type="other">
supra notes 10-22 and accompanying text</mixed-citation>
            </p>
         </fn>
         <fn id="d6462e2133a1310">
            <label>69</label>
            <p>
               <mixed-citation id="d6462e2140" publication-type="other">
supra note 67</mixed-citation>
            </p>
         </fn>
         <fn id="d6462e2147a1310">
            <label>70</label>
            <p>
               <mixed-citation id="d6462e2154" publication-type="other">
Letter from Mario M. Cuomo, Governor of the State of New York, to the New York
Legislature (Aug. 16, 1991).</mixed-citation>
            </p>
         </fn>
         <fn id="d6462e2165a1310">
            <label>71</label>
            <p>
               <mixed-citation id="d6462e2172" publication-type="book">
Letter from Robert Abrams, Attorney General of the State of New York, to New York
Senate Majority Leader Ralph Marino (Oct. 12, 1989).<source>Letter from Robert Abrams, Attorney General of the State of New York, to New York Senate Majority Leader Ralph Marino</source>
                  <year>1989</year>
               </mixed-citation>
            </p>
         </fn>
         <fn id="d6462e2188a1310">
            <label>72</label>
            <p>
               <mixed-citation id="d6462e2195" publication-type="book">
Larry Levinson, Florio Signs Bias Bill, UPI, Aug. 8, 1990<person-group>
                     <string-name>
                        <surname>Levinson</surname>
                     </string-name>
                  </person-group>
                  <source>Florio Signs Bias Bill</source>
                  <year>1990</year>
               </mixed-citation>
            </p>
            <p>
               <mixed-citation id="d6462e2216" publication-type="book">
LEXIS, Nexis
library, UPSTAT file<source>Nexis library</source>
               </mixed-citation>
            </p>
         </fn>
         <fn id="d6462e2229a1310">
            <label>73</label>
            <p>
               <mixed-citation id="d6462e2236" publication-type="other">
S. REP. NO. 21, 101st Cong., 1st Sess. 3 (1989)</mixed-citation>
            </p>
            <p>
               <mixed-citation id="d6462e2242" publication-type="journal">
James B. Jacobs &amp; Barry Eisler,
The Hate Crimes Statistics Act of 1990, 29 CRIM. LAW BULL. 99 (1993).<person-group>
                     <string-name>
                        <surname>Jacobs</surname>
                     </string-name>
                  </person-group>
                  <fpage>99</fpage>
                  <volume>29</volume>
                  <source>Crim. Law Bull.</source>
                  <year>1993</year>
               </mixed-citation>
            </p>
         </fn>
         <fn id="d6462e2274a1310">
            <label>74</label>
            <p>
               <mixed-citation id="d6462e2281" publication-type="other">
Anti-Defamation League, 1992 Audit of Anti-Semitic Incidents 24</mixed-citation>
            </p>
         </fn>
         <fn id="d6462e2288a1310">
            <label>75</label>
            <p>
               <mixed-citation id="d6462e2295" publication-type="other">
Id. at 27.</mixed-citation>
            </p>
         </fn>
         <fn id="d6462e2302a1310">
            <label>76</label>
            <p>
               <mixed-citation id="d6462e2309" publication-type="other">
Id.</mixed-citation>
            </p>
         </fn>
         <fn id="d6462e2317a1310">
            <label>77</label>
            <p>
               <mixed-citation id="d6462e2324" publication-type="other">
ADL Audit of Anti-Semitic Incidents for 1993, U.S. NEWSWIRE, Feb. 16, 1995.</mixed-citation>
            </p>
         </fn>
         <fn id="d6462e2331a1310">
            <label>78</label>
            <p>
               <mixed-citation id="d6462e2338" publication-type="other">
Id. at 28</mixed-citation>
            </p>
         </fn>
         <fn id="d6462e2345a1310">
            <label>79</label>
            <p>
               <mixed-citation id="d6462e2352" publication-type="book">
STEVEN CHERMAK, VICTIMS IN THE NEWS: CRIME AND THE AMERICAN NEWS MEDIA 54
(1995) (ranking hate crimes as the fourth most newsworthy crime).<person-group>
                     <string-name>
                        <surname>Chermak</surname>
                     </string-name>
                  </person-group>
                  <volume>54</volume>
                  <source>Victims in the News: Crime and the American News Media</source>
                  <year>1995</year>
               </mixed-citation>
            </p>
         </fn>
         <fn id="d6462e2381a1310">
            <label>80</label>
            <p>
               <mixed-citation id="d6462e2388" publication-type="other">
Telephone interview with Gail Gams, Anti-Defamation League (Sept. 28, 1993).</mixed-citation>
            </p>
         </fn>
         <fn id="d6462e2395a1310">
            <label>81</label>
            <p>
               <mixed-citation id="d6462e2402" publication-type="book">
Robert J. Kelly, Jess Maghan &amp; Woodrow Tennat, Hate
Crimes: Victimizing the Stigmatized, in BIAS CRIME, supra note 39, at 45-46<person-group>
                     <string-name>
                        <surname>Kelly</surname>
                     </string-name>
                  </person-group>
                  <comment content-type="section">Hate Crimes: Victimizing the Stigmatized</comment>
                  <fpage>45</fpage>
                  <source>BIAS Crime</source>
               </mixed-citation>
            </p>
         </fn>
         <fn id="d6462e2431a1310">
            <label>82</label>
            <p>
               <mixed-citation id="d6462e2438" publication-type="book">
KLANWATCH INTELLIGENCE REPORT, Feb. 1993, at 1.<fpage>1</fpage>
                  <source>Klanwatch Intelligence Report</source>
                  <year>1993</year>
               </mixed-citation>
            </p>
         </fn>
         <fn id="d6462e2455a1310">
            <label>83</label>
            <p>
               <mixed-citation id="d6462e2462" publication-type="book">
Id.  </mixed-citation>
            </p>
         </fn>
         <fn id="d6462e2471a1310">
            <label>84</label>
            <p>
               <mixed-citation id="d6462e2478" publication-type="book">
Id. at 2.  </mixed-citation>
            </p>
         </fn>
         <fn id="d6462e2487a1310">
            <label>85</label>
            <p>
               <mixed-citation id="d6462e2494" publication-type="other">
BUREAU OF JUST. STAT., U.S. DEP'T OF JUST., CRIMINAL VICTIMIZATION IN THE U.S.:
1992, at 22 tbl. 3</mixed-citation>
            </p>
            <p>
               <mixed-citation id="d6462e2503" publication-type="other">
Victimization Rates For Persons Age 12 and Over, By Type of Crime and
Sex of Victims (1992)</mixed-citation>
            </p>
         </fn>
         <fn id="d6462e2513a1310">
            <label>86</label>
            <p>
               <mixed-citation id="d6462e2520" publication-type="other">
Id. at 24 tbl. 6-Victimization Rates For Persons Age 12 and Over, By Type of Crime
and Race of Victims.</mixed-citation>
            </p>
         </fn>
         <fn id="d6462e2530a1310">
            <label>87</label>
            <p>
               <mixed-citation id="d6462e2537" publication-type="other">
UNIFORM CRIME REP.: 1990, supra note 53, at 122 tbl. 7-Number of Offenses Known
to the Police, Universities and College Campuses, 1990.</mixed-citation>
            </p>
         </fn>
         <fn id="d6462e2547a1310">
            <label>88</label>
            <p>
               <mixed-citation id="d6462e2554" publication-type="other">
Hate Crime Statistics Act, Pub. L. 100-275, 104 Stat. 140 (1990)</mixed-citation>
            </p>
            <p>
               <mixed-citation id="d6462e2560" publication-type="journal">
Jacobs &amp; Eisler, supra note 73  </mixed-citation>
            </p>
         </fn>
         <fn id="d6462e2570a1310">
            <label>89</label>
            <p>
               <mixed-citation id="d6462e2577" publication-type="other">
U.S. Dep't of Just., FBI Press Release, Jan. 1, 1993 [hereinafter FBI Press Release]</mixed-citation>
            </p>
         </fn>
         <fn id="d6462e2584a1310">
            <label>90</label>
            <p>
               <mixed-citation id="d6462e2591" publication-type="other">
Id.</mixed-citation>
            </p>
         </fn>
         <fn id="d6462e2598a1310">
            <label>91</label>
            <p>
               <mixed-citation id="d6462e2605" publication-type="other">
FED. BUREAU OF INVESTIGATION, U.S. DEP'T OF JUST., CRIME IN THE U.S.: 1991, UNI-
FORM CRIME REP., at 295 tbl. 74 (1992) [hereinafter UNIFORM CRIME REP.: 1991].</mixed-citation>
            </p>
         </fn>
         <fn id="d6462e2615a1310">
            <label>92</label>
            <p>
               <mixed-citation id="d6462e2622" publication-type="other">
FBI Press Release, supra note 89.</mixed-citation>
            </p>
         </fn>
         <fn id="d6462e2629a1310">
            <label>94</label>
            <p>
               <mixed-citation id="d6462e2636" publication-type="other">
FBI Press Release, supra note 89.</mixed-citation>
            </p>
         </fn>
         <fn id="d6462e2643a1310">
            <label>95</label>
            <p>
               <mixed-citation id="d6462e2650" publication-type="other">
Id</mixed-citation>
            </p>
            <p>
               <mixed-citation id="d6462e2656" publication-type="other">
Id</mixed-citation>
            </p>
         </fn>
         <fn id="d6462e2664a1310">
            <label>96</label>
            <p>
               <mixed-citation id="d6462e2671" publication-type="journal">
First-Time FBI Report Reveals Prevalence of Malice, Hous. CHRON., Jan. 11, 1993, at 12.<issue>Jan. 11</issue>
                  <fpage>12</fpage>
                  <source>Hous. Chron.</source>
                  <year>1993</year>
               </mixed-citation>
            </p>
         </fn>
         <fn id="d6462e2690a1310">
            <label>97</label>
            <p>
               <mixed-citation id="d6462e2697" publication-type="journal">
Monica Rhor &amp; Sabrina Walters, "A Meanness Afoot" Gives Push to Update Hate Crime
Laws, PHIL. INQ., Jan. 25, 1993, at S1.<person-group>
                     <string-name>
                        <surname>Rhor</surname>
                     </string-name>
                  </person-group>
                  <fpage>S1</fpage>
                  <volume>25</volume>
                  <source>Phil. Inq., Jan.</source>
                  <year>1993</year>
               </mixed-citation>
            </p>
         </fn>
         <fn id="d6462e2729a1310">
            <label>98</label>
            <p>
               <mixed-citation id="d6462e2736" publication-type="journal">
Dan Lovely &amp; Richard Vega, A Death in Coral Springs: We Came Here For Freedom... We
Live In Hell, USA TODAY, Jan. 10, 1993, at 4.<person-group>
                     <string-name>
                        <surname>Lovely</surname>
                     </string-name>
                  </person-group>
                  <issue>Jan. 10</issue>
                  <fpage>4</fpage>
                  <source>USA Today</source>
                  <year>1993</year>
               </mixed-citation>
            </p>
         </fn>
         <fn id="d6462e2768a1310">
            <label>99</label>
            <p>
               <mixed-citation id="d6462e2775" publication-type="book">
ANTI-VIOLENCE PROJECT: 1992 REPORT at 3 (on file with the author).<person-group>
                     <string-name>
                        <surname>Anti-Violence Project</surname>
                     </string-name>
                  </person-group>
                  <fpage>3</fpage>
                  <source>1992 Report</source>
               </mixed-citation>
            </p>
         </fn>
         <fn id="d6462e2797a1310">
            <label>100</label>
            <p>
               <mixed-citation id="d6462e2804" publication-type="other">
FBI Press Release, supra note 89.</mixed-citation>
            </p>
         </fn>
         <fn id="d6462e2811a1310">
            <label>102</label>
            <p>
               <mixed-citation id="d6462e2818" publication-type="book">
Klanwatch Director Dan Welch, Klanwatch Intelligence Report, Feb. 1993, at 5.<person-group>
                     <string-name>
                        <surname>Welch</surname>
                     </string-name>
                  </person-group>
                  <fpage>5</fpage>
                  <source>Klanwatch Director Dan Welch, Klanwatch Intelligence Report</source>
                  <year>1993</year>
               </mixed-citation>
            </p>
         </fn>
         <fn id="d6462e2844a1310">
            <label>103</label>
            <p>
               <mixed-citation id="d6462e2851" publication-type="other">
CRIM. JUST. INFORMATION SERVICES, UNIFORM CRIME REP., HATE CRIME-
1993 (June 1994)</mixed-citation>
            </p>
         </fn>
         <fn id="d6462e2861a1310">
            <label>104</label>
            <p>
               <mixed-citation id="d6462e2868" publication-type="book">
OTTO KLINEBERG, 12 PREJUDICE: THE CONCEPT, INTERNATIONAL ENCYCLOPEDIA OF THE
SOCIAL SCIENCES 444 (David L. Sills ed., 1968).<person-group>
                     <string-name>
                        <surname>Klineberg</surname>
                     </string-name>
                  </person-group>
                  <source>Prejudice: the Concept, International Encyclopedia of the Social Sciences 444</source>
                  <year>1968</year>
               </mixed-citation>
            </p>
         </fn>
         <fn id="d6462e2893a1310">
            <label>105</label>
            <p>
               <mixed-citation id="d6462e2900" publication-type="journal">
Charles R. Lawrence III, The Id, The Ego and Equal Protection: Reckoning
with Unconscious Racism, 39 STAN. L. REV. 317, 322 (1987)<object-id pub-id-type="doi">10.2307/1228797</object-id>
                  <fpage>317</fpage>
               </mixed-citation>
            </p>
         </fn>
         <fn id="d6462e2916a1310">
            <label>106</label>
            <p>
               <mixed-citation id="d6462e2923" publication-type="other">
FED. BUREAU OF INVESTIGATION, UNIFORM CRIME REP., HATE CRIME DATA COLLECTION
GUIDELINES 4 (1990).</mixed-citation>
            </p>
         </fn>
         <fn id="d6462e2933a1310">
            <label>107</label>
            <p>
               <mixed-citation id="d6462e2940" publication-type="other">
Id. at 5.</mixed-citation>
            </p>
         </fn>
         <fn id="d6462e2947a1310">
            <label>108</label>
            <p>
               <mixed-citation id="d6462e2954" publication-type="journal">
Susan Gellman,
Sticks and Stones Can Put You In Jail, But Can Words Increase Your Sentence? Constitutional and
Policy Dilemmas of Ethnic Intimidation Laws, 39 UCLA L. REV. 333 (1991)<person-group>
                     <string-name>
                        <surname>Gellman</surname>
                     </string-name>
                  </person-group>
                  <fpage>333</fpage>
                  <volume>39</volume>
                  <source>Ucla L. Rev.</source>
                  <year>1991</year>
               </mixed-citation>
            </p>
         </fn>
         <fn id="d6462e2990a1310">
            <label>109</label>
            <p>
               <mixed-citation id="d6462e2997" publication-type="other">
HATE
CRIME-1993, supra note 103, at 1</mixed-citation>
            </p>
         </fn>
         <fn id="d6462e3007a1310">
            <label>111</label>
            <p>
               <mixed-citation id="d6462e3016" publication-type="journal">
Jacobs &amp; Eisler, supra note 73, at 102  <fpage>102</fpage>
               </mixed-citation>
            </p>
            <p>
               <mixed-citation id="d6462e3027" publication-type="journal">
Joseph M. Fernandez, Recent Developments,
Bringing Hate Crime Into Focus, 26 HARV. C.R.-C.L. L. REV. 261, 276-281 (1991)<person-group>
                     <string-name>
                        <surname>Fernandez</surname>
                     </string-name>
                  </person-group>
                  <fpage>261</fpage>
                  <volume>26</volume>
                  <source>Harv. C.R.-C.L. L. Rev.</source>
                  <year>1991</year>
               </mixed-citation>
            </p>
            <p>
               <mixed-citation id="d6462e3059" publication-type="journal">
Hate Crime Bill: Justice Dies in a Desk Drawer, ARIZ. REPUBLIC, Feb. 16, 1995, at
B6<issue>Feb. 16</issue>
                  <fpage>B6</fpage>
                  <source>Ariz. Republic</source>
                  <year>1995</year>
               </mixed-citation>
            </p>
            <p>
               <mixed-citation id="d6462e3081" publication-type="journal">
Id  </mixed-citation>
            </p>
         </fn>
         <fn id="d6462e3090a1310">
            <label>112</label>
            <p>
               <mixed-citation id="d6462e3097" publication-type="journal">
Jacobs, ANN. SERV. AM. L., supra note 62, at 544-45<person-group>
                     <string-name>
                        <surname>Jacobs</surname>
                     </string-name>
                  </person-group>
                  <fpage>544</fpage>
                  <source>Ann. Serv. Am. L.</source>
               </mixed-citation>
            </p>
         </fn>
         <fn id="d6462e3119a1310">
            <label>114</label>
            <p>
               <mixed-citation id="d6462e3126" publication-type="journal">
Jacobs &amp; Eisler, supra note 73, at 102-105  <fpage>102</fpage>
               </mixed-citation>
            </p>
         </fn>
         <fn id="d6462e3138a1310">
            <label>115</label>
            <p>
               <mixed-citation id="d6462e3145" publication-type="other">
FED. BUREAU OF INVESTIGATION, UNIFORM CRIME REP., HATE CRIME DATA COLLECTION
GUIDELINES 1 (1991).</mixed-citation>
            </p>
         </fn>
         <fn id="d6462e3155a1310">
            <label>117</label>
            <p>
               <mixed-citation id="d6462e3162" publication-type="journal">
JACOBS, CRIM. JUST. ETHICS, supra note 36, at 55<person-group>
                     <string-name>
                        <surname>Jacobs</surname>
                     </string-name>
                  </person-group>
                  <fpage>55</fpage>
                  <source>Crim. Just. Ethics</source>
               </mixed-citation>
            </p>
         </fn>
         <fn id="d6462e3185a1310">
            <label>118</label>
            <p>
               <mixed-citation id="d6462e3192" publication-type="other">
AUDIT OF ANTI-SEMETIC INCIDENTS, Anti-Defamation League, at 19, app. A (1994)</mixed-citation>
            </p>
         </fn>
         <fn id="d6462e3199a1310">
            <label>119</label>
            <p>
               <mixed-citation id="d6462e3206" publication-type="journal">
Ronald Smothers, Hate Groups Seen Growing as Neo-Nazis Draw Young, N.Y. TIMES, Feb.
19, 1992, at A14.<person-group>
                     <string-name>
                        <surname>Smothers</surname>
                     </string-name>
                  </person-group>
                  <issue>Feb. 19</issue>
                  <fpage>A14</fpage>
                  <source>N.Y. Times</source>
                  <year>1992</year>
               </mixed-citation>
            </p>
         </fn>
         <fn id="d6462e3238a1310">
            <label>120</label>
            <p>
               <mixed-citation id="d6462e3245" publication-type="journal">
Jacob Sullum, How Perilous are Hate Crimes?, SACRAMENTO BEE, Dec. 6, 1992, at F1.<person-group>
                     <string-name>
                        <surname>Sullum</surname>
                     </string-name>
                  </person-group>
                  <issue>Dec. 6</issue>
                  <fpage>F1</fpage>
                  <source>Sacramento Bee</source>
                  <year>1992</year>
               </mixed-citation>
            </p>
         </fn>
         <fn id="d6462e3274a1310">
            <label>121</label>
            <p>
               <mixed-citation id="d6462e3281" publication-type="other">
UNIFORM CRIME REP.: 1991, supra note 91, at 5.</mixed-citation>
            </p>
         </fn>
         <fn id="d6462e3288a1310">
            <label>122</label>
            <p>
               <mixed-citation id="d6462e3295" publication-type="conference">
Racially Motivated Violence, Hearings Before the Subcommittee on Criminal Justice of the
House Committee on the Judiciary, 100th Congr., 2d Sess. 14 (1988)<volume>14</volume>
                  <source>Racially Motivated Violence, Hearings Before the Subcommittee on Criminal Justice of the House Committee on the Judiciary</source>
                  <year>1988</year>
               </mixed-citation>
            </p>
         </fn>
         <fn id="d6462e3314a1310">
            <label>123</label>
            <p>
               <mixed-citation id="d6462e3321" publication-type="book">
RICHARD BERNSTEIN, DICTATORSHIP OF VIRTUE: HOW THE BATTLE OVER MULTICUL-
TURALISM IS RESHAPING OUR SCHOOLS, OUR COUNTRY, OUR LIVES 199 (1995) (quoting state-
ment of John Slaughter, President of Occidental College).<person-group>
                     <string-name>
                        <surname>Bernstein</surname>
                     </string-name>
                  </person-group>
                  <source>Dictatorship Of Virtue: How the Battle over Multiculturalism is Reshaping Our Schools, Our Country, Our Lives 199</source>
                  <year>1995</year>
               </mixed-citation>
            </p>
         </fn>
         <fn id="d6462e3351a1310">
            <label>124</label>
            <p>
               <mixed-citation id="d6462e3358" publication-type="book">
ANGIE DEBO, HISTORY OF THE INDIANS OF THE UNITED STATES (1972).<person-group>
                     <string-name>
                        <surname>Debo</surname>
                     </string-name>
                  </person-group>
                  <source>History of the Indians of the United States</source>
                  <year>1972</year>
               </mixed-citation>
            </p>
         </fn>
         <fn id="d6462e3380a1310">
            <label>125</label>
            <p>
               <mixed-citation id="d6462e3387" publication-type="book">
LEWIS H. CARLSON &amp; GEORGE A. COLBURN, IN THEIR PLACE: WHITE AMERICA DEFINES
HER MINORITIES, 1850-1950, at 24 (1972).<person-group>
                     <string-name>
                        <surname>Carlson</surname>
                     </string-name>
                  </person-group>
                  <volume>24</volume>
                  <source>Their Place: White America Defines her Minorities, 1850-1950</source>
                  <year>1972</year>
               </mixed-citation>
            </p>
         </fn>
         <fn id="d6462e3416a1310">
            <label>126</label>
            <p>
               <mixed-citation id="d6462e3423" publication-type="book">
WALTER T. HOWARD, LYNCHINGS: EXTRA-LEGAL VIOLENCE IN FLORIDA DURING THE
1930s, at 17 (1995).<person-group>
                     <string-name>
                        <surname>Howard</surname>
                     </string-name>
                  </person-group>
                  <volume>17</volume>
                  <source>Lynchings: Extra-Legal Violence in Florida During the 1930s</source>
                  <year>1995</year>
               </mixed-citation>
            </p>
         </fn>
         <fn id="d6462e3452a1310">
            <label>127</label>
            <p>
               <mixed-citation id="d6462e3459" publication-type="conference">
CLAUDINE L. FERRELL, NIGHTMARE &amp; DREAM: ANTI-LYNCHING IN CONGRESS 1917-1922,
at 92 (1986).<person-group>
                     <string-name>
                        <surname>Ferrell</surname>
                     </string-name>
                  </person-group>
                  <volume>92</volume>
                  <source>Anti-Lynching in Congress 1917-1922</source>
                  <year>1986</year>
               </mixed-citation>
            </p>
         </fn>
         <fn id="d6462e3488a1310">
            <label>128</label>
            <p>
               <mixed-citation id="d6462e3495" publication-type="book">
HOWARD, supra note 126, at 18.  <fpage>18</fpage>
               </mixed-citation>
            </p>
         </fn>
         <fn id="d6462e3507a1310">
            <label>129</label>
            <p>
               <mixed-citation id="d6462e3514" publication-type="book">
Id.  </mixed-citation>
            </p>
         </fn>
         <fn id="d6462e3524a1310">
            <label>130</label>
            <p>
               <mixed-citation id="d6462e3531" publication-type="conference">
FERRELL, supra note 127, at 91.  <fpage>91</fpage>
               </mixed-citation>
            </p>
         </fn>
         <fn id="d6462e3543a1310">
            <label>131</label>
            <p>
               <mixed-citation id="d6462e3550" publication-type="book">
EVERETTE SWINNEY, SUPPRESSING THE KU KLUX KLAN: THE ENFORCEMENT OF THE RE-
CONSTRUCTION AMENDMENTS 1870-1877, at 145 (1987).<person-group>
                     <string-name>
                        <surname>Swinney</surname>
                     </string-name>
                  </person-group>
                  <volume>145</volume>
                  <source>Suppressing The Ku Klux Klan: The Enforcement of The Reconstruction Amendments 1870-1877</source>
                  <year>1987</year>
               </mixed-citation>
            </p>
         </fn>
         <fn id="d6462e3579a1310">
            <label>132</label>
            <p>
               <mixed-citation id="d6462e3586" publication-type="book">
DAVID M. CHALMERS, HOODED AMERICANISM: THE HISTORY OF THE Ku KLUX KLAN 14
(1987).<person-group>
                     <string-name>
                        <surname>Chalmers</surname>
                     </string-name>
                  </person-group>
                  <volume>14</volume>
                  <source>Hooded Americanism: The History of the Ku Klux Klan</source>
                  <year>1987</year>
               </mixed-citation>
            </p>
         </fn>
         <fn id="d6462e3615a1310">
            <label>133</label>
            <p>
               <mixed-citation id="d6462e3622" publication-type="conference">
FERRELL, supra note 127, at 92.  <fpage>92</fpage>
               </mixed-citation>
            </p>
         </fn>
         <fn id="d6462e3634a1310">
            <label>134</label>
            <p>
               <mixed-citation id="d6462e3641" publication-type="book">
CHALMERS, supra note 132, at 14.  <fpage>14</fpage>
               </mixed-citation>
            </p>
         </fn>
         <fn id="d6462e3653a1310">
            <label>135</label>
            <p>
               <mixed-citation id="d6462e3660" publication-type="book">
Anti-Defamation League, Hate Groups in America: A Record of Bigotry and Violence
(1988).<source>Anti-Defamation League, Hate Groups in America: A Record of Bigotry and Violence</source>
                  <year>1988</year>
               </mixed-citation>
            </p>
         </fn>
         <fn id="d6462e3677a1310">
            <label>136</label>
            <p>
               <mixed-citation id="d6462e3684" publication-type="book">
Id. at 110-111.  <fpage>110</fpage>
               </mixed-citation>
            </p>
         </fn>
         <fn id="d6462e3696a1310">
            <label>137</label>
            <p>
               <mixed-citation id="d6462e3703" publication-type="book">
DAVID H. BENNETT, THE PARTY OF FEAR: THE AMERICAN FAR RIGHT FROM NATIVISM TO
THE MILITIA MOVEMENT 37-39 (1995).<person-group>
                     <string-name>
                        <surname>Bennett</surname>
                     </string-name>
                  </person-group>
                  <volume>37</volume>
                  <source>The Party of Fear: The American Far Right from Nativism to the Militia Movement</source>
                  <year>1995</year>
               </mixed-citation>
            </p>
         </fn>
         <fn id="d6462e3732a1310">
            <label>138</label>
            <p>
               <mixed-citation id="d6462e3739" publication-type="book">
Id. at 56.  <fpage>56</fpage>
               </mixed-citation>
            </p>
         </fn>
         <fn id="d6462e3751a1310">
            <label>139</label>
            <p>
               <mixed-citation id="d6462e3758" publication-type="book">
CARLSON &amp; COLBURN, supra note 125, at 279.  <fpage>279</fpage>
               </mixed-citation>
            </p>
         </fn>
         <fn id="d6462e3770a1310">
            <label>140</label>
            <p>
               <mixed-citation id="d6462e3777" publication-type="book">
Id. at 269.  <fpage>269</fpage>
               </mixed-citation>
            </p>
         </fn>
         <fn id="d6462e3789a1310">
            <label>141</label>
            <p>
               <mixed-citation id="d6462e3796" publication-type="journal">
Abramovsky, supra note 47, at 913.  <fpage>913</fpage>
               </mixed-citation>
            </p>
         </fn>
         <fn id="d6462e3809a1310">
            <label>142</label>
            <p>
               <mixed-citation id="d6462e3816" publication-type="journal">
James B. Jacobs, Should Hate Be a Crime?, 113 PUB. INTEREST 3 (1993).<person-group>
                     <string-name>
                        <surname>Jacobs</surname>
                     </string-name>
                  </person-group>
                  <volume>113</volume>
                  <source>Pub. Interest</source>
                  <year>1993</year>
               </mixed-citation>
            </p>
         </fn>
      </fn-group>
   </back>
</article>
