<article xmlns:xsi="http://www.w3.org/2001/XMLSchema-instance"
         xmlns:xlink="http://www.w3.org/1999/xlink"
         xmlns:mml="http://www.w3.org/1998/Math/MathML"
         dtd-version="1.0"
         article-type="research-article">
   <front>
      <journal-meta>
         <journal-id journal-id-type="jstor">jcrimlawcrim1973</journal-id>
         <journal-id journal-id-type="jstor">j100481</journal-id>
         <journal-title-group>
            <journal-title>The Journal of Criminal Law and Criminology (1973-)</journal-title>
         </journal-title-group>
         <publisher>
            <publisher-name>Northwestern University School of Law</publisher-name>
         </publisher>
         <issn pub-type="ppub">00914169</issn>
      </journal-meta>
      <article-meta>
         <article-id pub-id-type="doi">10.2307/1144023</article-id>
         <article-categories>
            <subj-group>
               <subject>Comment</subject>
            </subj-group>
         </article-categories>
         <title-group>
            <article-title>Copyrights, Criminal Sanctions and Economic Rents: Applying the Rent Seeking Model to the Criminal Law Formulation Process</article-title>
         </title-group>
         <contrib-group>
            <contrib contrib-type="author">
               <string-name>
                  <given-names>Lanier</given-names>
                  <surname>Saperstein</surname>
               </string-name>
            </contrib>
         </contrib-group>
         <pub-date>
            <day>1</day>
            <month>7</month>
            <year>1997</year>
         </pub-date>
         <volume>87</volume>
         <issue>4</issue>
         <issue-id>i247869</issue-id>
         <fpage>1470</fpage>
         <lpage>1510</lpage>
         <page-range>1470-1510</page-range>
         <permissions>
            <copyright-statement>Copyright 1997 Northwestern University, School of Law</copyright-statement>
         </permissions>
         <self-uri xlink:href="http://www.jstor.org/stable/1144023"/>
         <custom-meta-group>
            <custom-meta>
               <meta-name>lang</meta-name>
               <meta-value>eng</meta-value>
            </custom-meta>
         </custom-meta-group>
      </article-meta>
   </front>
   <back>
      <fn-group>
         <title>[Footnotes]</title>
         <fn id="d3715e123a1310">
            <label>1</label>
            <p>
               <mixed-citation id="d3715e130" publication-type="book">
William F. Shughart II, Public-Choice Theory and Antitrust Policy, in THE CAUSES AND CONSE-
QUENCES OF ANTITRUST: THE PUBLIC-CHOICE PERSPECTIVE 10 (Fred S. McChesney &amp; William
F. Shughart II eds., 1995).<person-group>
                     <string-name>
                        <surname>Shughart</surname>
                     </string-name>
                  </person-group>
                  <volume>10</volume>
                  <source>The Causes and Consequences of Antitrust: The Public-Choice Perspective</source>
                  <year>1995</year>
               </mixed-citation>
            </p>
         </fn>
         <fn id="d3715e162a1310">
            <label>2</label>
            <p>
               <mixed-citation id="d3715e169" publication-type="journal">
Gordon Tul-
lock, The Welfare Costs of Tariffs, Monopolies and Theft, 5 WESTERN ECON.J. 224 (1967)<person-group>
                     <string-name>
                        <surname>Tullock</surname>
                     </string-name>
                  </person-group>
                  <fpage>224</fpage>
                  <volume>5</volume>
                  <source>Western Econ. J.</source>
                  <year>1967</year>
               </mixed-citation>
            </p>
            <p>
               <mixed-citation id="d3715e200" publication-type="journal">
Anne O. Krueger, The Political Economy of the Rent Seeking Society, 64 AM. ECON. REV. 291
(1974)<object-id pub-id-type="jstor">10.2307/1808883</object-id>
                  <fpage>291</fpage>
               </mixed-citation>
            </p>
            <p>
               <mixed-citation id="d3715e215" publication-type="other">
MUELLER, supra note 1, at 229.</mixed-citation>
            </p>
            <p>
               <mixed-citation id="d3715e222" publication-type="other">
infra Part III</mixed-citation>
            </p>
         </fn>
         <fn id="d3715e229a1310">
            <label>3</label>
            <p>
               <mixed-citation id="d3715e236" publication-type="journal">
Gary S. Becker &amp; George J. Stigler, Law Enforcement, Malfeasance, and Compensation
of Enforcers, 3(1) J. LEGAL STUD. 1 (1974)<object-id pub-id-type="jstor">10.2307/724119</object-id>
                  <fpage>1</fpage>
               </mixed-citation>
            </p>
            <p>
               <mixed-citation id="d3715e251" publication-type="journal">
Gary S. Becker, Crime and Punishment: An Economic
Approach, 76J. POL. ECON. 169 (1968)<object-id pub-id-type="jstor">10.2307/1830482</object-id>
                  <fpage>169</fpage>
               </mixed-citation>
            </p>
         </fn>
         <fn id="d3715e267a1310">
            <label>4</label>
            <p>
               <mixed-citation id="d3715e274" publication-type="book">
GORDON TULLOCK, THE ECO-
NOMICS OF SPECIAL PRIVILEGE AND RENT SEEKING (1989)<person-group>
                     <string-name>
                        <surname>Tullock</surname>
                     </string-name>
                  </person-group>
                  <source>The Economics of Special Privilege and Rent Seeking</source>
                  <year>1989</year>
               </mixed-citation>
            </p>
            <p>
               <mixed-citation id="d3715e298" publication-type="book">
TOWARD A THEORY OF THE RENT-
SEEKING SOCIETY (ames M. Buchanan &amp; Robert D. Tollison eds., 1980)<source>Toward A Theory of the Rentseeking Society</source>
                  <year>1980</year>
               </mixed-citation>
            </p>
         </fn>
         <fn id="d3715e315a1310">
            <label>5</label>
            <p>
               <mixed-citation id="d3715e322" publication-type="book">
MANCUR OLSON, THE LOGIC OF
COLLECTIVE ACTION 14 (1965)<person-group>
                     <string-name>
                        <surname>Olson</surname>
                     </string-name>
                  </person-group>
                  <volume>14</volume>
                  <source>The Logic of Collective Action</source>
                  <year>1965</year>
               </mixed-citation>
            </p>
            <p>
               <mixed-citation id="d3715e350" publication-type="journal">
Paul Samuel-
son, The Pure Theory of Public Expenditure, 36 REV. OF ECON. &amp; STAT. 387, 389 (1954)<object-id pub-id-type="doi">10.2307/1925895</object-id>
                  <fpage>387</fpage>
               </mixed-citation>
            </p>
            <p>
               <mixed-citation id="d3715e365" publication-type="book">
JOSEPH E. STIGLITZ, THE ECONOMICS OF THE PUBLIC SECTOR
121-23 (1986).<person-group>
                     <string-name>
                        <surname>Stiglitz</surname>
                     </string-name>
                  </person-group>
                  <fpage>121</fpage>
                  <source>The Economics of the Public Sector</source>
                  <year>1986</year>
               </mixed-citation>
            </p>
         </fn>
         <fn id="d3715e394a1310">
            <label>6</label>
            <p>
               <mixed-citation id="d3715e401" publication-type="other">
infra Part II</mixed-citation>
            </p>
            <p>
               <mixed-citation id="d3715e407" publication-type="other">
Dowling v. United States, 473 U.S. 207, 221-27 (1985)</mixed-citation>
            </p>
            <p>
               <mixed-citation id="d3715e413" publication-type="journal">
Mary Jane Saunders, Criminal Copyright Infringement and the Copy-
right Felony Act, 71 DENV. U. L. REV. 671 (1994)<person-group>
                     <string-name>
                        <surname>Saunders</surname>
                     </string-name>
                  </person-group>
                  <fpage>671</fpage>
                  <volume>71</volume>
                  <source>Denv. U. L. Rev.</source>
                  <year>1994</year>
               </mixed-citation>
            </p>
            <p>
               <mixed-citation id="d3715e445" publication-type="conference">
Carl H. Loewenson, Jr. &amp; Marta E. Nelson,
Congress Toughens Criminal Copyright Law, N.Y.L.J., Nov. 13, 1992, at 1<person-group>
                     <string-name>
                        <surname>Loewenson</surname>
                     </string-name>
                  </person-group>
                  <comment content-type="section">Congress Toughens Criminal Copyright Law</comment>
                  <fpage>1</fpage>
                  <source>N.Y.L.J.</source>
                  <year>1992</year>
               </mixed-citation>
            </p>
         </fn>
         <fn id="d3715e477a1310">
            <label>7</label>
            <p>
               <mixed-citation id="d3715e484" publication-type="other">
infra Part II</mixed-citation>
            </p>
         </fn>
         <fn id="d3715e491a1310">
            <label>8</label>
            <p>
               <mixed-citation id="d3715e498" publication-type="other">
infra notes 73-
80 and accompanying text</mixed-citation>
            </p>
         </fn>
         <fn id="d3715e508a1310">
            <label>9</label>
            <p>
               <mixed-citation id="d3715e515" publication-type="book">
ROBERT COOTER &amp; THOMAS ULEN, LAW AND ECONOMICS 135
(1988)<person-group>
                     <string-name>
                        <surname>Cooter</surname>
                     </string-name>
                  </person-group>
                  <fpage>135</fpage>
                  <source>Law and Economics</source>
                  <year>1988</year>
               </mixed-citation>
            </p>
            <p>
               <mixed-citation id="d3715e543" publication-type="book">
Id.  </mixed-citation>
            </p>
            <p>
               <mixed-citation id="d3715e551" publication-type="journal">
S.J. Leibowitz, Copyright Law, Photocopying
and Price Discrimination, 8 RES. LAW &amp; ECON. 181, 184 (1986).<person-group>
                     <string-name>
                        <surname>Leibowitz</surname>
                     </string-name>
                  </person-group>
                  <fpage>181</fpage>
                  <volume>8</volume>
                  <source>Res. Law &amp; Econ.</source>
                  <year>1986</year>
               </mixed-citation>
            </p>
            <p>
               <mixed-citation id="d3715e583" publication-type="journal">
William W. Fisher III,
Reconstructing the Fair Use Doctrine, 101 HARV. L. REV. 1659, 1702-03 (1988)<person-group>
                     <string-name>
                        <surname>Fisher</surname>
                     </string-name>
                  </person-group>
                  <fpage>1702</fpage>
                  <volume>101</volume>
                  <source>Harv. L. Rev.</source>
                  <year>1988</year>
               </mixed-citation>
            </p>
            <p>
               <mixed-citation id="d3715e614" publication-type="journal">
Kenneth W. Dam, Some Economic Considerations in
the Intellectual Property Protection of Software, 24J. LEGAL STUD. 321, 335-37 (1995)<object-id pub-id-type="jstor">10.2307/724614</object-id>
                  <fpage>321</fpage>
               </mixed-citation>
            </p>
            <p>
               <mixed-citation id="d3715e629" publication-type="journal">
Id. at 337  <fpage>337</fpage>
               </mixed-citation>
            </p>
            <p>
               <mixed-citation id="d3715e640" publication-type="journal">
Kenneth W. Dam, The Economic Underpin-
nings of Patent Law, 23 J. LEGAL STUD. 247, 250 (1994)<object-id pub-id-type="jstor">10.2307/724309</object-id>
                  <fpage>247</fpage>
               </mixed-citation>
            </p>
         </fn>
         <fn id="d3715e656a1310">
            <label>10</label>
            <p>
               <mixed-citation id="d3715e663" publication-type="journal">
George J. Stigler, The Theory of Economic Regulation, 2 BELLJ. ECON. 3 (1971)<object-id pub-id-type="doi">10.2307/3003160</object-id>
                  <fpage>3</fpage>
               </mixed-citation>
            </p>
         </fn>
         <fn id="d3715e677a1310">
            <label>12</label>
            <p>
               <mixed-citation id="d3715e684" publication-type="book">
1
MELVILLE B. NIMMER, NIMMER ON COPYRIGHT, OV-3 (1995)<person-group>
                     <string-name>
                        <surname>Nimmer</surname>
                     </string-name>
                  </person-group>
                  <volume>3</volume>
                  <source>Nimmer on Copyright</source>
                  <year>1995</year>
               </mixed-citation>
            </p>
            <p>
               <mixed-citation id="d3715e712" publication-type="journal">
Bernard A. Grossman, Cycles in Copyright, 22
N.Y.L. SCH. L. REV. 653, 658-66 (1977)<person-group>
                     <string-name>
                        <surname>Grossman</surname>
                     </string-name>
                  </person-group>
                  <fpage>653</fpage>
                  <volume>22</volume>
                  <source>N.Y.L. Sch. L. Rev.</source>
                  <year>1977</year>
               </mixed-citation>
            </p>
         </fn>
         <fn id="d3715e744a1310">
            <label>13</label>
            <p>
               <mixed-citation id="d3715e751" publication-type="other">
Act of Jan. 6, 1897, 29 Stat. 481</mixed-citation>
            </p>
            <p>
               <mixed-citation id="d3715e757" publication-type="other">
supra note 12, at App. 7-92
[21]</mixed-citation>
            </p>
         </fn>
         <fn id="d3715e767a1310">
            <label>14</label>
            <p>
               <mixed-citation id="d3715e774" publication-type="other">
Id.</mixed-citation>
            </p>
         </fn>
         <fn id="d3715e781a1310">
            <label>15</label>
            <p>
               <mixed-citation id="d3715e788" publication-type="journal">
Saunders, supra note 6, at 673.  <fpage>673</fpage>
               </mixed-citation>
            </p>
         </fn>
         <fn id="d3715e800a1310">
            <label>16</label>
            <p>
               <mixed-citation id="d3715e807" publication-type="journal">
Id.  </mixed-citation>
            </p>
         </fn>
         <fn id="d3715e816a1310">
            <label>17</label>
            <p>
               <mixed-citation id="d3715e823" publication-type="other">
Act of Mar. 4, 1909, 35 Stat. 1075</mixed-citation>
            </p>
            <p>
               <mixed-citation id="d3715e829" publication-type="other">
supra note 12, at App. 6-1.
The Copyright Act of 1909</mixed-citation>
            </p>
            <p>
               <mixed-citation id="d3715e838" publication-type="other">
Id., v.1, at OV-1</mixed-citation>
            </p>
         </fn>
         <fn id="d3715e846a1310">
            <label>18</label>
            <p>
               <mixed-citation id="d3715e853" publication-type="journal">
Jessica D. Litman, Copyright Legislation and Technological Change, 68 OR. L. REV.
275, 278 (1989)<person-group>
                     <string-name>
                        <surname>Litman</surname>
                     </string-name>
                  </person-group>
                  <fpage>275</fpage>
                  <volume>68</volume>
                  <source>Or. L. Rev.</source>
                  <year>1989</year>
               </mixed-citation>
            </p>
         </fn>
         <fn id="d3715e885a1310">
            <label>19</label>
            <p>
               <mixed-citation id="d3715e892" publication-type="journal">
Id. at 284.  <fpage>284</fpage>
               </mixed-citation>
            </p>
         </fn>
         <fn id="d3715e904a1310">
            <label>20</label>
            <p>
               <mixed-citation id="d3715e911" publication-type="journal">
Id.  </mixed-citation>
            </p>
         </fn>
         <fn id="d3715e920a1310">
            <label>21</label>
            <p>
               <mixed-citation id="d3715e927" publication-type="journal">
Id. at 286.  <fpage>286</fpage>
               </mixed-citation>
            </p>
            <p>
               <mixed-citation id="d3715e938" publication-type="journal">
Id.  </mixed-citation>
            </p>
         </fn>
         <fn id="d3715e947a1310">
            <label>22</label>
            <p>
               <mixed-citation id="d3715e954" publication-type="journal">
Id. at 287.  <fpage>287</fpage>
               </mixed-citation>
            </p>
         </fn>
         <fn id="d3715e966a1310">
            <label>23</label>
            <p>
               <mixed-citation id="d3715e973" publication-type="journal">
Saunders, supra note 6, at 673.  <fpage>673</fpage>
               </mixed-citation>
            </p>
            <p>
               <mixed-citation id="d3715e984" publication-type="other">
Dowling v. United States, 473 U.S. 207, 221
n.14 (1985)</mixed-citation>
            </p>
         </fn>
         <fn id="d3715e995a1310">
            <label>24</label>
            <p>
               <mixed-citation id="d3715e1002" publication-type="other">
Copyright Act of Mar. 4, 1909, § 28, 54 Stat. 1075 (codified and amended as § 104)</mixed-citation>
            </p>
            <p>
               <mixed-citation id="d3715e1008" publication-type="other">
supra note 12, at App. 6-36</mixed-citation>
            </p>
         </fn>
         <fn id="d3715e1015a1310">
            <label>25</label>
            <p>
               <mixed-citation id="d3715e1022" publication-type="other">
H.R. REP. No. 487, 92d Cong., at 2 (1971)</mixed-citation>
            </p>
            <p>
               <mixed-citation id="d3715e1028" publication-type="other">
1971 U.S.C.C.A.N. 1566, 1567</mixed-citation>
            </p>
         </fn>
         <fn id="d3715e1035a1310">
            <label>26</label>
            <p>
               <mixed-citation id="d3715e1042" publication-type="other">
Id.</mixed-citation>
            </p>
         </fn>
         <fn id="d3715e1049a1310">
            <label>27</label>
            <p>
               <mixed-citation id="d3715e1056" publication-type="other">
Saunders, supra note 6, at 674 (citing Act of Oct. 15, 1971, Pub. L. 92-140, 85 Stat.
391).</mixed-citation>
            </p>
         </fn>
         <fn id="d3715e1066a1310">
            <label>28</label>
            <p>
               <mixed-citation id="d3715e1073" publication-type="other">
H.R. REP. No. 1476, 94th Cong., at 47 (1976)</mixed-citation>
            </p>
            <p>
               <mixed-citation id="d3715e1079" publication-type="other">
1976 U.S.C.C.A.N. 5659</mixed-citation>
            </p>
         </fn>
         <fn id="d3715e1086a1310">
            <label>29</label>
            <p>
               <mixed-citation id="d3715e1093" publication-type="other">
Id.</mixed-citation>
            </p>
         </fn>
         <fn id="d3715e1101a1310">
            <label>30</label>
            <p>
               <mixed-citation id="d3715e1108" publication-type="other">
Id.</mixed-citation>
            </p>
         </fn>
         <fn id="d3715e1115a1310">
            <label>31</label>
            <p>
               <mixed-citation id="d3715e1122" publication-type="other">
Id.</mixed-citation>
            </p>
         </fn>
         <fn id="d3715e1129a1310">
            <label>32</label>
            <p>
               <mixed-citation id="d3715e1136" publication-type="other">
Id.</mixed-citation>
            </p>
            <p>
               <mixed-citation id="d3715e1142" publication-type="other">
Copyright Law Revision: Hearings on S. 1006 Before the Subcomm. on Patents, Trademarks and
Copyrights of the Senate Comm. on the Judiciary, 89th Cong. 66 (1965).</mixed-citation>
            </p>
         </fn>
         <fn id="d3715e1152a1310">
            <label>33</label>
            <p>
               <mixed-citation id="d3715e1159" publication-type="other">
Copyright Act of 1976, Pub. L. No. 94-553, 90 Stat. 2541 (codified at 17 U.S.C.
§§ 101-1101)</mixed-citation>
            </p>
            <p>
               <mixed-citation id="d3715e1168" publication-type="other">
supra note 12, at App. 2-1</mixed-citation>
            </p>
         </fn>
         <fn id="d3715e1175a1310">
            <label>34</label>
            <p>
               <mixed-citation id="d3715e1182" publication-type="other">
Copy-
right Act of 1976</mixed-citation>
            </p>
            <p>
               <mixed-citation id="d3715e1191" publication-type="journal">
Jessica D. Litman, Copyright, Compromise and Legislative History, 72
CORNELL L. REV. 857 (1987)<person-group>
                     <string-name>
                        <surname>Litman</surname>
                     </string-name>
                  </person-group>
                  <fpage>857</fpage>
                  <volume>72</volume>
                  <source>Cornell L. Rev.</source>
                  <year>1987</year>
               </mixed-citation>
            </p>
            <p>
               <mixed-citation id="d3715e1222" publication-type="journal">
Id. at 862.  <fpage>862</fpage>
               </mixed-citation>
            </p>
            <p>
               <mixed-citation id="d3715e1234" publication-type="other">
Mills Music, Inc. v. Snyder, 469 U.S. 153, 159-61 (1985)</mixed-citation>
            </p>
            <p>
               <mixed-citation id="d3715e1240" publication-type="other">
Sony Corp. v.
Universal City Studios, Inc., 464 U.S. 417, 462-63 n.9 (1984)</mixed-citation>
            </p>
         </fn>
         <fn id="d3715e1250a1310">
            <label>35</label>
            <p>
               <mixed-citation id="d3715e1257" publication-type="journal">
Litman, supra note 34, at 865.  <fpage>865</fpage>
               </mixed-citation>
            </p>
         </fn>
         <fn id="d3715e1270a1310">
            <label>36</label>
            <p>
               <mixed-citation id="d3715e1277" publication-type="journal">
Id. at 861-62.  <fpage>861</fpage>
               </mixed-citation>
            </p>
            <p>
               <mixed-citation id="d3715e1288" publication-type="journal">
Litman, Copyright Legislation, supra note 18, at 281  <fpage>281</fpage>
               </mixed-citation>
            </p>
            <p>
               <mixed-citation id="d3715e1299" publication-type="journal">
Id. at 281.  <fpage>281</fpage>
               </mixed-citation>
            </p>
            <p>
               <mixed-citation id="d3715e1311" publication-type="journal">
Barbara Ringer, First Thoughts On The Copyright Act of 1976, 22 N.Y.L. SCH.
L. REV. 477, 482 (1977)<person-group>
                     <string-name>
                        <surname>Ringer</surname>
                     </string-name>
                  </person-group>
                  <fpage>477</fpage>
                  <volume>22</volume>
                  <source>N.Y.L. Sch. L. Rev.</source>
                  <year>1977</year>
               </mixed-citation>
            </p>
         </fn>
         <fn id="d3715e1343a1310">
            <label>37</label>
            <p>
               <mixed-citation id="d3715e1350" publication-type="journal">
Litman, supra note 34, at 860-61.  <fpage>860</fpage>
               </mixed-citation>
            </p>
         </fn>
         <fn id="d3715e1362a1310">
            <label>38</label>
            <p>
               <mixed-citation id="d3715e1369" publication-type="journal">
Id. at 861.  <fpage>861</fpage>
               </mixed-citation>
            </p>
         </fn>
         <fn id="d3715e1381a1310">
            <label>39</label>
            <p>
               <mixed-citation id="d3715e1388" publication-type="journal">
Id. at 873.  <fpage>873</fpage>
               </mixed-citation>
            </p>
         </fn>
         <fn id="d3715e1400a1310">
            <label>40</label>
            <p>
               <mixed-citation id="d3715e1407" publication-type="journal">
Id. at 880.  <fpage>880</fpage>
               </mixed-citation>
            </p>
            <p>
               <mixed-citation id="d3715e1418" publication-type="journal">
Id. at 880  <fpage>880</fpage>
               </mixed-citation>
            </p>
            <p>
               <mixed-citation id="d3715e1429" publication-type="journal">
William Landes &amp; Richard Posner, The Independent Judiciary in an Interest-
Group Perspective, 18 J.L. &amp; ECON. 875 (1975)<person-group>
                     <string-name>
                        <surname>Landes</surname>
                     </string-name>
                  </person-group>
                  <fpage>875</fpage>
                  <volume>18</volume>
                  <source>J.L. &amp; Econ.</source>
                  <year>1975</year>
               </mixed-citation>
            </p>
            <p>
               <mixed-citation id="d3715e1461" publication-type="other">
1976 Copyright Act. Id. at 881</mixed-citation>
            </p>
            <p>
               <mixed-citation id="d3715e1467" publication-type="other">
Id.</mixed-citation>
            </p>
            <p>
               <mixed-citation id="d3715e1473" publication-type="other">
infra Part III</mixed-citation>
            </p>
            <p>
               <mixed-citation id="d3715e1479" publication-type="journal">
Gary S. Becker, Public Policies,
Pressure Groups, and Deadweight Costs, 28 J. PUB. ECON. 329 (1985)<person-group>
                     <string-name>
                        <surname>Becker</surname>
                     </string-name>
                  </person-group>
                  <fpage>329</fpage>
                  <volume>28</volume>
                  <source>J. Pub. Econ.</source>
                  <year>1985</year>
               </mixed-citation>
            </p>
            <p>
               <mixed-citation id="d3715e1510" publication-type="book">
GEORGE STIG-
LER, CHICAGO STUDIES IN POLITICAL ECONOMY 85 (1988)<person-group>
                     <string-name>
                        <surname>Stigler</surname>
                     </string-name>
                  </person-group>
                  <volume>85</volume>
                  <source>Chicago Studies in Political Economy</source>
                  <year>1988</year>
               </mixed-citation>
            </p>
            <p>
               <mixed-citation id="d3715e1538" publication-type="journal">
Sam Peltzman, Toward a More
General Theory of Regulation, 19 J.L. &amp; ECON. 211 (1976)<person-group>
                     <string-name>
                        <surname>Peltzman</surname>
                     </string-name>
                  </person-group>
                  <fpage>211</fpage>
                  <volume>19</volume>
                  <source>J.L. &amp; Econ.</source>
                  <year>1976</year>
               </mixed-citation>
            </p>
            <p>
               <mixed-citation id="d3715e1570" publication-type="other">
supra, at 234</mixed-citation>
            </p>
         </fn>
         <fn id="d3715e1577a1310">
            <label>41</label>
            <p>
               <mixed-citation id="d3715e1584" publication-type="conference">
Copyright Law Revision: Hearings on H.R. 2223 Before the House Subcomm. on Courts, Civil
Liberties, and the Administration of Justice, 94th Cong., at 716 (1975)<comment content-type="section">Copyright Law Revision: Hearings on H.R. 2223 Before the House Subcomm. on Courts, Civil Liberties, and the Administration of Justice</comment>
                  <fpage>716</fpage>
                  <source>94th Cong.</source>
                  <year>1975</year>
               </mixed-citation>
            </p>
            <p>
               <mixed-citation id="d3715e1606" publication-type="other">
S. REP. No. 94-437 at 146 (1975)</mixed-citation>
            </p>
         </fn>
         <fn id="d3715e1614a1310">
            <label>42</label>
            <p>
               <mixed-citation id="d3715e1621" publication-type="journal">
Saunders, supra note 6, at 674.  <fpage>674</fpage>
               </mixed-citation>
            </p>
         </fn>
         <fn id="d3715e1633a1310">
            <label>43</label>
            <p>
               <mixed-citation id="d3715e1640" publication-type="other">
17 U.S.C. § 506(a) (1978)</mixed-citation>
            </p>
            <p>
               <mixed-citation id="d3715e1646" publication-type="other">
United
States v. Cross, 816 F.2d 297, 301 (7th Cir. 1987)</mixed-citation>
            </p>
         </fn>
         <fn id="d3715e1656a1310">
            <label>44</label>
            <p>
               <mixed-citation id="d3715e1663" publication-type="other">
17 U.S.C. § 506(a) (1978).</mixed-citation>
            </p>
         </fn>
         <fn id="d3715e1670a1310">
            <label>45</label>
            <p>
               <mixed-citation id="d3715e1677" publication-type="other">
17 U.S.C. § 106 (1978).</mixed-citation>
            </p>
         </fn>
         <fn id="d3715e1684a1310">
            <label>46</label>
            <p>
               <mixed-citation id="d3715e1691" publication-type="other">
18 U.S.C. § 2319(b)(1)(c) (1988)</mixed-citation>
            </p>
            <p>
               <mixed-citation id="d3715e1697" publication-type="other">
18 U.S.C. § 2319 (Supp. IV 1992)</mixed-citation>
            </p>
         </fn>
         <fn id="d3715e1704a1310">
            <label>47</label>
            <p>
               <mixed-citation id="d3715e1711" publication-type="journal">
Saunders, supra note 6, at 675 (citing 17 U.S.C. § 506(b) (1978))  <fpage>675</fpage>
               </mixed-citation>
            </p>
            <p>
               <mixed-citation id="d3715e1722" publication-type="other">
Sony Corp.
of America v. Universal City Studios, Inc., 464 U.S. 417, 434 n.15 (1984)</mixed-citation>
            </p>
         </fn>
         <fn id="d3715e1733a1310">
            <label>48</label>
            <p>
               <mixed-citation id="d3715e1740" publication-type="journal">
Saunders, supra note 6, at 675.  <fpage>675</fpage>
               </mixed-citation>
            </p>
         </fn>
         <fn id="d3715e1752a1310">
            <label>49</label>
            <p>
               <mixed-citation id="d3715e1759" publication-type="conference">
Hearings on Reform of Federal Criminal Laws Before the Senate Comm. on the Judiciary,
96th Cong., at 10694 (1979)<comment content-type="section">Hearings on Reform of Federal Criminal Laws Before the Senate Comm. on the Judiciary</comment>
                  <fpage>10694</fpage>
                  <source>96th Cong.</source>
                  <year>1979</year>
               </mixed-citation>
            </p>
            <p>
               <mixed-citation id="d3715e1781" publication-type="conference">
Id. at 10697  <fpage>10697</fpage>
               </mixed-citation>
            </p>
         </fn>
         <fn id="d3715e1793a1310">
            <label>50</label>
            <p>
               <mixed-citation id="d3715e1800" publication-type="conference">
Hearings on the Piracy and Counterfeiting Amendments Act of 1981 (S. 691) Before the Senate
Subcomm. on Criminal Law, 97th Cong., at 27 (1981) (joint statement of the MPAA and
RIAA).<comment content-type="section">Hearings on the Piracy and Counterfeiting Amendments Act of 1981 (S. 691) Before the Senate Subcomm. on Criminal Law</comment>
                  <fpage>27</fpage>
                  <source>97th Cong.</source>
                  <year>1981</year>
               </mixed-citation>
            </p>
         </fn>
         <fn id="d3715e1826a1310">
            <label>51</label>
            <p>
               <mixed-citation id="d3715e1833" publication-type="conference">
Id.  </mixed-citation>
            </p>
         </fn>
         <fn id="d3715e1842a1310">
            <label>52</label>
            <p>
               <mixed-citation id="d3715e1849" publication-type="conference">
Id.  </mixed-citation>
            </p>
         </fn>
         <fn id="d3715e1858a1310">
            <label>53</label>
            <p>
               <mixed-citation id="d3715e1865" publication-type="other">
Act of May 24, 1982, Pub. L. No. 97-180, 97th Cong., 96 Stat. 91.</mixed-citation>
            </p>
         </fn>
         <fn id="d3715e1873a1310">
            <label>54</label>
            <p>
               <mixed-citation id="d3715e1880" publication-type="journal">
Saunders, supra note 6, at 676.  <fpage>676</fpage>
               </mixed-citation>
            </p>
         </fn>
         <fn id="d3715e1892a1310">
            <label>55</label>
            <p>
               <mixed-citation id="d3715e1899" publication-type="journal">
Id.  </mixed-citation>
            </p>
         </fn>
         <fn id="d3715e1908a1310">
            <label>56</label>
            <p>
               <mixed-citation id="d3715e1915" publication-type="other">
18 U.S.C. § 2319(b)(1) (1988)</mixed-citation>
            </p>
            <p>
               <mixed-citation id="d3715e1921" publication-type="other">
17 U.S.C. § 506(a)</mixed-citation>
            </p>
            <p>
               <mixed-citation id="d3715e1927" publication-type="other">
Act of May 24, 1982 (Pub. L. 97-180)</mixed-citation>
            </p>
         </fn>
         <fn id="d3715e1934a1310">
            <label>57</label>
            <p>
               <mixed-citation id="d3715e1941" publication-type="other">
18 U.S.C. § 2319(b) (2) (1988)</mixed-citation>
            </p>
            <p>
               <mixed-citation id="d3715e1947" publication-type="other">
17 U.S.C. § 506(a)</mixed-citation>
            </p>
            <p>
               <mixed-citation id="d3715e1953" publication-type="other">
Act of May 24, 1982 (Pub. L. 97-180)</mixed-citation>
            </p>
         </fn>
         <fn id="d3715e1960a1310">
            <label>58</label>
            <p>
               <mixed-citation id="d3715e1967" publication-type="other">
18 U.S.C. § 2319(b)(3) (1988)</mixed-citation>
            </p>
            <p>
               <mixed-citation id="d3715e1973" publication-type="other">
17 U.S.C. § 506(a)</mixed-citation>
            </p>
            <p>
               <mixed-citation id="d3715e1979" publication-type="other">
Act of May 24, 1982 (Pub. L. 97-180)</mixed-citation>
            </p>
         </fn>
         <fn id="d3715e1986a1310">
            <label>59</label>
            <p>
               <mixed-citation id="d3715e1993" publication-type="conference">
Criminal Sanctions for Violations of Software Copyright: Hearings on S.893 Before the
Subcomm. on Intellectual Property and Judicial Admin. of the House Comm. on the Judiciary, 102d
Cong. 27 (1992)<comment content-type="section">Criminal Sanctions for Violations of Software Copyright: Hearings on S.893 Before the Subcomm</comment>
                  <volume>27</volume>
                  <source>Intellectual Property and Judicial Admin. of the House Comm. on the Judiciary, 102d Cong.</source>
                  <year>1992</year>
               </mixed-citation>
            </p>
         </fn>
         <fn id="d3715e2020a1310">
            <label>60</label>
            <p>
               <mixed-citation id="d3715e2027" publication-type="conference">
Id. at 26.  <fpage>26</fpage>
               </mixed-citation>
            </p>
         </fn>
         <fn id="d3715e2039a1310">
            <label>61</label>
            <p>
               <mixed-citation id="d3715e2046" publication-type="conference">
Id.  </mixed-citation>
            </p>
         </fn>
         <fn id="d3715e2055a1310">
            <label>62</label>
            <p>
               <mixed-citation id="d3715e2062" publication-type="journal">
Saunders, supra note 6, at 679.  <fpage>679</fpage>
               </mixed-citation>
            </p>
         </fn>
         <fn id="d3715e2074a1310">
            <label>63</label>
            <p>
               <mixed-citation id="d3715e2081" publication-type="conference">
Criminal Sanctions for Violations of Software Copyright, supra note 59, at 26-34  <fpage>26</fpage>
               </mixed-citation>
            </p>
         </fn>
         <fn id="d3715e2093a1310">
            <label>64</label>
            <p>
               <mixed-citation id="d3715e2100" publication-type="journal">
Saunders, supra note 6, at 679.  <fpage>679</fpage>
               </mixed-citation>
            </p>
         </fn>
         <fn id="d3715e2112a1310">
            <label>65</label>
            <p>
               <mixed-citation id="d3715e2119" publication-type="journal">
Id.  </mixed-citation>
            </p>
         </fn>
         <fn id="d3715e2129a1310">
            <label>66</label>
            <p>
               <mixed-citation id="d3715e2136" publication-type="journal">
Id.  </mixed-citation>
            </p>
         </fn>
         <fn id="d3715e2145a1310">
            <label>67</label>
            <p>
               <mixed-citation id="d3715e2152" publication-type="journal">
Id.  </mixed-citation>
            </p>
         </fn>
         <fn id="d3715e2161a1310">
            <label>68</label>
            <p>
               <mixed-citation id="d3715e2168" publication-type="conference">
Criminal Sanctions for Violations of Software Copyright, supra note 59  </mixed-citation>
            </p>
         </fn>
         <fn id="d3715e2177a1310">
            <label>69</label>
            <p>
               <mixed-citation id="d3715e2186" publication-type="conference">
Id.  </mixed-citation>
            </p>
            <p>
               <mixed-citation id="d3715e2194" publication-type="book">
MICROSOFR PRESS COMPUTER DICTIONARY 300 (1st ed. 1991)<edition>1</edition>
                  <volume>300</volume>
                  <source>Microsofr Press Computer Dictionary</source>
                  <year>1991</year>
               </mixed-citation>
            </p>
            <p>
               <mixed-citation id="d3715e2213" publication-type="journal">
Lawrence D. Graham
&amp; Richard O. Zerbe, Jr., Economically Efficient Treatment of Computer Software: Reverse Engineer-
ing, Protection, and Disclosure, 22 RUTGERS COMPUTER &amp; TECH. L.J. 61, 63 n.3 (1996)<person-group>
                     <string-name>
                        <surname>Graham</surname>
                     </string-name>
                  </person-group>
                  <issue>3</issue>
                  <fpage>61</fpage>
                  <volume>22</volume>
                  <source>Rutgers Computer &amp; Tech. L.J.</source>
                  <year>1996</year>
               </mixed-citation>
            </p>
         </fn>
         <fn id="d3715e2251a1310">
            <label>70</label>
            <p>
               <mixed-citation id="d3715e2258" publication-type="other">
H.R. REP. No. 102-997, 102d Cong., at 4 (1992)</mixed-citation>
            </p>
            <p>
               <mixed-citation id="d3715e2264" publication-type="other">
1992 U.S.C.C.A.N.
3569</mixed-citation>
            </p>
         </fn>
         <fn id="d3715e2274a1310">
            <label>71</label>
            <p>
               <mixed-citation id="d3715e2281" publication-type="other">
Id.</mixed-citation>
            </p>
         </fn>
         <fn id="d3715e2289a1310">
            <label>72</label>
            <p>
               <mixed-citation id="d3715e2296" publication-type="other">
Id.</mixed-citation>
            </p>
         </fn>
         <fn id="d3715e2303a1310">
            <label>73</label>
            <p>
               <mixed-citation id="d3715e2310" publication-type="other">
17 U.S.C. § 506(a) (1988 &amp; Supp. V 1995)</mixed-citation>
            </p>
            <p>
               <mixed-citation id="d3715e2316" publication-type="other">
17 U.S.C. § 506(c)-(d) (1988 &amp; Supp. V 1995).</mixed-citation>
            </p>
         </fn>
         <fn id="d3715e2323a1310">
            <label>74</label>
            <p>
               <mixed-citation id="d3715e2330" publication-type="other">
18 U.S.C. § 2319(b)(1) (1994).</mixed-citation>
            </p>
         </fn>
         <fn id="d3715e2337a1310">
            <label>75</label>
            <p>
               <mixed-citation id="d3715e2344" publication-type="other">
18 U.S.C. § 357(b)-(c) (1988 &amp; Supp. V 1995).</mixed-citation>
            </p>
         </fn>
         <fn id="d3715e2351a1310">
            <label>76</label>
            <p>
               <mixed-citation id="d3715e2358" publication-type="other">
Id. § 357(d).</mixed-citation>
            </p>
         </fn>
         <fn id="d3715e2365a1310">
            <label>77</label>
            <p>
               <mixed-citation id="d3715e2372" publication-type="other">
18 U.S.C. § 2319(b)(1) (1994).</mixed-citation>
            </p>
         </fn>
         <fn id="d3715e2380a1310">
            <label>78</label>
            <p>
               <mixed-citation id="d3715e2387" publication-type="other">
Id. § 2319(b) (2).</mixed-citation>
            </p>
         </fn>
         <fn id="d3715e2394a1310">
            <label>79</label>
            <p>
               <mixed-citation id="d3715e2401" publication-type="other">
Id. § 2319(b) (3).</mixed-citation>
            </p>
         </fn>
         <fn id="d3715e2408a1310">
            <label>80</label>
            <p>
               <mixed-citation id="d3715e2415" publication-type="other">
17 U.S.C. § 506(b) (1994).</mixed-citation>
            </p>
         </fn>
         <fn id="d3715e2422a1310">
            <label>81</label>
            <p>
               <mixed-citation id="d3715e2429" publication-type="journal">
Litman, supra note 34, at 881.  <fpage>881</fpage>
               </mixed-citation>
            </p>
         </fn>
         <fn id="d3715e2441a1310">
            <label>82</label>
            <p>
               <mixed-citation id="d3715e2448" publication-type="book">
James M. Buchanan, Rent Seeking and Profit Seeking, in TOWARD A THEORY OF THE
RENT-SEEKING SOCIETY, supra note 4, at 5.<person-group>
                     <string-name>
                        <surname>Buchanan</surname>
                     </string-name>
                  </person-group>
                  <comment content-type="section">Rent Seeking and Profit Seeking</comment>
                  <fpage>5</fpage>
                  <source>Toward A Theory of the Rent-Seeking Society</source>
               </mixed-citation>
            </p>
         </fn>
         <fn id="d3715e2477a1310">
            <label>83</label>
            <p>
               <mixed-citation id="d3715e2484" publication-type="book">
Id.  </mixed-citation>
            </p>
         </fn>
         <fn id="d3715e2494a1310">
            <label>84</label>
            <p>
               <mixed-citation id="d3715e2501" publication-type="book">
Id.  </mixed-citation>
            </p>
         </fn>
         <fn id="d3715e2510a1310">
            <label>85</label>
            <p>
               <mixed-citation id="d3715e2517" publication-type="other">
infra notes 95-107 and accom-
panying text</mixed-citation>
            </p>
            <p>
               <mixed-citation id="d3715e2526" publication-type="book">
GRAHAM BANNOCK ET AL., THE PENGUIN DICTIONARY OF ECONOMICS
345 (5th ed. 1992)<person-group>
                     <string-name>
                        <surname>Bannock</surname>
                     </string-name>
                  </person-group>
                  <edition>5</edition>
                  <volume>345</volume>
                  <source>The Penguin Dictionary of Economics</source>
                  <year>1992</year>
               </mixed-citation>
            </p>
         </fn>
         <fn id="d3715e2558a1310">
            <label>86</label>
            <p>
               <mixed-citation id="d3715e2565" publication-type="book">
Buchanan, supra note 82, at 5.  <fpage>5</fpage>
               </mixed-citation>
            </p>
         </fn>
         <fn id="d3715e2577a1310">
            <label>87</label>
            <p>
               <mixed-citation id="d3715e2584" publication-type="book">
Id.  </mixed-citation>
            </p>
         </fn>
         <fn id="d3715e2593a1310">
            <label>88</label>
            <p>
               <mixed-citation id="d3715e2600" publication-type="book">
Id.  </mixed-citation>
            </p>
         </fn>
         <fn id="d3715e2609a1310">
            <label>89</label>
            <p>
               <mixed-citation id="d3715e2616" publication-type="book">
BANNOCK ET AL., supra note 85, at 355.  <fpage>355</fpage>
               </mixed-citation>
            </p>
            <p>
               <mixed-citation id="d3715e2627" publication-type="journal">
Benjamin Klein et al., Vertical Integration, Appropriable Rents, and
the Competitive Contracting Process, 21 J.L. &amp; ECON. 297 (1978)<person-group>
                     <string-name>
                        <surname>Klein</surname>
                     </string-name>
                  </person-group>
                  <fpage>297</fpage>
                  <volume>21</volume>
                  <source>J.L. &amp; Econ.</source>
                  <year>1978</year>
               </mixed-citation>
            </p>
         </fn>
         <fn id="d3715e2660a1310">
            <label>90</label>
            <p>
               <mixed-citation id="d3715e2667" publication-type="book">
Buchanan, supra note 82, at 5.  <fpage>5</fpage>
               </mixed-citation>
            </p>
         </fn>
         <fn id="d3715e2679a1310">
            <label>91</label>
            <p>
               <mixed-citation id="d3715e2686" publication-type="book">
Id. at 7.  <fpage>7</fpage>
               </mixed-citation>
            </p>
         </fn>
         <fn id="d3715e2698a1310">
            <label>92</label>
            <p>
               <mixed-citation id="d3715e2705" publication-type="book">
Id.  </mixed-citation>
            </p>
         </fn>
         <fn id="d3715e2714a1310">
            <label>93</label>
            <p>
               <mixed-citation id="d3715e2721" publication-type="book">
Id.  </mixed-citation>
            </p>
         </fn>
         <fn id="d3715e2730a1310">
            <label>94</label>
            <p>
               <mixed-citation id="d3715e2737" publication-type="book">
Id.  </mixed-citation>
            </p>
         </fn>
         <fn id="d3715e2746a1310">
            <label>95</label>
            <p>
               <mixed-citation id="d3715e2753" publication-type="book">
Richard A. Posner, The Social Costs of Monopoly and Regula-
tion, in TOWARD A THEORY OF THE RENT-SEEKING SOCIETY, supra note 4, at 72  <fpage>72</fpage>
               </mixed-citation>
            </p>
         </fn>
         <fn id="d3715e2769a1310">
            <label>96</label>
            <p>
               <mixed-citation id="d3715e2778" publication-type="book">
BANNOCK ET AL., supra note 85, at 84-85.  <fpage>84</fpage>
               </mixed-citation>
            </p>
            <p>
               <mixed-citation id="d3715e2789" publication-type="book">
Id. at 343.  <fpage>343</fpage>
               </mixed-citation>
            </p>
         </fn>
         <fn id="d3715e2801a1310">
            <label>97</label>
            <p>
               <mixed-citation id="d3715e2808" publication-type="journal">
A.C. Harberger, Using the Resources at Hand More Effectively, 49 AM. ECON. REV. 134
(1959) (examining the welfare impact of tariffs).<object-id pub-id-type="jstor">10.2307/1816109</object-id>
                  <fpage>134</fpage>
               </mixed-citation>
            </p>
         </fn>
         <fn id="d3715e2824a1310">
            <label>98</label>
            <p>
               <mixed-citation id="d3715e2831" publication-type="journal">
Tullock, Welfare Costs, supra note 2.  </mixed-citation>
            </p>
            <p>
               <mixed-citation id="d3715e2839" publication-type="journal">
Krueger, supra note 2  </mixed-citation>
            </p>
            <p>
               <mixed-citation id="d3715e2847" publication-type="book">
Posner, supra
note 95, at 71  <fpage>71</fpage>
               </mixed-citation>
            </p>
         </fn>
         <fn id="d3715e2862a1310">
            <label>99</label>
            <p>
               <mixed-citation id="d3715e2869" publication-type="book">
BANNOCK ET AL.,
supra note 85, at 130-31.  <fpage>130</fpage>
               </mixed-citation>
            </p>
         </fn>
         <fn id="d3715e2884a1310">
            <label>100</label>
            <p>
               <mixed-citation id="d3715e2891" publication-type="journal">
Harold
Demsetz, Why Regulate Utilities?, 11 J.L. &amp; ECON. 55 (1968).<person-group>
                     <string-name>
                        <surname>Demsetz</surname>
                     </string-name>
                  </person-group>
                  <fpage>55</fpage>
                  <volume>11</volume>
                  <source>J.L. &amp; Econ.</source>
                  <year>1968</year>
               </mixed-citation>
            </p>
         </fn>
         <fn id="d3715e2923a1310">
            <label>101</label>
            <p>
               <mixed-citation id="d3715e2930" publication-type="book">
WILLIAM J. BAUMOL ET AL., CONTESTABLE MARKETS AND THE THEORY OF INDUSTRY
STRUCTURE (1982)<person-group>
                     <string-name>
                        <surname>Baumol</surname>
                     </string-name>
                  </person-group>
                  <source>Contestable Markets and the Theory of Industry Structure</source>
                  <year>1982</year>
               </mixed-citation>
            </p>
            <p>
               <mixed-citation id="d3715e2954" publication-type="journal">
Elizabeth E. Bailey &amp; William J. Baumol, Deregulation and the Theory of
Contestable Markets, 1 YALE J. ON REG. 111 (1984)<person-group>
                     <string-name>
                        <surname>Bailey</surname>
                     </string-name>
                  </person-group>
                  <fpage>111</fpage>
                  <volume>1</volume>
                  <source>Yale J. on Reg.</source>
                  <year>1984</year>
               </mixed-citation>
            </p>
         </fn>
         <fn id="d3715e2987a1310">
            <label>102</label>
            <p>
               <mixed-citation id="d3715e2994" publication-type="book">
DAVID D. FRIEDMAN, PRICE THEORY: AN INTER-
MEDIATE TEXT 160 (2d ed. 1990).<person-group>
                     <string-name>
                        <surname>Friedman</surname>
                     </string-name>
                  </person-group>
                  <edition>2</edition>
                  <volume>160</volume>
                  <source>Price Theory: An Intermediate Text</source>
                  <year>1990</year>
               </mixed-citation>
            </p>
         </fn>
         <fn id="d3715e3026a1310">
            <label>103</label>
            <p>
               <mixed-citation id="d3715e3033" publication-type="journal">
Peltzman, supra note 40.  </mixed-citation>
            </p>
         </fn>
         <fn id="d3715e3042a1310">
            <label>104</label>
            <p>
               <mixed-citation id="d3715e3051" publication-type="book">
WILLIAM F. SHUGHART II, THE ORGANIZATION OF INDUSTRY 226 n.1 (1990).<person-group>
                     <string-name>
                        <surname>Shughart</surname>
                     </string-name>
                  </person-group>
                  <fpage>226</fpage>
                  <source>The Organization of Industry</source>
                  <year>1990</year>
               </mixed-citation>
            </p>
            <p>
               <mixed-citation id="d3715e3075" publication-type="journal">
Ian
Ayres &amp; John Braithwaite, Partial-Industry Regulation: A Monopsony Standard for Consumer Pro-
tection, 80 CAL. L. REV. 13, 38-43 (1992)<object-id pub-id-type="doi">10.2307/3480815</object-id>
                  <fpage>38</fpage>
               </mixed-citation>
            </p>
         </fn>
         <fn id="d3715e3094a1310">
            <label>105</label>
            <p>
               <mixed-citation id="d3715e3101" publication-type="other">
infra note 131 and accompanying
text</mixed-citation>
            </p>
         </fn>
         <fn id="d3715e3111a1310">
            <label>106</label>
            <p>
               <mixed-citation id="d3715e3118" publication-type="journal">
Ayres &amp; Braithwaite, supra note 104, at 38-39  <fpage>38</fpage>
               </mixed-citation>
            </p>
            <p>
               <mixed-citation id="d3715e3129" publication-type="journal">
Ian Ayres, How Cartels Punish: A Structural Theory of Self-Enforcing Collusion, 87 COLUM.
L. REV. 295, 314-16 (1987)<object-id pub-id-type="doi">10.2307/1122562</object-id>
                  <fpage>295</fpage>
               </mixed-citation>
            </p>
         </fn>
         <fn id="d3715e3145a1310">
            <label>107</label>
            <p>
               <mixed-citation id="d3715e3152" publication-type="book">
Gordon Tullock, The Cost of Special Privilege, in PERSPECTIVES ON POSITIVE POLITICAL
ECONOMY 199 (James E. Alt &amp; Kenneth A. Shepsle eds., 1984).<person-group>
                     <string-name>
                        <surname>Tullock</surname>
                     </string-name>
                  </person-group>
                  <comment content-type="section">The Cost of Special Privilege</comment>
                  <fpage>199</fpage>
                  <source>Perspectives on Positive Political Economy</source>
                  <year>1984</year>
               </mixed-citation>
            </p>
         </fn>
         <fn id="d3715e3185a1310">
            <label>108</label>
            <p>
               <mixed-citation id="d3715e3192" publication-type="other">
supra note 96 and accompanying text</mixed-citation>
            </p>
         </fn>
         <fn id="d3715e3199a1310">
            <label>109</label>
            <p>
               <mixed-citation id="d3715e3206" publication-type="book">
Patrick Dunleavy, Dep't of Gov't, London School of Eco-
nomics &amp; Political Science (Dec. 1, 1993)<person-group>
                     <string-name>
                        <surname>Dunleavy</surname>
                     </string-name>
                  </person-group>
                  <source>Dep't of Gov't, London School of Economics &amp; Political Science</source>
                  <year>1993</year>
               </mixed-citation>
            </p>
            <p>
               <mixed-citation id="d3715e3230" publication-type="book">
PATRICK DUNLEAVY,
DEMOCRACY, BUREAUCRACY AND PUBLIC CHOICE: ECONOMIC EXPLANATIONS IN POLITICAL SCI-
ENCE 36-78 (1991)<person-group>
                     <string-name>
                        <surname>Dunleavy</surname>
                     </string-name>
                  </person-group>
                  <fpage>36</fpage>
                  <source>Bureaucracy and Public Choice: Economic Explanations in Political Science</source>
                  <year>1991</year>
               </mixed-citation>
            </p>
         </fn>
         <fn id="d3715e3262a1310">
            <label>110</label>
            <p>
               <mixed-citation id="d3715e3269" publication-type="journal">
Yoram Barzel, Optimal Timing of Innovations, 50 Rev. Econ. &amp; Stat. 348 (1968).<object-id pub-id-type="doi">10.2307/1937928</object-id>
                  <fpage>348</fpage>
               </mixed-citation>
            </p>
            <p>
               <mixed-citation id="d3715e3281" publication-type="journal">
Terry L. Anderson &amp; Peter J. Hill, The Race for Property Rights, 33 J.L. &amp;
ECON. 177 (1990)<person-group>
                     <string-name>
                        <surname>Anderson</surname>
                     </string-name>
                  </person-group>
                  <fpage>177</fpage>
                  <volume>33</volume>
                  <source>J.L. &amp; Econ.</source>
                  <year>1990</year>
               </mixed-citation>
            </p>
            <p>
               <mixed-citation id="d3715e3312" publication-type="journal">
David D. Haddock, First Possession Versus Optimal Timing: Limiting the
Dissipation of Economic Value, 64 WASH. U. L.Q. 775 (1986)<person-group>
                     <string-name>
                        <surname>Haddock</surname>
                     </string-name>
                  </person-group>
                  <fpage>775</fpage>
                  <volume>64</volume>
                  <source>Wash. U. L.Q.</source>
                  <year>1986</year>
               </mixed-citation>
            </p>
         </fn>
         <fn id="d3715e3344a1310">
            <label>111</label>
            <p>
               <mixed-citation id="d3715e3351" publication-type="journal">
Barzel, supra note 110, at 351.  <fpage>351</fpage>
               </mixed-citation>
            </p>
         </fn>
         <fn id="d3715e3363a1310">
            <label>112</label>
            <p>
               <mixed-citation id="d3715e3370" publication-type="journal">
Id.  </mixed-citation>
            </p>
         </fn>
         <fn id="d3715e3379a1310">
            <label>113</label>
            <p>
               <mixed-citation id="d3715e3386" publication-type="journal">
Id.  </mixed-citation>
            </p>
         </fn>
         <fn id="d3715e3396a1310">
            <label>114</label>
            <p>
               <mixed-citation id="d3715e3403" publication-type="journal">
Id.  </mixed-citation>
            </p>
         </fn>
         <fn id="d3715e3412a1310">
            <label>115</label>
            <p>
               <mixed-citation id="d3715e3419" publication-type="journal">
Id.  </mixed-citation>
            </p>
         </fn>
         <fn id="d3715e3428a1310">
            <label>116</label>
            <p>
               <mixed-citation id="d3715e3435" publication-type="journal">
Id.  </mixed-citation>
            </p>
         </fn>
         <fn id="d3715e3444a1310">
            <label>117</label>
            <p>
               <mixed-citation id="d3715e3451" publication-type="journal">
James Gleick, Making Microsoft Safe for Capitalism, N.Y. TIMES, Nov. 5, 1995
(Magazine), at 50<person-group>
                     <string-name>
                        <surname>Gleick</surname>
                     </string-name>
                  </person-group>
                  <issue>Nov. 5</issue>
                  <fpage>50</fpage>
                  <source>N.Y. Times</source>
                  <year>1995</year>
               </mixed-citation>
            </p>
         </fn>
         <fn id="d3715e3483a1310">
            <label>118</label>
            <p>
               <mixed-citation id="d3715e3490" publication-type="journal">
Tullock, Welfare Costs, supra note 2, at 225.  <fpage>225</fpage>
               </mixed-citation>
            </p>
         </fn>
         <fn id="d3715e3502a1310">
            <label>119</label>
            <p>
               <mixed-citation id="d3715e3509" publication-type="book">
Buchanan, supra note 82, at 8.  <fpage>8</fpage>
               </mixed-citation>
            </p>
         </fn>
         <fn id="d3715e3522a1310">
            <label>120</label>
            <p>
               <mixed-citation id="d3715e3529" publication-type="book">
TOWARD A THEORY OF THE RENT-SEEKING SOCIETY, supra note 4, at 9.  <fpage>9</fpage>
               </mixed-citation>
            </p>
         </fn>
         <fn id="d3715e3541a1310">
            <label>121</label>
            <p>
               <mixed-citation id="d3715e3548" publication-type="book">
Id.  </mixed-citation>
            </p>
         </fn>
         <fn id="d3715e3557a1310">
            <label>122</label>
            <p>
               <mixed-citation id="d3715e3564" publication-type="book">
Id.  </mixed-citation>
            </p>
         </fn>
         <fn id="d3715e3573a1310">
            <label>123</label>
            <p>
               <mixed-citation id="d3715e3580" publication-type="book">
Id.  </mixed-citation>
            </p>
         </fn>
         <fn id="d3715e3589a1310">
            <label>124</label>
            <p>
               <mixed-citation id="d3715e3596" publication-type="other">
infra Part IV.A</mixed-citation>
            </p>
         </fn>
         <fn id="d3715e3603a1310">
            <label>125</label>
            <p>
               <mixed-citation id="d3715e3610" publication-type="other">
infra Part IV. B</mixed-citation>
            </p>
         </fn>
         <fn id="d3715e3618a1310">
            <label>126</label>
            <p>
               <mixed-citation id="d3715e3625" publication-type="journal">
Haddock, supra note 110, at 777-78  <fpage>777</fpage>
               </mixed-citation>
            </p>
            <p>
               <mixed-citation id="d3715e3636" publication-type="journal">
Anderson &amp; Hill, supra note 110, at 177  <fpage>177</fpage>
               </mixed-citation>
            </p>
         </fn>
         <fn id="d3715e3648a1310">
            <label>127</label>
            <p>
               <mixed-citation id="d3715e3657" publication-type="journal">
Harold Demsetz, Informa-
tion and Efficiency: Another Viewpoint, 12J. L. &amp; ECON. 1 (1969)<person-group>
                     <string-name>
                        <surname>Demsetz</surname>
                     </string-name>
                  </person-group>
                  <fpage>1</fpage>
                  <volume>12</volume>
                  <source>J. L. &amp; Econ.</source>
                  <year>1969</year>
               </mixed-citation>
            </p>
            <p>
               <mixed-citation id="d3715e3688" publication-type="journal">
Id.  </mixed-citation>
            </p>
            <p>
               <mixed-citation id="d3715e3697" publication-type="book">
GORDON TULLOCK, THE NEW
FEDERALIST 18 (1994)<person-group>
                     <string-name>
                        <surname>Tullock</surname>
                     </string-name>
                  </person-group>
                  <volume>18</volume>
                  <source>The New Federalist</source>
                  <year>1994</year>
               </mixed-citation>
            </p>
            <p>
               <mixed-citation id="d3715e3725" publication-type="other">
infra Part IV.A</mixed-citation>
            </p>
            <p>
               <mixed-citation id="d3715e3731" publication-type="other">
supra notes 107-15 and accompanying
text</mixed-citation>
            </p>
         </fn>
         <fn id="d3715e3741a1310">
            <label>128</label>
            <p>
               <mixed-citation id="d3715e3748" publication-type="journal">
Steven N. S. Cheung, Property Rights and Invention, 8 RES. LAW &amp; ECON. 5 (1986)<person-group>
                     <string-name>
                        <surname>Cheung</surname>
                     </string-name>
                  </person-group>
                  <fpage>5</fpage>
                  <volume>8</volume>
                  <source>Res. Law &amp; Econ.</source>
                  <year>1986</year>
               </mixed-citation>
            </p>
         </fn>
         <fn id="d3715e3777a1310">
            <label>129</label>
            <p>
               <mixed-citation id="d3715e3784" publication-type="journal">
William M. Landes &amp; Richard A. Posner, An Economic
Analysis of Copyright Law, 18 J. LEGAL STUD. 325 (1989)<object-id pub-id-type="jstor">10.2307/3085624</object-id>
                  <fpage>325</fpage>
               </mixed-citation>
            </p>
         </fn>
         <fn id="d3715e3800a1310">
            <label>130</label>
            <p>
               <mixed-citation id="d3715e3807" publication-type="other">
supra note 5</mixed-citation>
            </p>
         </fn>
         <fn id="d3715e3814a1310">
            <label>131</label>
            <p>
               <mixed-citation id="d3715e3823" publication-type="book">
OLSON, supra note 5  </mixed-citation>
            </p>
            <p>
               <mixed-citation id="d3715e3831" publication-type="book">
Id.  </mixed-citation>
            </p>
            <p>
               <mixed-citation id="d3715e3840" publication-type="book">
WILLIAM L. CAREY &amp; MEL-
VIN ARON EISENBERG, CORPORATIONS 241-54 (7th ed. 1995)<person-group>
                     <string-name>
                        <surname>Carey</surname>
                     </string-name>
                  </person-group>
                  <edition>7</edition>
                  <fpage>241</fpage>
                  <source>Corporations</source>
                  <year>1995</year>
               </mixed-citation>
            </p>
            <p>
               <mixed-citation id="d3715e3871" publication-type="book">
ROBERT AXELROD, THE EVOLUTION OF COOPERATION
(1984)<person-group>
                     <string-name>
                        <surname>Axelrod</surname>
                     </string-name>
                  </person-group>
                  <source>The Evolution of Cooperation</source>
                  <year>1984</year>
               </mixed-citation>
            </p>
            <p>
               <mixed-citation id="d3715e3895" publication-type="book">
RUSSELL HARDIN, COLLECTIVE ACTION (1982)<person-group>
                     <string-name>
                        <surname>Hardin</surname>
                     </string-name>
                  </person-group>
                  <source>Collective Action</source>
                  <year>1982</year>
               </mixed-citation>
            </p>
            <p>
               <mixed-citation id="d3715e3916" publication-type="journal">
Russell Hardin, Collective Action as an
Agreeable Prisoners'Dilemma, 16 BEH. Sci. 472 (1971)<person-group>
                     <string-name>
                        <surname>Hardin</surname>
                     </string-name>
                  </person-group>
                  <fpage>472</fpage>
                  <volume>16</volume>
                  <source>BEH. Sci.</source>
                  <year>1971</year>
               </mixed-citation>
            </p>
         </fn>
         <fn id="d3715e3949a1310">
            <label>132</label>
            <p>
               <mixed-citation id="d3715e3956" publication-type="journal">
Landes &amp; Posner, supra note 129, at 326.  <fpage>326</fpage>
               </mixed-citation>
            </p>
         </fn>
         <fn id="d3715e3968a1310">
            <label>133</label>
            <p>
               <mixed-citation id="d3715e3975" publication-type="journal">
Id.  </mixed-citation>
            </p>
         </fn>
         <fn id="d3715e3984a1310">
            <label>134</label>
            <p>
               <mixed-citation id="d3715e3991" publication-type="journal">
Id.  </mixed-citation>
            </p>
         </fn>
         <fn id="d3715e4000a1310">
            <label>135</label>
            <p>
               <mixed-citation id="d3715e4007" publication-type="journal">
Id. at 327.  <fpage>327</fpage>
               </mixed-citation>
            </p>
         </fn>
         <fn id="d3715e4019a1310">
            <label>136</label>
            <p>
               <mixed-citation id="d3715e4026" publication-type="journal">
Id.  </mixed-citation>
            </p>
         </fn>
         <fn id="d3715e4035a1310">
            <label>137</label>
            <p>
               <mixed-citation id="d3715e4042" publication-type="journal">
Id.  </mixed-citation>
            </p>
         </fn>
         <fn id="d3715e4052a1310">
            <label>138</label>
            <p>
               <mixed-citation id="d3715e4059" publication-type="journal">
Id.  </mixed-citation>
            </p>
         </fn>
         <fn id="d3715e4068a1310">
            <label>139</label>
            <p>
               <mixed-citation id="d3715e4077" publication-type="journal">
Id.  </mixed-citation>
            </p>
            <p>
               <mixed-citation id="d3715e4085" publication-type="journal">
Id. at 327.  <fpage>327</fpage>
               </mixed-citation>
            </p>
            <p>
               <mixed-citation id="d3715e4097" publication-type="journal">
Tom G. Palmer, Intellectual Property: A Non-Posnerian Law and Economics Ap-
proach, 12 HAMLINE L. REV. 261, 277 (1989).<person-group>
                     <string-name>
                        <surname>Palmer</surname>
                     </string-name>
                  </person-group>
                  <fpage>261</fpage>
                  <volume>12</volume>
                  <source>Hamline L. Rev.</source>
                  <year>1989</year>
               </mixed-citation>
            </p>
         </fn>
         <fn id="d3715e4129a1310">
            <label>140</label>
            <p>
               <mixed-citation id="d3715e4136" publication-type="journal">
Landes &amp; Posner, supra note 129, at 327.  <fpage>327</fpage>
               </mixed-citation>
            </p>
         </fn>
         <fn id="d3715e4148a1310">
            <label>141</label>
            <p>
               <mixed-citation id="d3715e4155" publication-type="journal">
Id.  </mixed-citation>
            </p>
         </fn>
         <fn id="d3715e4164a1310">
            <label>142</label>
            <p>
               <mixed-citation id="d3715e4171" publication-type="journal">
Id.  </mixed-citation>
            </p>
         </fn>
         <fn id="d3715e4180a1310">
            <label>143</label>
            <p>
               <mixed-citation id="d3715e4187" publication-type="journal">
Id. at 328.  <fpage>328</fpage>
               </mixed-citation>
            </p>
         </fn>
         <fn id="d3715e4200a1310">
            <label>144</label>
            <p>
               <mixed-citation id="d3715e4207" publication-type="book">
KENNETH J. ARROW, Economic Wel-
fare and the Allocation of Resources for Invention, in KENNETH J. ARROW, THE RATE AND DIREC-
TION OF INVENTIVE ACTVRTY 609, 609-25 (1962).<person-group>
                     <string-name>
                        <surname>Arrow</surname>
                     </string-name>
                  </person-group>
                  <comment content-type="section">Economic Welfare and the Allocation of Resources for Invention</comment>
                  <fpage>609</fpage>
                  <volume>609</volume>
                  <source>The Rate and Direction of Inventive Actvrty</source>
                  <year>1962</year>
               </mixed-citation>
            </p>
            <p>
               <mixed-citation id="d3715e4244" publication-type="journal">
Demsetz, supra note 127  </mixed-citation>
            </p>
         </fn>
         <fn id="d3715e4253a1310">
            <label>145</label>
            <p>
               <mixed-citation id="d3715e4260" publication-type="journal">
Landes &amp; Posner, supra note 129, at 329.  <fpage>329</fpage>
               </mixed-citation>
            </p>
         </fn>
         <fn id="d3715e4272a1310">
            <label>146</label>
            <p>
               <mixed-citation id="d3715e4279" publication-type="journal">
Stephen Breyer, The Uneasy Case for Copyright: A Study of Copyright in
Books, Photocopies, and Computer Programs, 84 HARV. L. REV. 281, 291-308 (1970)<person-group>
                     <string-name>
                        <surname>Breyer</surname>
                     </string-name>
                  </person-group>
                  <fpage>281</fpage>
                  <volume>84</volume>
                  <source>Harv. L. Rev.</source>
                  <year>1970</year>
               </mixed-citation>
            </p>
            <p>
               <mixed-citation id="d3715e4310" publication-type="journal">
Barry W. Tyerman, The Economic Rationale for Copyright Protection for Published Books: A Reply to
Professor Breyer, 18 UCLA L. REV. 1100 (1971)<person-group>
                     <string-name>
                        <surname>Tyerman</surname>
                     </string-name>
                  </person-group>
                  <fpage>1100</fpage>
                  <volume>18</volume>
                  <source>Ucla L. Rev.</source>
                  <year>1971</year>
               </mixed-citation>
            </p>
         </fn>
         <fn id="d3715e4342a1310">
            <label>147</label>
            <p>
               <mixed-citation id="d3715e4349" publication-type="journal">
Palmer, supra note 139  </mixed-citation>
            </p>
         </fn>
         <fn id="d3715e4358a1310">
            <label>148</label>
            <p>
               <mixed-citation id="d3715e4365" publication-type="journal">
Tyler Gowen, Public Goods and Their Institutional Context: A Critic of Public Goods Theory,
43 REV. SOC. ECON. 53 (1985).<person-group>
                     <string-name>
                        <surname>Gowen</surname>
                     </string-name>
                  </person-group>
                  <fpage>53</fpage>
                  <volume>43</volume>
                  <source>Rev. Soc. Econ.</source>
                  <year>1985</year>
               </mixed-citation>
            </p>
         </fn>
         <fn id="d3715e4397a1310">
            <label>149</label>
            <p>
               <mixed-citation id="d3715e4404" publication-type="other">
Kenneth Goldin, Equal Access vs. Selective Access: A Critique of Public Goods Theory, 29 Pub.
CHOICE 53 (1977)</mixed-citation>
            </p>
            <p>
               <mixed-citation id="d3715e4413" publication-type="journal">
Palmer, supra note 139, at 284  <fpage>284</fpage>
               </mixed-citation>
            </p>
         </fn>
         <fn id="d3715e4426a1310">
            <label>150</label>
            <p>
               <mixed-citation id="d3715e4433" publication-type="journal">
Palmer, supra note 139, at 284.  <fpage>284</fpage>
               </mixed-citation>
            </p>
         </fn>
         <fn id="d3715e4445a1310">
            <label>151</label>
            <p>
               <mixed-citation id="d3715e4452" publication-type="journal">
Id.  </mixed-citation>
            </p>
         </fn>
         <fn id="d3715e4461a1310">
            <label>152</label>
            <p>
               <mixed-citation id="d3715e4468" publication-type="journal">
Id. at 285.  <fpage>285</fpage>
               </mixed-citation>
            </p>
         </fn>
         <fn id="d3715e4480a1310">
            <label>153</label>
            <p>
               <mixed-citation id="d3715e4487" publication-type="journal">
Id.  </mixed-citation>
            </p>
         </fn>
         <fn id="d3715e4496a1310">
            <label>155</label>
            <p>
               <mixed-citation id="d3715e4503" publication-type="journal">
Palmer, supra note 139, at 295  <fpage>295</fpage>
               </mixed-citation>
            </p>
            <p>
               <mixed-citation id="d3715e4514" publication-type="journal">
Landes &amp; Posner, supra note 129, at 330  <fpage>330</fpage>
               </mixed-citation>
            </p>
            <p>
               <mixed-citation id="d3715e4525" publication-type="journal">
Breyer, supra note 146, at 299-302  <fpage>299</fpage>
               </mixed-citation>
            </p>
         </fn>
         <fn id="d3715e4537a1310">
            <label>157</label>
            <p>
               <mixed-citation id="d3715e4544" publication-type="book">
Graham &amp; Zerbe, supra note 69, at 68-69  <fpage>68</fpage>
               </mixed-citation>
            </p>
            <p>
               <mixed-citation id="d3715e4555" publication-type="book">
Id. at 69 n.32  <fpage>69</fpage>
               </mixed-citation>
            </p>
         </fn>
         <fn id="d3715e4568a1310">
            <label>158</label>
            <p>
               <mixed-citation id="d3715e4575" publication-type="journal">
Palmer, supra note 139, at 295.  <fpage>295</fpage>
               </mixed-citation>
            </p>
         </fn>
         <fn id="d3715e4587a1310">
            <label>159</label>
            <p>
               <mixed-citation id="d3715e4594" publication-type="journal">
S. J. Liebowitz, Photocopying and Price Discrimination, 8 J. RES.
L. &amp; ECON. 181 (1986)<person-group>
                     <string-name>
                        <surname>Liebowitz</surname>
                     </string-name>
                  </person-group>
                  <fpage>181</fpage>
                  <volume>8</volume>
                  <source>J. Res. L. &amp; Econ.</source>
                  <year>1986</year>
               </mixed-citation>
            </p>
            <p>
               <mixed-citation id="d3715e4625" publication-type="journal">
S. J. Liebowitz, Copying and Indirect Appropriability: Photocopying Jour-
nals, 93 J. POL. ECON. 945 (1983)<object-id pub-id-type="jstor">10.2307/1833064</object-id>
                  <fpage>945</fpage>
               </mixed-citation>
            </p>
         </fn>
         <fn id="d3715e4641a1310">
            <label>160</label>
            <p>
               <mixed-citation id="d3715e4648" publication-type="journal">
Palmer, supra note 139, at 289-90.  <fpage>289</fpage>
               </mixed-citation>
            </p>
         </fn>
         <fn id="d3715e4660a1310">
            <label>161</label>
            <p>
               <mixed-citation id="d3715e4667" publication-type="book">
OLSON, supra
note 5, at 132-67  <fpage>132</fpage>
               </mixed-citation>
            </p>
         </fn>
         <fn id="d3715e4682a1310">
            <label>162</label>
            <p>
               <mixed-citation id="d3715e4689" publication-type="journal">
Benjamin Klein, Tie-Ins and the Market Provision of Collective Goods, 10 HARV. J.L. &amp;
PUB. POL'Y 451, 452 (1987)<person-group>
                     <string-name>
                        <surname>Klein</surname>
                     </string-name>
                  </person-group>
                  <fpage>451</fpage>
                  <volume>10</volume>
                  <source>Harv. J.L. &amp; Pub. Pol'y</source>
                  <year>1987</year>
               </mixed-citation>
            </p>
            <p>
               <mixed-citation id="d3715e4720" publication-type="journal">
Harold Demsetz, The Private Production of Public Goods,
13 J.L. &amp; ECON. 293 (1970)<person-group>
                     <string-name>
                        <surname>Demsetz</surname>
                     </string-name>
                  </person-group>
                  <fpage>293</fpage>
                  <volume>13</volume>
                  <source>J.L. &amp; Econ.</source>
                  <year>1970</year>
               </mixed-citation>
            </p>
         </fn>
         <fn id="d3715e4752a1310">
            <label>163</label>
            <p>
               <mixed-citation id="d3715e4759" publication-type="journal">
Palmer, supra note 139, at 291.  <fpage>291</fpage>
               </mixed-citation>
            </p>
         </fn>
         <fn id="d3715e4772a1310">
            <label>164</label>
            <p>
               <mixed-citation id="d3715e4779" publication-type="journal">
Id. at 292-93.  <fpage>292</fpage>
               </mixed-citation>
            </p>
         </fn>
         <fn id="d3715e4791a1310">
            <label>165</label>
            <p>
               <mixed-citation id="d3715e4798" publication-type="journal">
George L. Priest, What Economists Can Tell Lawyers About Intellectual Property: Comment
on Cheung, 8 Res. L. &amp; Econ. 19 (1986).<person-group>
                     <string-name>
                        <surname>Priest</surname>
                     </string-name>
                  </person-group>
                  <fpage>19</fpage>
                  <volume>8</volume>
                  <source>Res. L. &amp; Econ.</source>
                  <year>1986</year>
               </mixed-citation>
            </p>
            <p>
               <mixed-citation id="d3715e4829" publication-type="journal">
supra note
128  </mixed-citation>
            </p>
         </fn>
         <fn id="d3715e4841a1310">
            <label>166</label>
            <p>
               <mixed-citation id="d3715e4848" publication-type="other">
MUELLER, supra note 1, at 241.</mixed-citation>
            </p>
         </fn>
         <fn id="d3715e4855a1310">
            <label>167</label>
            <p>
               <mixed-citation id="d3715e4862" publication-type="other">
supra Part II.</mixed-citation>
            </p>
         </fn>
         <fn id="d3715e4869a1310">
            <label>168</label>
            <p>
               <mixed-citation id="d3715e4876" publication-type="journal">
Litman, supra note 34, at 881  <fpage>881</fpage>
               </mixed-citation>
            </p>
         </fn>
         <fn id="d3715e4888a1310">
            <label>169</label>
            <p>
               <mixed-citation id="d3715e4895" publication-type="other">
S. REP. No. 102-268, at 2 (1992)</mixed-citation>
            </p>
         </fn>
         <fn id="d3715e4903a1310">
            <label>170</label>
            <p>
               <mixed-citation id="d3715e4910" publication-type="other">
supra notes 89-94 and accompanying text</mixed-citation>
            </p>
         </fn>
         <fn id="d3715e4917a1310">
            <label>171</label>
            <p>
               <mixed-citation id="d3715e4924" publication-type="other">
supra notes 95-107 and accompanying text</mixed-citation>
            </p>
         </fn>
         <fn id="d3715e4931a1310">
            <label>172</label>
            <p>
               <mixed-citation id="d3715e4938" publication-type="journal">
Gleick, supra note 117, at 50  <fpage>50</fpage>
               </mixed-citation>
            </p>
         </fn>
         <fn id="d3715e4950a1310">
            <label>173</label>
            <p>
               <mixed-citation id="d3715e4957" publication-type="journal">
Id.  </mixed-citation>
            </p>
         </fn>
         <fn id="d3715e4966a1310">
            <label>174</label>
            <p>
               <mixed-citation id="d3715e4973" publication-type="journal">
Id.  </mixed-citation>
            </p>
         </fn>
         <fn id="d3715e4982a1310">
            <label>175</label>
            <p>
               <mixed-citation id="d3715e4989" publication-type="other">
supra notes 102-06 and accompanying text</mixed-citation>
            </p>
         </fn>
         <fn id="d3715e4997a1310">
            <label>176</label>
            <p>
               <mixed-citation id="d3715e5004" publication-type="journal">
George J. Stigler, A Theory of Oligopoly, 72 J. POL. ECON. 44 (1964)<object-id pub-id-type="jstor">10.2307/1828791</object-id>
                  <fpage>44</fpage>
               </mixed-citation>
            </p>
         </fn>
         <fn id="d3715e5017a1310">
            <label>177</label>
            <p>
               <mixed-citation id="d3715e5024" publication-type="journal">
Id. at 46.  <fpage>46</fpage>
               </mixed-citation>
            </p>
         </fn>
         <fn id="d3715e5036a1310">
            <label>178</label>
            <p>
               <mixed-citation id="d3715e5043" publication-type="journal">
Id.  </mixed-citation>
            </p>
            <p>
               <mixed-citation id="d3715e5051" publication-type="other">
Ayes, supra note 106</mixed-citation>
            </p>
         </fn>
         <fn id="d3715e5058a1310">
            <label>179</label>
            <p>
               <mixed-citation id="d3715e5065" publication-type="journal">
Stigler, supra note 176, at 46.  <fpage>46</fpage>
               </mixed-citation>
            </p>
         </fn>
         <fn id="d3715e5077a1310">
            <label>180</label>
            <p>
               <mixed-citation id="d3715e5084" publication-type="other">
supra notes 110-16 and accompanying text</mixed-citation>
            </p>
         </fn>
         <fn id="d3715e5091a1310">
            <label>181</label>
            <p>
               <mixed-citation id="d3715e5098" publication-type="other">
supra note 131</mixed-citation>
            </p>
            <p>
               <mixed-citation id="d3715e5104" publication-type="journal">
HARDIN, supra note 131, at 11.  <fpage>11</fpage>
               </mixed-citation>
            </p>
            <p>
               <mixed-citation id="d3715e5115" publication-type="book">
Riley E. Dunlap,
Trends in Public Opinion Towards Environmental Issues: 1965-1990, in RILEY E. DUNLAP &amp; AN-
GELA G. MERTIG, AMERICAN ENVIRONMENTALISM: THE US ENVIRONMENTAL MOVEMENT 1970-
1990, 102-06 (1992)<person-group>
                     <string-name>
                        <surname>Dunlap</surname>
                     </string-name>
                  </person-group>
                  <comment content-type="section">Trends in Public Opinion Towards Environmental Issues: 1965-1990</comment>
                  <fpage>102</fpage>
                  <volume>19701990</volume>
                  <source>American Environmentalism: The Us Environmental Movement</source>
                  <year>1992</year>
               </mixed-citation>
            </p>
         </fn>
         <fn id="d3715e5157a1310">
            <label>182</label>
            <p>
               <mixed-citation id="d3715e5164" publication-type="other">
MUELLER, supra note 1, at 241</mixed-citation>
            </p>
         </fn>
         <fn id="d3715e5171a1310">
            <label>183</label>
            <p>
               <mixed-citation id="d3715e5178" publication-type="other">
supra note 4</mixed-citation>
            </p>
         </fn>
         <fn id="d3715e5185a1310">
            <label>184</label>
            <p>
               <mixed-citation id="d3715e5192" publication-type="book">
Tullock, supra note 107, at 199  <fpage>199</fpage>
               </mixed-citation>
            </p>
         </fn>
         <fn id="d3715e5204a1310">
            <label>185</label>
            <p>
               <mixed-citation id="d3715e5211" publication-type="book">
Id.  </mixed-citation>
            </p>
         </fn>
         <fn id="d3715e5220a1310">
            <label>186</label>
            <p>
               <mixed-citation id="d3715e5227" publication-type="other">
supra note 5 and accompanying text</mixed-citation>
            </p>
         </fn>
         <fn id="d3715e5234a1310">
            <label>187</label>
            <p>
               <mixed-citation id="d3715e5241" publication-type="other">
supra note 183</mixed-citation>
            </p>
         </fn>
         <fn id="d3715e5249a1310">
            <label>188</label>
            <p>
               <mixed-citation id="d3715e5256" publication-type="book">
David D. Haddock, Professor of Law &amp; Economics, Northwestern
University School of Law, Chicago, Ill. (Oct. 18, 1996)<person-group>
                     <string-name>
                        <surname>Haddock</surname>
                     </string-name>
                  </person-group>
                  <volume>Ill</volume>
                  <source>Professor of Law &amp; Economics, Northwestern University School of Law</source>
                  <year>1996</year>
               </mixed-citation>
            </p>
         </fn>
         <fn id="d3715e5285a1310">
            <label>189</label>
            <p>
               <mixed-citation id="d3715e5292" publication-type="conference">
Criminal Sanctions for Violations of Software Copyrights, supra note 59, at 26  <fpage>26</fpage>
               </mixed-citation>
            </p>
         </fn>
         <fn id="d3715e5304a1310">
            <label>190</label>
            <p>
               <mixed-citation id="d3715e5313" publication-type="journal">
Peltzman, supra note 40  </mixed-citation>
            </p>
         </fn>
         <fn id="d3715e5322a1310">
            <label>191</label>
            <p>
               <mixed-citation id="d3715e5329" publication-type="other">
Criminal Sanctions for Violation of Copyrights, supra note 59, at 26-27</mixed-citation>
            </p>
            <p>
               <mixed-citation id="d3715e5335" publication-type="journal">
Timothy D. Howell, Comment, Intellectual Property
Pirates: Congress Raises the Stakes in the Modern Battle to Protect Copyrights and Safeguard the
United States Economy, 27 ST. MARY'S L.J. 613, 657 (1996)<person-group>
                     <string-name>
                        <surname>Howell</surname>
                     </string-name>
                  </person-group>
                  <fpage>657</fpage>
                  <volume>27</volume>
                  <source>St. Mary's L.J.</source>
                  <year>1996</year>
               </mixed-citation>
            </p>
            <p>
               <mixed-citation id="d3715e5369" publication-type="book">
INFORMATION INFRASTRUCTURE TASK FORCE, INTELLECTUAL PROPERTY AND THE NA-
TIONAL INFORMATION INFRASTRUCTURE: THE REPORT OF THE WORKING GROUP ON INTELLEC-
TUAL PROPERTY RIGHTS 12 (1995)<volume>12</volume>
                  <source>Information Infrastructure Task Force, Intellectual Property and the National Information Infrastructure: The Report of the Working Group on Intellectual Property Rights</source>
                  <year>1995</year>
               </mixed-citation>
            </p>
         </fn>
         <fn id="d3715e5392a1310">
            <label>192</label>
            <p>
               <mixed-citation id="d3715e5399" publication-type="conference">
Hearings on the Piracy and Counterfeiting Amendments Act, supra note 50, at 29  <fpage>29</fpage>
               </mixed-citation>
            </p>
         </fn>
         <fn id="d3715e5411a1310">
            <label>193</label>
            <p>
               <mixed-citation id="d3715e5418" publication-type="conference">
Id. at 26-63.  <fpage>26</fpage>
               </mixed-citation>
            </p>
            <p>
               <mixed-citation id="d3715e5429" publication-type="other">
Teddy C. Kim, Note, Taming the Electronic Frontier: Software Copy-
right Protection in the Wake of United States v. LaMacchia, 80 MINN. L. REV. 1255, 1260 n.21
(1996)</mixed-citation>
            </p>
         </fn>
         <fn id="d3715e5443a1310">
            <label>194</label>
            <p>
               <mixed-citation id="d3715e5450" publication-type="conference">
Criminal Sanctions for Violations of Software Copyrights, supra note 59, at 27  <fpage>27</fpage>
               </mixed-citation>
            </p>
         </fn>
         <fn id="d3715e5462a1310">
            <label>195</label>
            <p>
               <mixed-citation id="d3715e5469" publication-type="journal">
Howell,
supra note 191, at 646-47  <fpage>646</fpage>
               </mixed-citation>
            </p>
            <p>
               <mixed-citation id="d3715e5483" publication-type="journal">
Sharon B. Soffer, Criminal
Copyright Infringement, 24 AM. CRIM. L. REV. 491 (1987)<person-group>
                     <string-name>
                        <surname>Soffer</surname>
                     </string-name>
                  </person-group>
                  <fpage>491</fpage>
                  <volume>24</volume>
                  <source>Am. Crim. L. Rev.</source>
                  <year>1987</year>
               </mixed-citation>
            </p>
            <p>
               <mixed-citation id="d3715e5514" publication-type="other">
United States v. LaMacchia, 871 F. Supp. 535 (D. Mass. 1994)</mixed-citation>
            </p>
            <p>
               <mixed-citation id="d3715e5521" publication-type="journal">
Howell,
supra note 191, at 671  <fpage>671</fpage>
               </mixed-citation>
            </p>
         </fn>
         <fn id="d3715e5536a1310">
            <label>196</label>
            <p>
               <mixed-citation id="d3715e5543" publication-type="journal">
Hanock Gessesse &amp; Karen Sanzaro, Intellectual Property Crimes, 33 AM. CRIM. L. REV.
839, 840 (1996).<person-group>
                     <string-name>
                        <surname>Gessesse</surname>
                     </string-name>
                  </person-group>
                  <fpage>839</fpage>
                  <volume>33</volume>
                  <source>Am. Crim. L. Rev.</source>
                  <year>1996</year>
               </mixed-citation>
            </p>
         </fn>
         <fn id="d3715e5575a1310">
            <label>197</label>
            <p>
               <mixed-citation id="d3715e5582" publication-type="conference">
Civil and Criminal Enforcement of the Copyright Laws: Hearings Before the Subcomm. on
Patents, Copyrights and Trademarks of the Senate Comm. on the Judiciary, 99th Cong. 74 (1985)
(statement of David Ladd, former Register of Copyrights, Wiley &amp; Rein, Washington,
D.C.)<comment content-type="section">Civil and Criminal Enforcement of the Copyright Laws: Hearings Before the Subcomm. on Patents, Copyrights and Trademarks of the Senate Comm. on the Judiciary</comment>
                  <fpage>74</fpage>
                  <source>99th Cong.</source>
                  <year>1985</year>
               </mixed-citation>
            </p>
            <p>
               <mixed-citation id="d3715e5610" publication-type="journal">
Gessesse &amp; Sanzaro, supra note 196, at 840  <fpage>840</fpage>
               </mixed-citation>
            </p>
         </fn>
         <fn id="d3715e5622a1310">
            <label>198</label>
            <p>
               <mixed-citation id="d3715e5629" publication-type="journal">
Id.  </mixed-citation>
            </p>
            <p>
               <mixed-citation id="d3715e5637" publication-type="journal">
David D. Haddock et al., An Ordinary Economic Rationale for Extraordinary
Legal Sanctions, 78 CAL. L. REV. 1 (1990)<object-id pub-id-type="doi">10.2307/3480505</object-id>
                  <fpage>1</fpage>
               </mixed-citation>
            </p>
            <p>
               <mixed-citation id="d3715e5652" publication-type="journal">
Id. at 50.  <fpage>50</fpage>
               </mixed-citation>
            </p>
         </fn>
         <fn id="d3715e5664a1310">
            <label>199</label>
            <p>
               <mixed-citation id="d3715e5673" publication-type="journal">
Steven Shavell, Criminal Law and the Optimal Use of Nonmonetary Sanctions as a Deterrent,
85 COLUM. L. REV. 1232 (1985).<object-id pub-id-type="doi">10.2307/1122393</object-id>
                  <fpage>1232</fpage>
               </mixed-citation>
            </p>
            <p>
               <mixed-citation id="d3715e5688" publication-type="journal">
Id. at 1236.  <fpage>1236</fpage>
               </mixed-citation>
            </p>
            <p>
               <mixed-citation id="d3715e5700" publication-type="journal">
Id. at 1236-37.  <fpage>1236</fpage>
               </mixed-citation>
            </p>
         </fn>
         <fn id="d3715e5713a1310">
            <label>200</label>
            <p>
               <mixed-citation id="d3715e5720" publication-type="journal">
Jayashri Srikantiah, Note, The Response of Copyright to the Enforcement Strain of Inexpensive Copy-
ing Technology, 71 N.Y.U. L. REV. 1634, 1634 (1996)<person-group>
                     <string-name>
                        <surname>Srikantiah</surname>
                     </string-name>
                  </person-group>
                  <fpage>1634</fpage>
                  <volume>71</volume>
                  <source>N.Y.U. L. Rev.</source>
                  <year>1996</year>
               </mixed-citation>
            </p>
            <p>
               <mixed-citation id="d3715e5751" publication-type="journal">
Howell, supra note 191, at 657  <fpage>657</fpage>
               </mixed-citation>
            </p>
         </fn>
         <fn id="d3715e5763a1310">
            <label>201</label>
            <p>
               <mixed-citation id="d3715e5770" publication-type="journal">
Ross Kerber, Vigilant Copyright Holders Patrol the Internet, WALL ST.J., Dec. 13, 1995, at
B1.<person-group>
                     <string-name>
                        <surname>Kerber</surname>
                     </string-name>
                  </person-group>
                  <fpage>B1</fpage>
                  <source>Wall ST.J.</source>
                  <year>1995</year>
               </mixed-citation>
            </p>
         </fn>
         <fn id="d3715e5799a1310">
            <label>202</label>
            <p>
               <mixed-citation id="d3715e5806" publication-type="book">
Mike Snider, Lifting On-Line Material, USA TODAY, Feb. 9, 1996, at D1 (quoting Jack
Valenti, Motion Picture Association of America).<person-group>
                     <string-name>
                        <surname>Snider</surname>
                     </string-name>
                  </person-group>
                  <comment content-type="section">Lifting On-Line Material</comment>
                  <fpage>D1</fpage>
                  <source>USA Today</source>
                  <year>1996</year>
               </mixed-citation>
            </p>
         </fn>
         <fn id="d3715e5838a1310">
            <label>203</label>
            <p>
               <mixed-citation id="d3715e5845" publication-type="journal">
ARIZ. REPUBLIC, Sept. 6, 1995, at D7.<issue>Sept. 6</issue>
                  <fpage>D7</fpage>
                  <source>Republic</source>
                  <year>1995</year>
               </mixed-citation>
            </p>
         </fn>
      </fn-group>
   </back>
</article>
