<article xmlns:xsi="http://www.w3.org/2001/XMLSchema-instance"
         xmlns:xlink="http://www.w3.org/1999/xlink"
         xmlns:mml="http://www.w3.org/1998/Math/MathML"
         dtd-version="1.0"
         article-type="research-article">
   <front>
      <journal-meta>
         <journal-id journal-id-type="jstor">jcrimlawcrim1973</journal-id>
         <journal-id journal-id-type="jstor">j100481</journal-id>
         <journal-title-group>
            <journal-title>The Journal of Criminal Law and Criminology (1973-)</journal-title>
         </journal-title-group>
         <publisher>
            <publisher-name>Northwestern University School of Law</publisher-name>
         </publisher>
         <issn pub-type="ppub">00914169</issn>
      </journal-meta>
      <article-meta>
         <article-id pub-id-type="doi">10.2307/1144117</article-id>
         <article-categories>
            <subj-group>
               <subject>Criminal Law</subject>
            </subj-group>
         </article-categories>
         <title-group>
            <article-title>A Critical View from the inside: An Application of Critical Legal Studies to Criminal Law</article-title>
         </title-group>
         <contrib-group>
            <contrib contrib-type="author">
               <string-name>
                  <given-names>Katheryn K.</given-names>
                  <surname>Russell</surname>
               </string-name>
            </contrib>
         </contrib-group>
         <pub-date>
            <day>1</day>
            <month>7</month>
            <year>1994</year>
         </pub-date>
         <volume>85</volume>
         <issue>1</issue>
         <issue-id>i247858</issue-id>
         <fpage>222</fpage>
         <lpage>240</lpage>
         <page-range>222-240</page-range>
         <permissions>
            <copyright-statement>Copyright 1994 Northwestern University, School of Law</copyright-statement>
         </permissions>
         <self-uri xlink:href="http://www.jstor.org/stable/1144117"/>
         <custom-meta-group>
            <custom-meta>
               <meta-name>lang</meta-name>
               <meta-value>eng</meta-value>
            </custom-meta>
         </custom-meta-group>
      </article-meta>
   </front>
   <back>
      <fn-group>
         <title>[Footnotes]</title>
         <fn id="d5689e123a1310">
            <label>1</label>
            <p>
               <mixed-citation id="d5689e130" publication-type="other">
481 U.S. 279 (1987).</mixed-citation>
            </p>
         </fn>
         <fn id="d5689e137a1310">
            <label>2</label>
            <p>
               <mixed-citation id="d5689e144" publication-type="journal">
Paul D. Carrington, Of Law and the River, 34 J. LEGAL EDUC. 222, 227
(1984)<person-group>
                     <string-name>
                        <surname>Carrington</surname>
                     </string-name>
                  </person-group>
                  <fpage>227</fpage>
                  <volume>222</volume>
                  <source>34 J. Legal Educ.</source>
                  <year>1984</year>
               </mixed-citation>
            </p>
            <p>
               <mixed-citation id="d5689e175" publication-type="journal">
Id  </mixed-citation>
            </p>
         </fn>
         <fn id="d5689e184a1310">
            <label>3</label>
            <p>
               <mixed-citation id="d5689e191" publication-type="book">
David Kairys, "Introduction," THE POLITICS OF LAW: A PROGRESSIVE CRITIQUE 1-11
(David Kairys ed., 1990)<person-group>
                     <string-name>
                        <surname>Kairys</surname>
                     </string-name>
                  </person-group>
                  <comment content-type="section">Introduction</comment>
                  <fpage>1</fpage>
                  <source>The Politics Of Law: A Progressive Critique</source>
                  <year>1990</year>
               </mixed-citation>
            </p>
            <p>
               <mixed-citation id="d5689e222" publication-type="journal">
David O. Friedrichs, Critical Legal Studies and the Critique of Crimi-
nal Justice, CGUM. JUST. REV., Fall 1986, at 15<person-group>
                     <string-name>
                        <surname>Friedrichs</surname>
                     </string-name>
                  </person-group>
                  <issue>Fall</issue>
                  <fpage>15</fpage>
                  <source>Cgum. Just. Rev.</source>
                  <year>1986</year>
               </mixed-citation>
            </p>
            <p>
               <mixed-citation id="d5689e253" publication-type="journal">
Jeffery A. Standen, Note, Critical Legal
Studies as an Anti-Positivist Phenomenon, 72 VA. L. REV. 983 (1986)<person-group>
                     <string-name>
                        <surname>Standen</surname>
                     </string-name>
                  </person-group>
                  <fpage>983</fpage>
                  <source>72 Va. L. Rev.</source>
                  <year>1986</year>
               </mixed-citation>
            </p>
         </fn>
         <fn id="d5689e282a1310">
            <label>4</label>
            <p>
               <mixed-citation id="d5689e289" publication-type="journal">
Richard M. Fischl, Some Realism About Critical Legal Studies, 41 U. MIAMI L. REV. 505,
507 n.13 (1987).<person-group>
                     <string-name>
                        <surname>Fischl</surname>
                     </string-name>
                  </person-group>
                  <fpage>507</fpage>
                  <volume>505</volume>
                  <source>41 U. Miami L. Rev.</source>
               </mixed-citation>
            </p>
         </fn>
         <fn id="d5689e319a1310">
            <label>5</label>
            <p>
               <mixed-citation id="d5689e326" publication-type="journal">
Id. at 530-31  <fpage>530</fpage>
               </mixed-citation>
            </p>
            <p>
               <mixed-citation id="d5689e337" publication-type="journal">
Friedrichs, supra note 3, at 18-19  <fpage>18</fpage>
               </mixed-citation>
            </p>
            <p>
               <mixed-citation id="d5689e348" publication-type="journal">
Id. at 16  <fpage>16</fpage>
               </mixed-citation>
            </p>
            <p>
               <mixed-citation id="d5689e360" publication-type="journal">
John H. Schlegel, Notes
Toward an Intimate, Opinionated, and Affectionate History of the Conference on Critical Legal Stud-
ies, 36 STAN. L. REV. 391 (1984)<person-group>
                     <string-name>
                        <surname>Schlegel</surname>
                     </string-name>
                  </person-group>
                  <fpage>391</fpage>
                  <source>36 Stan. L. Rev.</source>
                  <year>1984</year>
               </mixed-citation>
            </p>
         </fn>
         <fn id="d5689e392a1310">
            <label>6</label>
            <p>
               <mixed-citation id="d5689e399" publication-type="journal">
Friedrichs, supra note 3, at 17 ("[w]hether or not one agrees with the substance of
this [critical legal studies] attack, its importance lies in its forcing us not to take our assump-
tions for granted.").  <fpage>17</fpage>
               </mixed-citation>
            </p>
         </fn>
         <fn id="d5689e417a1310">
            <label>7</label>
            <p>
               <mixed-citation id="d5689e424" publication-type="journal">
David M. Trubek, Where the Action Is: Critical Legal Studies and Empiricism, 36 STAN. L.
REV. 575, 588-89 (1984).<person-group>
                     <string-name>
                        <surname>Trubek</surname>
                     </string-name>
                  </person-group>
                  <fpage>588</fpage>
                  <volume>575</volume>
                  <source>36 Stan. L. Rev.</source>
                  <year>1984</year>
               </mixed-citation>
            </p>
         </fn>
         <fn id="d5689e456a1310">
            <label>8</label>
            <p>
               <mixed-citation id="d5689e463" publication-type="book">
ANTONIO GRAMSCI, PRISON
NOTEBOOKS (1991)<person-group>
                     <string-name>
                        <surname>Gramsci</surname>
                     </string-name>
                  </person-group>
                  <source>Prison Notebooks</source>
                  <year>1991</year>
               </mixed-citation>
            </p>
            <p>
               <mixed-citation id="d5689e487" publication-type="book">
JURGEN HIABERMAS, LEGITIMATION CRISES (Thomas McCarthy trans.,
1975)<person-group>
                     <string-name>
                        <surname>Hiabermas</surname>
                     </string-name>
                  </person-group>
                  <source>Legitimation Crises</source>
                  <year>1975</year>
               </mixed-citation>
            </p>
            <p>
               <mixed-citation id="d5689e511" publication-type="book">
DRAGAN MILOVA-
NOVIC, A PRIMER IN THE SOCIOLOGY OF LAW 102 (1988)<person-group>
                     <string-name>
                        <surname>Milovanovic</surname>
                     </string-name>
                  </person-group>
                  <fpage>102</fpage>
                  <source>A Primer in the Sociology of Law</source>
                  <year>1988</year>
               </mixed-citation>
            </p>
         </fn>
         <fn id="d5689e540a1310">
            <label>9</label>
            <p>
               <mixed-citation id="d5689e547" publication-type="journal">
Kimberlé W. Crenshaw, Race, Reform, and Retrenchment:
Transformation and Legitimation in Antidiscrimination Law, 101 HARV. L. REV. 1331 (1988)<person-group>
                     <string-name>
                        <surname>Crenshaw</surname>
                     </string-name>
                  </person-group>
                  <fpage>1331</fpage>
                  <source>101 Harv. L. Rev.</source>
                  <year>1988</year>
               </mixed-citation>
            </p>
         </fn>
         <fn id="d5689e576a1310">
            <label>10</label>
            <p>
               <mixed-citation id="d5689e583" publication-type="journal">
Roger C. Park, Evidence Scholarship,
Old and New, 75 MINN. L. REV. 849 (1991)<person-group>
                     <string-name>
                        <surname>Park</surname>
                     </string-name>
                  </person-group>
                  <fpage>849</fpage>
                  <source>75 Minn. L. Rev.</source>
                  <year>1991</year>
               </mixed-citation>
            </p>
            <p>
               <mixed-citation id="d5689e611" publication-type="journal">
Phyllis Goldfarb, Theoretics of Practice: The Integration of Progressive Thought &amp; Action: Beyond
Cut Flowers: Developing a Clinical Perspective on Critical Legal Theory, 43 HASTINGS L.J. 717
(1992)<person-group>
                     <string-name>
                        <surname>Goldfarb</surname>
                     </string-name>
                  </person-group>
                  <fpage>717</fpage>
                  <source>43 Hastings L.J.</source>
                  <year>1992</year>
               </mixed-citation>
            </p>
         </fn>
         <fn id="d5689e644a1310">
            <label>11</label>
            <p>
               <mixed-citation id="d5689e651" publication-type="journal">
Trubek, supra note 7, at 577-79  <fpage>577</fpage>
               </mixed-citation>
            </p>
            <p>
               <mixed-citation id="d5689e662" publication-type="book">
ROBERTO M. UNGER, THE CRITICAL LEGAL STUDIES MOVEMENT (1986)<person-group>
                     <string-name>
                        <surname>Unger</surname>
                     </string-name>
                  </person-group>
                  <source>The Critical Legal Studies Movement</source>
                  <year>1986</year>
               </mixed-citation>
            </p>
         </fn>
         <fn id="d5689e684a1310">
            <label>12</label>
            <p>
               <mixed-citation id="d5689e691" publication-type="book">
Karl E. Klare, Critical Theory and Labor Relations Law, in THE POLITICS OF LAW: A PRO-
GRESSIVE CRITIQUE 61-89 (David Kairys ed., 1990).<person-group>
                     <string-name>
                        <surname>Klare</surname>
                     </string-name>
                  </person-group>
                  <comment content-type="section">Critical Theory and Labor Relations Law</comment>
                  <fpage>61</fpage>
                  <source>The Politics Of Law: A Progressive Critique</source>
                  <year>1990</year>
               </mixed-citation>
            </p>
         </fn>
         <fn id="d5689e723a1310">
            <label>13</label>
            <p>
               <mixed-citation id="d5689e730" publication-type="book">
Alan Freeman, Antidiscrimination Law: The View from 1989, in THE POLITICS OF LAW: A
PROGRESSIVE CRITIQUE 121-50 (David Kairys ed., 1990).<person-group>
                     <string-name>
                        <surname>Freeman</surname>
                     </string-name>
                  </person-group>
                  <comment content-type="section">Antidiscrimination Law: The View from 1989</comment>
                  <fpage>121</fpage>
                  <source>The Politics Of Law: A Progressive Critique</source>
                  <year>1989</year>
               </mixed-citation>
            </p>
         </fn>
         <fn id="d5689e762a1310">
            <label>14</label>
            <p>
               <mixed-citation id="d5689e769" publication-type="book">
Jay M. Feinman &amp; Peter Gabel, Contract Law as Ideology, in THE POLITICS OF LAW: A
PROGRESSIVE CRITIQUE 373-86 (David Kairys ed., 1990).<person-group>
                     <string-name>
                        <surname>Feinman</surname>
                     </string-name>
                  </person-group>
                  <comment content-type="section">Contract Law as Ideology</comment>
                  <fpage>373</fpage>
                  <source>The Politics Of Law: A Progressive Critique</source>
                  <year>1990</year>
               </mixed-citation>
            </p>
         </fn>
         <fn id="d5689e801a1310">
            <label>15</label>
            <p>
               <mixed-citation id="d5689e808" publication-type="book">
Nadine Taub &amp; Elizabeth M. Schneider, Women's Subordination and the Role of Law, in
THE POLITICS OF LAW: A PROGRESSIVE CRITIQUE 151-75 (David Kairys ed., 1990) (examining
legal reasoning used in response to challenges to exclusion of women from the work
place).<person-group>
                     <string-name>
                        <surname>Taub</surname>
                     </string-name>
                  </person-group>
                  <comment content-type="section">Women's Subordination and the Role of Law</comment>
                  <fpage>151</fpage>
                  <source>The Politics Of Law: A Progressive Critique</source>
               </mixed-citation>
            </p>
         </fn>
         <fn id="d5689e843a1310">
            <label>16</label>
            <p>
               <mixed-citation id="d5689e850" publication-type="journal">
Albert P. Cardarelli &amp; Stephen C. Hicks, Radicalism in Law and Criminology: A
Retrospective View of Critical Legal Studies and Radical Criminology, 84 J. CRIM. L. &amp; CRIMINOL-
OGY 502, 544 (1993)<person-group>
                     <string-name>
                        <surname>Cardarelli</surname>
                     </string-name>
                  </person-group>
                  <fpage>544</fpage>
                  <volume>502</volume>
                  <source>84 J. Crim. L. &amp; Criminology</source>
                  <year>1993</year>
               </mixed-citation>
            </p>
            <p>
               <mixed-citation id="d5689e884" publication-type="journal">
citing David Nelken, Critical
Criminal Law, 14 J.L. &amp; Soc'y 105, 107 (1987))<person-group>
                     <string-name>
                        <surname>Nelken</surname>
                     </string-name>
                  </person-group>
                  <fpage>107</fpage>
                  <volume>105</volume>
                  <source>14 J.L. &amp; Soc'y</source>
                  <year>1987</year>
               </mixed-citation>
            </p>
         </fn>
         <fn id="d5689e917a1310">
            <label>17</label>
            <p>
               <mixed-citation id="d5689e924" publication-type="journal">
Nelken, supra note 16.  </mixed-citation>
            </p>
         </fn>
         <fn id="d5689e933a1310">
            <label>18</label>
            <p>
               <mixed-citation id="d5689e940" publication-type="book">
Kairys, supra note 3  </mixed-citation>
            </p>
            <p>
               <mixed-citation id="d5689e948" publication-type="journal">
Fischl, supra note 4  </mixed-citation>
            </p>
            <p>
               <mixed-citation id="d5689e956" publication-type="journal">
Friedrichs, supra note 3  </mixed-citation>
            </p>
            <p>
               <mixed-citation id="d5689e965" publication-type="journal">
Standen,
supra note 3  </mixed-citation>
            </p>
         </fn>
         <fn id="d5689e977a1310">
            <label>19</label>
            <p>
               <mixed-citation id="d5689e984" publication-type="book">
M. KELMAN, A GUIDE
TO CRITICAL LEGAL STUDIES 25-32 (1982)<person-group>
                     <string-name>
                        <surname>Kelman</surname>
                     </string-name>
                  </person-group>
                  <fpage>25</fpage>
                  <source>A Guide to Critical Legal Studies</source>
                  <year>1982</year>
               </mixed-citation>
            </p>
            <p>
               <mixed-citation id="d5689e1012" publication-type="book">
Elliot Currie, Crime, Justice, and the Social Environ-
ment, in THE POLITICS OF LAW: A PROGRESSIVE CRITIQUE 294-313 (David Kairys ed., 1990)<person-group>
                     <string-name>
                        <surname>Currie</surname>
                     </string-name>
                  </person-group>
                  <comment content-type="section">Crime, Justice, and the Social Environment</comment>
                  <fpage>294</fpage>
                  <source>The Politics Of Law: A Progressive Critique</source>
                  <year>1990</year>
               </mixed-citation>
            </p>
            <p>
               <mixed-citation id="d5689e1043" publication-type="journal">
Friedrichs, supra note 3  </mixed-citation>
            </p>
            <p>
               <mixed-citation id="d5689e1052" publication-type="journal">
Sherri L. Johnson, Unconscious Racism and the Criminal Law, 73
CORNELL L. REV. 1016 (1988)<person-group>
                     <string-name>
                        <surname>Johnson</surname>
                     </string-name>
                  </person-group>
                  <fpage>1016</fpage>
                  <source>73 Cornell L. Rev.</source>
                  <year>1988</year>
               </mixed-citation>
            </p>
            <p>
               <mixed-citation id="d5689e1080" publication-type="journal">
Mark Kelman, Interpretive Construction in the Substantive Crimi-
nal Law, 33 STAN. L. REV. 591 (1981)<person-group>
                     <string-name>
                        <surname>Kelman</surname>
                     </string-name>
                  </person-group>
                  <fpage>591</fpage>
                  <source>33 Stan. L. Rev.</source>
                  <year>1981</year>
               </mixed-citation>
            </p>
            <p>
               <mixed-citation id="d5689e1108" publication-type="journal">
Nelken, supra note 16  </mixed-citation>
            </p>
            <p>
               <mixed-citation id="d5689e1116" publication-type="book">
David Rudovsky, The Criminal
Justice System and the Role of the Police, in THE POLITICS OF LAW: A PROGRESSIVE CRITIQUE 314-
25 (David Kairys ed., 1990)<person-group>
                     <string-name>
                        <surname>Rudovsky</surname>
                     </string-name>
                  </person-group>
                  <comment content-type="section">The Criminal Justice System and the Role of the Police</comment>
                  <fpage>314</fpage>
                  <source>The Politics Of Law: A Progressive Critique</source>
                  <year>1990</year>
               </mixed-citation>
            </p>
            <p>
               <mixed-citation id="d5689e1150" publication-type="journal">
Mark Tushnet &amp;JenniferJaff, Critical Legal Studies and Criminal
Procedure, 35 CATH. U.L. REV. 361 (1986)<person-group>
                     <string-name>
                        <surname>Tushnet</surname>
                     </string-name>
                  </person-group>
                  <fpage>361</fpage>
                  <source>35 Cath. U.L. Rev.</source>
                  <year>1986</year>
               </mixed-citation>
            </p>
         </fn>
         <fn id="d5689e1179a1310">
            <label>20</label>
            <p>
               <mixed-citation id="d5689e1186" publication-type="journal">
Katheryn K. Russell,
Development of a Black Criminology and the Role of the Black Criminologist, 9JusT. Q. 667 (1992),
for a parallel argument regarding the discipline of criminology's failure to squarely address
the race and crime question<person-group>
                     <string-name>
                        <surname>Russell</surname>
                     </string-name>
                  </person-group>
                  <fpage>667</fpage>
                  <source>9 Just. Q.</source>
                  <year>1992</year>
               </mixed-citation>
            </p>
         </fn>
         <fn id="d5689e1221a1310">
            <label>21</label>
            <p>
               <mixed-citation id="d5689e1228" publication-type="journal">
Friedrichs, supra note 3, at 15, 19 n.12  <fpage>15</fpage>
               </mixed-citation>
            </p>
         </fn>
         <fn id="d5689e1240a1310">
            <label>22</label>
            <p>
               <mixed-citation id="d5689e1247" publication-type="journal">
Nelken, supra note 16, at 107.  <fpage>107</fpage>
               </mixed-citation>
            </p>
         </fn>
         <fn id="d5689e1260a1310">
            <label>23</label>
            <p>
               <mixed-citation id="d5689e1267" publication-type="journal">
Id.  </mixed-citation>
            </p>
         </fn>
         <fn id="d5689e1276a1310">
            <label>24</label>
            <p>
               <mixed-citation id="d5689e1283" publication-type="journal">
Id. (identifying theft as one area of overlap).  </mixed-citation>
            </p>
         </fn>
         <fn id="d5689e1292a1310">
            <label>25</label>
            <p>
               <mixed-citation id="d5689e1299" publication-type="journal">
Id.  </mixed-citation>
            </p>
         </fn>
         <fn id="d5689e1308a1310">
            <label>26</label>
            <p>
               <mixed-citation id="d5689e1315" publication-type="journal">
Id.  </mixed-citation>
            </p>
         </fn>
         <fn id="d5689e1324a1310">
            <label>27</label>
            <p>
               <mixed-citation id="d5689e1333" publication-type="journal">
Willem De Haan, Fuzzy Morals and Flakey Politics: The Coming Out of Critical Criminol-
ogy, 14J.L. &amp; Soc'y. 321 (1987)<person-group>
                     <string-name>
                        <surname>De Haan</surname>
                     </string-name>
                  </person-group>
                  <fpage>321</fpage>
                  <source>14 J.L. &amp; Soc'y.</source>
                  <year>1987</year>
               </mixed-citation>
            </p>
         </fn>
         <fn id="d5689e1362a1310">
            <label>28</label>
            <p>
               <mixed-citation id="d5689e1369" publication-type="journal">
Nelken, supra note 16, at 107.  <fpage>107</fpage>
               </mixed-citation>
            </p>
         </fn>
         <fn id="d5689e1382a1310">
            <label>29</label>
            <p>
               <mixed-citation id="d5689e1389" publication-type="journal">
Friedrichs, supra note
3  </mixed-citation>
            </p>
         </fn>
         <fn id="d5689e1401a1310">
            <label>30</label>
            <p>
               <mixed-citation id="d5689e1408" publication-type="book">
Kelman, supra note 19, at 592.  <fpage>5692</fpage>
               </mixed-citation>
            </p>
         </fn>
         <fn id="d5689e1420a1310">
            <label>31</label>
            <p>
               <mixed-citation id="d5689e1427" publication-type="book">
Id.  </mixed-citation>
            </p>
         </fn>
         <fn id="d5689e1436a1310">
            <label>32</label>
            <p>
               <mixed-citation id="d5689e1443" publication-type="journal">
Nelken, supra note 16, at 105-06.  <fpage>105</fpage>
               </mixed-citation>
            </p>
         </fn>
         <fn id="d5689e1455a1310">
            <label>33</label>
            <p>
               <mixed-citation id="d5689e1462" publication-type="journal">
Richard Berke, Fears of Crime Rival Concern Over Economy, N.Y. TIMES, Jan. 22, 1994, at
1 (New York Times/CBS News Poll).<person-group>
                     <string-name>
                        <surname>Berke</surname>
                     </string-name>
                  </person-group>
                  <issue>Jan. 22</issue>
                  <fpage>1</fpage>
                  <source>N.Y. Times</source>
                  <year>1994</year>
               </mixed-citation>
            </p>
         </fn>
         <fn id="d5689e1494a1310">
            <label>34</label>
            <p>
               <mixed-citation id="d5689e1501" publication-type="journal">
Tushnet &amp; Jaff, supra note 19.  </mixed-citation>
            </p>
         </fn>
         <fn id="d5689e1511a1310">
            <label>35</label>
            <p>
               <mixed-citation id="d5689e1518" publication-type="journal">
Id. at 361.  <fpage>361</fpage>
               </mixed-citation>
            </p>
         </fn>
         <fn id="d5689e1530a1310">
            <label>36</label>
            <p>
               <mixed-citation id="d5689e1537" publication-type="journal">
Id. at 361-62.  <fpage>361</fpage>
               </mixed-citation>
            </p>
         </fn>
         <fn id="d5689e1549a1310">
            <label>37</label>
            <p>
               <mixed-citation id="d5689e1556" publication-type="journal">
Id. at 375  <fpage>375</fpage>
               </mixed-citation>
            </p>
         </fn>
         <fn id="d5689e1568a1310">
            <label>38</label>
            <p>
               <mixed-citation id="d5689e1575" publication-type="journal">
Id. at 361  <fpage>361</fpage>
               </mixed-citation>
            </p>
         </fn>
         <fn id="d5689e1587a1310">
            <label>39</label>
            <p>
               <mixed-citation id="d5689e1594" publication-type="other">
434 U.S. 357 (1978).</mixed-citation>
            </p>
         </fn>
         <fn id="d5689e1601a1310">
            <label>40</label>
            <p>
               <mixed-citation id="d5689e1608" publication-type="journal">
Tushnet &amp; Jaff, supra note 19, at 362.  <fpage>362</fpage>
               </mixed-citation>
            </p>
         </fn>
         <fn id="d5689e1621a1310">
            <label>41</label>
            <p>
               <mixed-citation id="d5689e1628" publication-type="other">
434 U.S. at 358.</mixed-citation>
            </p>
         </fn>
         <fn id="d5689e1635a1310">
            <label>42</label>
            <p>
               <mixed-citation id="d5689e1642" publication-type="other">
Id. at 359.</mixed-citation>
            </p>
         </fn>
         <fn id="d5689e1649a1310">
            <label>43</label>
            <p>
               <mixed-citation id="d5689e1656" publication-type="other">
Id. at 358.</mixed-citation>
            </p>
         </fn>
         <fn id="d5689e1663a1310">
            <label>44</label>
            <p>
               <mixed-citation id="d5689e1670" publication-type="other">
Id. at 359.</mixed-citation>
            </p>
         </fn>
         <fn id="d5689e1677a1310">
            <label>45</label>
            <p>
               <mixed-citation id="d5689e1684" publication-type="other">
Id.</mixed-citation>
            </p>
         </fn>
         <fn id="d5689e1691a1310">
            <label>46</label>
            <p>
               <mixed-citation id="d5689e1698" publication-type="other">
Id. at 361.</mixed-citation>
            </p>
         </fn>
         <fn id="d5689e1706a1310">
            <label>47</label>
            <p>
               <mixed-citation id="d5689e1713" publication-type="other">
Id. at 365.</mixed-citation>
            </p>
         </fn>
         <fn id="d5689e1720a1310">
            <label>48</label>
            <p>
               <mixed-citation id="d5689e1727" publication-type="other">
Id. at 364.</mixed-citation>
            </p>
         </fn>
         <fn id="d5689e1734a1310">
            <label>49</label>
            <p>
               <mixed-citation id="d5689e1741" publication-type="other">
Id. at 366.</mixed-citation>
            </p>
         </fn>
         <fn id="d5689e1748a1310">
            <label>50</label>
            <p>
               <mixed-citation id="d5689e1755" publication-type="other">
Bordenkircher v. Hayes, 434 U.S. 357, 369 (1978).</mixed-citation>
            </p>
         </fn>
         <fn id="d5689e1762a1310">
            <label>51</label>
            <p>
               <mixed-citation id="d5689e1769" publication-type="journal">
Tushnet &amp; Jaff, supra note 19, at 366  <fpage>366</fpage>
               </mixed-citation>
            </p>
         </fn>
         <fn id="d5689e1781a1310">
            <label>52</label>
            <p>
               <mixed-citation id="d5689e1788" publication-type="journal">
Id.  </mixed-citation>
            </p>
         </fn>
         <fn id="d5689e1798a1310">
            <label>53</label>
            <p>
               <mixed-citation id="d5689e1805" publication-type="journal">
Id. at 366-67.  <fpage>366</fpage>
               </mixed-citation>
            </p>
         </fn>
         <fn id="d5689e1817a1310">
            <label>54</label>
            <p>
               <mixed-citation id="d5689e1824" publication-type="journal">
Id. at 367.  <fpage>367</fpage>
               </mixed-citation>
            </p>
         </fn>
         <fn id="d5689e1836a1310">
            <label>55</label>
            <p>
               <mixed-citation id="d5689e1843" publication-type="journal">
Id. at 368.  <fpage>368</fpage>
               </mixed-citation>
            </p>
         </fn>
         <fn id="d5689e1855a1310">
            <label>56</label>
            <p>
               <mixed-citation id="d5689e1862" publication-type="journal">
Id.  </mixed-citation>
            </p>
         </fn>
         <fn id="d5689e1871a1310">
            <label>57</label>
            <p>
               <mixed-citation id="d5689e1878" publication-type="journal">
Id. at 369.  <fpage>369</fpage>
               </mixed-citation>
            </p>
         </fn>
         <fn id="d5689e1890a1310">
            <label>58</label>
            <p>
               <mixed-citation id="d5689e1897" publication-type="journal">
Id. at 368.  <fpage>368</fpage>
               </mixed-citation>
            </p>
         </fn>
         <fn id="d5689e1910a1310">
            <label>59</label>
            <p>
               <mixed-citation id="d5689e1917" publication-type="journal">
Id. at 370.  <fpage>370</fpage>
               </mixed-citation>
            </p>
         </fn>
         <fn id="d5689e1929a1310">
            <label>60</label>
            <p>
               <mixed-citation id="d5689e1936" publication-type="journal">
Id.  </mixed-citation>
            </p>
         </fn>
         <fn id="d5689e1945a1310">
            <label>61</label>
            <p>
               <mixed-citation id="d5689e1952" publication-type="journal">
Id.  </mixed-citation>
            </p>
         </fn>
         <fn id="d5689e1961a1310">
            <label>62</label>
            <p>
               <mixed-citation id="d5689e1968" publication-type="journal">
Id.  </mixed-citation>
            </p>
         </fn>
         <fn id="d5689e1977a1310">
            <label>63</label>
            <p>
               <mixed-citation id="d5689e1984" publication-type="journal">
Id. at 371  <fpage>371</fpage>
               </mixed-citation>
            </p>
            <p>
               <mixed-citation id="d5689e1995" publication-type="journal">
Id  </mixed-citation>
            </p>
         </fn>
         <fn id="d5689e2004a1310">
            <label>64</label>
            <p>
               <mixed-citation id="d5689e2011" publication-type="journal">
Id. at 371, 374.  <fpage>371</fpage>
               </mixed-citation>
            </p>
         </fn>
         <fn id="d5689e2024a1310">
            <label>65</label>
            <p>
               <mixed-citation id="d5689e2031" publication-type="journal">
Id. at 372-73  <fpage>372</fpage>
               </mixed-citation>
            </p>
         </fn>
         <fn id="d5689e2043a1310">
            <label>66</label>
            <p>
               <mixed-citation id="d5689e2050" publication-type="journal">
Id. at 373.  <fpage>373</fpage>
               </mixed-citation>
            </p>
         </fn>
         <fn id="d5689e2062a1310">
            <label>67</label>
            <p>
               <mixed-citation id="d5689e2069" publication-type="journal">
Id.  </mixed-citation>
            </p>
         </fn>
         <fn id="d5689e2078a1310">
            <label>68</label>
            <p>
               <mixed-citation id="d5689e2085" publication-type="journal">
Id. at 374.  <fpage>374</fpage>
               </mixed-citation>
            </p>
         </fn>
         <fn id="d5689e2097a1310">
            <label>69</label>
            <p>
               <mixed-citation id="d5689e2104" publication-type="journal">
Id.  </mixed-citation>
            </p>
         </fn>
         <fn id="d5689e2113a1310">
            <label>70</label>
            <p>
               <mixed-citation id="d5689e2120" publication-type="journal">
Id.  </mixed-citation>
            </p>
         </fn>
         <fn id="d5689e2130a1310">
            <label>71</label>
            <p>
               <mixed-citation id="d5689e2137" publication-type="journal">
Id. at 375  <fpage>375</fpage>
               </mixed-citation>
            </p>
         </fn>
         <fn id="d5689e2149a1310">
            <label>72</label>
            <p>
               <mixed-citation id="d5689e2156" publication-type="other">
Lockhart v. McCree, 476 U.S. 162 (1986)</mixed-citation>
            </p>
         </fn>
         <fn id="d5689e2163a1310">
            <label>73</label>
            <p>
               <mixed-citation id="d5689e2170" publication-type="book">
FRANKLIN ZIMRING &amp;8 GORDON HAWKINS, CAPITAL PUNISHMENT AND THE AMERICAN
AGENDA 34-35 (1986)<person-group>
                     <string-name>
                        <surname>Zimring</surname>
                     </string-name>
                  </person-group>
                  <fpage>34</fpage>
                  <source>Capital Punishment And The American Agenda</source>
                  <year>1986</year>
               </mixed-citation>
            </p>
         </fn>
         <fn id="d5689e2199a1310">
            <label>74</label>
            <p>
               <mixed-citation id="d5689e2206" publication-type="other">
McCleskey v. Kemp, 481 U.S. 279, 283 (1987).</mixed-citation>
            </p>
         </fn>
         <fn id="d5689e2213a1310">
            <label>75</label>
            <p>
               <mixed-citation id="d5689e2220" publication-type="other">
Id. at 284-85.</mixed-citation>
            </p>
         </fn>
         <fn id="d5689e2227a1310">
            <label>76</label>
            <p>
               <mixed-citation id="d5689e2234" publication-type="other">
Id. at 285.</mixed-citation>
            </p>
         </fn>
         <fn id="d5689e2242a1310">
            <label>77</label>
            <p>
               <mixed-citation id="d5689e2249" publication-type="other">
Id. at 286.</mixed-citation>
            </p>
         </fn>
         <fn id="d5689e2256a1310">
            <label>78</label>
            <p>
               <mixed-citation id="d5689e2263" publication-type="other">
Id.</mixed-citation>
            </p>
         </fn>
         <fn id="d5689e2270a1310">
            <label>79</label>
            <p>
               <mixed-citation id="d5689e2277" publication-type="other">
Id. at 286-87</mixed-citation>
            </p>
            <p>
               <mixed-citation id="d5689e2283" publication-type="book">
DAVID C. BALDUS ET AL., EQUAL JUSTICE AND THE DEATH PENALTY (1990)<person-group>
                     <string-name>
                        <surname>Baldus</surname>
                     </string-name>
                  </person-group>
                  <source>Equal Justice And The Death Penalty</source>
                  <year>1990</year>
               </mixed-citation>
            </p>
         </fn>
         <fn id="d5689e2305a1310">
            <label>80</label>
            <p>
               <mixed-citation id="d5689e2314" publication-type="book">
BALDUS ET AL., supra note 79  </mixed-citation>
            </p>
            <p>
               <mixed-citation id="d5689e2322" publication-type="other">
McClesky, 481 U.S. at 286-87</mixed-citation>
            </p>
            <p>
               <mixed-citation id="d5689e2329" publication-type="other">
Georgia between 1973 and 1979</mixed-citation>
            </p>
            <p>
               <mixed-citation id="d5689e2335" publication-type="book">
BALDUS ET AL., supra note 79, at 45  <fpage>75</fpage>
               </mixed-citation>
            </p>
         </fn>
         <fn id="d5689e2347a1310">
            <label>81</label>
            <p>
               <mixed-citation id="d5689e2354" publication-type="other">
McCleskey, 481 U.S. at 286-87.</mixed-citation>
            </p>
         </fn>
         <fn id="d5689e2361a1310">
            <label>82</label>
            <p>
               <mixed-citation id="d5689e2368" publication-type="other">
Id. at 286.</mixed-citation>
            </p>
         </fn>
         <fn id="d5689e2376a1310">
            <label>83</label>
            <p>
               <mixed-citation id="d5689e2383" publication-type="other">
Id.</mixed-citation>
            </p>
         </fn>
         <fn id="d5689e2390a1310">
            <label>84</label>
            <p>
               <mixed-citation id="d5689e2397" publication-type="other">
Id.</mixed-citation>
            </p>
         </fn>
         <fn id="d5689e2404a1310">
            <label>85</label>
            <p>
               <mixed-citation id="d5689e2411" publication-type="other">
Id. at 287.</mixed-citation>
            </p>
         </fn>
         <fn id="d5689e2418a1310">
            <label>86</label>
            <p>
               <mixed-citation id="d5689e2425" publication-type="other">
White, O'Connor, and Scalia. Justices Brennan, Marshall, Stevens, and Blackmun
dissented. Id. at 282</mixed-citation>
            </p>
         </fn>
         <fn id="d5689e2435a1310">
            <label>87</label>
            <p>
               <mixed-citation id="d5689e2442" publication-type="other">
Id. at 297.</mixed-citation>
            </p>
         </fn>
         <fn id="d5689e2449a1310">
            <label>88</label>
            <p>
               <mixed-citation id="d5689e2456" publication-type="other">
Id. at 312.</mixed-citation>
            </p>
         </fn>
         <fn id="d5689e2464a1310">
            <label>89</label>
            <p>
               <mixed-citation id="d5689e2471" publication-type="other">
Id. at 313.</mixed-citation>
            </p>
         </fn>
         <fn id="d5689e2478a1310">
            <label>90</label>
            <p>
               <mixed-citation id="d5689e2485" publication-type="other">
Id. at 319</mixed-citation>
            </p>
            <p>
               <mixed-citation id="d5689e2491" publication-type="other">
H.R. Rep. No. 711, 103d Cong., 2d. Sess. (1994) (1994 Crime Bill, Racial Justice Provision)</mixed-citation>
            </p>
            <p>
               <mixed-citation id="d5689e2497" publication-type="journal">
Ronald J. Tabak, Is Racism Irrelevant? Or Should the Fairness in Death Sentencing Act be Enacted
to Substantially Diminish Racial Discrimination in Capital Sentencing?, 18 N.Y.U. REV. L. &amp; Soc.
CHANGE 777 (1990-1991)<person-group>
                     <string-name>
                        <surname>Tabak</surname>
                     </string-name>
                  </person-group>
                  <fpage>777</fpage>
                  <volume>18</volume>
                  <source>N.Y.U. Rev. L. &amp; Soc. Change</source>
                  <year>1990</year>
               </mixed-citation>
            </p>
            <p>
               <mixed-citation id="d5689e2532" publication-type="other">
Vada Berger et al., Note, Too Much Justice: A Legislative Response to
McCleskey v. Kemp, 24 HARV. C.R.-C.L. L. REV. 437 (1989)</mixed-citation>
            </p>
            <p>
               <mixed-citation id="d5689e2541" publication-type="other">
Warren McCleskey was exe-
cuted on September 25, 1991</mixed-citation>
            </p>
            <p>
               <mixed-citation id="d5689e2550" publication-type="other">
NAACP LEGAL DEFENSE &amp; EDUCATION FUND INC., DEATH
Row, USA 8 (Summer 1994)</mixed-citation>
            </p>
         </fn>
         <fn id="d5689e2560a1310">
            <label>91</label>
            <p>
               <mixed-citation id="d5689e2567" publication-type="other">
McCleskey, 481 U.S. at 293-94</mixed-citation>
            </p>
            <p>
               <mixed-citation id="d5689e2573" publication-type="other">
Castenada v. Partida, 430 U.S. 482 (1977) (venire
selection)</mixed-citation>
            </p>
            <p>
               <mixed-citation id="d5689e2582" publication-type="other">
Bazemore v. Friday, 478 U.S. 385 (1986) (Title VII)</mixed-citation>
            </p>
         </fn>
         <fn id="d5689e2589a1310">
            <label>92</label>
            <p>
               <mixed-citation id="d5689e2596" publication-type="other">
McCleskey, 481 U.S. at 294.</mixed-citation>
            </p>
         </fn>
         <fn id="d5689e2603a1310">
            <label>93</label>
            <p>
               <mixed-citation id="d5689e2610" publication-type="other">
Id.</mixed-citation>
            </p>
         </fn>
         <fn id="d5689e2617a1310">
            <label>94</label>
            <p>
               <mixed-citation id="d5689e2624" publication-type="other">
Id. at 294-95.</mixed-citation>
            </p>
         </fn>
         <fn id="d5689e2632a1310">
            <label>95</label>
            <p>
               <mixed-citation id="d5689e2639" publication-type="other">
Id. at 296.</mixed-citation>
            </p>
         </fn>
         <fn id="d5689e2646a1310">
            <label>96</label>
            <p>
               <mixed-citation id="d5689e2653" publication-type="other">
Vero-
nica Patton, Comment, RethinkingEqual Protection Doctrine in the Wake ofMcCleskey v. Kemp,
11 NAT'L BLACK L.J. 348 (1990)</mixed-citation>
            </p>
         </fn>
         <fn id="d5689e2666a1310">
            <label>97</label>
            <p>
               <mixed-citation id="d5689e2673" publication-type="other">
McCleskey, 481 U.S. at 296.</mixed-citation>
            </p>
         </fn>
         <fn id="d5689e2680a1310">
            <label>98</label>
            <p>
               <mixed-citation id="d5689e2687" publication-type="other">
Id. at 297.</mixed-citation>
            </p>
         </fn>
         <fn id="d5689e2694a1310">
            <label>99</label>
            <p>
               <mixed-citation id="d5689e2701" publication-type="other">
Id. at 308-09 (quoting Turner v. Murray, 476 U.S. 28, 36 n.8 (1986)).</mixed-citation>
            </p>
         </fn>
         <fn id="d5689e2708a1310">
            <label>100</label>
            <p>
               <mixed-citation id="d5689e2715" publication-type="journal">
Johnson, supra note 19, at 1018  <fpage>1018</fpage>
               </mixed-citation>
            </p>
            <p>
               <mixed-citation id="d5689e2726" publication-type="other">
Johnson comments,
"apparently a 300% or 400% overrepresentation in the ranks of the condemned is not
stark enough even when that overrepresentation cannot be explained in a noninvidious way." Id</mixed-citation>
            </p>
         </fn>
         <fn id="d5689e2740a1310">
            <label>101</label>
            <p>
               <mixed-citation id="d5689e2747" publication-type="other">
McCleskey, 481 U.S. at 307.</mixed-citation>
            </p>
         </fn>
         <fn id="d5689e2754a1310">
            <label>102</label>
            <p>
               <mixed-citation id="d5689e2761" publication-type="other">
Id. at 300 (citing Weems v. United States, 217 U.S. 349, 378 (1910)).</mixed-citation>
            </p>
         </fn>
         <fn id="d5689e2768a1310">
            <label>103</label>
            <p>
               <mixed-citation id="d5689e2775" publication-type="other">
Id. (quoting Trop v. Dulles, 356 U.S. 86, 101 (1958)).</mixed-citation>
            </p>
         </fn>
         <fn id="d5689e2782a1310">
            <label>104</label>
            <p>
               <mixed-citation id="d5689e2789" publication-type="other">
408 U.S. 238 (1972).</mixed-citation>
            </p>
         </fn>
         <fn id="d5689e2796a1310">
            <label>105</label>
            <p>
               <mixed-citation id="d5689e2803" publication-type="other">
McCleskey, 481 U.S. at 301.</mixed-citation>
            </p>
         </fn>
         <fn id="d5689e2810a1310">
            <label>106</label>
            <p>
               <mixed-citation id="d5689e2817" publication-type="other">
Id. at 300.</mixed-citation>
            </p>
         </fn>
         <fn id="d5689e2825a1310">
            <label>107</label>
            <p>
               <mixed-citation id="d5689e2832" publication-type="book">
Robert M. Bohm, American Death
Penalty Opinion, 1936-1986: A Critical Examination of the Gallup Polls, in THE DEATH PENALTY
IN AMERICA: CURRENT RESEARCH 113-45 (Robert M. Bohm ed., 1991)<person-group>
                     <string-name>
                        <surname>Bohm</surname>
                     </string-name>
                  </person-group>
                  <comment content-type="section">American Death Penalty Opinion, 1936-1986: A Critical Examination of the Gallup Polls</comment>
                  <fpage>113</fpage>
                  <source>The Death Penalty In America: Current Research</source>
                  <year>1991</year>
               </mixed-citation>
            </p>
            <p>
               <mixed-citation id="d5689e2866" publication-type="book">
RAYMOND PATERNOSTER, CAPITAL PUNISHMENT IN AMERICA 275-81
(1991)<person-group>
                     <string-name>
                        <surname>Paternoster</surname>
                     </string-name>
                  </person-group>
                  <fpage>275</fpage>
                  <source>Capital Punishment In America</source>
               </mixed-citation>
            </p>
         </fn>
         <fn id="d5689e2891a1310">
            <label>108</label>
            <p>
               <mixed-citation id="d5689e2898" publication-type="other">
Trop v. Dulles, 356 U.S. 86, 101 (1958).</mixed-citation>
            </p>
         </fn>
         <fn id="d5689e2905a1310">
            <label>109</label>
            <p>
               <mixed-citation id="d5689e2912" publication-type="other">
Furman v. Georgia, 408 U.S. 238 (1972) (plurality opinion).</mixed-citation>
            </p>
         </fn>
         <fn id="d5689e2919a1310">
            <label>110</label>
            <p>
               <mixed-citation id="d5689e2926" publication-type="book">
PATERNOSTER, supra note 107  </mixed-citation>
            </p>
         </fn>
         <fn id="d5689e2935a1310">
            <label>111</label>
            <p>
               <mixed-citation id="d5689e2942" publication-type="book">
Id. at 268  <fpage>268</fpage>
               </mixed-citation>
            </p>
         </fn>
         <fn id="d5689e2954a1310">
            <label>112</label>
            <p>
               <mixed-citation id="d5689e2961" publication-type="other">
McCleskey v. Kemp, 481 U.S. 279, 315 (1987).</mixed-citation>
            </p>
         </fn>
         <fn id="d5689e2969a1310">
            <label>113</label>
            <p>
               <mixed-citation id="d5689e2976" publication-type="other">
Id. at 315-18.</mixed-citation>
            </p>
         </fn>
         <fn id="d5689e2983a1310">
            <label>114</label>
            <p>
               <mixed-citation id="d5689e2990" publication-type="other">
Id. at 314-17.</mixed-citation>
            </p>
         </fn>
         <fn id="d5689e2997a1310">
            <label>115</label>
            <p>
               <mixed-citation id="d5689e3004" publication-type="journal">
Note, Developments in the Law: Race and the Criminal Process, 101 HARV. L. REV. 1472,
1611 (1988)<person-group>
                     <string-name>
                        <surname>Note</surname>
                     </string-name>
                  </person-group>
                  <fpage>1611</fpage>
                  <volume>1472</volume>
                  <source>101 Harv. L. Rev.</source>
                  <year>1988</year>
               </mixed-citation>
            </p>
         </fn>
         <fn id="d5689e3036a1310">
            <label>117</label>
            <p>
               <mixed-citation id="d5689e3043" publication-type="other">
McCleskey, 481 U.S. at 319.</mixed-citation>
            </p>
         </fn>
         <fn id="d5689e3050a1310">
            <label>118</label>
            <p>
               <mixed-citation id="d5689e3057" publication-type="other">
Id. at 311.</mixed-citation>
            </p>
         </fn>
         <fn id="d5689e3064a1310">
            <label>119</label>
            <p>
               <mixed-citation id="d5689e3071" publication-type="other">
Id.</mixed-citation>
            </p>
         </fn>
         <fn id="d5689e3079a1310">
            <label>120</label>
            <p>
               <mixed-citation id="d5689e3086" publication-type="journal">
Tushnet &amp;Jaff, supra note 19, at 376  <fpage>376</fpage>
               </mixed-citation>
            </p>
            <p>
               <mixed-citation id="d5689e3097" publication-type="journal">
Id  </mixed-citation>
            </p>
         </fn>
         <fn id="d5689e3106a1310">
            <label>121</label>
            <p>
               <mixed-citation id="d5689e3113" publication-type="journal">
Crenshaw, supra note 9, at 1336.  <fpage>1336</fpage>
               </mixed-citation>
            </p>
         </fn>
         <fn id="d5689e3125a1310">
            <label>122</label>
            <p>
               <mixed-citation id="d5689e3132" publication-type="journal">
Id.  </mixed-citation>
            </p>
         </fn>
         <fn id="d5689e3141a1310">
            <label>123</label>
            <p>
               <mixed-citation id="d5689e3148" publication-type="journal">
Gary Peller, Criminal Law, Race, and the Ideology of Bias: Transcending the Critical Tools
of the Sixties, 67 TUL. L. REV. 2231, 2245 (1993).<person-group>
                     <string-name>
                        <surname>Peller</surname>
                     </string-name>
                  </person-group>
                  <fpage>2245</fpage>
                  <volume>2231</volume>
                  <source>67 Tul. L. Rev.</source>
                  <year>1993</year>
               </mixed-citation>
            </p>
         </fn>
         <fn id="d5689e3180a1310">
            <label>124</label>
            <p>
               <mixed-citation id="d5689e3187" publication-type="book">
Frankie Y. Bailey, Law, Justice, and "Americans": An Historical Overview, in RACE
AND CRIMINAL JUSTICE 10-21 (Michael J. Lynch &amp; E. Britt Patterson eds., 1991)<person-group>
                     <string-name>
                        <surname>Bailey</surname>
                     </string-name>
                  </person-group>
                  <comment content-type="section">Law, Justice, and "Americans": An Historical Overview</comment>
                  <fpage>10</fpage>
                  <source>Race And Criminal Justice</source>
                  <year>1991</year>
               </mixed-citation>
            </p>
         </fn>
         <fn id="d5689e3219a1310">
            <label>125</label>
            <p>
               <mixed-citation id="d5689e3226" publication-type="book">
CORAMAE R. MANN, UNEQUAL JUSTICE: A QUESTION OF COLOR (1993)<person-group>
                     <string-name>
                        <surname>Mann</surname>
                     </string-name>
                  </person-group>
                  <source>Unequal Justice: A Question Of Color</source>
                  <year>1993</year>
               </mixed-citation>
            </p>
         </fn>
         <fn id="d5689e3249a1310">
            <label>126</label>
            <p>
               <mixed-citation id="d5689e3256" publication-type="book">
ZIMRING &amp; HAWKINS, supra note 73  </mixed-citation>
            </p>
         </fn>
         <fn id="d5689e3265a1310">
            <label>127</label>
            <p>
               <mixed-citation id="d5689e3272" publication-type="other">
McCleskey v. Kemp, 481 U.S. 279, 293-94 (1987)</mixed-citation>
            </p>
         </fn>
         <fn id="d5689e3279a1310">
            <label>128</label>
            <p>
               <mixed-citation id="d5689e3286" publication-type="book">
SAMUEL R. GROSS &amp; ROBERT MAURO, DEATH AND DISCRIMINATION: RACIAL
DISPARITIES IN CAPITAL SENTENCING (1989)<person-group>
                     <string-name>
                        <surname>Gross</surname>
                     </string-name>
                  </person-group>
                  <source>Death And Discrimination: Racial Disparities In Capital Sentencing</source>
                  <year>1989</year>
               </mixed-citation>
            </p>
            <p>
               <mixed-citation id="d5689e3310" publication-type="other">
Coker v. Georgia, 433 U.S. 584
(1977)</mixed-citation>
            </p>
            <p>
               <mixed-citation id="d5689e3319" publication-type="other">
GROSS &amp; MAURO, supra, at
123</mixed-citation>
            </p>
         </fn>
         <fn id="d5689e3329a1310">
            <label>129</label>
            <p>
               <mixed-citation id="d5689e3336" publication-type="journal">
Johnson, supra note 19  </mixed-citation>
            </p>
         </fn>
         <fn id="d5689e3345a1310">
            <label>130</label>
            <p>
               <mixed-citation id="d5689e3352" publication-type="journal">
Id. at 1016-17  <fpage>1016</fpage>
               </mixed-citation>
            </p>
            <p>
               <mixed-citation id="d5689e3363" publication-type="journal">
Charles Lawrence, The Id, the Ego, and Equal Protection: Reckoning with
Unconscious Racism, 39 STAN. L. REV. 317 (1987)<person-group>
                     <string-name>
                        <surname>Lawrence</surname>
                     </string-name>
                  </person-group>
                  <fpage>317</fpage>
                  <source>39 Stan. L. Rev.</source>
                  <year>1987</year>
               </mixed-citation>
            </p>
         </fn>
         <fn id="d5689e3392a1310">
            <label>131</label>
            <p>
               <mixed-citation id="d5689e3399" publication-type="journal">
Id. at 1017  <fpage>1017</fpage>
               </mixed-citation>
            </p>
            <p>
               <mixed-citation id="d5689e3410" publication-type="other">
U.S. v. Clary, 846 F. Supp. 768, 774 (E.D. Mo.), rev'd, 34 F.3d 709
(8th Cir. 1994)</mixed-citation>
            </p>
         </fn>
         <fn id="d5689e3421a1310">
            <label>132</label>
            <p>
               <mixed-citation id="d5689e3428" publication-type="journal">
Johnson, supra note 19, at 1019.  <fpage>1019</fpage>
               </mixed-citation>
            </p>
         </fn>
         <fn id="d5689e3440a1310">
            <label>133</label>
            <p>
               <mixed-citation id="d5689e3447" publication-type="journal">
Patricia Williams, Spirit-Murdering the Messenger: The Discourse of Fingerpointing
as the Law's Response to Racism, 42 U. MIAMI L. REV. 127, 150-55 (1987) (discussing 'social-
ized blindness')<person-group>
                     <string-name>
                        <surname>Williams</surname>
                     </string-name>
                  </person-group>
                  <fpage>150</fpage>
                  <volume>127</volume>
                  <source>42 U. Miami L. Rev.</source>
                  <year>1987</year>
               </mixed-citation>
            </p>
         </fn>
         <fn id="d5689e3482a1310">
            <label>134</label>
            <p>
               <mixed-citation id="d5689e3489" publication-type="journal">
Ann Devroy &amp;
Kenneth Cooper, $30 Billion Voted to Combat Crime, WASH. POST, July 29, 1994, at Al, A10<person-group>
                     <string-name>
                        <surname>Devroy</surname>
                     </string-name>
                  </person-group>
                  <issue>July 29</issue>
                  <fpage>Al</fpage>
                  <source>Wash. Post</source>
                  <year>1994</year>
               </mixed-citation>
            </p>
         </fn>
         <fn id="d5689e3521a1310">
            <label>135</label>
            <p>
               <mixed-citation id="d5689e3528" publication-type="other">
GROSS &amp; MAURO, supra note 128, at 119</mixed-citation>
            </p>
         </fn>
         <fn id="d5689e3535a1310">
            <label>136</label>
            <p>
               <mixed-citation id="d5689e3542" publication-type="other">
McCleskey v. Kemp, 481 U.S. 279, 293-94 (1987)</mixed-citation>
            </p>
         </fn>
         <fn id="d5689e3549a1310">
            <label>137</label>
            <p>
               <mixed-citation id="d5689e3556" publication-type="journal">
Nelken, supra note 16, at 112  <fpage>112</fpage>
               </mixed-citation>
            </p>
            <p>
               <mixed-citation id="d5689e3567" publication-type="journal">
Id  </mixed-citation>
            </p>
         </fn>
         <fn id="d5689e3577a1310">
            <label>139</label>
            <p>
               <mixed-citation id="d5689e3584" publication-type="journal">
Goldfarb, supra note 10  </mixed-citation>
            </p>
         </fn>
         <fn id="d5689e3593a1310">
            <label>140</label>
            <p>
               <mixed-citation id="d5689e3600" publication-type="journal">
Friedrichs, supra note 3, at 19.  <fpage>19</fpage>
               </mixed-citation>
            </p>
         </fn>
      </fn-group>
   </back>
</article>
