<article xmlns:xsi="http://www.w3.org/2001/XMLSchema-instance"
         xmlns:xlink="http://www.w3.org/1999/xlink"
         xmlns:mml="http://www.w3.org/1998/Math/MathML"
         dtd-version="1.0"
         article-type="research-article">
   <front>
      <journal-meta>
         <journal-id journal-id-type="jstor">jcrimlawcrim1973</journal-id>
         <journal-id journal-id-type="jstor">j100481</journal-id>
         <journal-title-group>
            <journal-title>The Journal of Criminal Law and Criminology (1973-)</journal-title>
         </journal-title-group>
         <publisher>
            <publisher-name>Northwestern University School of Law</publisher-name>
         </publisher>
         <issn pub-type="ppub">00914169</issn>
      </journal-meta>
      <article-meta>
         <article-id pub-id-type="doi">10.2307/1144269</article-id>
         <article-categories>
            <subj-group>
               <subject>Supreme Court Review</subject>
            </subj-group>
         </article-categories>
         <title-group>
            <article-title>The Tailoring of Statutory Bubble Zones: Balancing Free Speech and Patients' Rights</article-title>
         </title-group>
         <contrib-group>
            <contrib contrib-type="author">
               <string-name>
                  <given-names>Kristen G.</given-names>
                  <surname>Cowan</surname>
               </string-name>
            </contrib>
         </contrib-group>
         <pub-date>
            <day>1</day>
            <month>1</month>
            <year>2001</year>
         </pub-date>
         <volume>91</volume>
         <issue>2</issue>
         <issue-id>i247882</issue-id>
         <fpage>385</fpage>
         <lpage>428</lpage>
         <page-range>385-428</page-range>
         <permissions>
            <copyright-statement>Copyright 2001 Northwestern University, School of Law</copyright-statement>
         </permissions>
         <self-uri xlink:href="http://www.jstor.org/stable/1144269"/>
         <custom-meta-group>
            <custom-meta>
               <meta-name>lang</meta-name>
               <meta-value>eng</meta-value>
            </custom-meta>
         </custom-meta-group>
      </article-meta>
   </front>
   <back>
      <fn-group>
         <title>[Footnotes]</title>
         <fn id="d3864e123a1310">
            <label>1</label>
            <p>
               <mixed-citation id="d3864e130" publication-type="other">
120 S. Ct. 2480 (2000).</mixed-citation>
            </p>
         </fn>
         <fn id="d3864e137a1310">
            <label>2</label>
            <p>
               <mixed-citation id="d3864e144" publication-type="other">
COLO. REV. STAT. § 18-9-122 (1999).</mixed-citation>
            </p>
         </fn>
         <fn id="d3864e151a1310">
            <label>3</label>
            <p>
               <mixed-citation id="d3864e158" publication-type="other">
COLO. REV. STAT. § 18-9-122(3) (1999).</mixed-citation>
            </p>
         </fn>
         <fn id="d3864e165a1310">
            <label>4</label>
            <p>
               <mixed-citation id="d3864e172" publication-type="other">
Hill v. Colorado, 120 S. Ct. 2480, 2482-83 (2000).</mixed-citation>
            </p>
         </fn>
         <fn id="d3864e180a1310">
            <label>5</label>
            <p>
               <mixed-citation id="d3864e187" publication-type="other">
Madsen v. Women's Health Center, Inc., 512 U.S. 753, 757 (1994).</mixed-citation>
            </p>
         </fn>
         <fn id="d3864e194a1310">
            <label>8</label>
            <p>
               <mixed-citation id="d3864e201" publication-type="other">
Clark v. Community for Creative Non-Violence, 468 U.S. 288, 293 (1984)</mixed-citation>
            </p>
            <p>
               <mixed-citation id="d3864e207" publication-type="other">
Ward v. Rock Against Racism, 491 U.S. 781, 791 (1989)</mixed-citation>
            </p>
            <p>
               <mixed-citation id="d3864e213" publication-type="other">
Turner Broadcasting System, Inc. v. FCC, 512
U.S. 622, 642 (1994).</mixed-citation>
            </p>
         </fn>
         <fn id="d3864e223a1310">
            <label>9</label>
            <p>
               <mixed-citation id="d3864e230" publication-type="other">
infra Part V.A.</mixed-citation>
            </p>
         </fn>
         <fn id="d3864e237a1310">
            <label>10</label>
            <p>
               <mixed-citation id="d3864e244" publication-type="other">
infra Part V.C.</mixed-citation>
            </p>
         </fn>
         <fn id="d3864e251a1310">
            <label>11</label>
            <p>
               <mixed-citation id="d3864e258" publication-type="other">
infra Part V.D.</mixed-citation>
            </p>
         </fn>
         <fn id="d3864e265a1310">
            <label>12</label>
            <p>
               <mixed-citation id="d3864e272" publication-type="other">
infra Part V.E.</mixed-citation>
            </p>
         </fn>
         <fn id="d3864e280a1310">
            <label>13</label>
            <p>
               <mixed-citation id="d3864e287" publication-type="other">
Petitioners' Brief at *2-4, Hill v. Colorado, 120 S. Ct. 2480 (2000) (No. 98-1856)</mixed-citation>
            </p>
         </fn>
         <fn id="d3864e294a1310">
            <label>14</label>
            <p>
               <mixed-citation id="d3864e301" publication-type="journal">
Clay Calvert &amp; Robert D. Richards, New Millennium, Same Old Speech: Technology
Changes, but the First Amendment Issues Don't, 79 B.U. L. REV. 959, 984 n.108 (1999).<person-group>
                     <string-name>
                        <surname>Calvert</surname>
                     </string-name>
                  </person-group>
                  <fpage>959</fpage>
                  <volume>79</volume>
                  <source>B.U. L. Rev.</source>
                  <year>1999</year>
               </mixed-citation>
            </p>
         </fn>
         <fn id="d3864e333a1310">
            <label>15</label>
            <p>
               <mixed-citation id="d3864e340" publication-type="journal">
Safety Valve Closed: The Removal of Nonviolent Outlets for Dissent and the Onset
of Anti-Abortion Violence, 113 HARV. L. REV. 1210, 1211 (March 2000).<issue>March</issue>
                  <fpage>1210</fpage>
                  <volume>113</volume>
                  <source>Harv. L. Rev.</source>
                  <year>2000</year>
               </mixed-citation>
            </p>
         </fn>
         <fn id="d3864e366a1310">
            <label>16</label>
            <p>
               <mixed-citation id="d3864e373" publication-type="other">
Brief of Amici Curiae the State of New York et al., in Support of Respondents at
14-15, Hill v. Colorado, 120 S. Ct. 2480 (2000) (No. 98-1856)</mixed-citation>
            </p>
            <p>
               <mixed-citation id="d3864e382" publication-type="other">
Id.</mixed-citation>
            </p>
         </fn>
         <fn id="d3864e389a1310">
            <label>17</label>
            <p>
               <mixed-citation id="d3864e396" publication-type="journal">
Deborah A. Ellis &amp; Yolanda S. Wu, Of Buffer Zones and Broken Bones: Balancing Ac-
cess to Abortion and Anti-Abortion Protestors' First Amendment Rights in Schenck v. Pro-Choice
Network, 62 BROOK. L. REV. 547, 547-48 (1996).<person-group>
                     <string-name>
                        <surname>Ellis</surname>
                     </string-name>
                  </person-group>
                  <fpage>547</fpage>
                  <volume>62</volume>
                  <source>Brook. L. Rev.</source>
                  <year>1996</year>
               </mixed-citation>
            </p>
         </fn>
         <fn id="d3864e431a1310">
            <label>18</label>
            <p>
               <mixed-citation id="d3864e438" publication-type="journal">
David Olinger, State High Court Affirms Abortion 'Buffer Zone,'DENVER POST, Feb.
17, 1999, at B1.<person-group>
                     <string-name>
                        <surname>Olinger</surname>
                     </string-name>
                  </person-group>
                  <issue>Feb. 17</issue>
                  <fpage>B1</fpage>
                  <source>DENVER POST</source>
                  <year>1999</year>
               </mixed-citation>
            </p>
         </fn>
         <fn id="d3864e471a1310">
            <label>19</label>
            <p>
               <mixed-citation id="d3864e478" publication-type="other">
Schenck v. Pro-Choice Network of Western New York, 519 U.S. 357, 376
(1997)</mixed-citation>
            </p>
            <p>
               <mixed-citation id="d3864e487" publication-type="other">
Madsen v. Women's Health Center. Inc., 512 U.S. 753, 758 (1994)</mixed-citation>
            </p>
            <p>
               <mixed-citation id="d3864e493" publication-type="journal">
Tara K. Kelly, Note,
Silencing the Lambs: Restricting the First Amendment Rights of Abortion Clinic Protestors in
Madsen v. Women's Health Center, Inc., 68 S. CAL. L. REV. 427, 431-32 (1995)<person-group>
                     <string-name>
                        <surname>Kelly</surname>
                     </string-name>
                  </person-group>
                  <fpage>431</fpage>
                  <volume>68</volume>
                  <source>S. Cal. L. Rev.</source>
                  <year>1995</year>
               </mixed-citation>
            </p>
         </fn>
         <fn id="d3864e528a1310">
            <label>20</label>
            <p>
               <mixed-citation id="d3864e535" publication-type="other">
Schenck, 519 U.S. 357</mixed-citation>
            </p>
            <p>
               <mixed-citation id="d3864e541" publication-type="other">
Madsen, 512 U.S. 753</mixed-citation>
            </p>
            <p>
               <mixed-citation id="d3864e547" publication-type="journal">
Kelly, supra note 19  </mixed-citation>
            </p>
         </fn>
         <fn id="d3864e556a1310">
            <label>21</label>
            <p>
               <mixed-citation id="d3864e563" publication-type="book">
CAL. PENAL CODE § 602.11(a) (West 1999)<source>Cal. Penal Code</source>
                  <year>1999</year>
               </mixed-citation>
            </p>
            <p>
               <mixed-citation id="d3864e575" publication-type="book">
D.C. CODE ANN. § 22-1114.2(a) (1996)<source>D.C. Code Ann.</source>
                  <year>1996</year>
               </mixed-citation>
            </p>
            <p>
               <mixed-citation id="d3864e587" publication-type="book">
MD. CODEANN., Crimes and Punishment, Art. 27, § 577B (1999)<person-group>
                     <string-name>
                        <surname>Codeann</surname>
                     </string-name>
                  </person-group>
                  <fpage>577B</fpage>
                  <source>Crimes and Punishment, Art. 27</source>
                  <year>1999</year>
               </mixed-citation>
            </p>
            <p>
               <mixed-citation id="d3864e612" publication-type="book">
PHOENIX, ARIZ., CODE § 23-10.1 (1993)<source>Phoenix, Ariz., Code</source>
                  <year>1993</year>
               </mixed-citation>
            </p>
            <p>
               <mixed-citation id="d3864e624" publication-type="book">
SANTA BARBARA, CAL., CODE § 9.99 (1993)<source>Santa Barbara, Cal., Code</source>
                  <year>1993</year>
               </mixed-citation>
            </p>
            <p>
               <mixed-citation id="d3864e636" publication-type="book">
PENSACOLA, FLA., CODE § 8-1-18 (1995)<source>Pensacola, Fla., Code</source>
                  <year>1995</year>
               </mixed-citation>
            </p>
         </fn>
         <fn id="d3864e649a1310">
            <label>22</label>
            <p>
               <mixed-citation id="d3864e656" publication-type="other">
18 U.S.C. § 248 (1998).</mixed-citation>
            </p>
         </fn>
         <fn id="d3864e663a1310">
            <label>23</label>
            <p>
               <mixed-citation id="d3864e670" publication-type="other">
1999 National Clinic Violence Survey Report, Feminist Majority Foundation.
(January 19, 2000), available at &lt;http://www.feminist.org/research/cvsurveys/
1999/1999ClinicSurvey.htm&gt;.</mixed-citation>
            </p>
         </fn>
         <fn id="d3864e683a1310">
            <label>24</label>
            <p>
               <mixed-citation id="d3864e690" publication-type="other">
Id.</mixed-citation>
            </p>
         </fn>
         <fn id="d3864e698a1310">
            <label>25</label>
            <p>
               <mixed-citation id="d3864e705" publication-type="other">
Id.</mixed-citation>
            </p>
         </fn>
         <fn id="d3864e712a1310">
            <label>26</label>
            <p>
               <mixed-citation id="d3864e719" publication-type="other">
512 U.S. 753 (1994).</mixed-citation>
            </p>
         </fn>
         <fn id="d3864e726a1310">
            <label>27</label>
            <p>
               <mixed-citation id="d3864e733" publication-type="other">
Id. at 759-60.</mixed-citation>
            </p>
         </fn>
         <fn id="d3864e740a1310">
            <label>28</label>
            <p>
               <mixed-citation id="d3864e747" publication-type="other">
Id. at 776.</mixed-citation>
            </p>
         </fn>
         <fn id="d3864e754a1310">
            <label>29</label>
            <p>
               <mixed-citation id="d3864e761" publication-type="other">
Id. at 762-64.</mixed-citation>
            </p>
         </fn>
         <fn id="d3864e768a1310">
            <label>30</label>
            <p>
               <mixed-citation id="d3864e775" publication-type="other">
Ward v. Rock Against Racism, 491 U.S. 781, 804 (1989)</mixed-citation>
            </p>
         </fn>
         <fn id="d3864e783a1310">
            <label>31</label>
            <p>
               <mixed-citation id="d3864e790" publication-type="other">
Madsen, 512 U.S. at 765.</mixed-citation>
            </p>
         </fn>
         <fn id="d3864e797a1310">
            <label>32</label>
            <p>
               <mixed-citation id="d3864e804" publication-type="other">
Id.</mixed-citation>
            </p>
            <p>
               <mixed-citation id="d3864e810" publication-type="other">
Id. at 778</mixed-citation>
            </p>
            <p>
               <mixed-citation id="d3864e816" publication-type="other">
Id. at 782.</mixed-citation>
            </p>
         </fn>
         <fn id="d3864e823a1310">
            <label>33</label>
            <p>
               <mixed-citation id="d3864e830" publication-type="other">
Id. at 764.</mixed-citation>
            </p>
         </fn>
         <fn id="d3864e837a1310">
            <label>34</label>
            <p>
               <mixed-citation id="d3864e844" publication-type="other">
Id.</mixed-citation>
            </p>
         </fn>
         <fn id="d3864e851a1310">
            <label>35</label>
            <p>
               <mixed-citation id="d3864e858" publication-type="other">
Madsen v. Women's
Health Center, Inc., 512 U.S. 753, 768 (1994)</mixed-citation>
            </p>
         </fn>
         <fn id="d3864e868a1310">
            <label>36</label>
            <p>
               <mixed-citation id="d3864e875" publication-type="other">
Id. at 768, 770.</mixed-citation>
            </p>
         </fn>
         <fn id="d3864e883a1310">
            <label>37</label>
            <p>
               <mixed-citation id="d3864e890" publication-type="other">
Id. at 770-71.</mixed-citation>
            </p>
         </fn>
         <fn id="d3864e897a1310">
            <label>38</label>
            <p>
               <mixed-citation id="d3864e904" publication-type="other">
Id. at 771.</mixed-citation>
            </p>
         </fn>
         <fn id="d3864e911a1310">
            <label>39</label>
            <p>
               <mixed-citation id="d3864e918" publication-type="other">
Id. at 773.</mixed-citation>
            </p>
         </fn>
         <fn id="d3864e925a1310">
            <label>40</label>
            <p>
               <mixed-citation id="d3864e932" publication-type="other">
Id. at 774.</mixed-citation>
            </p>
         </fn>
         <fn id="d3864e939a1310">
            <label>41</label>
            <p>
               <mixed-citation id="d3864e946" publication-type="other">
Id. at 775-76.</mixed-citation>
            </p>
         </fn>
         <fn id="d3864e953a1310">
            <label>42</label>
            <p>
               <mixed-citation id="d3864e960" publication-type="other">
519 U.S. 357 (1997).</mixed-citation>
            </p>
         </fn>
         <fn id="d3864e968a1310">
            <label>43</label>
            <p>
               <mixed-citation id="d3864e975" publication-type="other">
Id. at 376.</mixed-citation>
            </p>
         </fn>
         <fn id="d3864e982a1310">
            <label>44</label>
            <p>
               <mixed-citation id="d3864e989" publication-type="other">
Id. at 380.</mixed-citation>
            </p>
         </fn>
         <fn id="d3864e996a1310">
            <label>45</label>
            <p>
               <mixed-citation id="d3864e1003" publication-type="other">
Id. at 377.</mixed-citation>
            </p>
         </fn>
         <fn id="d3864e1010a1310">
            <label>46</label>
            <p>
               <mixed-citation id="d3864e1017" publication-type="other">
Id.</mixed-citation>
            </p>
         </fn>
         <fn id="d3864e1024a1310">
            <label>47</label>
            <p>
               <mixed-citation id="d3864e1031" publication-type="other">
Id. at 378.</mixed-citation>
            </p>
         </fn>
         <fn id="d3864e1038a1310">
            <label>48</label>
            <p>
               <mixed-citation id="d3864e1045" publication-type="other">
Schenk v. Pro-Choice Network of Western New York, 519 U.S. 357, 378 (1997).</mixed-citation>
            </p>
         </fn>
         <fn id="d3864e1053a1310">
            <label>49</label>
            <p>
               <mixed-citation id="d3864e1060" publication-type="other">
Id.</mixed-citation>
            </p>
         </fn>
         <fn id="d3864e1067a1310">
            <label>50</label>
            <p>
               <mixed-citation id="d3864e1074" publication-type="other">
United States v. Scott, 187 F.3d 282, 289 (2d Cir. 1999)</mixed-citation>
            </p>
         </fn>
         <fn id="d3864e1081a1310">
            <label>51</label>
            <p>
               <mixed-citation id="d3864e1088" publication-type="other">
Sabelko v. City of Phoenix, 120 F.3d 161, 165, (9th Cir. 1997)</mixed-citation>
            </p>
         </fn>
         <fn id="d3864e1095a1310">
            <label>52</label>
            <p>
               <mixed-citation id="d3864e1102" publication-type="other">
Id. at 164.</mixed-citation>
            </p>
         </fn>
         <fn id="d3864e1109a1310">
            <label>53</label>
            <p>
               <mixed-citation id="d3864e1116" publication-type="other">
Id. at 164-65.</mixed-citation>
            </p>
         </fn>
         <fn id="d3864e1123a1310">
            <label>54</label>
            <p>
               <mixed-citation id="d3864e1130" publication-type="other">
Edwards v. City of Santa Barbara, 150 F.3d 1213, 1217 (9th Cir. 1998)</mixed-citation>
            </p>
         </fn>
         <fn id="d3864e1138a1310">
            <label>55</label>
            <p>
               <mixed-citation id="d3864e1145" publication-type="other">
United States v. Wilson, 154 F.3d 658 (7th Cir. 1998)</mixed-citation>
            </p>
            <p>
               <mixed-citation id="d3864e1151" publication-type="other">
United States v.
Weslin, 156 F.3d 292 (2d Cir. 1998) (per curiam)</mixed-citation>
            </p>
            <p>
               <mixed-citation id="d3864e1160" publication-type="other">
Terry v. Reno, 101 F.3d 1412 (D.C.
Cir. 1996)</mixed-citation>
            </p>
            <p>
               <mixed-citation id="d3864e1170" publication-type="other">
United States v. Dinwiddie, 76 F.3d 913 (8th Cir. 1996)</mixed-citation>
            </p>
         </fn>
         <fn id="d3864e1177a1310">
            <label>56</label>
            <p>
               <mixed-citation id="d3864e1184" publication-type="other">
Hill v. Thomas, 973 P.2d 1246, 1249 (Colo. 1999)</mixed-citation>
            </p>
         </fn>
         <fn id="d3864e1191a1310">
            <label>57</label>
            <p>
               <mixed-citation id="d3864e1198" publication-type="journal">
COLO. REV. STAT. § 18-9-122 (1999).<source>Colo. Rev. Stat</source>
                  <year>1999</year>
               </mixed-citation>
            </p>
         </fn>
         <fn id="d3864e1211a1310">
            <label>58</label>
            <p>
               <mixed-citation id="d3864e1218" publication-type="other">
Hill v. City of Lakewood, 911 P.2d 670, 672 (Colo. Ct. App. 1995).</mixed-citation>
            </p>
         </fn>
         <fn id="d3864e1225a1310">
            <label>59</label>
            <p>
               <mixed-citation id="d3864e1232" publication-type="other">
Id.</mixed-citation>
            </p>
         </fn>
         <fn id="d3864e1239a1310">
            <label>60</label>
            <p>
               <mixed-citation id="d3864e1246" publication-type="other">
Id.</mixed-citation>
            </p>
         </fn>
         <fn id="d3864e1254a1310">
            <label>61</label>
            <p>
               <mixed-citation id="d3864e1261" publication-type="other">
Id.</mixed-citation>
            </p>
         </fn>
         <fn id="d3864e1268a1310">
            <label>62</label>
            <p>
               <mixed-citation id="d3864e1275" publication-type="journal">
COLO. REV. STAT. § 18-9-122(1) (1999).<source>Colo. Rev. Stat.</source>
                  <year>1999</year>
               </mixed-citation>
            </p>
         </fn>
         <fn id="d3864e1288a1310">
            <label>63</label>
            <p>
               <mixed-citation id="d3864e1295" publication-type="journal">
COLO. REV. STAT. § 18-9-122(4) (1999).<source>Colo. Rev. Stat.</source>
                  <year>1999</year>
               </mixed-citation>
            </p>
         </fn>
         <fn id="d3864e1308a1310">
            <label>64</label>
            <p>
               <mixed-citation id="d3864e1315" publication-type="journal">
COLO. REV. STAT. § 18-9-122(2) (1999).<source>Colo. Rev. Stat.</source>
                  <year>1999</year>
               </mixed-citation>
            </p>
         </fn>
         <fn id="d3864e1328a1310">
            <label>65</label>
            <p>
               <mixed-citation id="d3864e1335" publication-type="journal">
COLO. REV. STAT. § 18-9-122(3) (1999).<source>Colo. Rev. Stat.</source>
                  <year>1999</year>
               </mixed-citation>
            </p>
         </fn>
         <fn id="d3864e1348a1310">
            <label>66</label>
            <p>
               <mixed-citation id="d3864e1355" publication-type="journal">
Michael Romano, 'Bubble Law' Remains Intact, ROCKY MOUNTAIN NEWS, June 29,
2000, at 4A.<person-group>
                     <string-name>
                        <surname>Romano</surname>
                     </string-name>
                  </person-group>
                  <issue>June 29</issue>
                  <fpage>4A</fpage>
                  <source>Rocky Mountain News</source>
                  <year>2000</year>
               </mixed-citation>
            </p>
         </fn>
         <fn id="d3864e1388a1310">
            <label>67</label>
            <p>
               <mixed-citation id="d3864e1395" publication-type="journal">
Mike Soraghan, DeGette Celebrates Decision. Ruling Upholds Law She Drafted, DENVER
POST, June 29, 2000, at A9.<person-group>
                     <string-name>
                        <surname>Soraghan</surname>
                     </string-name>
                  </person-group>
                  <issue>June 29</issue>
                  <fpage>A9</fpage>
                  <source>Denver Post</source>
                  <year>2000</year>
               </mixed-citation>
            </p>
         </fn>
         <fn id="d3864e1427a1310">
            <label>68</label>
            <p>
               <mixed-citation id="d3864e1434" publication-type="journal">
Id.  </mixed-citation>
            </p>
         </fn>
         <fn id="d3864e1443a1310">
            <label>69</label>
            <p>
               <mixed-citation id="d3864e1450" publication-type="journal">
Id.  </mixed-citation>
            </p>
         </fn>
         <fn id="d3864e1459a1310">
            <label>70</label>
            <p>
               <mixed-citation id="d3864e1466" publication-type="journal">
Romano, supra note 66.  </mixed-citation>
            </p>
         </fn>
         <fn id="d3864e1475a1310">
            <label>71</label>
            <p>
               <mixed-citation id="d3864e1482" publication-type="journal">
Soraghan, supra note 67.  </mixed-citation>
            </p>
         </fn>
         <fn id="d3864e1491a1310">
            <label>72</label>
            <p>
               <mixed-citation id="d3864e1498" publication-type="other">
Hill v. City of Lakewood, 911 P.2d 670, 673 (Colo Ct. App. 1995).</mixed-citation>
            </p>
         </fn>
         <fn id="d3864e1506a1310">
            <label>73</label>
            <p>
               <mixed-citation id="d3864e1513" publication-type="other">
*2, Hill v. Colorado, 120 S. Ct. 2480 (2000) (No. 98-1856)</mixed-citation>
            </p>
         </fn>
         <fn id="d3864e1520a1310">
            <label>74</label>
            <p>
               <mixed-citation id="d3864e1527" publication-type="other">
Hill, 911 P.2d at 673.</mixed-citation>
            </p>
         </fn>
         <fn id="d3864e1534a1310">
            <label>75</label>
            <p>
               <mixed-citation id="d3864e1541" publication-type="other">
Id.</mixed-citation>
            </p>
         </fn>
         <fn id="d3864e1548a1310">
            <label>76</label>
            <p>
               <mixed-citation id="d3864e1555" publication-type="other">
*3, Hill v. Colorado, 120 S. Ct. 2480 (2000) (No. 98-1856)</mixed-citation>
            </p>
         </fn>
         <fn id="d3864e1562a1310">
            <label>77</label>
            <p>
               <mixed-citation id="d3864e1569" publication-type="other">
Id. at *4.</mixed-citation>
            </p>
         </fn>
         <fn id="d3864e1576a1310">
            <label>78</label>
            <p>
               <mixed-citation id="d3864e1583" publication-type="other">
Hill, 911 P.2d at 672</mixed-citation>
            </p>
            <p>
               <mixed-citation id="d3864e1589" publication-type="other">
Hill v. Colorado, 120 S. Ct. 2480, 2485 (2000)</mixed-citation>
            </p>
            <p>
               <mixed-citation id="d3864e1595" publication-type="other">
Hill v. Thomas, 973 P.2d
1246, 1248 n.2 (Colo. 1999).</mixed-citation>
            </p>
         </fn>
         <fn id="d3864e1606a1310">
            <label>79</label>
            <p>
               <mixed-citation id="d3864e1613" publication-type="other">
Hill, 120 S. Ct. at 2485</mixed-citation>
            </p>
            <p>
               <mixed-citation id="d3864e1619" publication-type="other">
*18-19, Hill (No. 98-1856)).</mixed-citation>
            </p>
         </fn>
         <fn id="d3864e1626a1310">
            <label>80</label>
            <p>
               <mixed-citation id="d3864e1633" publication-type="other">
Hill, 911 P.2d at 672-73.</mixed-citation>
            </p>
         </fn>
         <fn id="d3864e1640a1310">
            <label>81</label>
            <p>
               <mixed-citation id="d3864e1647" publication-type="other">
Id.</mixed-citation>
            </p>
         </fn>
         <fn id="d3864e1654a1310">
            <label>82</label>
            <p>
               <mixed-citation id="d3864e1661" publication-type="other">
Id. at 672.</mixed-citation>
            </p>
         </fn>
         <fn id="d3864e1668a1310">
            <label>83</label>
            <p>
               <mixed-citation id="d3864e1675" publication-type="other">
Hill, 120 S. Ct. at 2485</mixed-citation>
            </p>
         </fn>
         <fn id="d3864e1682a1310">
            <label>84</label>
            <p>
               <mixed-citation id="d3864e1689" publication-type="other">
id. at 2486</mixed-citation>
            </p>
         </fn>
         <fn id="d3864e1697a1310">
            <label>85</label>
            <p>
               <mixed-citation id="d3864e1704" publication-type="other">
Id.</mixed-citation>
            </p>
         </fn>
         <fn id="d3864e1711a1310">
            <label>86</label>
            <p>
               <mixed-citation id="d3864e1718" publication-type="other">
Id.</mixed-citation>
            </p>
         </fn>
         <fn id="d3864e1725a1310">
            <label>87</label>
            <p>
               <mixed-citation id="d3864e1732" publication-type="other">
Hill v. Thomas, 973 P.2d 1246, 1248 (Colo. 1999).</mixed-citation>
            </p>
         </fn>
         <fn id="d3864e1739a1310">
            <label>88</label>
            <p>
               <mixed-citation id="d3864e1746" publication-type="other">
Hill, 120 S. Ct. at 2486</mixed-citation>
            </p>
            <p>
               <mixed-citation id="d3864e1752" publication-type="other">
*1, *5, Hill v. Colorado, 120 S. Ct.
2480 (2000) (No. 98-1856)</mixed-citation>
            </p>
         </fn>
         <fn id="d3864e1762a1310">
            <label>89</label>
            <p>
               <mixed-citation id="d3864e1769" publication-type="other">
Frisby
v. Schultz, 487 U.S. 474, 480 (1988)</mixed-citation>
            </p>
         </fn>
         <fn id="d3864e1779a1310">
            <label>90</label>
            <p>
               <mixed-citation id="d3864e1786" publication-type="other">
Hill, 120 S. Ct. at 2486.</mixed-citation>
            </p>
         </fn>
         <fn id="d3864e1794a1310">
            <label>91</label>
            <p>
               <mixed-citation id="d3864e1801" publication-type="other">
Id.; Petitioners' Brief at *5, Hill (No. 98-1856).</mixed-citation>
            </p>
         </fn>
         <fn id="d3864e1808a1310">
            <label>92</label>
            <p>
               <mixed-citation id="d3864e1815" publication-type="other">
Hill, 120 S. Ct. at 2486.</mixed-citation>
            </p>
         </fn>
         <fn id="d3864e1822a1310">
            <label>93</label>
            <p>
               <mixed-citation id="d3864e1829" publication-type="other">
Id. at 2486-87.</mixed-citation>
            </p>
         </fn>
         <fn id="d3864e1836a1310">
            <label>94</label>
            <p>
               <mixed-citation id="d3864e1843" publication-type="other">
Hill v. City of Lakewood, 911 P.2d 670, 672 (Colo. Ct. App. 1995).</mixed-citation>
            </p>
         </fn>
         <fn id="d3864e1850a1310">
            <label>95</label>
            <p>
               <mixed-citation id="d3864e1857" publication-type="other">
512 U.S. 753 (1994).</mixed-citation>
            </p>
         </fn>
         <fn id="d3864e1864a1310">
            <label>96</label>
            <p>
               <mixed-citation id="d3864e1871" publication-type="other">
Hill, 911 P.2d at 673.</mixed-citation>
            </p>
         </fn>
         <fn id="d3864e1879a1310">
            <label>97</label>
            <p>
               <mixed-citation id="d3864e1886" publication-type="other">
Id. at 673-74.</mixed-citation>
            </p>
         </fn>
         <fn id="d3864e1893a1310">
            <label>98</label>
            <p>
               <mixed-citation id="d3864e1900" publication-type="other">
Id. at 674.</mixed-citation>
            </p>
         </fn>
         <fn id="d3864e1907a1310">
            <label>99</label>
            <p>
               <mixed-citation id="d3864e1914" publication-type="other">
Id.</mixed-citation>
            </p>
         </fn>
         <fn id="d3864e1921a1310">
            <label>100</label>
            <p>
               <mixed-citation id="d3864e1928" publication-type="other">
Id.</mixed-citation>
            </p>
         </fn>
         <fn id="d3864e1935a1310">
            <label>101</label>
            <p>
               <mixed-citation id="d3864e1942" publication-type="other">
Hill v. City of Lakewood, 911 P.2d 670, 674 (Colo. Ct. App. 1995).</mixed-citation>
            </p>
         </fn>
         <fn id="d3864e1949a1310">
            <label>102</label>
            <p>
               <mixed-citation id="d3864e1956" publication-type="other">
Id. at 675.</mixed-citation>
            </p>
         </fn>
         <fn id="d3864e1964a1310">
            <label>103</label>
            <p>
               <mixed-citation id="d3864e1971" publication-type="other">
Hill v. Colorado, 519 U.S. 1145 (1997)</mixed-citation>
            </p>
         </fn>
         <fn id="d3864e1978a1310">
            <label>104</label>
            <p>
               <mixed-citation id="d3864e1985" publication-type="other">
Id.</mixed-citation>
            </p>
         </fn>
         <fn id="d3864e1992a1310">
            <label>105</label>
            <p>
               <mixed-citation id="d3864e1999" publication-type="other">
Hill v. City of Lakewood, 949 P.2d 108 (Colo. Ct. App. 1997).</mixed-citation>
            </p>
         </fn>
         <fn id="d3864e2006a1310">
            <label>106</label>
            <p>
               <mixed-citation id="d3864e2013" publication-type="other">
Id. at 109.</mixed-citation>
            </p>
         </fn>
         <fn id="d3864e2020a1310">
            <label>107</label>
            <p>
               <mixed-citation id="d3864e2027" publication-type="other">
Id.</mixed-citation>
            </p>
         </fn>
         <fn id="d3864e2034a1310">
            <label>108</label>
            <p>
               <mixed-citation id="d3864e2041" publication-type="other">
Id.</mixed-citation>
            </p>
         </fn>
         <fn id="d3864e2049a1310">
            <label>109</label>
            <p>
               <mixed-citation id="d3864e2056" publication-type="other">
Id.</mixed-citation>
            </p>
         </fn>
         <fn id="d3864e2063a1310">
            <label>110</label>
            <p>
               <mixed-citation id="d3864e2070" publication-type="other">
Id.</mixed-citation>
            </p>
         </fn>
         <fn id="d3864e2077a1310">
            <label>111</label>
            <p>
               <mixed-citation id="d3864e2084" publication-type="other">
Hill v. City of Lakewood, 949 P.2d 107, 109 (Colo. Ct. App. 1997).</mixed-citation>
            </p>
         </fn>
         <fn id="d3864e2091a1310">
            <label>112</label>
            <p>
               <mixed-citation id="d3864e2098" publication-type="other">
Id. at 110.</mixed-citation>
            </p>
         </fn>
         <fn id="d3864e2105a1310">
            <label>113</label>
            <p>
               <mixed-citation id="d3864e2112" publication-type="other">
Id.</mixed-citation>
            </p>
         </fn>
         <fn id="d3864e2119a1310">
            <label>114</label>
            <p>
               <mixed-citation id="d3864e2126" publication-type="other">
Id.</mixed-citation>
            </p>
         </fn>
         <fn id="d3864e2134a1310">
            <label>115</label>
            <p>
               <mixed-citation id="d3864e2141" publication-type="other">
Hill v. Thomas, 973 P.2d 1246 (Colo. 1999) (en banc)</mixed-citation>
            </p>
         </fn>
         <fn id="d3864e2148a1310">
            <label>116</label>
            <p>
               <mixed-citation id="d3864e2155" publication-type="other">
Id. at 1253-54.</mixed-citation>
            </p>
         </fn>
         <fn id="d3864e2162a1310">
            <label>117</label>
            <p>
               <mixed-citation id="d3864e2169" publication-type="other">
Id. at 1251.</mixed-citation>
            </p>
         </fn>
         <fn id="d3864e2176a1310">
            <label>118</label>
            <p>
               <mixed-citation id="d3864e2183" publication-type="other">
Id. at 1258.</mixed-citation>
            </p>
         </fn>
         <fn id="d3864e2190a1310">
            <label>119</label>
            <p>
               <mixed-citation id="d3864e2197" publication-type="other">
Id. at 1253.</mixed-citation>
            </p>
         </fn>
         <fn id="d3864e2204a1310">
            <label>120</label>
            <p>
               <mixed-citation id="d3864e2211" publication-type="other">
Id. at 1255.</mixed-citation>
            </p>
         </fn>
         <fn id="d3864e2219a1310">
            <label>121</label>
            <p>
               <mixed-citation id="d3864e2226" publication-type="other">
Hill v. Thomas, 973 P.2d 1246, 1255 (Colo. 1999)</mixed-citation>
            </p>
         </fn>
         <fn id="d3864e2233a1310">
            <label>122</label>
            <p>
               <mixed-citation id="d3864e2240" publication-type="other">
Hill, 973 P.2d at 1257-58</mixed-citation>
            </p>
         </fn>
         <fn id="d3864e2247a1310">
            <label>123</label>
            <p>
               <mixed-citation id="d3864e2254" publication-type="other">
120 F.3d 161 (9th Cir. 1997).</mixed-citation>
            </p>
         </fn>
         <fn id="d3864e2261a1310">
            <label>124</label>
            <p>
               <mixed-citation id="d3864e2268" publication-type="other">
Hill, 973 P.2d at 1255.</mixed-citation>
            </p>
         </fn>
         <fn id="d3864e2275a1310">
            <label>125</label>
            <p>
               <mixed-citation id="d3864e2282" publication-type="other">
Id.</mixed-citation>
            </p>
         </fn>
         <fn id="d3864e2289a1310">
            <label>126</label>
            <p>
               <mixed-citation id="d3864e2296" publication-type="other">
Id.</mixed-citation>
            </p>
         </fn>
         <fn id="d3864e2304a1310">
            <label>127</label>
            <p>
               <mixed-citation id="d3864e2311" publication-type="other">
Id.</mixed-citation>
            </p>
         </fn>
         <fn id="d3864e2318a1310">
            <label>128</label>
            <p>
               <mixed-citation id="d3864e2325" publication-type="other">
Hill v. Thomas, 973 P.2d 1246, 1255 (Colo. 1999) (en banc).</mixed-citation>
            </p>
         </fn>
         <fn id="d3864e2332a1310">
            <label>129</label>
            <p>
               <mixed-citation id="d3864e2339" publication-type="other">
Id.</mixed-citation>
            </p>
         </fn>
         <fn id="d3864e2346a1310">
            <label>130</label>
            <p>
               <mixed-citation id="d3864e2353" publication-type="other">
Id. at 1257.</mixed-citation>
            </p>
         </fn>
         <fn id="d3864e2360a1310">
            <label>131</label>
            <p>
               <mixed-citation id="d3864e2367" publication-type="other">
Id.</mixed-citation>
            </p>
            <p>
               <mixed-citation id="d3864e2373" publication-type="other">
Ward v. Rock Against Racism, 491 U.S. 781, 798 (1989)).</mixed-citation>
            </p>
         </fn>
         <fn id="d3864e2380a1310">
            <label>132</label>
            <p>
               <mixed-citation id="d3864e2387" publication-type="other">
Id.</mixed-citation>
            </p>
         </fn>
         <fn id="d3864e2395a1310">
            <label>133</label>
            <p>
               <mixed-citation id="d3864e2402" publication-type="other">
Id. at 1257-58.</mixed-citation>
            </p>
         </fn>
         <fn id="d3864e2409a1310">
            <label>134</label>
            <p>
               <mixed-citation id="d3864e2416" publication-type="other">
Hill v. Thomas, 973 P.2d 1246, 1255, 1258 (Colo. 1999).</mixed-citation>
            </p>
         </fn>
         <fn id="d3864e2423a1310">
            <label>135</label>
            <p>
               <mixed-citation id="d3864e2430" publication-type="other">
Id. at 1258-59.</mixed-citation>
            </p>
         </fn>
         <fn id="d3864e2437a1310">
            <label>136</label>
            <p>
               <mixed-citation id="d3864e2444" publication-type="other">
Hill v. Colorado, 527 U.S. 1068 (1999).</mixed-citation>
            </p>
         </fn>
         <fn id="d3864e2451a1310">
            <label>137</label>
            <p>
               <mixed-citation id="d3864e2458" publication-type="other">
Amicus Brief of Life Legal Defense Foundation, 1999 WL 1045139, Hill v. Colo-
rado, 120 S. Ct. 2480 (2000) (No. 98-1856).</mixed-citation>
            </p>
         </fn>
         <fn id="d3864e2468a1310">
            <label>138</label>
            <p>
               <mixed-citation id="d3864e2475" publication-type="other">
Brief Amicus Curiae of People for the Ethical Treatment of Animals in Support
of Petitioners, 1999 WL 1032802, Hill v. Colorado, 120 S. Ct. 2480 (2000) (No. 98-
1856).</mixed-citation>
            </p>
         </fn>
         <fn id="d3864e2489a1310">
            <label>139</label>
            <p>
               <mixed-citation id="d3864e2496" publication-type="other">
Brief Amicus Curiae of the American Civil Liberties Union in Support of Peti-
tioners, 1999 WL 1045141, Hill v. Colorado, 120 S. Ct. 2480 (2000) (No. 98-1856).</mixed-citation>
            </p>
         </fn>
         <fn id="d3864e2506a1310">
            <label>141</label>
            <p>
               <mixed-citation id="d3864e2513" publication-type="other">
Brief for the United States as Amicus Curiae Supporting Respondents, 1999 WL
1211725, Hill v. Colorado, 120 S. Ct. 2480 (2000) (No. 98-1856)</mixed-citation>
            </p>
         </fn>
         <fn id="d3864e2523a1310">
            <label>142</label>
            <p>
               <mixed-citation id="d3864e2530" publication-type="other">
Brief Amici Curiae of National Abortion and Reproductive Rights Action
League, National Abortion Federation, NOW Legal Defense and Education Fund in
Support of Respondents, 1999 WL 1186249, Hill v. Colorado, 120 S. Ct. 2480
(2000) (No. 98-1856).</mixed-citation>
            </p>
         </fn>
         <fn id="d3864e2546a1310">
            <label>143</label>
            <p>
               <mixed-citation id="d3864e2553" publication-type="other">
Brief of the American College of Obstetricians and Gynecologists and the
American Medical Association as Amici Curiae in Support of Respondents, 1999 WL
1186250, Hill v. Colorado, 120 S. Ct. 2480 (2000) (No. 98-1856).</mixed-citation>
            </p>
         </fn>
         <fn id="d3864e2566a1310">
            <label>144</label>
            <p>
               <mixed-citation id="d3864e2573" publication-type="other">
Amici Brief of the City of Boulder and the City and County of Denver in Sup-
port of Respondents, 1999 WL 1186251, Hill v. Colorado, 120 S. Ct. 2480 (2000) (No.
98-1856).</mixed-citation>
            </p>
         </fn>
         <fn id="d3864e2586a1310">
            <label>145</label>
            <p>
               <mixed-citation id="d3864e2593" publication-type="other">
Brief Amici Curiae the State of New York, et al., in Support of Respondents,
1999 WL 1186258, Hill v. Colorado, 120 S. Ct. 2480 (2000) (No. 98-1856). (states in-
cluded Arizona, California, Connecticut, Hawaii, Kansas, Maine, Massachusetts, Mary-
land, Missouri, Montana, Nevada, New Mexico, New York, Oklahoma, Oregon, Rhode
Island, Vermont and Washington).</mixed-citation>
            </p>
         </fn>
         <fn id="d3864e2613a1310">
            <label>146</label>
            <p>
               <mixed-citation id="d3864e2620" publication-type="other">
Hill v. Colorado, 120 S. Ct. 2480, 2484 (2000).</mixed-citation>
            </p>
         </fn>
         <fn id="d3864e2627a1310">
            <label>147</label>
            <p>
               <mixed-citation id="d3864e2634" publication-type="other">
infra Part IV.A. 1</mixed-citation>
            </p>
         </fn>
         <fn id="d3864e2641a1310">
            <label>148</label>
            <p>
               <mixed-citation id="d3864e2648" publication-type="other">
infra Part IV.A.2</mixed-citation>
            </p>
         </fn>
         <fn id="d3864e2655a1310">
            <label>149</label>
            <p>
               <mixed-citation id="d3864e2662" publication-type="other">
infra Part IV.A.3</mixed-citation>
            </p>
         </fn>
         <fn id="d3864e2669a1310">
            <label>150</label>
            <p>
               <mixed-citation id="d3864e2676" publication-type="other">
infra Part IV.A.4</mixed-citation>
            </p>
         </fn>
         <fn id="d3864e2683a1310">
            <label>151</label>
            <p>
               <mixed-citation id="d3864e2690" publication-type="other">
infra Part IV.A.5</mixed-citation>
            </p>
         </fn>
         <fn id="d3864e2698a1310">
            <label>152</label>
            <p>
               <mixed-citation id="d3864e2705" publication-type="other">
infra Part IV.A.6</mixed-citation>
            </p>
         </fn>
         <fn id="d3864e2712a1310">
            <label>153</label>
            <p>
               <mixed-citation id="d3864e2719" publication-type="other">
Hill v. Colorado, 120 S. Ct. 2480, 2485 (2000).</mixed-citation>
            </p>
         </fn>
         <fn id="d3864e2726a1310">
            <label>154</label>
            <p>
               <mixed-citation id="d3864e2733" publication-type="other">
Id. at 2488.</mixed-citation>
            </p>
         </fn>
         <fn id="d3864e2740a1310">
            <label>155</label>
            <p>
               <mixed-citation id="d3864e2747" publication-type="other">
Id. at 2488-89.</mixed-citation>
            </p>
         </fn>
         <fn id="d3864e2754a1310">
            <label>156</label>
            <p>
               <mixed-citation id="d3864e2761" publication-type="other">
Id. at 2489.</mixed-citation>
            </p>
         </fn>
         <fn id="d3864e2768a1310">
            <label>157</label>
            <p>
               <mixed-citation id="d3864e2775" publication-type="other">
Id.</mixed-citation>
            </p>
         </fn>
         <fn id="d3864e2783a1310">
            <label>158</label>
            <p>
               <mixed-citation id="d3864e2790" publication-type="other">
Id.</mixed-citation>
            </p>
            <p>
               <mixed-citation id="d3864e2796" publication-type="other">
Frisby v. Schultz, 487 U.S. 474, 487 (1988)</mixed-citation>
            </p>
         </fn>
         <fn id="d3864e2803a1310">
            <label>159</label>
            <p>
               <mixed-citation id="d3864e2810" publication-type="other">
Hill v. Colorado, 120 S. Ct. 2480, 2489 (2000)</mixed-citation>
            </p>
            <p>
               <mixed-citation id="d3864e2816" publication-type="other">
Madsen v. Women's Health
Center, Inc., 512 U.S. 753, 772-73 (1994)).</mixed-citation>
            </p>
         </fn>
         <fn id="d3864e2826a1310">
            <label>160</label>
            <p>
               <mixed-citation id="d3864e2833" publication-type="other">
Id</mixed-citation>
            </p>
            <p>
               <mixed-citation id="d3864e2839" publication-type="other">
American Steel Foundries v. Tri-City Central
Trades Council, 257 U.S. 184, 204 (1921).</mixed-citation>
            </p>
         </fn>
         <fn id="d3864e2849a1310">
            <label>161</label>
            <p>
               <mixed-citation id="d3864e2856" publication-type="other">
277 U.S. 438, 478 (1928).</mixed-citation>
            </p>
         </fn>
         <fn id="d3864e2863a1310">
            <label>162</label>
            <p>
               <mixed-citation id="d3864e2870" publication-type="other">
Hill, 120 S.Ct. at 2489-90.</mixed-citation>
            </p>
         </fn>
         <fn id="d3864e2877a1310">
            <label>163</label>
            <p>
               <mixed-citation id="d3864e2884" publication-type="other">
Id. at 2490.</mixed-citation>
            </p>
         </fn>
         <fn id="d3864e2892a1310">
            <label>164</label>
            <p>
               <mixed-citation id="d3864e2899" publication-type="other">
Id</mixed-citation>
            </p>
            <p>
               <mixed-citation id="d3864e2905" publication-type="other">
Erznoznik v. Jacksonville, 422 U.S. 205, 208 (1975)).</mixed-citation>
            </p>
         </fn>
         <fn id="d3864e2912a1310">
            <label>165</label>
            <p>
               <mixed-citation id="d3864e2919" publication-type="other">
Hill v. Colorado, 120 S. Ct. 2480, 2491 n.25 (2000).</mixed-citation>
            </p>
         </fn>
         <fn id="d3864e2926a1310">
            <label>166</label>
            <p>
               <mixed-citation id="d3864e2933" publication-type="other">
Id. at 2491</mixed-citation>
            </p>
            <p>
               <mixed-citation id="d3864e2939" publication-type="other">
Ward v. Rock Against Racism, 491 U.S. 781 (1989)).</mixed-citation>
            </p>
         </fn>
         <fn id="d3864e2946a1310">
            <label>167</label>
            <p>
               <mixed-citation id="d3864e2953" publication-type="other">
Id.</mixed-citation>
            </p>
            <p>
               <mixed-citation id="d3864e2959" publication-type="other">
Ward, 491 U.S. at 791).</mixed-citation>
            </p>
         </fn>
         <fn id="d3864e2966a1310">
            <label>168</label>
            <p>
               <mixed-citation id="d3864e2973" publication-type="other">
Id.</mixed-citation>
            </p>
         </fn>
         <fn id="d3864e2980a1310">
            <label>169</label>
            <p>
               <mixed-citation id="d3864e2987" publication-type="other">
Id. at 2491-92</mixed-citation>
            </p>
            <p>
               <mixed-citation id="d3864e2993" publication-type="other">
120 S. Ct. at 2492</mixed-citation>
            </p>
            <p>
               <mixed-citation id="d3864e2999" publication-type="other">
120 S. Ct. at 2487, note 19</mixed-citation>
            </p>
            <p>
               <mixed-citation id="d3864e3006" publication-type="other">
Hill
v. Thomas, 973 P.2d 1246, 1251 (1999)).</mixed-citation>
            </p>
         </fn>
         <fn id="d3864e3017a1310">
            <label>170</label>
            <p>
               <mixed-citation id="d3864e3024" publication-type="other">
Hill v. Colorado, 120 S. Ct. 2480, 2492 (2000).</mixed-citation>
            </p>
         </fn>
         <fn id="d3864e3031a1310">
            <label>171</label>
            <p>
               <mixed-citation id="d3864e3038" publication-type="other">
Id.</mixed-citation>
            </p>
         </fn>
         <fn id="d3864e3045a1310">
            <label>172</label>
            <p>
               <mixed-citation id="d3864e3052" publication-type="other">
Id.</mixed-citation>
            </p>
         </fn>
         <fn id="d3864e3059a1310">
            <label>173</label>
            <p>
               <mixed-citation id="d3864e3066" publication-type="other">
447 U.S. 455 (1980).</mixed-citation>
            </p>
         </fn>
         <fn id="d3864e3073a1310">
            <label>74</label>
            <p>
               <mixed-citation id="d3864e3080" publication-type="other">
Hill, 120 S.Ct. at 2493.</mixed-citation>
            </p>
         </fn>
         <fn id="d3864e3087a1310">
            <label>175</label>
            <p>
               <mixed-citation id="d3864e3094" publication-type="other">
Id. at 2492-94.</mixed-citation>
            </p>
         </fn>
         <fn id="d3864e3102a1310">
            <label>176</label>
            <p>
               <mixed-citation id="d3864e3109" publication-type="other">
Id. at 2494.</mixed-citation>
            </p>
         </fn>
         <fn id="d3864e3116a1310">
            <label>177</label>
            <p>
               <mixed-citation id="d3864e3123" publication-type="other">
Hill v. Colorado, 120 S. Ct. 2480, 2494 (2000).</mixed-citation>
            </p>
         </fn>
         <fn id="d3864e3130a1310">
            <label>178</label>
            <p>
               <mixed-citation id="d3864e3137" publication-type="other">
Id. at 2495</mixed-citation>
            </p>
         </fn>
         <fn id="d3864e3144a1310">
            <label>179</label>
            <p>
               <mixed-citation id="d3864e3151" publication-type="other">
Id.</mixed-citation>
            </p>
         </fn>
         <fn id="d3864e3158a1310">
            <label>180</label>
            <p>
               <mixed-citation id="d3864e3165" publication-type="other">
Id.</mixed-citation>
            </p>
         </fn>
         <fn id="d3864e3172a1310">
            <label>181</label>
            <p>
               <mixed-citation id="d3864e3179" publication-type="other">
Id. at 2496.</mixed-citation>
            </p>
         </fn>
         <fn id="d3864e3187a1310">
            <label>182</label>
            <p>
               <mixed-citation id="d3864e3194" publication-type="other">
Id.</mixed-citation>
            </p>
         </fn>
         <fn id="d3864e3201a1310">
            <label>183</label>
            <p>
               <mixed-citation id="d3864e3208" publication-type="other">
Hill v. Colorado, 120 S. Ct. 2480, 2496 (2000).</mixed-citation>
            </p>
         </fn>
         <fn id="d3864e3215a1310">
            <label>184</label>
            <p>
               <mixed-citation id="d3864e3222" publication-type="other">
Id.</mixed-citation>
            </p>
         </fn>
         <fn id="d3864e3229a1310">
            <label>185</label>
            <p>
               <mixed-citation id="d3864e3236" publication-type="other">
487 U.S. 474 (1988).</mixed-citation>
            </p>
         </fn>
         <fn id="d3864e3243a1310">
            <label>186</label>
            <p>
               <mixed-citation id="d3864e3250" publication-type="other">
452 U.S. 640, 647 (1981).</mixed-citation>
            </p>
         </fn>
         <fn id="d3864e3257a1310">
            <label>187</label>
            <p>
               <mixed-citation id="d3864e3264" publication-type="other">
Hill, 120 S. Ct. at 2496-97.</mixed-citation>
            </p>
         </fn>
         <fn id="d3864e3272a1310">
            <label>188</label>
            <p>
               <mixed-citation id="d3864e3279" publication-type="other">
Id. at 2496.</mixed-citation>
            </p>
         </fn>
         <fn id="d3864e3286a1310">
            <label>189</label>
            <p>
               <mixed-citation id="d3864e3293" publication-type="other">
Id. at 2497.</mixed-citation>
            </p>
         </fn>
         <fn id="d3864e3300a1310">
            <label>190</label>
            <p>
               <mixed-citation id="d3864e3307" publication-type="other">
Id.</mixed-citation>
            </p>
         </fn>
         <fn id="d3864e3314a1310">
            <label>191</label>
            <p>
               <mixed-citation id="d3864e3321" publication-type="other">
Hill v. Colorado, 120 S. Ct. 2480, 2498 (2000).</mixed-citation>
            </p>
         </fn>
         <fn id="d3864e3328a1310">
            <label>192</label>
            <p>
               <mixed-citation id="d3864e3335" publication-type="other">
Id. at 2497.</mixed-citation>
            </p>
         </fn>
         <fn id="d3864e3342a1310">
            <label>193</label>
            <p>
               <mixed-citation id="d3864e3349" publication-type="other">
Id. at 2498.</mixed-citation>
            </p>
         </fn>
         <fn id="d3864e3357a1310">
            <label>194</label>
            <p>
               <mixed-citation id="d3864e3364" publication-type="other">
Id.</mixed-citation>
            </p>
         </fn>
         <fn id="d3864e3371a1310">
            <label>195</label>
            <p>
               <mixed-citation id="d3864e3378" publication-type="other">
Id. at 2497.</mixed-citation>
            </p>
         </fn>
         <fn id="d3864e3385a1310">
            <label>196</label>
            <p>
               <mixed-citation id="d3864e3392" publication-type="other">
Id.</mixed-citation>
            </p>
         </fn>
         <fn id="d3864e3399a1310">
            <label>197</label>
            <p>
               <mixed-citation id="d3864e3406" publication-type="other">
Id.</mixed-citation>
            </p>
         </fn>
         <fn id="d3864e3413a1310">
            <label>198</label>
            <p>
               <mixed-citation id="d3864e3420" publication-type="other">
Hill v. Colorado, 120 S. Ct. 2480, 2498 (2000).</mixed-citation>
            </p>
         </fn>
         <fn id="d3864e3427a1310">
            <label>199</label>
            <p>
               <mixed-citation id="d3864e3434" publication-type="other">
Id.</mixed-citation>
            </p>
         </fn>
         <fn id="d3864e3442a1310">
            <label>200</label>
            <p>
               <mixed-citation id="d3864e3449" publication-type="other">
Id.</mixed-citation>
            </p>
         </fn>
         <fn id="d3864e3456a1310">
            <label>201</label>
            <p>
               <mixed-citation id="d3864e3463" publication-type="other">
Id.</mixed-citation>
            </p>
         </fn>
         <fn id="d3864e3470a1310">
            <label>202</label>
            <p>
               <mixed-citation id="d3864e3477" publication-type="other">
519 U.S. 357, 383 (1997).</mixed-citation>
            </p>
         </fn>
         <fn id="d3864e3484a1310">
            <label>203</label>
            <p>
               <mixed-citation id="d3864e3491" publication-type="other">
512 U.S. 753, 775-776 (1994).</mixed-citation>
            </p>
         </fn>
         <fn id="d3864e3498a1310">
            <label>204</label>
            <p>
               <mixed-citation id="d3864e3505" publication-type="other">
Hill, 120 S. Ct. at 2498.</mixed-citation>
            </p>
         </fn>
         <fn id="d3864e3512a1310">
            <label>205</label>
            <p>
               <mixed-citation id="d3864e3519" publication-type="other">
Id. at 2498</mixed-citation>
            </p>
         </fn>
         <fn id="d3864e3527a1310">
            <label>206</label>
            <p>
               <mixed-citation id="d3864e3534" publication-type="other">
Id.</mixed-citation>
            </p>
         </fn>
         <fn id="d3864e3541a1310">
            <label>207</label>
            <p>
               <mixed-citation id="d3864e3548" publication-type="other">
Id. at 2499.</mixed-citation>
            </p>
         </fn>
         <fn id="d3864e3555a1310">
            <label>208</label>
            <p>
               <mixed-citation id="d3864e3562" publication-type="other">
Id.</mixed-citation>
            </p>
         </fn>
         <fn id="d3864e3569a1310">
            <label>209</label>
            <p>
               <mixed-citation id="d3864e3576" publication-type="other">
Id.</mixed-citation>
            </p>
         </fn>
         <fn id="d3864e3583a1310">
            <label>210</label>
            <p>
               <mixed-citation id="d3864e3590" publication-type="other">
Hill v. Colorado, 120 S. Ct. 2480, 2499 (2000).</mixed-citation>
            </p>
         </fn>
         <fn id="d3864e3597a1310">
            <label>211</label>
            <p>
               <mixed-citation id="d3864e3604" publication-type="other">
Id.</mixed-citation>
            </p>
         </fn>
         <fn id="d3864e3612a1310">
            <label>212</label>
            <p>
               <mixed-citation id="d3864e3619" publication-type="other">
Id. at 2499</mixed-citation>
            </p>
         </fn>
         <fn id="d3864e3626a1310">
            <label>213</label>
            <p>
               <mixed-citation id="d3864e3633" publication-type="other">
Id. at 2499-2500</mixed-citation>
            </p>
         </fn>
         <fn id="d3864e3640a1310">
            <label>214</label>
            <p>
               <mixed-citation id="d3864e3647" publication-type="other">
Id. at 2500</mixed-citation>
            </p>
         </fn>
         <fn id="d3864e3654a1310">
            <label>215</label>
            <p>
               <mixed-citation id="d3864e3661" publication-type="other">
Id. at 2500-2501</mixed-citation>
            </p>
         </fn>
         <fn id="d3864e3668a1310">
            <label>216</label>
            <p>
               <mixed-citation id="d3864e3675" publication-type="other">
Hill v. Colorado, 120 S. Ct. 2480, 2501 (2000)</mixed-citation>
            </p>
         </fn>
         <fn id="d3864e3682a1310">
            <label>217</label>
            <p>
               <mixed-citation id="d3864e3689" publication-type="other">
Id.</mixed-citation>
            </p>
         </fn>
         <fn id="d3864e3697a1310">
            <label>218</label>
            <p>
               <mixed-citation id="d3864e3704" publication-type="other">
Id. at 2501-2</mixed-citation>
            </p>
         </fn>
         <fn id="d3864e3711a1310">
            <label>219</label>
            <p>
               <mixed-citation id="d3864e3718" publication-type="other">
Id.</mixed-citation>
            </p>
         </fn>
         <fn id="d3864e3725a1310">
            <label>220</label>
            <p>
               <mixed-citation id="d3864e3732" publication-type="other">
Id. at 2502</mixed-citation>
            </p>
         </fn>
         <fn id="d3864e3739a1310">
            <label>221</label>
            <p>
               <mixed-citation id="d3864e3746" publication-type="other">
Id.</mixed-citation>
            </p>
         </fn>
         <fn id="d3864e3753a1310">
            <label>222</label>
            <p>
               <mixed-citation id="d3864e3760" publication-type="other">
Hill v. Colorado, 120 S. Ct. 2480, 2502 (2000)</mixed-citation>
            </p>
         </fn>
         <fn id="d3864e3767a1310">
            <label>221</label>
            <p>
               <mixed-citation id="d3864e3774" publication-type="other">
Id. at 2503</mixed-citation>
            </p>
         </fn>
         <fn id="d3864e3782a1310">
            <label>224</label>
            <p>
               <mixed-citation id="d3864e3789" publication-type="other">
Id.</mixed-citation>
            </p>
         </fn>
         <fn id="d3864e3796a1310">
            <label>225</label>
            <p>
               <mixed-citation id="d3864e3803" publication-type="other">
Id.</mixed-citation>
            </p>
         </fn>
         <fn id="d3864e3810a1310">
            <label>226</label>
            <p>
               <mixed-citation id="d3864e3817" publication-type="other">
Id.</mixed-citation>
            </p>
         </fn>
         <fn id="d3864e3824a1310">
            <label>227</label>
            <p>
               <mixed-citation id="d3864e3831" publication-type="other">
Id.</mixed-citation>
            </p>
         </fn>
         <fn id="d3864e3838a1310">
            <label>228</label>
            <p>
               <mixed-citation id="d3864e3845" publication-type="other">
Hill v. Colorado, 120 S. Ct. 2480, 2504 (2000)</mixed-citation>
            </p>
            <p>
               <mixed-citation id="d3864e3851" publication-type="other">
Madsen v. Women's Health Care Center, Inc., 512 U.S. 753 (1994)).</mixed-citation>
            </p>
         </fn>
         <fn id="d3864e3858a1310">
            <label>229</label>
            <p>
               <mixed-citation id="d3864e3865" publication-type="other">
Id.</mixed-citation>
            </p>
         </fn>
         <fn id="d3864e3873a1310">
            <label>230</label>
            <p>
               <mixed-citation id="d3864e3880" publication-type="other">
Id.</mixed-citation>
            </p>
         </fn>
         <fn id="d3864e3887a1310">
            <label>231</label>
            <p>
               <mixed-citation id="d3864e3894" publication-type="other">
Id. at 2505</mixed-citation>
            </p>
         </fn>
         <fn id="d3864e3901a1310">
            <label>232</label>
            <p>
               <mixed-citation id="d3864e3908" publication-type="other">
Id.</mixed-citation>
            </p>
         </fn>
         <fn id="d3864e3915a1310">
            <label>233</label>
            <p>
               <mixed-citation id="d3864e3922" publication-type="other">
Id. at 2504</mixed-citation>
            </p>
         </fn>
         <fn id="d3864e3929a1310">
            <label>234</label>
            <p>
               <mixed-citation id="d3864e3936" publication-type="other">
Hill v. Colorado, 120 S. Ct. 2480, 2507 (2000)</mixed-citation>
            </p>
            <p>
               <mixed-citation id="d3864e3942" publication-type="other">
Id.</mixed-citation>
            </p>
         </fn>
         <fn id="d3864e3949a1310">
            <label>235</label>
            <p>
               <mixed-citation id="d3864e3956" publication-type="other">
Id.</mixed-citation>
            </p>
         </fn>
         <fn id="d3864e3964a1310">
            <label>236</label>
            <p>
               <mixed-citation id="d3864e3971" publication-type="other">
Id.</mixed-citation>
            </p>
         </fn>
         <fn id="d3864e3978a1310">
            <label>237</label>
            <p>
               <mixed-citation id="d3864e3985" publication-type="other">
Id.</mixed-citation>
            </p>
         </fn>
         <fn id="d3864e3992a1310">
            <label>238</label>
            <p>
               <mixed-citation id="d3864e4001" publication-type="other">
Id. at 2507-8</mixed-citation>
            </p>
            <p>
               <mixed-citation id="d3864e4007" publication-type="other">
Id. at 2507-8</mixed-citation>
            </p>
            <p>
               <mixed-citation id="d3864e4014" publication-type="other">
1999 WL 1146869 at *25 n.19, Hill (No. 98-1856))</mixed-citation>
            </p>
         </fn>
         <fn id="d3864e4021a1310">
            <label>239</label>
            <p>
               <mixed-citation id="d3864e4028" publication-type="other">
Id.</mixed-citation>
            </p>
         </fn>
         <fn id="d3864e4035a1310">
            <label>240</label>
            <p>
               <mixed-citation id="d3864e4042" publication-type="other">
Hill v. Colorado, 120 S. Ct. 2480, 2508 (2000) (Scalia, J., dissenting).</mixed-citation>
            </p>
         </fn>
         <fn id="d3864e4049a1310">
            <label>241</label>
            <p>
               <mixed-citation id="d3864e4056" publication-type="other">
Id.</mixed-citation>
            </p>
         </fn>
         <fn id="d3864e4064a1310">
            <label>242</label>
            <p>
               <mixed-citation id="d3864e4071" publication-type="other">
Id. at 2509</mixed-citation>
            </p>
         </fn>
         <fn id="d3864e4078a1310">
            <label>243</label>
            <p>
               <mixed-citation id="d3864e4085" publication-type="other">
Id. at 2510</mixed-citation>
            </p>
            <p>
               <mixed-citation id="d3864e4091" publication-type="journal">
COLO. REV. STAT. § 18-9-122(2)
(1999).<source>Colo. Rev. Stat. § 18-9-122(2)</source>
                  <year>1999</year>
               </mixed-citation>
            </p>
         </fn>
         <fn id="d3864e4107a1310">
            <label>244</label>
            <p>
               <mixed-citation id="d3864e4114" publication-type="other">
Id. at 2510</mixed-citation>
            </p>
         </fn>
         <fn id="d3864e4121a1310">
            <label>245</label>
            <p>
               <mixed-citation id="d3864e4128" publication-type="other">
Id.</mixed-citation>
            </p>
         </fn>
         <fn id="d3864e4135a1310">
            <label>246</label>
            <p>
               <mixed-citation id="d3864e4142" publication-type="other">
Hill v. Colorado, 120 S. Ct. 2480, 2511 (2000)</mixed-citation>
            </p>
         </fn>
         <fn id="d3864e4149a1310">
            <label>247</label>
            <p>
               <mixed-citation id="d3864e4156" publication-type="other">
Id. at 2512, 2514</mixed-citation>
            </p>
         </fn>
         <fn id="d3864e4164a1310">
            <label>248</label>
            <p>
               <mixed-citation id="d3864e4171" publication-type="other">
Id. at 2516</mixed-citation>
            </p>
         </fn>
         <fn id="d3864e4178a1310">
            <label>249</label>
            <p>
               <mixed-citation id="d3864e4185" publication-type="other">
Id.</mixed-citation>
            </p>
         </fn>
         <fn id="d3864e4192a1310">
            <label>250</label>
            <p>
               <mixed-citation id="d3864e4199" publication-type="other">
Id.</mixed-citation>
            </p>
         </fn>
         <fn id="d3864e4206a1310">
            <label>251</label>
            <p>
               <mixed-citation id="d3864e4213" publication-type="other">
Id.</mixed-citation>
            </p>
         </fn>
         <fn id="d3864e4220a1310">
            <label>252</label>
            <p>
               <mixed-citation id="d3864e4227" publication-type="other">
Hill v. Colorado, 120 S. Ct. 2480, 2517 (2000)</mixed-citation>
            </p>
         </fn>
         <fn id="d3864e4234a1310">
            <label>253</label>
            <p>
               <mixed-citation id="d3864e4241" publication-type="other">
Id.</mixed-citation>
            </p>
         </fn>
         <fn id="d3864e4249a1310">
            <label>254</label>
            <p>
               <mixed-citation id="d3864e4256" publication-type="other">
Id.</mixed-citation>
            </p>
         </fn>
         <fn id="d3864e4263a1310">
            <label>255</label>
            <p>
               <mixed-citation id="d3864e4270" publication-type="other">
Id.</mixed-citation>
            </p>
         </fn>
         <fn id="d3864e4277a1310">
            <label>256</label>
            <p>
               <mixed-citation id="d3864e4284" publication-type="other">
Id.</mixed-citation>
            </p>
         </fn>
         <fn id="d3864e4291a1310">
            <label>257</label>
            <p>
               <mixed-citation id="d3864e4298" publication-type="other">
Hill v. Colorado, 120 S. Ct. 2480, 2517 (2000)</mixed-citation>
            </p>
         </fn>
         <fn id="d3864e4305a1310">
            <label>258</label>
            <p>
               <mixed-citation id="d3864e4312" publication-type="other">
Id.</mixed-citation>
            </p>
         </fn>
         <fn id="d3864e4319a1310">
            <label>259</label>
            <p>
               <mixed-citation id="d3864e4326" publication-type="other">
Id. at 2519</mixed-citation>
            </p>
         </fn>
         <fn id="d3864e4334a1310">
            <label>260</label>
            <p>
               <mixed-citation id="d3864e4341" publication-type="other">
Id. at 2520</mixed-citation>
            </p>
         </fn>
         <fn id="d3864e4348a1310">
            <label>261</label>
            <p>
               <mixed-citation id="d3864e4355" publication-type="other">
Id.</mixed-citation>
            </p>
         </fn>
         <fn id="d3864e4362a1310">
            <label>262</label>
            <p>
               <mixed-citation id="d3864e4369" publication-type="other">
Id. at 2521</mixed-citation>
            </p>
         </fn>
         <fn id="d3864e4376a1310">
            <label>263</label>
            <p>
               <mixed-citation id="d3864e4383" publication-type="other">
Hill v. Colorado, 120 S. Ct. 2480, 2521 (2000)</mixed-citation>
            </p>
         </fn>
         <fn id="d3864e4390a1310">
            <label>264</label>
            <p>
               <mixed-citation id="d3864e4397" publication-type="other">
Id. at 2522</mixed-citation>
            </p>
         </fn>
         <fn id="d3864e4404a1310">
            <label>265</label>
            <p>
               <mixed-citation id="d3864e4411" publication-type="other">
Id.</mixed-citation>
            </p>
         </fn>
         <fn id="d3864e4419a1310">
            <label>266</label>
            <p>
               <mixed-citation id="d3864e4426" publication-type="other">
Id. at 2524</mixed-citation>
            </p>
         </fn>
         <fn id="d3864e4433a1310">
            <label>267</label>
            <p>
               <mixed-citation id="d3864e4440" publication-type="other">
Id. at 2524-25</mixed-citation>
            </p>
         </fn>
         <fn id="d3864e4447a1310">
            <label>268</label>
            <p>
               <mixed-citation id="d3864e4454" publication-type="other">
505 U.S. 833 (1992).</mixed-citation>
            </p>
         </fn>
         <fn id="d3864e4461a1310">
            <label>269</label>
            <p>
               <mixed-citation id="d3864e4468" publication-type="other">
Hill, 120 S. Ct. at 2529</mixed-citation>
            </p>
         </fn>
         <fn id="d3864e4475a1310">
            <label>270</label>
            <p>
               <mixed-citation id="d3864e4482" publication-type="other">
Id. at 2529-30</mixed-citation>
            </p>
         </fn>
         <fn id="d3864e4489a1310">
            <label>271</label>
            <p>
               <mixed-citation id="d3864e4496" publication-type="other">
In Schenck v. Pro-Choice Network of Western New York, 519 U.S. 357, 378-79
(1997)</mixed-citation>
            </p>
         </fn>
         <fn id="d3864e4507a1310">
            <label>272</label>
            <p>
               <mixed-citation id="d3864e4514" publication-type="other">
Madsen v. Women's Health Center, Inc., 512 U.S. 753, 764-765 (1994).</mixed-citation>
            </p>
         </fn>
         <fn id="d3864e4521a1310">
            <label>275</label>
            <p>
               <mixed-citation id="d3864e4528" publication-type="other">
Hill, 120 S. Ct. at 2495.</mixed-citation>
            </p>
         </fn>
         <fn id="d3864e4535a1310">
            <label>276</label>
            <p>
               <mixed-citation id="d3864e4542" publication-type="other">
Id. at 2491-94.</mixed-citation>
            </p>
         </fn>
         <fn id="d3864e4549a1310">
            <label>277</label>
            <p>
               <mixed-citation id="d3864e4556" publication-type="other">
Id. at 2504</mixed-citation>
            </p>
         </fn>
         <fn id="d3864e4563a1310">
            <label>278</label>
            <p>
               <mixed-citation id="d3864e4570" publication-type="other">
Id. at 2491.</mixed-citation>
            </p>
         </fn>
         <fn id="d3864e4577a1310">
            <label>279</label>
            <p>
               <mixed-citation id="d3864e4584" publication-type="journal">
Laurence H. Tribe, The Constitutionality of the Freedom of Access to Clinic Entrances
Act of 1993, 1 VA. J. Soc. POL'Y &amp; L. 291, 301 (1994).<person-group>
                     <string-name>
                        <surname>Tribe</surname>
                     </string-name>
                  </person-group>
                  <fpage>291</fpage>
                  <volume>1</volume>
                  <source>VA. J. Soc. Pol'y &amp; L.</source>
                  <year>1994</year>
               </mixed-citation>
            </p>
         </fn>
         <fn id="d3864e4617a1310">
            <label>280</label>
            <p>
               <mixed-citation id="d3864e4624" publication-type="other">
Hill v. Colorado, 120 S. Ct. 2480, 2493-94 (2000).</mixed-citation>
            </p>
         </fn>
         <fn id="d3864e4631a1310">
            <label>281</label>
            <p>
               <mixed-citation id="d3864e4638" publication-type="other">
Ward v. Rock Against Racism, 491 U.S. 781, 791 (1989).</mixed-citation>
            </p>
         </fn>
         <fn id="d3864e4645a1310">
            <label>282</label>
            <p>
               <mixed-citation id="d3864e4652" publication-type="other">
Brief for the United States as Amicus Curiae Supporting Respondents at 15, Hill
v. Colorado, 120 S. Ct. 2480 (2000) (No. 98-1856).</mixed-citation>
            </p>
         </fn>
         <fn id="d3864e4662a1310">
            <label>283</label>
            <p>
               <mixed-citation id="d3864e4669" publication-type="other">
Hill, 120 S. Ct. at 2517</mixed-citation>
            </p>
         </fn>
         <fn id="d3864e4676a1310">
            <label>284</label>
            <p>
               <mixed-citation id="d3864e4683" publication-type="other">
Id. at 2494.</mixed-citation>
            </p>
         </fn>
         <fn id="d3864e4690a1310">
            <label>285</label>
            <p>
               <mixed-citation id="d3864e4697" publication-type="other">
Ward, 491 U.S. at 791.</mixed-citation>
            </p>
         </fn>
         <fn id="d3864e4705a1310">
            <label>286</label>
            <p>
               <mixed-citation id="d3864e4712" publication-type="other">
Hill, 120 S. Ct. at 2491.</mixed-citation>
            </p>
         </fn>
         <fn id="d3864e4719a1310">
            <label>287</label>
            <p>
               <mixed-citation id="d3864e4726" publication-type="other">
Id. at 2517</mixed-citation>
            </p>
         </fn>
         <fn id="d3864e4733a1310">
            <label>288</label>
            <p>
               <mixed-citation id="d3864e4740" publication-type="other">
Id. at 2494.</mixed-citation>
            </p>
         </fn>
         <fn id="d3864e4747a1310">
            <label>289</label>
            <p>
               <mixed-citation id="d3864e4754" publication-type="other">
Ward v. Rock Against Racism, 491 U.S. 781, 791 (1989).</mixed-citation>
            </p>
         </fn>
         <fn id="d3864e4761a1310">
            <label>290</label>
            <p>
               <mixed-citation id="d3864e4768" publication-type="other">
Hill v. Colorado, 120 S. Ct. 2480, 2489 (2000).</mixed-citation>
            </p>
         </fn>
         <fn id="d3864e4775a1310">
            <label>291</label>
            <p>
               <mixed-citation id="d3864e4782" publication-type="other">
Brief Amici Curiae the State of New York, et al., in Support of Respondents,
1999 WL 1186258, Hill v. Colorado, 120 S. Ct. 2480 (No. 98-1856).</mixed-citation>
            </p>
         </fn>
         <fn id="d3864e4793a1310">
            <label>292</label>
            <p>
               <mixed-citation id="d3864e4800" publication-type="other">
Hill, 120 S. Ct. at 2508</mixed-citation>
            </p>
         </fn>
         <fn id="d3864e4807a1310">
            <label>293</label>
            <p>
               <mixed-citation id="d3864e4814" publication-type="other">
Frisby v. Schultz, 487 U.S. 474, 484 (1988).</mixed-citation>
            </p>
         </fn>
         <fn id="d3864e4821a1310">
            <label>294</label>
            <p>
               <mixed-citation id="d3864e4828" publication-type="other">
Id.</mixed-citation>
            </p>
         </fn>
         <fn id="d3864e4835a1310">
            <label>295</label>
            <p>
               <mixed-citation id="d3864e4842" publication-type="other">
Bering v. SHARE, 721 P.2d 918 (Wash. 1986) (en banc).</mixed-citation>
            </p>
         </fn>
         <fn id="d3864e4849a1310">
            <label>296</label>
            <p>
               <mixed-citation id="d3864e4856" publication-type="other">
Hill, 120 S. Ct. at 2522</mixed-citation>
            </p>
            <p>
               <mixed-citation id="d3864e4862" publication-type="other">
Id. at 2510.</mixed-citation>
            </p>
         </fn>
         <fn id="d3864e4869a1310">
            <label>297</label>
            <p>
               <mixed-citation id="d3864e4876" publication-type="other">
Id. at 2510</mixed-citation>
            </p>
         </fn>
         <fn id="d3864e4884a1310">
            <label>298</label>
            <p>
               <mixed-citation id="d3864e4891" publication-type="other">
Id. at 2489-90.</mixed-citation>
            </p>
         </fn>
         <fn id="d3864e4898a1310">
            <label>299</label>
            <p>
               <mixed-citation id="d3864e4905" publication-type="other">
Ellis &amp; Wu, supra note 17, at 578.</mixed-citation>
            </p>
         </fn>
         <fn id="d3864e4912a1310">
            <label>300</label>
            <p>
               <mixed-citation id="d3864e4919" publication-type="other">
Frisby v. Schultz, 487 U.S. 474, 487 (1988).</mixed-citation>
            </p>
         </fn>
         <fn id="d3864e4926a1310">
            <label>301</label>
            <p>
               <mixed-citation id="d3864e4933" publication-type="other">
422 U.S. 205 (1975).</mixed-citation>
            </p>
         </fn>
         <fn id="d3864e4940a1310">
            <label>302</label>
            <p>
               <mixed-citation id="d3864e4947" publication-type="other">
418 U.S. 298 (1974).</mixed-citation>
            </p>
         </fn>
         <fn id="d3864e4954a1310">
            <label>303</label>
            <p>
               <mixed-citation id="d3864e4961" publication-type="other">
Ellis &amp; Wu, supra note 17, at 578.</mixed-citation>
            </p>
         </fn>
         <fn id="d3864e4969a1310">
            <label>304</label>
            <p>
               <mixed-citation id="d3864e4976" publication-type="other">
Madsen v. Women's Health Center, Inc., 512 U.S. 753, 768 (1994)</mixed-citation>
            </p>
            <p>
               <mixed-citation id="d3864e4982" publication-type="other">
Ellis &amp;
Wu, supra note 17, at 580.</mixed-citation>
            </p>
         </fn>
         <fn id="d3864e4992a1310">
            <label>305</label>
            <p>
               <mixed-citation id="d3864e4999" publication-type="other">
Brief of the American College of Obstetricians and Gynecologists and the
American Medical Association as Amici Curiae in Support of Respondents at 20, Hill
v. Colorado, 120 S. Ct. 2480 (2000) (No. 98-1856).</mixed-citation>
            </p>
         </fn>
         <fn id="d3864e5012a1310">
            <label>306</label>
            <p>
               <mixed-citation id="d3864e5019" publication-type="other">
Id. at 21-22</mixed-citation>
            </p>
         </fn>
         <fn id="d3864e5026a1310">
            <label>307</label>
            <p>
               <mixed-citation id="d3864e5033" publication-type="other">
Respondents' Brief at 10, Hill v. Colorado, 120 S. Ct. 2480 (2000) (No. 98-1856).</mixed-citation>
            </p>
         </fn>
         <fn id="d3864e5040a1310">
            <label>308</label>
            <p>
               <mixed-citation id="d3864e5047" publication-type="other">
Brief of the American College of Obstetricians and Gynecologists and the
American Medical Association as Amici Curiae in Support of Respondents at 22, Hill
v. Colorado, 120 S. Ct. 2480 (2000) (No. 98-1856).</mixed-citation>
            </p>
         </fn>
         <fn id="d3864e5060a1310">
            <label>309</label>
            <p>
               <mixed-citation id="d3864e5067" publication-type="journal">
J.M. Balkin, Free Speech and Hostile Environments, 99 COLUM. L. REV. 2295, 2312
(1999) (arguing that the captive audience doctrine is better suited to workplace
speech than speech in the home).<person-group>
                     <string-name>
                        <surname>Balkin</surname>
                     </string-name>
                  </person-group>
                  <fpage>2295</fpage>
                  <volume>99</volume>
                  <source>Colum. L. Rev.</source>
                  <year>1999</year>
               </mixed-citation>
            </p>
         </fn>
         <fn id="d3864e5103a1310">
            <label>310</label>
            <p>
               <mixed-citation id="d3864e5110" publication-type="other">
Hill v. Colorado, 120 S. Ct. 2480, 2509 n.3 (2000)</mixed-citation>
            </p>
         </fn>
         <fn id="d3864e5117a1310">
            <label>311</label>
            <p>
               <mixed-citation id="d3864e5124" publication-type="other">
Id. at 2490.</mixed-citation>
            </p>
         </fn>
         <fn id="d3864e5131a1310">
            <label>312</label>
            <p>
               <mixed-citation id="d3864e5138" publication-type="other">
Id. at 2490 n.25.</mixed-citation>
            </p>
         </fn>
         <fn id="d3864e5145a1310">
            <label>313</label>
            <p>
               <mixed-citation id="d3864e5152" publication-type="other">
Respondents refer to Petitioners' arguments against the statute as overbroad
and/or content-based as a constitutional Catch-22. Respondents' Brief at 18 n.17,
Hill v. Colorado, 120 S. Ct. 2480 (2000) (No. 98-1856).</mixed-citation>
            </p>
         </fn>
         <fn id="d3864e5165a1310">
            <label>314</label>
            <p>
               <mixed-citation id="d3864e5172" publication-type="other">
Hill, 120 S. Ct. at 2494</mixed-citation>
            </p>
            <p>
               <mixed-citation id="d3864e5178" publication-type="other">
United States v. Playboy Entertainment
Group, Inc., 120 S. Ct. 1878, 1886 (2000)</mixed-citation>
            </p>
         </fn>
         <fn id="d3864e5188a1310">
            <label>315</label>
            <p>
               <mixed-citation id="d3864e5195" publication-type="other">
Ward v. Rock Against Racism, 491 U.S. 781, 799 (1989).</mixed-citation>
            </p>
         </fn>
         <fn id="d3864e5203a1310">
            <label>316</label>
            <p>
               <mixed-citation id="d3864e5210" publication-type="other">
Hill, 120 S. Ct. at 2511</mixed-citation>
            </p>
         </fn>
         <fn id="d3864e5217a1310">
            <label>317</label>
            <p>
               <mixed-citation id="d3864e5224" publication-type="other">
Id. at 2514</mixed-citation>
            </p>
            <p>
               <mixed-citation id="d3864e5230" publication-type="other">
Id. at 2522-23</mixed-citation>
            </p>
         </fn>
         <fn id="d3864e5237a1310">
            <label>318</label>
            <p>
               <mixed-citation id="d3864e5244" publication-type="other">
Transcript of Oral Argument, 2000 WL 72054 at *26 (Jan. 19, 2000).</mixed-citation>
            </p>
         </fn>
         <fn id="d3864e5251a1310">
            <label>319</label>
            <p>
               <mixed-citation id="d3864e5258" publication-type="journal">
COLO. REV. STAT. § 18-9-122(4)(1999).<source>Colo. Rev. Stat. § 18-9-122(4)</source>
                  <year>1999</year>
               </mixed-citation>
            </p>
         </fn>
         <fn id="d3864e5271a1310">
            <label>320</label>
            <p>
               <mixed-citation id="d3864e5278" publication-type="other">
Transcript of Oral Argument, 2000 WL 72054 at *32-43 (Jan. 19, 2000).</mixed-citation>
            </p>
         </fn>
         <fn id="d3864e5285a1310">
            <label>321</label>
            <p>
               <mixed-citation id="d3864e5292" publication-type="other">
Hill, 120 S. Ct. at 2497-98.</mixed-citation>
            </p>
         </fn>
         <fn id="d3864e5300a1310">
            <label>322</label>
            <p>
               <mixed-citation id="d3864e5307" publication-type="other">
Id. at 2495, 2499.</mixed-citation>
            </p>
         </fn>
         <fn id="d3864e5314a1310">
            <label>323</label>
            <p>
               <mixed-citation id="d3864e5321" publication-type="other">
Id. at 2495.</mixed-citation>
            </p>
         </fn>
         <fn id="d3864e5328a1310">
            <label>324</label>
            <p>
               <mixed-citation id="d3864e5335" publication-type="journal">
Soraghan, supra note 67.  </mixed-citation>
            </p>
         </fn>
         <fn id="d3864e5344a1310">
            <label>325</label>
            <p>
               <mixed-citation id="d3864e5351" publication-type="other">
Id.</mixed-citation>
            </p>
         </fn>
         <fn id="d3864e5358a1310">
            <label>326</label>
            <p>
               <mixed-citation id="d3864e5365" publication-type="other">
Transcript of Oral Argument, 2000 WL 72054 at *9-12 (Jan. 19, 2000).</mixed-citation>
            </p>
         </fn>
         <fn id="d3864e5372a1310">
            <label>327</label>
            <p>
               <mixed-citation id="d3864e5379" publication-type="other">
Id. at *11-12.</mixed-citation>
            </p>
         </fn>
         <fn id="d3864e5387a1310">
            <label>328</label>
            <p>
               <mixed-citation id="d3864e5394" publication-type="other">
Hill, 120 S. Ct. at 2495.</mixed-citation>
            </p>
         </fn>
         <fn id="d3864e5401a1310">
            <label>329</label>
            <p>
               <mixed-citation id="d3864e5408" publication-type="other">
Boos v. Barry, 485 U.S. 312 (1988)</mixed-citation>
            </p>
            <p>
               <mixed-citation id="d3864e5414" publication-type="other">
Grayned v. City of Rockford, 408 U.S. 104
(1972)</mixed-citation>
            </p>
            <p>
               <mixed-citation id="d3864e5423" publication-type="other">
Cox v. Louisiana, 379 U.S. 559 (1965)</mixed-citation>
            </p>
         </fn>
         <fn id="d3864e5430a1310">
            <label>330</label>
            <p>
               <mixed-citation id="d3864e5437" publication-type="journal">
Romano, supra note 66.  </mixed-citation>
            </p>
         </fn>
         <fn id="d3864e5446a1310">
            <label>331</label>
            <p>
               <mixed-citation id="d3864e5453" publication-type="other">
Id.</mixed-citation>
            </p>
         </fn>
         <fn id="d3864e5460a1310">
            <label>332</label>
            <p>
               <mixed-citation id="d3864e5467" publication-type="journal">
Daniel Barbarisi, Lesser-Known Bills Finally Get Attention, BOSTON GLOBE, July 30,
2000, at A19<person-group>
                     <string-name>
                        <surname>Barbarisi</surname>
                     </string-name>
                  </person-group>
                  <issue>July 30</issue>
                  <fpage>A19</fpage>
                  <source>Boston Globe</source>
                  <year>2000</year>
               </mixed-citation>
            </p>
         </fn>
         <fn id="d3864e5499a1310">
            <label>333</label>
            <p>
               <mixed-citation id="d3864e5506" publication-type="journal">
Michael Rezendes, Abortion Clinic Buffer Zone Ok'd. Lawmakers Reach a Compromise
on Controversial Plan, BOSTON GLOBE, July 27, 2000, at B7.<person-group>
                     <string-name>
                        <surname>Rezendes</surname>
                     </string-name>
                  </person-group>
                  <issue>July 27</issue>
                  <fpage>B7</fpage>
                  <source>Boston Globe</source>
                  <year>2000</year>
               </mixed-citation>
            </p>
         </fn>
         <fn id="d3864e5539a1310">
            <label>334</label>
            <p>
               <mixed-citation id="d3864e5546" publication-type="journal">
Karen E. Crummy, House Oks Weakened Bill on Clinic Protests, BOSTON HERALD,
July 29, 2000, at 5.<person-group>
                     <string-name>
                        <surname>Crummy</surname>
                     </string-name>
                  </person-group>
                  <issue>July 29</issue>
                  <fpage>5</fpage>
                  <source>Boston Herald</source>
                  <year>2000</year>
               </mixed-citation>
            </p>
         </fn>
         <fn id="d3864e5578a1310">
            <label>335</label>
            <p>
               <mixed-citation id="d3864e5585" publication-type="book">
MASS. GEN. LAWS. ch. 266, § 120E½(b) (2000). See also Crummy, supra note 334.<source>Mass. Gen. Laws.</source>
                  <year>2000</year>
               </mixed-citation>
            </p>
         </fn>
         <fn id="d3864e5598a1310">
            <label>336</label>
            <p>
               <mixed-citation id="d3864e5605" publication-type="journal">
Crummy, supra note 334:  </mixed-citation>
            </p>
         </fn>
         <fn id="d3864e5614a1310">
            <label>337</label>
            <p>
               <mixed-citation id="d3864e5621" publication-type="journal">
Id.  </mixed-citation>
            </p>
         </fn>
         <fn id="d3864e5630a1310">
            <label>338</label>
            <p>
               <mixed-citation id="d3864e5637" publication-type="journal">
Rezendes, supra note 333.  </mixed-citation>
            </p>
         </fn>
         <fn id="d3864e5646a1310">
            <label>339</label>
            <p>
               <mixed-citation id="d3864e5653" publication-type="other">
Id.</mixed-citation>
            </p>
         </fn>
         <fn id="d3864e5661a1310">
            <label>340</label>
            <p>
               <mixed-citation id="d3864e5668" publication-type="other">
McGuire v. Reilly, 122 F. Supp. 2d 97 (D. Mass. 2000)</mixed-citation>
            </p>
            <p>
               <mixed-citation id="d3864e5674" publication-type="journal">
Shelley Mur-
phy, US Judge Rejects Abortion Clinic Law, BOSTON GLOBE, Nov. 21, 2000, at Al.<person-group>
                     <string-name>
                        <surname>Murphy</surname>
                     </string-name>
                  </person-group>
                  <issue>Nov. 21</issue>
                  <fpage>Al</fpage>
                  <source>Boston Globe</source>
                  <year>2000</year>
               </mixed-citation>
            </p>
         </fn>
         <fn id="d3864e5706a1310">
            <label>341</label>
            <p>
               <mixed-citation id="d3864e5713" publication-type="other">
McGuire, 122 F. Supp. 2d at 102-103.</mixed-citation>
            </p>
         </fn>
         <fn id="d3864e5720a1310">
            <label>342</label>
            <p>
               <mixed-citation id="d3864e5727" publication-type="other">
Id.</mixed-citation>
            </p>
            <p>
               <mixed-citation id="d3864e5733" publication-type="journal">
J.M. Lawrence, Fed Judge KOs Abortion-Clinic Buffer Zone,
BOSTON HERALD, Nov. 21, 2000, at Al<person-group>
                     <string-name>
                        <surname>Lawrence</surname>
                     </string-name>
                  </person-group>
                  <issue>Nov. 21</issue>
                  <fpage>Al</fpage>
                  <source>Boston Herald</source>
                  <year>2000</year>
               </mixed-citation>
            </p>
            <p>
               <mixed-citation id="d3864e5764" publication-type="other">
McGuire,
122 F. Supp. 2d at 104 n.10.</mixed-citation>
            </p>
         </fn>
         <fn id="d3864e5774a1310">
            <label>343</label>
            <p>
               <mixed-citation id="d3864e5781" publication-type="journal">
Doug Hanchett, Fed Court Restores Clinic Buffer Zone, BOSTON HERALD, Dec. 23,
2000, at A5<person-group>
                     <string-name>
                        <surname>Hanchett</surname>
                     </string-name>
                  </person-group>
                  <issue>Dec. 23</issue>
                  <fpage>A5</fpage>
                  <source>Boston Herald</source>
                  <year>2000</year>
               </mixed-citation>
            </p>
            <p>
               <mixed-citation id="d3864e5812" publication-type="journal">
Shelley Murphy, Court Gives Go-Ahead on Buffer Zones. State to Enforce Its
New Law for Abortion Clinics, THE BOSTON GLOBE, December 23, 2000, at Al.<person-group>
                     <string-name>
                        <surname>Murphy</surname>
                     </string-name>
                  </person-group>
                  <issue>December 23</issue>
                  <fpage>Al</fpage>
                  <source>The Boston Globe</source>
                  <year>2000</year>
               </mixed-citation>
            </p>
         </fn>
         <fn id="d3864e5844a1310">
            <label>344</label>
            <p>
               <mixed-citation id="d3864e5851" publication-type="journal">
Hanchett, supra note 343  </mixed-citation>
            </p>
            <p>
               <mixed-citation id="d3864e5859" publication-type="journal">
Murphy, supra note 340.  </mixed-citation>
            </p>
         </fn>
         <fn id="d3864e5868a1310">
            <label>115</label>
            <p>
               <mixed-citation id="d3864e5875" publication-type="other">
Hill v. Colorado, 120 S. Ct. 2480, 2491, 2493, 2496, 2497 (2000).</mixed-citation>
            </p>
         </fn>
         <fn id="d3864e5883a1310">
            <label>346</label>
            <p>
               <mixed-citation id="d3864e5890" publication-type="other">
Hill v. Thomas, 973 P.2d 1246, 1257-58 (Colo. 1999).</mixed-citation>
            </p>
         </fn>
         <fn id="d3864e5897a1310">
            <label>347</label>
            <p>
               <mixed-citation id="d3864e5904" publication-type="journal">
Arthur Kane, Suit Would Ease City Bubble Law. Denver Law Stricter Than State's,
DENVER POST, Sept. 30, 2000, at B2.<person-group>
                     <string-name>
                        <surname>Kane</surname>
                     </string-name>
                  </person-group>
                  <issue>Sept. 30</issue>
                  <fpage>B2</fpage>
                  <source>Denver Post</source>
                  <year>2000</year>
               </mixed-citation>
            </p>
         </fn>
         <fn id="d3864e5936a1310">
            <label>348</label>
            <p>
               <mixed-citation id="d3864e5943" publication-type="other">
Id.</mixed-citation>
            </p>
         </fn>
      </fn-group>
   </back>
</article>
