<article xmlns:xsi="http://www.w3.org/2001/XMLSchema-instance"
         xmlns:xlink="http://www.w3.org/1999/xlink"
         xmlns:mml="http://www.w3.org/1998/Math/MathML"
         dtd-version="1.0"
         article-type="research-article">
   <front>
      <journal-meta>
         <journal-id journal-id-type="jstor">jcrimlawcrim1973</journal-id>
         <journal-id journal-id-type="jstor">j100481</journal-id>
         <journal-title-group>
            <journal-title>The Journal of Criminal Law and Criminology (1973-)</journal-title>
         </journal-title-group>
         <publisher>
            <publisher-name>Northwestern University School of Law</publisher-name>
         </publisher>
         <issn pub-type="ppub">00914169</issn>
      </journal-meta>
      <article-meta>
         <article-id pub-id-type="doi">10.2307/1144108</article-id>
         <article-categories>
            <subj-group>
               <subject>Comment</subject>
            </subj-group>
         </article-categories>
         <title-group>
            <article-title>Clearing the Smoke from the Battlefield: Understanding Congressional Intent regarding the Innocent Owner Provision of 21 U. S. C Section 881(a)(7)</article-title>
         </title-group>
         <contrib-group>
            <contrib contrib-type="author">
               <string-name>
                  <given-names>Robert E.</given-names>
                  <surname>Blacher</surname>
               </string-name>
            </contrib>
         </contrib-group>
         <pub-date>
            <day>1</day>
            <month>10</month>
            <year>1994</year>
         </pub-date>
         <volume>85</volume>
         <issue>2</issue>
         <issue-id>i247859</issue-id>
         <fpage>502</fpage>
         <lpage>531</lpage>
         <page-range>502-531</page-range>
         <permissions>
            <copyright-statement>Copyright 1994 Northwestern University, School of Law</copyright-statement>
         </permissions>
         <self-uri xlink:href="http://www.jstor.org/stable/1144108"/>
         <custom-meta-group>
            <custom-meta>
               <meta-name>lang</meta-name>
               <meta-value>eng</meta-value>
            </custom-meta>
         </custom-meta-group>
      </article-meta>
   </front>
   <back>
      <fn-group>
         <title>[Footnotes]</title>
         <fn id="d760e123a1310">
            <label>1</label>
            <p>
               <mixed-citation id="d760e130" publication-type="journal">
S.L. Price, The Spector of Violent Drug Cartels Haunts the Formidable Columbian National
Soccer Team, SPORTS ILLUSTRATED, May 23, 1994, at 62.<person-group>
                     <string-name>
                        <surname>Price</surname>
                     </string-name>
                  </person-group>
                  <issue>May</issue>
                  <fpage>62</fpage>
                  <volume>23</volume>
                  <source>Sports Illustrated</source>
                  <year>1994</year>
               </mixed-citation>
            </p>
         </fn>
         <fn id="d760e165a1310">
            <label>2</label>
            <p>
               <mixed-citation id="d760e172" publication-type="journal">
Id.  </mixed-citation>
            </p>
         </fn>
         <fn id="d760e181a1310">
            <label>3</label>
            <p>
               <mixed-citation id="d760e188" publication-type="journal">
Robert D. McFadden, Head of Medellin Cocaine Cartel is Killed by Troops in Colombia,
N.Y. TIMES, Dec. 3, 1993, at A12.<person-group>
                     <string-name>
                        <surname>McFadden</surname>
                     </string-name>
                  </person-group>
                  <issue>Dec</issue>
                  <fpage>A12</fpage>
                  <volume>3</volume>
                  <source>N.Y. Times</source>
                  <year>1993</year>
               </mixed-citation>
            </p>
         </fn>
         <fn id="d760e223a1310">
            <label>4</label>
            <p>
               <mixed-citation id="d760e230" publication-type="journal">
Id.  </mixed-citation>
            </p>
         </fn>
         <fn id="d760e240a1310">
            <label>5</label>
            <p>
               <mixed-citation id="d760e247" publication-type="journal">
Leslie Wirpsa, Colombian Drug Baron is Shot Dead, THE HOUSTON POST, Dec. 3, 1993, at
A19.<person-group>
                     <string-name>
                        <surname>Wirpsa</surname>
                     </string-name>
                  </person-group>
                  <issue>Dec. 3</issue>
                  <fpage>A19</fpage>
                  <source>The Houston Post</source>
                  <year>1993</year>
               </mixed-citation>
            </p>
         </fn>
         <fn id="d760e279a1310">
            <label>6</label>
            <p>
               <mixed-citation id="d760e286" publication-type="journal">
Id.  </mixed-citation>
            </p>
         </fn>
         <fn id="d760e295a1310">
            <label>7</label>
            <p>
               <mixed-citation id="d760e302" publication-type="journal">
Id.  </mixed-citation>
            </p>
         </fn>
         <fn id="d760e311a1310">
            <label>8</label>
            <p>
               <mixed-citation id="d760e318" publication-type="book">
BUREAU OF JUSTICE STATISTICS, DRUGS, CRIME, AND THE JUSTICE SYSTEM 126 (1992).<volume>126</volume>
                  <source>Bureau Of Justice Statistics, Drugs, Crime, And The Justice System</source>
                  <year>1992</year>
               </mixed-citation>
            </p>
         </fn>
         <fn id="d760e334a1310">
            <label>9</label>
            <p>
               <mixed-citation id="d760e341" publication-type="other">
S. REP. No. 225, 98th Cong., 2d Sess. 191 (1984)</mixed-citation>
            </p>
            <p>
               <mixed-citation id="d760e347" publication-type="other">
1984 U.S.C.C.A.N. 3182,
3374</mixed-citation>
            </p>
         </fn>
         <fn id="d760e357a1310">
            <label>10</label>
            <p>
               <mixed-citation id="d760e364" publication-type="other">
Id.</mixed-citation>
            </p>
         </fn>
         <fn id="d760e372a1310">
            <label>11</label>
            <p>
               <mixed-citation id="d760e379" publication-type="other">
21 U.S.C. § 881 (1988).</mixed-citation>
            </p>
         </fn>
         <fn id="d760e386a1310">
            <label>12</label>
            <p>
               <mixed-citation id="d760e393" publication-type="other">
21 U.S.C. § 881(a) (7) (1988).</mixed-citation>
            </p>
         </fn>
         <fn id="d760e400a1310">
            <label>13</label>
            <p>
               <mixed-citation id="d760e407" publication-type="other">
21 Exodus 28:8</mixed-citation>
            </p>
         </fn>
         <fn id="d760e414a1310">
            <label>14</label>
            <p>
               <mixed-citation id="d760e421" publication-type="other">
OLIVER WENDELL HOLMES, THE COMMON LAW 8 n.6 (1945)</mixed-citation>
            </p>
         </fn>
         <fn id="d760e428a1310">
            <label>15</label>
            <p>
               <mixed-citation id="d760e435" publication-type="other">
Id. at 8</mixed-citation>
            </p>
         </fn>
         <fn id="d760e442a1310">
            <label>16</label>
            <p>
               <mixed-citation id="d760e449" publication-type="other">
Parker-Harris Co. v. Tate, 188 S.W. 54, 55 (Tenn. 1916).</mixed-citation>
            </p>
         </fn>
         <fn id="d760e457a1310">
            <label>17</label>
            <p>
               <mixed-citation id="d760e464" publication-type="other">
Id.</mixed-citation>
            </p>
         </fn>
         <fn id="d760e471a1310">
            <label>18</label>
            <p>
               <mixed-citation id="d760e478" publication-type="other">
Id.</mixed-citation>
            </p>
         </fn>
         <fn id="d760e485a1310">
            <label>19</label>
            <p>
               <mixed-citation id="d760e492" publication-type="other">
United States v. Schmalfeldt, 657 F. Supp. 385, 387-88 (W.D. Mich. 1987)</mixed-citation>
            </p>
            <p>
               <mixed-citation id="d760e498" publication-type="other">
Calero-Toledo v. Pearson Yacht Leasing Co., 416 U.S. 663, 681 n.16 (1974)</mixed-citation>
            </p>
         </fn>
         <fn id="d760e505a1310">
            <label>20</label>
            <p>
               <mixed-citation id="d760e512" publication-type="other">
HOLMES, supra note 14, at 25</mixed-citation>
            </p>
         </fn>
         <fn id="d760e519a1310">
            <label>21</label>
            <p>
               <mixed-citation id="d760e526" publication-type="other">
Id. at 24</mixed-citation>
            </p>
            <p>
               <mixed-citation id="d760e532" publication-type="other">
Id. at 34</mixed-citation>
            </p>
         </fn>
         <fn id="d760e539a1310">
            <label>22</label>
            <p>
               <mixed-citation id="d760e546" publication-type="other">
Schmalfeldt, 657 F. Supp. at 388.</mixed-citation>
            </p>
         </fn>
         <fn id="d760e554a1310">
            <label>23</label>
            <p>
               <mixed-citation id="d760e561" publication-type="other">
Parker-Harris Co. v. Tate, 188 S.W. 54, 55 (Tenn. 1916).</mixed-citation>
            </p>
         </fn>
         <fn id="d760e568a1310">
            <label>24</label>
            <p>
               <mixed-citation id="d760e577" publication-type="other">
Schmalfeldt, 657 F. Supp. at 388</mixed-citation>
            </p>
            <p>
               <mixed-citation id="d760e583" publication-type="other">
Id.</mixed-citation>
            </p>
            <p>
               <mixed-citation id="d760e590" publication-type="other">
21 U.S.C. § 881(e) (1988 &amp; Supp. V 1992)</mixed-citation>
            </p>
            <p>
               <mixed-citation id="d760e596" publication-type="other">
Goldsmith v. United States, 254 U.S. 505, 510 (1921)</mixed-citation>
            </p>
         </fn>
         <fn id="d760e603a1310">
            <label>25</label>
            <p>
               <mixed-citation id="d760e610" publication-type="other">
C.J. Hendry Co. v. Moore, 318 U.S. 133, 139 (1943)</mixed-citation>
            </p>
            <p>
               <mixed-citation id="d760e616" publication-type="other">
Id.</mixed-citation>
            </p>
            <p>
               <mixed-citation id="d760e622" publication-type="journal">
James R. Maxeiner,
Bane of American Forfeiture Law-Banished At Last?, 62 CORNELL L. REV. 768, 776-77 (1977)<person-group>
                     <string-name>
                        <surname>Maxeiner</surname>
                     </string-name>
                  </person-group>
                  <fpage>768</fpage>
                  <volume>62</volume>
                  <source>Cornell L. Rev.</source>
                  <year>1977</year>
               </mixed-citation>
            </p>
            <p>
               <mixed-citation id="d760e654" publication-type="journal">
Id. at 770, 779 n.68  <fpage>770</fpage>
               </mixed-citation>
            </p>
         </fn>
         <fn id="d760e666a1310">
            <label>26</label>
            <p>
               <mixed-citation id="d760e673" publication-type="other">
Calero-Toledo v. Pearson Yacht Leasing Co., 416 U.S. 663, 683 (1974).</mixed-citation>
            </p>
         </fn>
         <fn id="d760e680a1310">
            <label>27</label>
            <p>
               <mixed-citation id="d760e687" publication-type="other">
Id.</mixed-citation>
            </p>
         </fn>
         <fn id="d760e694a1310">
            <label>28</label>
            <p>
               <mixed-citation id="d760e701" publication-type="book">
HARRY L. MYERS &amp; JOSEPH P. BRZOSTOWSKI, DRUG AGENTS' GUIDE TO FORFEITURE OF
ASSETS 11 (William M. Lenck ed., 1987) [hereinafter DRUG GUIDE]<person-group>
                     <string-name>
                        <surname>Myers</surname>
                     </string-name>
                  </person-group>
                  <volume>11</volume>
                  <source>Drug Agents' Guide To Forfeiture Of Assets</source>
                  <year>1987</year>
               </mixed-citation>
            </p>
         </fn>
         <fn id="d760e731a1310">
            <label>29</label>
            <p>
               <mixed-citation id="d760e738" publication-type="other">
Calero-Toledo, 416 U.S. at 683.</mixed-citation>
            </p>
         </fn>
         <fn id="d760e745a1310">
            <label>30</label>
            <p>
               <mixed-citation id="d760e752" publication-type="other">
DRUG GUIDE, supra, note 28, at 1.</mixed-citation>
            </p>
         </fn>
         <fn id="d760e759a1310">
            <label>31</label>
            <p>
               <mixed-citation id="d760e766" publication-type="other">
Calero-Toledo, 416 U.S. at 683</mixed-citation>
            </p>
            <p>
               <mixed-citation id="d760e772" publication-type="other">
HOLMES, supra note 14, at 25</mixed-citation>
            </p>
         </fn>
         <fn id="d760e779a1310">
            <label>32</label>
            <p>
               <mixed-citation id="d760e786" publication-type="other">
Goldsmith v. United States, 254 U.S. 505, 511 (1921)</mixed-citation>
            </p>
            <p>
               <mixed-citation id="d760e792" publication-type="other">
United States v. The Little Charles, 26 F. Cas. 979 (C.C.D. Va. 1818)
(No. 15,612)</mixed-citation>
            </p>
            <p>
               <mixed-citation id="d760e801" publication-type="other">
United States v. 1960 Bags of Coffee, 12
U.S. (8 Cranch) 398 (1814)</mixed-citation>
            </p>
            <p>
               <mixed-citation id="d760e811" publication-type="other">
Non-Intercourse Act of 1809</mixed-citation>
            </p>
            <p>
               <mixed-citation id="d760e817" publication-type="other">
Id. at 405</mixed-citation>
            </p>
            <p>
               <mixed-citation id="d760e823" publication-type="other">
15 Stat. 132</mixed-citation>
            </p>
            <p>
               <mixed-citation id="d760e829" publication-type="other">
Dobbins's Distillery v. United States, 96 U.S. 395, 401 (1877)</mixed-citation>
            </p>
         </fn>
         <fn id="d760e836a1310">
            <label>33</label>
            <p>
               <mixed-citation id="d760e843" publication-type="other">
H.R. REP. No. 91-1444, 91st Cong., 2d Sess. pt. 1, at 1-26 (1970)</mixed-citation>
            </p>
            <p>
               <mixed-citation id="d760e849" publication-type="other">
1970
U.S.C.C.A.N. 4566</mixed-citation>
            </p>
         </fn>
         <fn id="d760e859a1310">
            <label>34</label>
            <p>
               <mixed-citation id="d760e866" publication-type="other">
21 U.S.C. §§ 801-966 (1970)</mixed-citation>
            </p>
         </fn>
         <fn id="d760e874a1310">
            <label>35</label>
            <p>
               <mixed-citation id="d760e881" publication-type="other">
S. REP. No. 225, supra note 9</mixed-citation>
            </p>
            <p>
               <mixed-citation id="d760e887" publication-type="other">
1984 U.S.C.C.A.N. at 3374</mixed-citation>
            </p>
         </fn>
         <fn id="d760e894a1310">
            <label>36</label>
            <p>
               <mixed-citation id="d760e901" publication-type="other">
Id.</mixed-citation>
            </p>
         </fn>
         <fn id="d760e908a1310">
            <label>37</label>
            <p>
               <mixed-citation id="d760e915" publication-type="other">
116 CONG. REC. 607 (1970).</mixed-citation>
            </p>
         </fn>
         <fn id="d760e922a1310">
            <label>38</label>
            <p>
               <mixed-citation id="d760e929" publication-type="other">
S. REP. No. 225,
supra note 9</mixed-citation>
            </p>
            <p>
               <mixed-citation id="d760e938" publication-type="other">
1984 U.S.C.C.A.N. at 3374</mixed-citation>
            </p>
         </fn>
         <fn id="d760e945a1310">
            <label>39</label>
            <p>
               <mixed-citation id="d760e954" publication-type="other">
21 U.S.C. § 881 (a)</mixed-citation>
            </p>
         </fn>
         <fn id="d760e961a1310">
            <label>40</label>
            <p>
               <mixed-citation id="d760e968" publication-type="other">
124 CONG. REC. 23,055 (1978)</mixed-citation>
            </p>
         </fn>
         <fn id="d760e976a1310">
            <label>41</label>
            <p>
               <mixed-citation id="d760e983" publication-type="other">
21 U.S.C. § 881(a) (6)</mixed-citation>
            </p>
            <p>
               <mixed-citation id="d760e989" publication-type="other">
Id.</mixed-citation>
            </p>
         </fn>
         <fn id="d760e996a1310">
            <label>42</label>
            <p>
               <mixed-citation id="d760e1003" publication-type="other">
124 CONG. REC. 23,055 (1978)</mixed-citation>
            </p>
            <p>
               <mixed-citation id="d760e1009" publication-type="other">
Id. at 23,056</mixed-citation>
            </p>
         </fn>
         <fn id="d760e1016a1310">
            <label>43</label>
            <p>
               <mixed-citation id="d760e1023" publication-type="other">
released in 1981 by the General Accounting Office (GAO), entitled ASSET
FORFEITURE-A SELDOM USED TOOL IN COMBATTING DRUG TRAFFICKING</mixed-citation>
            </p>
            <p>
               <mixed-citation id="d760e1032" publication-type="other">
S. REP. No. 225, supra note 9</mixed-citation>
            </p>
            <p>
               <mixed-citation id="d760e1038" publication-type="other">
1984 U.S.C.C.A.N. at 3374</mixed-citation>
            </p>
            <p>
               <mixed-citation id="d760e1045" publication-type="other">
Id.</mixed-citation>
            </p>
         </fn>
         <fn id="d760e1052a1310">
            <label>44</label>
            <p>
               <mixed-citation id="d760e1061" publication-type="other">
S. REP. No. 225, supra note 9</mixed-citation>
            </p>
            <p>
               <mixed-citation id="d760e1067" publication-type="other">
1984 U.S.C.C.A.N. at 3378</mixed-citation>
            </p>
         </fn>
         <fn id="d760e1074a1310">
            <label>45</label>
            <p>
               <mixed-citation id="d760e1081" publication-type="other">
21 U.S.C. § 881(a) (7) (1988)</mixed-citation>
            </p>
            <p>
               <mixed-citation id="d760e1087" publication-type="other">
Id.</mixed-citation>
            </p>
         </fn>
         <fn id="d760e1094a1310">
            <label>46</label>
            <p>
               <mixed-citation id="d760e1101" publication-type="book">
BUREAU OF JUSTICE STATISTICS, DRUGS, CRIME, AND THE JUSTICE SYSTEM 156 (Dec.
1992).<volume>156</volume>
                  <source>Bureau of Justice Statistics, Drugs, Crime, and the Justice System</source>
                  <year>1992</year>
               </mixed-citation>
            </p>
         </fn>
         <fn id="d760e1121a1310">
            <label>47</label>
            <p>
               <mixed-citation id="d760e1128" publication-type="other">
BLACK'S LAW DICTIONARY 793 (6th ed. 1991)</mixed-citation>
            </p>
         </fn>
         <fn id="d760e1135a1310">
            <label>48</label>
            <p>
               <mixed-citation id="d760e1142" publication-type="other">
Supplemental Rules for Certain Admiralty and Maritime</mixed-citation>
            </p>
            <p>
               <mixed-citation id="d760e1148" publication-type="other">
Federal Rules of Criminal
Procedure</mixed-citation>
            </p>
            <p>
               <mixed-citation id="d760e1157" publication-type="journal">
Marc. B. Stahl, Asset Forfeiture, Burdens of Proof and the War on Drugs, 83
J. CRIM. L. &amp; CRIMINOLOGY 274, 279-81 (1992)<person-group>
                     <string-name>
                        <surname>Stahl</surname>
                     </string-name>
                  </person-group>
                  <fpage>274</fpage>
                  <volume>83</volume>
                  <source>J. Crim. L. &amp; Criminology</source>
                  <year>1992</year>
               </mixed-citation>
            </p>
         </fn>
         <fn id="d760e1189a1310">
            <label>49</label>
            <p>
               <mixed-citation id="d760e1196" publication-type="other">
U.S.C. § 881(h)</mixed-citation>
            </p>
         </fn>
         <fn id="d760e1203a1310">
            <label>50</label>
            <p>
               <mixed-citation id="d760e1210" publication-type="other">
19 U.S.C. § 1621 (1988).</mixed-citation>
            </p>
         </fn>
         <fn id="d760e1217a1310">
            <label>51</label>
            <p>
               <mixed-citation id="d760e1224" publication-type="other">
21 U.S.C. § 881(d) (1988)</mixed-citation>
            </p>
            <p>
               <mixed-citation id="d760e1230" publication-type="other">
§ 881</mixed-citation>
            </p>
            <p>
               <mixed-citation id="d760e1236" publication-type="other">
19 U.S.C. § 1615</mixed-citation>
            </p>
            <p>
               <mixed-citation id="d760e1243" publication-type="other">
19 U.S.C. § 1615 (1988)</mixed-citation>
            </p>
         </fn>
         <fn id="d760e1250a1310">
            <label>52</label>
            <p>
               <mixed-citation id="d760e1257" publication-type="other">
United States v. 4,657 Acres, 730 F. Supp. 423, 425 (S.D. Fla. 1989)</mixed-citation>
            </p>
            <p>
               <mixed-citation id="d760e1263" publication-type="other">
United
States v. One 1950 Buick Sedan, 231 F.2d 219, 221-22 (3d Cir. 1956)</mixed-citation>
            </p>
         </fn>
         <fn id="d760e1274a1310">
            <label>53</label>
            <p>
               <mixed-citation id="d760e1281" publication-type="other">
19 U.S.C. § 1615 (1988)</mixed-citation>
            </p>
            <p>
               <mixed-citation id="d760e1287" publication-type="other">
United States v. One 1970 Pontiac GTO, 529 F.2d 65 (9th Cir. 1976)</mixed-citation>
            </p>
            <p>
               <mixed-citation id="d760e1293" publication-type="other">
United States v. One 1980 Bertram 58' Motor Yacht, 876 F.2d 884 (11th Cir. 1989)</mixed-citation>
            </p>
            <p>
               <mixed-citation id="d760e1300" publication-type="other">
United
States v. One 1975 Ford F 100 Pick Up Truck, 558 F.2d 755, 756 (5th Cir. 1977)</mixed-citation>
            </p>
            <p>
               <mixed-citation id="d760e1309" publication-type="other">
United
States v. 15621 S.W. 209th Ave., 699 F. Supp. 1531, 1534 (S.D. Fla. 1988)</mixed-citation>
            </p>
            <p>
               <mixed-citation id="d760e1318" publication-type="other">
United States v.
M/V Christy Lee, 640 F. Supp. 667, 672 (S.D. Fla. 1986)</mixed-citation>
            </p>
         </fn>
         <fn id="d760e1328a1310">
            <label>54</label>
            <p>
               <mixed-citation id="d760e1335" publication-type="other">
DRUG GUIDE, supra note 28, at 228</mixed-citation>
            </p>
         </fn>
         <fn id="d760e1342a1310">
            <label>55</label>
            <p>
               <mixed-citation id="d760e1349" publication-type="other">
Id.</mixed-citation>
            </p>
         </fn>
         <fn id="d760e1356a1310">
            <label>56</label>
            <p>
               <mixed-citation id="d760e1363" publication-type="other">
21 U.S.C. § 881(a) (6) (1988)</mixed-citation>
            </p>
         </fn>
         <fn id="d760e1370a1310">
            <label>57</label>
            <p>
               <mixed-citation id="d760e1377" publication-type="other">
21 U.S.C. § 881 (a) (7)
(1988)</mixed-citation>
            </p>
            <p>
               <mixed-citation id="d760e1386" publication-type="other">
(a) (6)</mixed-citation>
            </p>
            <p>
               <mixed-citation id="d760e1392" publication-type="other">
(a) (7)</mixed-citation>
            </p>
         </fn>
         <fn id="d760e1399a1310">
            <label>58</label>
            <p>
               <mixed-citation id="d760e1406" publication-type="other">
21 U.S.C. § 881 (a) (4) (A) &amp; (B)</mixed-citation>
            </p>
            <p>
               <mixed-citation id="d760e1412" publication-type="other">
§ 881 (a) (4) (C)</mixed-citation>
            </p>
            <p>
               <mixed-citation id="d760e1418" publication-type="other">
21 U.S.C. § 881(a) (4) (C) (1988)</mixed-citation>
            </p>
         </fn>
         <fn id="d760e1426a1310">
            <label>59</label>
            <p>
               <mixed-citation id="d760e1433" publication-type="other">
134 CONG. REC. 24,086 (1988).</mixed-citation>
            </p>
         </fn>
         <fn id="d760e1440a1310">
            <label>60</label>
            <p>
               <mixed-citation id="d760e1447" publication-type="other">
SEN. REP. No. 225, supra note 9</mixed-citation>
            </p>
            <p>
               <mixed-citation id="d760e1453" publication-type="other">
1984 U.S.C.C.A.N. at 3375</mixed-citation>
            </p>
         </fn>
         <fn id="d760e1460a1310">
            <label>61</label>
            <p>
               <mixed-citation id="d760e1467" publication-type="other">
21 U.S.C. § 881(a) (7) (1988).</mixed-citation>
            </p>
         </fn>
         <fn id="d760e1474a1310">
            <label>62</label>
            <p>
               <mixed-citation id="d760e1481" publication-type="other">
United States v. 6960 Miraflores Ave., 995 F.2d 1558 (11th Cir. 1993)</mixed-citation>
            </p>
            <p>
               <mixed-citation id="d760e1487" publication-type="other">
United States
v. Lot 111-B, 902 F.2d 1443 (9th Cir. 1990)</mixed-citation>
            </p>
            <p>
               <mixed-citation id="d760e1496" publication-type="other">
United States v. 15621 S.W. 209th Ave., 894
F.2d 1511 (11th Cir. 1990)</mixed-citation>
            </p>
            <p>
               <mixed-citation id="d760e1506" publication-type="other">
United States v.
15603 85th Ave. N., 933 F.2d 976 (11th Cir. 1991)</mixed-citation>
            </p>
            <p>
               <mixed-citation id="d760e1515" publication-type="other">
15621 S. W. 209th Ave., 894 F.2d at 1511</mixed-citation>
            </p>
            <p>
               <mixed-citation id="d760e1521" publication-type="other">
United States v. 1012 German-
town Rd., 963 F.2d 1496, 1503 (11th Cir. 1992)</mixed-citation>
            </p>
            <p>
               <mixed-citation id="d760e1530" publication-type="other">
6960 Miraflores Ave., 995 F.2d at 1558</mixed-citation>
            </p>
         </fn>
         <fn id="d760e1537a1310">
            <label>63</label>
            <p>
               <mixed-citation id="d760e1544" publication-type="other">
United States v. 19 and 25 Castle St., 31 F.3d 35, 39 (2d Cir. 1994)</mixed-citation>
            </p>
            <p>
               <mixed-citation id="d760e1550" publication-type="other">
United States v.
717 S. Woodward St., 2 F.3d 529 (3d Cir. 1993)</mixed-citation>
            </p>
            <p>
               <mixed-citation id="d760e1559" publication-type="other">
United States v. 755 Forest Rd., 985 F.2d
70 (2d Cir. 1993)</mixed-citation>
            </p>
            <p>
               <mixed-citation id="d760e1569" publication-type="other">
United States v. 141st St. Corp., 911 F.2d 870 (2d Cir. 1990)</mixed-citation>
            </p>
            <p>
               <mixed-citation id="d760e1575" publication-type="other">
498 U.S. 1109 (1991)</mixed-citation>
            </p>
            <p>
               <mixed-citation id="d760e1581" publication-type="other">
United States v. 6109 Grubb Rd., 886 F.2d 618 (3d Cir. 1989)</mixed-citation>
            </p>
         </fn>
         <fn id="d760e1588a1310">
            <label>64</label>
            <p>
               <mixed-citation id="d760e1595" publication-type="other">
United States v. 14307 Four Lakes Drive, 1 F.3d 1242 (6th Cir. 1993)</mixed-citation>
            </p>
         </fn>
         <fn id="d760e1603a1310">
            <label>65</label>
            <p>
               <mixed-citation id="d760e1610" publication-type="other">
Reiter v. Sonotone Corp., 442 U.S. 330, 339 (1979)</mixed-citation>
            </p>
            <p>
               <mixed-citation id="d760e1616" publication-type="other">
§ 4 of the Clayton
Act, 15 U.S.C. § 15 (1989)</mixed-citation>
            </p>
         </fn>
         <fn id="d760e1626a1310">
            <label>66</label>
            <p>
               <mixed-citation id="d760e1633" publication-type="other">
United States v. 171-02 Liberty Ave., 710 F. Supp. 46 (E.D.N.Y. 1989)</mixed-citation>
            </p>
            <p>
               <mixed-citation id="d760e1639" publication-type="other">
6109
Grubb Rd., 886 F.2d at 618</mixed-citation>
            </p>
            <p>
               <mixed-citation id="d760e1648" publication-type="other">
United States v. 710 Main St., 744 F. Supp. 510, 523 (S.D.N.Y.
1990)</mixed-citation>
            </p>
            <p>
               <mixed-citation id="d760e1658" publication-type="other">
171-02 Liberty Ave.</mixed-citation>
            </p>
            <p>
               <mixed-citation id="d760e1664" publication-type="other">
6109 Grubb Rd.</mixed-citation>
            </p>
            <p>
               <mixed-citation id="d760e1670" publication-type="other">
Sixty (60)
Acres</mixed-citation>
            </p>
            <p>
               <mixed-citation id="d760e1679" publication-type="other">
United States v. Sixty (60) Acres, 727 F. Supp. 1414 (N.D. Ala. 1990)</mixed-citation>
            </p>
            <p>
               <mixed-citation id="d760e1685" publication-type="other">
United States
v. 19026 Oakmont S. Drive, 715 F. Supp. 233, 237 (N.D. Ind. 1989)</mixed-citation>
            </p>
            <p>
               <mixed-citation id="d760e1694" publication-type="other">
171-02 Liberty Ave., 710 F. Supp. at 46</mixed-citation>
            </p>
         </fn>
         <fn id="d760e1701a1310">
            <label>67</label>
            <p>
               <mixed-citation id="d760e1708" publication-type="other">
171-02 Liberty Ave., 710 F. Supp. at 50</mixed-citation>
            </p>
         </fn>
         <fn id="d760e1715a1310">
            <label>68</label>
            <p>
               <mixed-citation id="d760e1722" publication-type="other">
Id. at 46.</mixed-citation>
            </p>
         </fn>
         <fn id="d760e1729a1310">
            <label>69</label>
            <p>
               <mixed-citation id="d760e1736" publication-type="other">
Id. at 50.</mixed-citation>
            </p>
         </fn>
         <fn id="d760e1743a1310">
            <label>70</label>
            <p>
               <mixed-citation id="d760e1750" publication-type="other">
Id.</mixed-citation>
            </p>
         </fn>
         <fn id="d760e1758a1310">
            <label>71</label>
            <p>
               <mixed-citation id="d760e1765" publication-type="other">
Id.</mixed-citation>
            </p>
         </fn>
         <fn id="d760e1772a1310">
            <label>72</label>
            <p>
               <mixed-citation id="d760e1779" publication-type="other">
Id. at 46.</mixed-citation>
            </p>
         </fn>
         <fn id="d760e1786a1310">
            <label>73</label>
            <p>
               <mixed-citation id="d760e1793" publication-type="other">
Id. at 50.</mixed-citation>
            </p>
         </fn>
         <fn id="d760e1800a1310">
            <label>74</label>
            <p>
               <mixed-citation id="d760e1807" publication-type="other">
Id.</mixed-citation>
            </p>
         </fn>
         <fn id="d760e1814a1310">
            <label>75</label>
            <p>
               <mixed-citation id="d760e1821" publication-type="other">
Id.</mixed-citation>
            </p>
         </fn>
         <fn id="d760e1828a1310">
            <label>76</label>
            <p>
               <mixed-citation id="d760e1835" publication-type="other">
De Sylva v. Ballentine, 351 U.S. 570 (1956)</mixed-citation>
            </p>
            <p>
               <mixed-citation id="d760e1841" publication-type="other">
Unification Church v. Immigra-
tion and Naturalization Serv., 762 F.2d 1077 (D.C. Cir. 1985)</mixed-citation>
            </p>
            <p>
               <mixed-citation id="d760e1850" publication-type="other">
Equal Access to Justice Act</mixed-citation>
            </p>
            <p>
               <mixed-citation id="d760e1857" publication-type="other">
United States v. Smith, 785 F. Supp. 52 (S.D.N.Y. 1992)</mixed-citation>
            </p>
         </fn>
         <fn id="d760e1865a1310">
            <label>77</label>
            <p>
               <mixed-citation id="d760e1872" publication-type="other">
351 U.S. 570 (1956).</mixed-citation>
            </p>
         </fn>
         <fn id="d760e1879a1310">
            <label>78</label>
            <p>
               <mixed-citation id="d760e1886" publication-type="other">
Id. at 573.</mixed-citation>
            </p>
         </fn>
         <fn id="d760e1893a1310">
            <label>79</label>
            <p>
               <mixed-citation id="d760e1900" publication-type="other">
Id. at 572.</mixed-citation>
            </p>
         </fn>
         <fn id="d760e1907a1310">
            <label>80</label>
            <p>
               <mixed-citation id="d760e1914" publication-type="other">
17 U.S.C. § 24 (1988).</mixed-citation>
            </p>
         </fn>
         <fn id="d760e1921a1310">
            <label>81</label>
            <p>
               <mixed-citation id="d760e1928" publication-type="other">
De Sylva, 351 U.S. at 572.</mixed-citation>
            </p>
         </fn>
         <fn id="d760e1935a1310">
            <label>82</label>
            <p>
               <mixed-citation id="d760e1942" publication-type="other">
Id. at 572.</mixed-citation>
            </p>
         </fn>
         <fn id="d760e1950a1310">
            <label>83</label>
            <p>
               <mixed-citation id="d760e1957" publication-type="other">
Id. at 573.</mixed-citation>
            </p>
         </fn>
         <fn id="d760e1964a1310">
            <label>84</label>
            <p>
               <mixed-citation id="d760e1971" publication-type="other">
Id. at 580.</mixed-citation>
            </p>
         </fn>
         <fn id="d760e1978a1310">
            <label>85</label>
            <p>
               <mixed-citation id="d760e1985" publication-type="other">
Id. at 573</mixed-citation>
            </p>
            <p>
               <mixed-citation id="d760e1991" publication-type="other">
Unification Church, 762 F.2d at 1084</mixed-citation>
            </p>
            <p>
               <mixed-citation id="d760e1997" publication-type="book">
C. DALLAS SANDS, STATUTES AND STATUTORY CONSTRUCTION 127
(4th ed. 1985)<person-group>
                     <string-name>
                        <surname>Sands</surname>
                     </string-name>
                  </person-group>
                  <edition>4</edition>
                  <volume>127</volume>
                  <source>Statutes And Statutory Construction</source>
                  <year>1985</year>
               </mixed-citation>
            </p>
         </fn>
         <fn id="d760e2029a1310">
            <label>86</label>
            <p>
               <mixed-citation id="d760e2036" publication-type="book">
IRVING M. COPI, SYMBOLIC LOGIC 29 (5th ed. 1979)<person-group>
                     <string-name>
                        <surname>Copi</surname>
                     </string-name>
                  </person-group>
                  <edition>5</edition>
                  <volume>29</volume>
                  <source>Symbolic Logic</source>
                  <year>1979</year>
               </mixed-citation>
            </p>
         </fn>
         <fn id="d760e2065a1310">
            <label>87</label>
            <p>
               <mixed-citation id="d760e2072" publication-type="book">
Id.  </mixed-citation>
            </p>
            <p>
               <mixed-citation id="d760e2080" publication-type="book">
Id.  </mixed-citation>
            </p>
         </fn>
         <fn id="d760e2089a1310">
            <label>88</label>
            <p>
               <mixed-citation id="d760e2096" publication-type="book">
Id.  </mixed-citation>
            </p>
         </fn>
         <fn id="d760e2106a1310">
            <label>89</label>
            <p>
               <mixed-citation id="d760e2113" publication-type="book">
Id.  </mixed-citation>
            </p>
         </fn>
         <fn id="d760e2122a1310">
            <label>90</label>
            <p>
               <mixed-citation id="d760e2129" publication-type="book">
Id.  </mixed-citation>
            </p>
            <p>
               <mixed-citation id="d760e2137" publication-type="journal">
Lalit K. Loomba, Note, The Innocent Owner Defense To Real Property Forfeiture
Under the Comprehensive Crime Control Act of 1984, 58 FORDHAM L. REV. 471, 480 (1989)<person-group>
                     <string-name>
                        <surname>Loomba</surname>
                     </string-name>
                  </person-group>
                  <fpage>471</fpage>
                  <volume>58</volume>
                  <source>Fordham L. Rev.</source>
                  <year>1989</year>
               </mixed-citation>
            </p>
            <p>
               <mixed-citation id="d760e2168" publication-type="other">
§ 881 (a) (7)</mixed-citation>
            </p>
         </fn>
         <fn id="d760e2175a1310">
            <label>91</label>
            <p>
               <mixed-citation id="d760e2182" publication-type="other">
United States v. 6109 Grubb Rd., 890 F.2d 659, 661 (3d Cir. 1989)</mixed-citation>
            </p>
         </fn>
         <fn id="d760e2189a1310">
            <label>92</label>
            <p>
               <mixed-citation id="d760e2196" publication-type="other">
Id.</mixed-citation>
            </p>
            <p>
               <mixed-citation id="d760e2202" publication-type="other">
Reiter v. Sonotone Corp., 442 U.S. 330, 339 (1979)</mixed-citation>
            </p>
            <p>
               <mixed-citation id="d760e2208" publication-type="book">
FRANCIS J. MCCAFFREY, STATUTORY CONSTRUCTION 53 (1953)<person-group>
                     <string-name>
                        <surname>McCaffrey</surname>
                     </string-name>
                  </person-group>
                  <volume>53</volume>
                  <source>Statutory Construction</source>
                  <year>1953</year>
               </mixed-citation>
            </p>
         </fn>
         <fn id="d760e2233a1310">
            <label>93</label>
            <p>
               <mixed-citation id="d760e2240" publication-type="other">
6109 Grubb Rd., 890 F.2d at 662 (Greenberg, J., dissenting).</mixed-citation>
            </p>
         </fn>
         <fn id="d760e2247a1310">
            <label>94</label>
            <p>
               <mixed-citation id="d760e2254" publication-type="other">
Id.</mixed-citation>
            </p>
         </fn>
         <fn id="d760e2262a1310">
            <label>95</label>
            <p>
               <mixed-citation id="d760e2269" publication-type="other">
Id.</mixed-citation>
            </p>
            <p>
               <mixed-citation id="d760e2275" publication-type="other">
21 U.S.C.
§ 881 (a) (6)</mixed-citation>
            </p>
            <p>
               <mixed-citation id="d760e2284" publication-type="other">
infra notes 119 to 132</mixed-citation>
            </p>
         </fn>
         <fn id="d760e2291a1310">
            <label>96</label>
            <p>
               <mixed-citation id="d760e2298" publication-type="other">
6109 Grubb Rd., 890 F.2d at 662 (Greenberg, J., dissenting).</mixed-citation>
            </p>
         </fn>
         <fn id="d760e2305a1310">
            <label>97</label>
            <p>
               <mixed-citation id="d760e2312" publication-type="other">
739 F. Supp. 111 (E.D.N.Y. 1990)</mixed-citation>
            </p>
            <p>
               <mixed-citation id="d760e2318" publication-type="other">
945 F.2d 1252 (2d Cir. 1991)</mixed-citation>
            </p>
         </fn>
         <fn id="d760e2325a1310">
            <label>98</label>
            <p>
               <mixed-citation id="d760e2332" publication-type="other">
Id. at 113.</mixed-citation>
            </p>
         </fn>
         <fn id="d760e2339a1310">
            <label>99</label>
            <p>
               <mixed-citation id="d760e2346" publication-type="other">
Id.</mixed-citation>
            </p>
         </fn>
         <fn id="d760e2353a1310">
            <label>100</label>
            <p>
               <mixed-citation id="d760e2360" publication-type="other">
Id. at 114.</mixed-citation>
            </p>
         </fn>
         <fn id="d760e2368a1310">
            <label>101</label>
            <p>
               <mixed-citation id="d760e2375" publication-type="other">
Id. at 114-15.</mixed-citation>
            </p>
         </fn>
         <fn id="d760e2382a1310">
            <label>102</label>
            <p>
               <mixed-citation id="d760e2389" publication-type="other">
Id. at 113.</mixed-citation>
            </p>
         </fn>
         <fn id="d760e2396a1310">
            <label>103</label>
            <p>
               <mixed-citation id="d760e2403" publication-type="other">
United States v. Whitridge, 197 U.S. 135, 143 (1905).</mixed-citation>
            </p>
         </fn>
         <fn id="d760e2410a1310">
            <label>104</label>
            <p>
               <mixed-citation id="d760e2417" publication-type="other">
United States v. Shirey, 359 U.S. 255, 260-61 (1959)</mixed-citation>
            </p>
            <p>
               <mixed-citation id="d760e2423" publication-type="other">
NLRB v. St. Luke's Hosp.
Ctr., 551 F.2d 476, 482 (2d Cir. 1976)</mixed-citation>
            </p>
            <p>
               <mixed-citation id="d760e2432" publication-type="other">
United States v. Lanni, 66 F.2d 1102, 1108 (3d Cir.
1972)</mixed-citation>
            </p>
            <p>
               <mixed-citation id="d760e2442" publication-type="other">
United States v. Patriarca, 807 F. Supp. 165, 189 (D. Mass. 1992)</mixed-citation>
            </p>
            <p>
               <mixed-citation id="d760e2448" publication-type="other">
4 F.3d 70
(1st Cir. 1993)</mixed-citation>
            </p>
            <p>
               <mixed-citation id="d760e2457" publication-type="other">
114 S. Ct. 1644 (1994)</mixed-citation>
            </p>
            <p>
               <mixed-citation id="d760e2463" publication-type="other">
United States v. Glasgow, 389 F. Supp.
217, 226 (D.C. 1975)</mixed-citation>
            </p>
         </fn>
         <fn id="d760e2473a1310">
            <label>105</label>
            <p>
               <mixed-citation id="d760e2480" publication-type="other">
CoP, supra note 86, at 29</mixed-citation>
            </p>
         </fn>
         <fn id="d760e2487a1310">
            <label>106</label>
            <p>
               <mixed-citation id="d760e2494" publication-type="other">
S. REP. No. 225, supra note 9</mixed-citation>
            </p>
            <p>
               <mixed-citation id="d760e2500" publication-type="other">
1984 U.S.C.C.A.N. at 3374</mixed-citation>
            </p>
         </fn>
         <fn id="d760e2508a1310">
            <label>107</label>
            <p>
               <mixed-citation id="d760e2515" publication-type="other">
United States v. 890 Noyac Rd., 739 F. Supp. 111, 114 (E.D.N.Y. 1990)</mixed-citation>
            </p>
            <p>
               <mixed-citation id="d760e2521" publication-type="partial">
945
F.2d 1252 (2d Cir. 1991)</mixed-citation>
            </p>
            <p>
               <mixed-citation id="d760e2530" publication-type="other">
§ 881</mixed-citation>
            </p>
         </fn>
         <fn id="d760e2537a1310">
            <label>108</label>
            <p>
               <mixed-citation id="d760e2544" publication-type="other">
United States v. 141st St. Corp., 911 F.2d 870, 878 (2d Cir. 1990)</mixed-citation>
            </p>
            <p>
               <mixed-citation id="d760e2550" publication-type="other">
498 U.S.
1109 (1991)</mixed-citation>
            </p>
            <p>
               <mixed-citation id="d760e2559" publication-type="other">
United States v. Forfeiture, Stop Six Ctr., 781 F.
Supp. 1200, 1208 (N.D. Tex. 1991)</mixed-citation>
            </p>
            <p>
               <mixed-citation id="d760e2569" publication-type="other">
United States v. 5.935 Acres of
Land, 752 F. Supp. 359, 362 (D. Haw. 1990)</mixed-citation>
            </p>
            <p>
               <mixed-citation id="d760e2578" publication-type="other">
§ 881 (a) (7)</mixed-citation>
            </p>
         </fn>
         <fn id="d760e2585a1310">
            <label>109</label>
            <p>
               <mixed-citation id="d760e2592" publication-type="other">
141st St. Corp., 911 F.2d at 878.</mixed-citation>
            </p>
         </fn>
         <fn id="d760e2599a1310">
            <label>110</label>
            <p>
               <mixed-citation id="d760e2606" publication-type="other">
Forfeiture, Stop Six Ctr., 781 F. Supp. at 1208.</mixed-citation>
            </p>
         </fn>
         <fn id="d760e2613a1310">
            <label>111</label>
            <p>
               <mixed-citation id="d760e2620" publication-type="other">
141st St. Corp., 911 F.2d at 878</mixed-citation>
            </p>
            <p>
               <mixed-citation id="d760e2626" publication-type="other">
5.935 Acres, 752 F. Supp. at 362</mixed-citation>
            </p>
         </fn>
         <fn id="d760e2633a1310">
            <label>112</label>
            <p>
               <mixed-citation id="d760e2640" publication-type="other">
890 Noyac Rd., 739 F. Supp. at 113.</mixed-citation>
            </p>
         </fn>
         <fn id="d760e2648a1310">
            <label>113</label>
            <p>
               <mixed-citation id="d760e2655" publication-type="other">
United States v. 6109 Grubb Rd., 890 F.2d 659, 662 (3d Cir. 1989) (Greenberg, J.,
dissenting).</mixed-citation>
            </p>
         </fn>
         <fn id="d760e2665a1310">
            <label>114</label>
            <p>
               <mixed-citation id="d760e2674" publication-type="other">
United States v. 6960 Miraflores Ave., 995 F.2d 1558, 1561 (11th Cir. 1993)</mixed-citation>
            </p>
            <p>
               <mixed-citation id="d760e2680" publication-type="other">
United States v. 7326 Highway 45 N., 965 F.2d 311, 315 (7th Cir. 1992)</mixed-citation>
            </p>
            <p>
               <mixed-citation id="d760e2687" publication-type="other">
United States v.
$10,694.00 U.S. Currency, 828 F.2d 233, 234-35 (4th Cir. 1987)</mixed-citation>
            </p>
            <p>
               <mixed-citation id="d760e2696" publication-type="other">
United States v. Four Mil-
lion, Two Hundred Fifty-Five Thousand, 762 F.2d 895 (lth Cir. 1985)</mixed-citation>
            </p>
            <p>
               <mixed-citation id="d760e2705" publication-type="other">
United States v.
8848 S. Commercial St., 757 F. Supp. 871, 906 (N.D. Ill. 1990)</mixed-citation>
            </p>
            <p>
               <mixed-citation id="d760e2714" publication-type="other">
United States v. 121 Nostrand Ave., Apartment 1-C, 760 F.
Supp. 1015, 1020 (E.D.N.Y. 1991)</mixed-citation>
            </p>
            <p>
               <mixed-citation id="d760e2723" publication-type="other">
United States v. 2901 S.W. 118th Ct., 683 F. Supp. 783,
788 (S.D. Fla. 1988)</mixed-citation>
            </p>
         </fn>
         <fn id="d760e2733a1310">
            <label>115</label>
            <p>
               <mixed-citation id="d760e2740" publication-type="other">
141st St. Corp., 911 F.2d at 870</mixed-citation>
            </p>
            <p>
               <mixed-citation id="d760e2746" publication-type="book">
WEBSTER'S THIRD NEW INTERNATIONAL DICTIONARY 482 (1971)<volume>482</volume>
                  <source>Webster's Third New International Dictionary</source>
                  <year>1971</year>
               </mixed-citation>
            </p>
            <p>
               <mixed-citation id="d760e2761" publication-type="book">
Id. at 878  <fpage>878</fpage>
               </mixed-citation>
            </p>
            <p>
               <mixed-citation id="d760e2773" publication-type="book">
Id. at 879  <fpage>879</fpage>
               </mixed-citation>
            </p>
            <p>
               <mixed-citation id="d760e2784" publication-type="other">
Calero-Toledo v. Pearson Yacht Leasing Co., 416 U.S. 663, 689 (1974)</mixed-citation>
            </p>
            <p>
               <mixed-citation id="d760e2790" publication-type="other">
infra notes 161</mixed-citation>
            </p>
         </fn>
         <fn id="d760e2797a1310">
            <label>116</label>
            <p>
               <mixed-citation id="d760e2804" publication-type="other">
United States v. Approximately 4,657 Acres, 730 F. Supp. 423, 427 (S.D. Fla. 1989)</mixed-citation>
            </p>
            <p>
               <mixed-citation id="d760e2810" publication-type="other">
United States v. Certain Real Property, 724 F. Supp. 908, 914 (S.D. Fla. 1989)</mixed-citation>
            </p>
            <p>
               <mixed-citation id="d760e2816" publication-type="other">
United
States v. 171-02 Liberty Ave., 710 F. Supp. 46, 49-50 (E.D.N.Y. 1989)</mixed-citation>
            </p>
            <p>
               <mixed-citation id="d760e2826" publication-type="journal">
Alice M.
O'Brien, "Caught in the Crossfire": Protecting The Innocent Owner of Real Property From Civil
Forfeiture Under 21 U.S.C. § 881(a)(7), 65 ST. JOHN'S L. REV. 521, 546-48 (1991)<person-group>
                     <string-name>
                        <surname>O'Brien</surname>
                     </string-name>
                  </person-group>
                  <fpage>521</fpage>
                  <volume>65</volume>
                  <source>St. John's L. Rev.</source>
                  <year>1991</year>
               </mixed-citation>
            </p>
         </fn>
         <fn id="d760e2861a1310">
            <label>117</label>
            <p>
               <mixed-citation id="d760e2868" publication-type="other">
Judge Greenberg's dissent in 6109 Grubb Rd., 890 F.2d at 662</mixed-citation>
            </p>
            <p>
               <mixed-citation id="d760e2874" publication-type="other">
§ 881 (a) (7)</mixed-citation>
            </p>
            <p>
               <mixed-citation id="d760e2880" publication-type="other">
infra at notes 157 to 160</mixed-citation>
            </p>
         </fn>
         <fn id="d760e2887a1310">
            <label>118</label>
            <p>
               <mixed-citation id="d760e2894" publication-type="other">
881(a) (7)</mixed-citation>
            </p>
            <p>
               <mixed-citation id="d760e2900" publication-type="other">
141st St. Corp., 911 F.2d at 878</mixed-citation>
            </p>
         </fn>
         <fn id="d760e2908a1310">
            <label>119</label>
            <p>
               <mixed-citation id="d760e2915" publication-type="other">
City of Rome v. United States, 446 U.S. 156, 199 (Powell, J., dissenting)</mixed-citation>
            </p>
            <p>
               <mixed-citation id="d760e2921" publication-type="other">
447 U.S. 916 (1980)</mixed-citation>
            </p>
         </fn>
         <fn id="d760e2928a1310">
            <label>120</label>
            <p>
               <mixed-citation id="d760e2935" publication-type="other">
S. REP. No. 225, supra note 9</mixed-citation>
            </p>
            <p>
               <mixed-citation id="d760e2941" publication-type="other">
1984 U.S.C.C.A.N. at 3398</mixed-citation>
            </p>
         </fn>
         <fn id="d760e2948a1310">
            <label>121</label>
            <p>
               <mixed-citation id="d760e2955" publication-type="other">
United States v. Lot 111-B, 902 F.2d 1443,
1445 (9th Cir. 1990)</mixed-citation>
            </p>
            <p>
               <mixed-citation id="d760e2964" publication-type="other">
United States v. 15621 S.W. 209th Ave., 894 F.2d 1511, 1514 (11th
Cir. 1990)</mixed-citation>
            </p>
            <p>
               <mixed-citation id="d760e2973" publication-type="other">
6109 Grubb Rd., 886 F.2d at 625; United States v. 890 Noyac Rd., 739 F. Supp.
111, 114 (E.D.N.Y. 1990)</mixed-citation>
            </p>
            <p>
               <mixed-citation id="d760e2983" publication-type="other">
945 F.2d 1252 (2d Cir. 1991)</mixed-citation>
            </p>
         </fn>
         <fn id="d760e2990a1310">
            <label>122</label>
            <p>
               <mixed-citation id="d760e2997" publication-type="other">
886 F.2d at 618.</mixed-citation>
            </p>
         </fn>
         <fn id="d760e3004a1310">
            <label>123</label>
            <p>
               <mixed-citation id="d760e3011" publication-type="other">
Id.</mixed-citation>
            </p>
         </fn>
         <fn id="d760e3018a1310">
            <label>124</label>
            <p>
               <mixed-citation id="d760e3025" publication-type="other">
Id. at 620.</mixed-citation>
            </p>
         </fn>
         <fn id="d760e3033a1310">
            <label>125</label>
            <p>
               <mixed-citation id="d760e3040" publication-type="other">
Id. at 624.</mixed-citation>
            </p>
         </fn>
         <fn id="d760e3047a1310">
            <label>126</label>
            <p>
               <mixed-citation id="d760e3054" publication-type="other">
Id. at 625.</mixed-citation>
            </p>
         </fn>
         <fn id="d760e3061a1310">
            <label>127</label>
            <p>
               <mixed-citation id="d760e3068" publication-type="other">
Joint Explanatory Statement of Titles II and III, 124 CONG. REC. S17,647 (1978)</mixed-citation>
            </p>
            <p>
               <mixed-citation id="d760e3074" publication-type="other">
1978 U.S.C.C.A.N. 9518, 9522-23</mixed-citation>
            </p>
         </fn>
         <fn id="d760e3081a1310">
            <label>128</label>
            <p>
               <mixed-citation id="d760e3088" publication-type="other">
6109 Grubb Rd., 886 F.2d at 625.</mixed-citation>
            </p>
         </fn>
         <fn id="d760e3095a1310">
            <label>129</label>
            <p>
               <mixed-citation id="d760e3102" publication-type="other">
Id.</mixed-citation>
            </p>
         </fn>
         <fn id="d760e3109a1310">
            <label>130</label>
            <p>
               <mixed-citation id="d760e3116" publication-type="other">
Id. at 626.</mixed-citation>
            </p>
         </fn>
         <fn id="d760e3124a1310">
            <label>131</label>
            <p>
               <mixed-citation id="d760e3131" publication-type="other">
Section
881(a) (6)</mixed-citation>
            </p>
            <p>
               <mixed-citation id="d760e3140" publication-type="other">
United States v. Lot 111-B, 902
F.2d 1443, 1445 (9th Cir. 1990)</mixed-citation>
            </p>
            <p>
               <mixed-citation id="d760e3149" publication-type="journal">
Loomba, supra note 90, at 484  <fpage>484</fpage>
               </mixed-citation>
            </p>
         </fn>
         <fn id="d760e3161a1310">
            <label>132</label>
            <p>
               <mixed-citation id="d760e3170" publication-type="other">
6109 Grubb Rd., 886 F.2d at 663</mixed-citation>
            </p>
            <p>
               <mixed-citation id="d760e3176" publication-type="other">
§ 881 (a) (6)</mixed-citation>
            </p>
            <p>
               <mixed-citation id="d760e3183" publication-type="other">
§ 881 (a) (7)</mixed-citation>
            </p>
            <p>
               <mixed-citation id="d760e3189" publication-type="other">
§ 881(a) (6)</mixed-citation>
            </p>
            <p>
               <mixed-citation id="d760e3195" publication-type="journal">
O'Brien, supra note 116, at 537-40  <fpage>537</fpage>
               </mixed-citation>
            </p>
            <p>
               <mixed-citation id="d760e3206" publication-type="other">
United States v. 92
Buena Vista Avenue, 113 S. Ct. 1126 (1993)</mixed-citation>
            </p>
            <p>
               <mixed-citation id="d760e3215" publication-type="other">
§ 881(a) (6)</mixed-citation>
            </p>
            <p>
               <mixed-citation id="d760e3221" publication-type="other">
Id. at 1134</mixed-citation>
            </p>
            <p>
               <mixed-citation id="d760e3228" publication-type="other">
Id. at 1139</mixed-citation>
            </p>
            <p>
               <mixed-citation id="d760e3234" publication-type="other">
§ 881(a) (6)</mixed-citation>
            </p>
            <p>
               <mixed-citation id="d760e3240" publication-type="other">
§ 881 (a) (7)</mixed-citation>
            </p>
         </fn>
         <fn id="d760e3247a1310">
            <label>133</label>
            <p>
               <mixed-citation id="d760e3254" publication-type="other">
Chapman v. United States, 500 U.S. 453</mixed-citation>
            </p>
            <p>
               <mixed-citation id="d760e3260" publication-type="other">
501 U.S. 1270 (1991)</mixed-citation>
            </p>
         </fn>
         <fn id="d760e3267a1310">
            <label>134</label>
            <p>
               <mixed-citation id="d760e3274" publication-type="other">
Sullivan v. Finkelstein, 496 U.S. 617, 628 (1990)</mixed-citation>
            </p>
            <p>
               <mixed-citation id="d760e3280" publication-type="other">
Lowe v. SEC, 472 U.S. 181, 222
(1985)</mixed-citation>
            </p>
            <p>
               <mixed-citation id="d760e3289" publication-type="other">
Zipes v. Trans World Airlines, 455 U.S. 385, 394 (1982)</mixed-citation>
            </p>
            <p>
               <mixed-citation id="d760e3296" publication-type="other">
United States v. Vogel
Fertilizer Co., 455 U.S. 16, 31 (1982)</mixed-citation>
            </p>
            <p>
               <mixed-citation id="d760e3305" publication-type="other">
Potomac Elec. Power Co. v. Director, Office of Work-
ers' Compensation Programs, U.S. Dep't of Labor, 449 U.S. 268, 275 (1980)</mixed-citation>
            </p>
            <p>
               <mixed-citation id="d760e3314" publication-type="other">
Examining
Bd. of Engineers, Architects and Surveyors v. Flores De Otero, 426 U.S. 572, 590 (1976)</mixed-citation>
            </p>
         </fn>
         <fn id="d760e3324a1310">
            <label>135</label>
            <p>
               <mixed-citation id="d760e3331" publication-type="other">
446 U.S. 657 (1980).</mixed-citation>
            </p>
         </fn>
         <fn id="d760e3338a1310">
            <label>136</label>
            <p>
               <mixed-citation id="d760e3345" publication-type="other">
Id. at 660.</mixed-citation>
            </p>
         </fn>
         <fn id="d760e3353a1310">
            <label>137</label>
            <p>
               <mixed-citation id="d760e3360" publication-type="other">
Id. at 665-66.</mixed-citation>
            </p>
         </fn>
         <fn id="d760e3367a1310">
            <label>138</label>
            <p>
               <mixed-citation id="d760e3374" publication-type="other">
Id. at 666, n.8.</mixed-citation>
            </p>
         </fn>
         <fn id="d760e3381a1310">
            <label>139</label>
            <p>
               <mixed-citation id="d760e3388" publication-type="other">
United States v. Fisher, 6 U.S. 358, 386 (1805).</mixed-citation>
            </p>
         </fn>
         <fn id="d760e3395a1310">
            <label>140</label>
            <p>
               <mixed-citation id="d760e3402" publication-type="other">
Consumer Product Safety Comm'n v. GTE Sylvania, Inc., 447 U.S. 102, 118 (1980).</mixed-citation>
            </p>
         </fn>
         <fn id="d760e3409a1310">
            <label>141</label>
            <p>
               <mixed-citation id="d760e3416" publication-type="other">
136 CONG. REC. S6586, S6605 (daily ed. May 18, 1990).</mixed-citation>
            </p>
         </fn>
         <fn id="d760e3423a1310">
            <label>142</label>
            <p>
               <mixed-citation id="d760e3430" publication-type="other">
Id. at S6595</mixed-citation>
            </p>
            <p>
               <mixed-citation id="d760e3436" publication-type="other">
Sections 511(a) (6) and (7) of the Controlled Substances Act</mixed-citation>
            </p>
            <p>
               <mixed-citation id="d760e3442" publication-type="other">
21
U.S.C. 881(a) (6) and (7)</mixed-citation>
            </p>
            <p>
               <mixed-citation id="d760e3452" publication-type="other">
Id.</mixed-citation>
            </p>
         </fn>
         <fn id="d760e3460a1310">
            <label>143</label>
            <p>
               <mixed-citation id="d760e3467" publication-type="other">
Id. at S6605.</mixed-citation>
            </p>
         </fn>
         <fn id="d760e3474a1310">
            <label>144</label>
            <p>
               <mixed-citation id="d760e3481" publication-type="other">
Id. at S6605-06.</mixed-citation>
            </p>
         </fn>
         <fn id="d760e3488a1310">
            <label>145</label>
            <p>
               <mixed-citation id="d760e3495" publication-type="other">
Id. at S6606.</mixed-citation>
            </p>
         </fn>
         <fn id="d760e3502a1310">
            <label>146</label>
            <p>
               <mixed-citation id="d760e3509" publication-type="other">
136 CONG. REC. S6586 (daily ed. May 18, 1990)</mixed-citation>
            </p>
            <p>
               <mixed-citation id="d760e3515" publication-type="other">
U.S.A., Inc. v.
NRDC, 467 U.S. 837, 843-44 (1984)</mixed-citation>
            </p>
            <p>
               <mixed-citation id="d760e3524" publication-type="other">
§ 881(a) (7)</mixed-citation>
            </p>
         </fn>
         <fn id="d760e3531a1310">
            <label>147</label>
            <p>
               <mixed-citation id="d760e3538" publication-type="other">
136 CONG. REC. S9250, S9273 (daily ed. June 28, 1990).</mixed-citation>
            </p>
         </fn>
         <fn id="d760e3545a1310">
            <label>148</label>
            <p>
               <mixed-citation id="d760e3552" publication-type="other">
136 CONG. REC. S10,184, S10,238 (daily ed. July 20, 1990).</mixed-citation>
            </p>
         </fn>
         <fn id="d760e3560a1310">
            <label>149</label>
            <p>
               <mixed-citation id="d760e3567" publication-type="other">
136 CONG. REC. S7154, S7156 (daily ed. June 5, 1990)</mixed-citation>
            </p>
         </fn>
         <fn id="d760e3574a1310">
            <label>150</label>
            <p>
               <mixed-citation id="d760e3581" publication-type="other">
6109 Grubb Rd., 886 F.2d at 624.</mixed-citation>
            </p>
         </fn>
         <fn id="d760e3588a1310">
            <label>151</label>
            <p>
               <mixed-citation id="d760e3595" publication-type="other">
United States v. 418 57th St., 922 F.2d 129, 131 (2d Cir. 1990).</mixed-citation>
            </p>
         </fn>
         <fn id="d760e3602a1310">
            <label>152</label>
            <p>
               <mixed-citation id="d760e3609" publication-type="other">
United States v. 141st Street Corp., 911 F.2d 870, 878 (2d Cir 1990)</mixed-citation>
            </p>
            <p>
               <mixed-citation id="d760e3615" publication-type="other">
498
U.S. 1109 (1991)</mixed-citation>
            </p>
         </fn>
         <fn id="d760e3625a1310">
            <label>153</label>
            <p>
               <mixed-citation id="d760e3632" publication-type="other">
United States v. Lot 111-B, 902 F.2d 1443, 1445 (9th Cir. 1990).</mixed-citation>
            </p>
         </fn>
         <fn id="d760e3639a1310">
            <label>154</label>
            <p>
               <mixed-citation id="d760e3646" publication-type="other">
Id.</mixed-citation>
            </p>
         </fn>
         <fn id="d760e3654a1310">
            <label>155</label>
            <p>
               <mixed-citation id="d760e3661" publication-type="other">
Id.</mixed-citation>
            </p>
         </fn>
         <fn id="d760e3668a1310">
            <label>156</label>
            <p>
               <mixed-citation id="d760e3675" publication-type="other">
supra text accompanying note 114</mixed-citation>
            </p>
         </fn>
         <fn id="d760e3682a1310">
            <label>157</label>
            <p>
               <mixed-citation id="d760e3689" publication-type="other">
supra note 114</mixed-citation>
            </p>
         </fn>
         <fn id="d760e3696a1310">
            <label>158</label>
            <p>
               <mixed-citation id="d760e3703" publication-type="other">
134 CONG. REC. 24,086 (1988) (statement of Rep. Archer).</mixed-citation>
            </p>
         </fn>
         <fn id="d760e3710a1310">
            <label>159</label>
            <p>
               <mixed-citation id="d760e3717" publication-type="other">
134 CONG. REC. 33,313 (1988) (statement of Rep. Jones).</mixed-citation>
            </p>
         </fn>
         <fn id="d760e3724a1310">
            <label>160</label>
            <p>
               <mixed-citation id="d760e3733" publication-type="other">
United States v. 7326 Highway, 965 F.2d 311, 315 (7th Cir. 1992)</mixed-citation>
            </p>
            <p>
               <mixed-citation id="d760e3739" publication-type="other">
§ 881 (a) (7)</mixed-citation>
            </p>
            <p>
               <mixed-citation id="d760e3746" publication-type="other">
supra section IV B-2</mixed-citation>
            </p>
         </fn>
         <fn id="d760e3754a1310">
            <label>161</label>
            <p>
               <mixed-citation id="d760e3761" publication-type="other">
416 U.S. 663 (1974).</mixed-citation>
            </p>
         </fn>
         <fn id="d760e3768a1310">
            <label>162</label>
            <p>
               <mixed-citation id="d760e3775" publication-type="other">
Id. at 665.</mixed-citation>
            </p>
         </fn>
         <fn id="d760e3782a1310">
            <label>163</label>
            <p>
               <mixed-citation id="d760e3789" publication-type="other">
Id.</mixed-citation>
            </p>
         </fn>
         <fn id="d760e3796a1310">
            <label>164</label>
            <p>
               <mixed-citation id="d760e3803" publication-type="other">
Id. at 668.</mixed-citation>
            </p>
         </fn>
         <fn id="d760e3810a1310">
            <label>165</label>
            <p>
               <mixed-citation id="d760e3817" publication-type="other">
Id. at 690.</mixed-citation>
            </p>
         </fn>
         <fn id="d760e3824a1310">
            <label>166</label>
            <p>
               <mixed-citation id="d760e3831" publication-type="other">
Id. at 689</mixed-citation>
            </p>
         </fn>
         <fn id="d760e3839a1310">
            <label>167</label>
            <p>
               <mixed-citation id="d760e3848" publication-type="other">
United States v. 4,657 Acres, 730 F. Supp. 423, 427 (S.D. Fla. 1989)</mixed-citation>
            </p>
            <p>
               <mixed-citation id="d760e3854" publication-type="other">
United States v.
Certain Real Property, 724 F. Supp. 908, 914 (S.D. Fla. 1989)</mixed-citation>
            </p>
            <p>
               <mixed-citation id="d760e3864" publication-type="other">
United States v. 171-02 Lib-
erty Avenue, 710 F. Supp. 46, 49-50 (E.D.N.Y. 1989)</mixed-citation>
            </p>
         </fn>
         <fn id="d760e3874a1310">
            <label>168</label>
            <p>
               <mixed-citation id="d760e3881" publication-type="other">
United States v. Route 2, Box 61-C, 727 F. Supp. 1295, 1299 (W.D. Ark. 1990)</mixed-citation>
            </p>
            <p>
               <mixed-citation id="d760e3887" publication-type="other">
United
States v. 11885 S.W. 46 St., 715 F. Supp. 355, 357-58 (S.D. Fla. 1989)</mixed-citation>
            </p>
            <p>
               <mixed-citation id="d760e3896" publication-type="other">
United States v. 2901
S.W. 118th Court, 683 F. Supp. 783, 788 (S.D. Fla. 1988)</mixed-citation>
            </p>
         </fn>
         <fn id="d760e3906a1310">
            <label>169</label>
            <p>
               <mixed-citation id="d760e3913" publication-type="other">
United States v. 418 57th St., 922 F.2d 129, 132 (2d Cir. 1990)</mixed-citation>
            </p>
            <p>
               <mixed-citation id="d760e3919" publication-type="other">
United States v. 141st
Street Corp., 911 F.2d 870, 879 (2d Cir. 1990)</mixed-citation>
            </p>
            <p>
               <mixed-citation id="d760e3928" publication-type="other">
498 U.S. 1109 (1991)</mixed-citation>
            </p>
            <p>
               <mixed-citation id="d760e3935" publication-type="other">
United
States v. 908 T St., 770 F. Supp. 697, 702 (D.D.C. 1991)</mixed-citation>
            </p>
            <p>
               <mixed-citation id="d760e3944" publication-type="other">
United States v. Ponce, 751 F.
Supp. 1436, 1441 (D. Haw. 1990)</mixed-citation>
            </p>
         </fn>
         <fn id="d760e3954a1310">
            <label>170</label>
            <p>
               <mixed-citation id="d760e3961" publication-type="other">
4,657 Acres, 730 F. Supp. at 427.</mixed-citation>
            </p>
         </fn>
         <fn id="d760e3968a1310">
            <label>171</label>
            <p>
               <mixed-citation id="d760e3975" publication-type="other">
United States v. 171-02 Liberty Avenue, 710 F. Supp. 46, 50 (E.D.N.Y. 1989)</mixed-citation>
            </p>
            <p>
               <mixed-citation id="d760e3981" publication-type="other">
§ 881(a) (7)</mixed-citation>
            </p>
         </fn>
         <fn id="d760e3988a1310">
            <label>172</label>
            <p>
               <mixed-citation id="d760e3995" publication-type="other">
4,657 Acres, 730 F. Supp. at 427.</mixed-citation>
            </p>
         </fn>
         <fn id="d760e4003a1310">
            <label>173</label>
            <p>
               <mixed-citation id="d760e4012" publication-type="other">
Route 2, Box 61-C</mixed-citation>
            </p>
            <p>
               <mixed-citation id="d760e4018" publication-type="other">
United States v. Route 2, Box 61-C, 727 F. Supp. 1295, 1299
(W.D. Ark. 1990)</mixed-citation>
            </p>
            <p>
               <mixed-citation id="d760e4028" publication-type="other">
United States v. 11885 46th St., 715 F. Supp. 355, 357-58 (S.D. Fla. 1989)</mixed-citation>
            </p>
            <p>
               <mixed-citation id="d760e4034" publication-type="other">
United States v. 118th Court, 683 F. Supp. 783, 788 (S.D. Fla. 1988)</mixed-citation>
            </p>
         </fn>
         <fn id="d760e4041a1310">
            <label>174</label>
            <p>
               <mixed-citation id="d760e4048" publication-type="other">
United States v. Ponce, 751 F. Supp. 1436, 1441 (D. Haw. 1990)</mixed-citation>
            </p>
         </fn>
         <fn id="d760e4055a1310">
            <label>175</label>
            <p>
               <mixed-citation id="d760e4062" publication-type="other">
section 881 (a) (7)</mixed-citation>
            </p>
            <p>
               <mixed-citation id="d760e4068" publication-type="other">
United States v. 141st Street Corp., 911 F.2d 870, 879 (2d Cir. 1990)</mixed-citation>
            </p>
            <p>
               <mixed-citation id="d760e4074" publication-type="other">
498 U.S. 1109 (1991)</mixed-citation>
            </p>
            <p>
               <mixed-citation id="d760e4081" publication-type="other">
United States v. 19 and 25 Castle St., 31 F.3d 35, 40 (2d Cir.
1994)</mixed-citation>
            </p>
            <p>
               <mixed-citation id="d760e4090" publication-type="other">
United States v. 418 57th St., 922 F.2d 129, 132 (2d Cir. 1990)</mixed-citation>
            </p>
         </fn>
         <fn id="d760e4097a1310">
            <label>176</label>
            <p>
               <mixed-citation id="d760e4104" publication-type="other">
134 CONG. REC. H11,108, H11,245 (daily ed. Oct. 21, 1988).</mixed-citation>
            </p>
         </fn>
         <fn id="d760e4111a1310">
            <label>177</label>
            <p>
               <mixed-citation id="d760e4120" publication-type="other">
Id.</mixed-citation>
            </p>
         </fn>
         <fn id="d760e4127a1310">
            <label>178</label>
            <p>
               <mixed-citation id="d760e4134" publication-type="journal">
O'Brien, supra note 116, at 546-48  <fpage>546</fpage>
               </mixed-citation>
            </p>
            <p>
               <mixed-citation id="d760e4145" publication-type="other">
§ 881(a) (7)</mixed-citation>
            </p>
         </fn>
         <fn id="d760e4153a1310">
            <label>179</label>
            <p>
               <mixed-citation id="d760e4160" publication-type="other">
supra notes 103 to 112</mixed-citation>
            </p>
         </fn>
         <fn id="d760e4167a1310">
            <label>180</label>
            <p>
               <mixed-citation id="d760e4174" publication-type="other">
710 F. Supp. 46 (E.D.N.Y. 1989).</mixed-citation>
            </p>
         </fn>
         <fn id="d760e4181a1310">
            <label>181</label>
            <p>
               <mixed-citation id="d760e4188" publication-type="other">
Id. at 47.</mixed-citation>
            </p>
         </fn>
         <fn id="d760e4195a1310">
            <label>182</label>
            <p>
               <mixed-citation id="d760e4202" publication-type="other">
Id. at 47-48.</mixed-citation>
            </p>
         </fn>
         <fn id="d760e4209a1310">
            <label>183</label>
            <p>
               <mixed-citation id="d760e4216" publication-type="other">
Id. at 47.</mixed-citation>
            </p>
         </fn>
         <fn id="d760e4223a1310">
            <label>184</label>
            <p>
               <mixed-citation id="d760e4230" publication-type="other">
Id.</mixed-citation>
            </p>
         </fn>
         <fn id="d760e4238a1310">
            <label>185</label>
            <p>
               <mixed-citation id="d760e4245" publication-type="other">
Id. at 48.</mixed-citation>
            </p>
         </fn>
         <fn id="d760e4252a1310">
            <label>186</label>
            <p>
               <mixed-citation id="d760e4259" publication-type="other">
Id. at 47-48.</mixed-citation>
            </p>
         </fn>
         <fn id="d760e4266a1310">
            <label>187</label>
            <p>
               <mixed-citation id="d760e4273" publication-type="other">
Id. at 48.</mixed-citation>
            </p>
         </fn>
         <fn id="d760e4280a1310">
            <label>188</label>
            <p>
               <mixed-citation id="d760e4287" publication-type="other">
Id.</mixed-citation>
            </p>
         </fn>
         <fn id="d760e4294a1310">
            <label>189</label>
            <p>
               <mixed-citation id="d760e4301" publication-type="other">
Id.</mixed-citation>
            </p>
         </fn>
         <fn id="d760e4308a1310">
            <label>190</label>
            <p>
               <mixed-citation id="d760e4315" publication-type="other">
Id. at 50, 52.</mixed-citation>
            </p>
         </fn>
         <fn id="d760e4323a1310">
            <label>191</label>
            <p>
               <mixed-citation id="d760e4330" publication-type="other">
Id. at 50.</mixed-citation>
            </p>
         </fn>
         <fn id="d760e4337a1310">
            <label>192</label>
            <p>
               <mixed-citation id="d760e4344" publication-type="other">
Id.</mixed-citation>
            </p>
         </fn>
         <fn id="d760e4351a1310">
            <label>193</label>
            <p>
               <mixed-citation id="d760e4358" publication-type="other">
Id. at 52.</mixed-citation>
            </p>
         </fn>
         <fn id="d760e4365a1310">
            <label>194</label>
            <p>
               <mixed-citation id="d760e4372" publication-type="other">
Id. at 48.</mixed-citation>
            </p>
         </fn>
         <fn id="d760e4379a1310">
            <label>195</label>
            <p>
               <mixed-citation id="d760e4386" publication-type="other">
Id. at 51-52.</mixed-citation>
            </p>
         </fn>
         <fn id="d760e4393a1310">
            <label>196</label>
            <p>
               <mixed-citation id="d760e4402" publication-type="other">
United States v. 908 T St., 770 F. Supp. 697 (D.D.C. 1991)</mixed-citation>
            </p>
         </fn>
         <fn id="d760e4410a1310">
            <label>197</label>
            <p>
               <mixed-citation id="d760e4417" publication-type="other">
United States v. Sixty (60) Acres, 727 F. Supp. 1414, 1420 (N.D. Ala. 1990).</mixed-citation>
            </p>
         </fn>
         <fn id="d760e4424a1310">
            <label>198</label>
            <p>
               <mixed-citation id="d760e4431" publication-type="other">
113 S. Ct. 2801 (1993).</mixed-citation>
            </p>
         </fn>
         <fn id="d760e4438a1310">
            <label>199</label>
            <p>
               <mixed-citation id="d760e4445" publication-type="other">
Id. at 2812</mixed-citation>
            </p>
            <p>
               <mixed-citation id="d760e4451" publication-type="other">
Austin v. United States</mixed-citation>
            </p>
            <p>
               <mixed-citation id="d760e4457" publication-type="journal">
David Lieber, Note, Eighth Amendment-The Excessive Fines Clause, Austin v. United States,
113 S. Ct. 2801 (1993), 84 J. CRIM. L. &amp; CRIMINOLOGY 805 (1994)<person-group>
                     <string-name>
                        <surname>Lieber</surname>
                     </string-name>
                  </person-group>
                  <fpage>805</fpage>
                  <volume>84</volume>
                  <source>J. CRIM. L. &amp; CRIMINOLOGY</source>
                  <year>1994</year>
               </mixed-citation>
            </p>
         </fn>
         <fn id="d760e4489a1310">
            <label>200</label>
            <p>
               <mixed-citation id="d760e4496" publication-type="other">
114 S. Ct. 492 (1993).</mixed-citation>
            </p>
         </fn>
         <fn id="d760e4503a1310">
            <label>201</label>
            <p>
               <mixed-citation id="d760e4510" publication-type="other">
Id. at 505.</mixed-citation>
            </p>
         </fn>
         <fn id="d760e4517a1310">
            <label>202</label>
            <p>
               <mixed-citation id="d760e4524" publication-type="other">
Calero-Toledo v. Pearson Yacht Leasing Co., 416 U.S. 663, 689 (1974).</mixed-citation>
            </p>
         </fn>
         <fn id="d760e4532a1310">
            <label>203</label>
            <p>
               <mixed-citation id="d760e4539" publication-type="other">
Id.</mixed-citation>
            </p>
         </fn>
         <fn id="d760e4546a1310">
            <label>204</label>
            <p>
               <mixed-citation id="d760e4553" publication-type="book">
BUREAU OF JUSTICE STATISTICS, supra note 8  </mixed-citation>
            </p>
         </fn>
         <fn id="d760e4562a1310">
            <label>205</label>
            <p>
               <mixed-citation id="d760e4569" publication-type="other">
Calero-Toledo, 416 U.S. at 683</mixed-citation>
            </p>
         </fn>
         <fn id="d760e4576a1310">
            <label>206</label>
            <p>
               <mixed-citation id="d760e4583" publication-type="other">
BLACK'S LAW DICTIONARY 788 (6th ed. 1990).</mixed-citation>
            </p>
         </fn>
         <fn id="d760e4590a1310">
            <label>207</label>
            <p>
               <mixed-citation id="d760e4597" publication-type="other">
supra note 196</mixed-citation>
            </p>
         </fn>
      </fn-group>
   </back>
</article>
