<article xmlns:xsi="http://www.w3.org/2001/XMLSchema-instance"
         xmlns:xlink="http://www.w3.org/1999/xlink"
         xmlns:mml="http://www.w3.org/1998/Math/MathML"
         dtd-version="1.0"
         article-type="research-article">
   <front>
      <journal-meta>
         <journal-id journal-id-type="jstor">jcrimlawcrim1973</journal-id>
         <journal-id journal-id-type="jstor">j100481</journal-id>
         <journal-title-group>
            <journal-title>The Journal of Criminal Law and Criminology (1973-)</journal-title>
         </journal-title-group>
         <publisher>
            <publisher-name>Northwestern University School of Law</publisher-name>
         </publisher>
         <issn pub-type="ppub">00914169</issn>
      </journal-meta>
      <article-meta>
         <article-id pub-id-type="doi">10.2307/1144089</article-id>
         <article-categories>
            <subj-group>
               <subject>Supreme Court Review</subject>
            </subj-group>
         </article-categories>
         <title-group>
            <article-title>Fifth Amendment. Double Jeopardy and the Dangerous Drug Tax</article-title>
         </title-group>
         <contrib-group>
            <contrib contrib-type="author">
               <string-name>
                  <given-names>John</given-names>
                  <surname>Hildy</surname>
               </string-name>
            </contrib>
         </contrib-group>
         <pub-date>
            <day>1</day>
            <month>4</month>
            <year>1995</year>
         </pub-date>
         <volume>85</volume>
         <issue>4</issue>
         <issue-id>i247861</issue-id>
         <fpage>936</fpage>
         <lpage>961</lpage>
         <page-range>936-961</page-range>
         <permissions>
            <copyright-statement>Copyright 1995 Northwestern University, School of Law</copyright-statement>
         </permissions>
         <self-uri xlink:href="http://www.jstor.org/stable/1144089"/>
         <custom-meta-group>
            <custom-meta>
               <meta-name>lang</meta-name>
               <meta-value>eng</meta-value>
            </custom-meta>
         </custom-meta-group>
      </article-meta>
   </front>
   <back>
      <fn-group>
         <title>[Footnotes]</title>
         <fn id="d225e123a1310">
            <label>1</label>
            <p>
               <mixed-citation id="d225e130" publication-type="other">
114 S. Ct. 1937 (1994).</mixed-citation>
            </p>
         </fn>
         <fn id="d225e137a1310">
            <label>2</label>
            <p>
               <mixed-citation id="d225e144" publication-type="other">
Id. at 1945.</mixed-citation>
            </p>
         </fn>
         <fn id="d225e151a1310">
            <label>3</label>
            <p>
               <mixed-citation id="d225e158" publication-type="other">
490 U.S. 435 (1989).</mixed-citation>
            </p>
         </fn>
         <fn id="d225e165a1310">
            <label>4</label>
            <p>
               <mixed-citation id="d225e172" publication-type="other">
Kurth Ranch, 114 S. Ct. at 1944.</mixed-citation>
            </p>
         </fn>
         <fn id="d225e180a1310">
            <label>5</label>
            <p>
               <mixed-citation id="d225e187" publication-type="other">
Id. at 1946-48.</mixed-citation>
            </p>
         </fn>
         <fn id="d225e194a1310">
            <label>6</label>
            <p>
               <mixed-citation id="d225e201" publication-type="other">
Id. at 1945.</mixed-citation>
            </p>
         </fn>
         <fn id="d225e208a1310">
            <label>7</label>
            <p>
               <mixed-citation id="d225e215" publication-type="other">
Id. at 1958 (Scalia, J., dissenting)</mixed-citation>
            </p>
         </fn>
         <fn id="d225e222a1310">
            <label>8</label>
            <p>
               <mixed-citation id="d225e229" publication-type="other">
26 U.S.C. §§ 4741-4776 (1964) (repealed 1970).</mixed-citation>
            </p>
         </fn>
         <fn id="d225e236a1310">
            <label>9</label>
            <p>
               <mixed-citation id="d225e243" publication-type="other">
395 U.S. 6 (1969).</mixed-citation>
            </p>
         </fn>
         <fn id="d225e250a1310">
            <label>10</label>
            <p>
               <mixed-citation id="d225e257" publication-type="other">
Leary,
395 U.S. at 18</mixed-citation>
            </p>
         </fn>
         <fn id="d225e268a1310">
            <label>11</label>
            <p>
               <mixed-citation id="d225e275" publication-type="other">
State v. Roberts, 384 N.W.2d 688 (S.D. 1986) (invalidating a drug tax on self-
incrimination grounds)</mixed-citation>
            </p>
            <p>
               <mixed-citation id="d225e284" publication-type="other">
State v. Smith, 813 P.2d 888 (Idaho 1991) (same)</mixed-citation>
            </p>
            <p>
               <mixed-citation id="d225e290" publication-type="other">
People v.
Duleff, 515 P.2d 1239 (Colo. 1973)</mixed-citation>
            </p>
         </fn>
         <fn id="d225e300a1310">
            <label>13</label>
            <p>
               <mixed-citation id="d225e307" publication-type="other">
ALA. CODE § 40-17A-10 (1993)</mixed-citation>
            </p>
            <p>
               <mixed-citation id="d225e313" publication-type="other">
COLO. REV. STAT. § 39-28.7-103 (1994)</mixed-citation>
            </p>
            <p>
               <mixed-citation id="d225e319" publication-type="other">
IDAHO
CODE § 63-4204 (Supp. 1994)</mixed-citation>
            </p>
            <p>
               <mixed-citation id="d225e329" publication-type="other">
KAN. STAT. ANN. § 79-5203 (1989)</mixed-citation>
            </p>
            <p>
               <mixed-citation id="d225e335" publication-type="other">
MINN. STAT. ANN.
§ 297D.10 (West 1991)</mixed-citation>
            </p>
            <p>
               <mixed-citation id="d225e344" publication-type="other">
NEV. REV. STAT. ANN. § 372A.090 (Michie Supp. 1991)</mixed-citation>
            </p>
            <p>
               <mixed-citation id="d225e350" publication-type="other">
OKLA. STAT.
ANN. tit. 68, § 450.4 (West 1992)</mixed-citation>
            </p>
            <p>
               <mixed-citation id="d225e359" publication-type="other">
R.I. GEN. LAws § 44-49-11 (Supp. 1994)</mixed-citation>
            </p>
            <p>
               <mixed-citation id="d225e365" publication-type="other">
TEX. TAX CODE
ANN. § 159.003 (West 1992)</mixed-citation>
            </p>
            <p>
               <mixed-citation id="d225e375" publication-type="other">
UTAH CODE ANN. § 59-19-104 (1993)</mixed-citation>
            </p>
            <p>
               <mixed-citation id="d225e381" publication-type="other">
Wis. STAT. ANN.
§ 139.89 (West Supp. 1992)</mixed-citation>
            </p>
         </fn>
         <fn id="d225e391a1310">
            <label>14</label>
            <p>
               <mixed-citation id="d225e398" publication-type="journal">
Frank A.
Racaniello, State Drug Taxes: A Tax We Can't Afford, 23 RUTGERS L.J. 657 (1992)<person-group>
                     <string-name>
                        <surname>Racaniello</surname>
                     </string-name>
                  </person-group>
                  <fpage>657</fpage>
                  <volume>23</volume>
                  <source>Rutgers L.J.</source>
                  <year>1992</year>
               </mixed-citation>
            </p>
         </fn>
         <fn id="d225e430a1310">
            <label>15</label>
            <p>
               <mixed-citation id="d225e437" publication-type="other">
COLO. REV. STAT. § 39-28.7-107 (1994).</mixed-citation>
            </p>
         </fn>
         <fn id="d225e444a1310">
            <label>16</label>
            <p>
               <mixed-citation id="d225e451" publication-type="other">
FLA. STAT. ANN. § 212.0505 (West 1989)</mixed-citation>
            </p>
         </fn>
         <fn id="d225e458a1310">
            <label>17</label>
            <p>
               <mixed-citation id="d225e465" publication-type="other">
ME. REV. STAT. ANN. tit. 36, § 4434 (West 1990).</mixed-citation>
            </p>
         </fn>
         <fn id="d225e473a1310">
            <label>18</label>
            <p>
               <mixed-citation id="d225e480" publication-type="other">
ARIZ. REV. STAT. ANN. § 42-1203.01 (1991)</mixed-citation>
            </p>
            <p>
               <mixed-citation id="d225e486" publication-type="other">
NEV. REV. STAT. ANN. § 372A.070 (Michie
1993)</mixed-citation>
            </p>
         </fn>
         <fn id="d225e496a1310">
            <label>19</label>
            <p>
               <mixed-citation id="d225e503" publication-type="other">
NEV. REV. STAT. ANN. § 372A.070 (Michie 1993)</mixed-citation>
            </p>
            <p>
               <mixed-citation id="d225e509" publication-type="other">
ARIZ. REV. STAT. ANN.
§ 42-1203.01(a) (1991)</mixed-citation>
            </p>
         </fn>
         <fn id="d225e519a1310">
            <label>20</label>
            <p>
               <mixed-citation id="d225e526" publication-type="other">
U.S. CONsT. amend. V.</mixed-citation>
            </p>
         </fn>
         <fn id="d225e533a1310">
            <label>21</label>
            <p>
               <mixed-citation id="d225e540" publication-type="other">
North Carolina v. Pearce, 395 U.S. 711, 717
(1969)</mixed-citation>
            </p>
            <p>
               <mixed-citation id="d225e549" publication-type="other">
Id.</mixed-citation>
            </p>
         </fn>
         <fn id="d225e556a1310">
            <label>22</label>
            <p>
               <mixed-citation id="d225e563" publication-type="journal">
Elizabeth S. Jahncke, United States v. Halper, Punitive Civil Fines, and the Double Jeop-
ardy and Excessive Fines Clauses, 66 N.Y.U. L. REV. 112, 115-18 (1991).<person-group>
                     <string-name>
                        <surname>Jahncke</surname>
                     </string-name>
                  </person-group>
                  <fpage>112</fpage>
                  <volume>66</volume>
                  <source>N.Y.U. L. Rev.</source>
                  <year>1991</year>
               </mixed-citation>
            </p>
         </fn>
         <fn id="d225e595a1310">
            <label>23</label>
            <p>
               <mixed-citation id="d225e602" publication-type="other">
United States v. Scott, 437 U.S. 82, 92 (1978)</mixed-citation>
            </p>
            <p>
               <mixed-citation id="d225e608" publication-type="other">
Crist v. Bretz, 437 U.S. 28, 33 (1978)</mixed-citation>
            </p>
            <p>
               <mixed-citation id="d225e614" publication-type="other">
United States v. Wilson, 420 U.S. 332, 343 (1975)</mixed-citation>
            </p>
            <p>
               <mixed-citation id="d225e621" publication-type="other">
United States v. Jorn, 400 U.S. 470, 479
(1971)</mixed-citation>
            </p>
            <p>
               <mixed-citation id="d225e630" publication-type="other">
Green v. United States, 355 U.S. 184, 187-88 (1957)</mixed-citation>
            </p>
         </fn>
         <fn id="d225e638a1310">
            <label>24</label>
            <p>
               <mixed-citation id="d225e645" publication-type="other">
355 U.S. 184 (1957).</mixed-citation>
            </p>
         </fn>
         <fn id="d225e652a1310">
            <label>25</label>
            <p>
               <mixed-citation id="d225e659" publication-type="other">
Id. at 187-88.</mixed-citation>
            </p>
         </fn>
         <fn id="d225e666a1310">
            <label>26</label>
            <p>
               <mixed-citation id="d225e673" publication-type="other">
Missouri v. Hunter, 459 U.S. 359 (1983)</mixed-citation>
            </p>
         </fn>
         <fn id="d225e680a1310">
            <label>27</label>
            <p>
               <mixed-citation id="d225e687" publication-type="journal">
George C. Thomas III, A Unified Theory of Multiple Punishment, 47 U. PTTT. L. REV.
1 (1985)<person-group>
                     <string-name>
                        <surname>Thomas</surname>
                     </string-name>
                  </person-group>
                  <fpage>1</fpage>
                  <volume>47</volume>
                  <source>U. Pitt. L. Rev.</source>
                  <year>1985</year>
               </mixed-citation>
            </p>
         </fn>
         <fn id="d225e719a1310">
            <label>28</label>
            <p>
               <mixed-citation id="d225e726" publication-type="book">
MARTIN L. FRIEDLAND, DOUBLE JEOPARDY 199 (1969)<person-group>
                     <string-name>
                        <surname>Friedland</surname>
                     </string-name>
                  </person-group>
                  <fpage>199</fpage>
                  <source>Double Jeopardy</source>
                  <year>1969</year>
               </mixed-citation>
            </p>
         </fn>
         <fn id="d225e751a1310">
            <label>29</label>
            <p>
               <mixed-citation id="d225e758" publication-type="other">
459 U.S. 359 (1983).</mixed-citation>
            </p>
         </fn>
         <fn id="d225e766a1310">
            <label>30</label>
            <p>
               <mixed-citation id="d225e773" publication-type="other">
284 U.S. 299 (1932).</mixed-citation>
            </p>
         </fn>
         <fn id="d225e780a1310">
            <label>31</label>
            <p>
               <mixed-citation id="d225e787" publication-type="other">
Id. at 304.</mixed-citation>
            </p>
         </fn>
         <fn id="d225e794a1310">
            <label>32</label>
            <p>
               <mixed-citation id="d225e801" publication-type="other">
Hunter, 459 U.S. at 366.</mixed-citation>
            </p>
         </fn>
         <fn id="d225e808a1310">
            <label>33</label>
            <p>
               <mixed-citation id="d225e815" publication-type="other">
Id. at 360-62.</mixed-citation>
            </p>
         </fn>
         <fn id="d225e822a1310">
            <label>34</label>
            <p>
               <mixed-citation id="d225e831" publication-type="other">
Id. at 368</mixed-citation>
            </p>
            <p>
               <mixed-citation id="d225e837" publication-type="other">
Id.</mixed-citation>
            </p>
         </fn>
         <fn id="d225e844a1310">
            <label>35</label>
            <p>
               <mixed-citation id="d225e851" publication-type="other">
Id. at 366.</mixed-citation>
            </p>
         </fn>
         <fn id="d225e859a1310">
            <label>36</label>
            <p>
               <mixed-citation id="d225e866" publication-type="other">
Id. at 366-67 (citing Whalen v. United States, 445 U.S. 684, 693 (1980)).</mixed-citation>
            </p>
         </fn>
         <fn id="d225e873a1310">
            <label>37</label>
            <p>
               <mixed-citation id="d225e880" publication-type="other">
Brown v. Ohio, 432 U.S. 161 (1977) (affirming the Blockburger rule for successive
prosecutions cases).</mixed-citation>
            </p>
         </fn>
         <fn id="d225e890a1310">
            <label>38</label>
            <p>
               <mixed-citation id="d225e897" publication-type="other">
United States v. One Assortment of 89 Firearms, 465 U.S. 354 (1984)</mixed-citation>
            </p>
         </fn>
         <fn id="d225e904a1310">
            <label>39</label>
            <p>
               <mixed-citation id="d225e911" publication-type="other">
Id. at 362.</mixed-citation>
            </p>
         </fn>
         <fn id="d225e918a1310">
            <label>40</label>
            <p>
               <mixed-citation id="d225e925" publication-type="other">
372 U.S. 144 (1963).</mixed-citation>
            </p>
         </fn>
         <fn id="d225e932a1310">
            <label>41</label>
            <p>
               <mixed-citation id="d225e939" publication-type="other">
Id. at 168.</mixed-citation>
            </p>
         </fn>
         <fn id="d225e947a1310">
            <label>42</label>
            <p>
               <mixed-citation id="d225e954" publication-type="other">
Id. at 168-69.</mixed-citation>
            </p>
         </fn>
         <fn id="d225e961a1310">
            <label>43</label>
            <p>
               <mixed-citation id="d225e968" publication-type="other">
448 U.S. 242 (1980).</mixed-citation>
            </p>
         </fn>
         <fn id="d225e975a1310">
            <label>44</label>
            <p>
               <mixed-citation id="d225e982" publication-type="other">
Id. at 248-49.</mixed-citation>
            </p>
         </fn>
         <fn id="d225e989a1310">
            <label>45</label>
            <p>
               <mixed-citation id="d225e996" publication-type="other">
Id. at 248.</mixed-citation>
            </p>
         </fn>
         <fn id="d225e1003a1310">
            <label>46</label>
            <p>
               <mixed-citation id="d225e1010" publication-type="other">
Id. at 248-49</mixed-citation>
            </p>
         </fn>
         <fn id="d225e1017a1310">
            <label>47</label>
            <p>
               <mixed-citation id="d225e1024" publication-type="other">
Id. at 249 (quoting Flemming v. Nestor, 363 U.S. 603, 617 (1960)).</mixed-citation>
            </p>
         </fn>
         <fn id="d225e1032a1310">
            <label>48</label>
            <p>
               <mixed-citation id="d225e1039" publication-type="other">
Kurth Ranch v. Department of Revenue of the State of Mont., 145 B.R. 61 (Bankr. D.
Mont. 1990)</mixed-citation>
            </p>
            <p>
               <mixed-citation id="d225e1048" publication-type="other">
Kurth Ranch v. Department of Revenue of the State of Mont., No. CV-90-084-
GF, 1991 WL 365065 (D. Mont. Apr. 23, 1991)</mixed-citation>
            </p>
            <p>
               <mixed-citation id="d225e1057" publication-type="other">
Kurth Ranch v. Department of Revenue of
the State of Mont., 986 F.2d 1308 (9th Cir. 1993)</mixed-citation>
            </p>
         </fn>
         <fn id="d225e1067a1310">
            <label>49</label>
            <p>
               <mixed-citation id="d225e1074" publication-type="other">
Sørensen v. State, 836 P.2d 29, 30 (Mont. 1992); Rehg v. Illinois Dep't of
Revenue, 152 Ill. 2d 504, 523 (1992)</mixed-citation>
            </p>
         </fn>
         <fn id="d225e1084a1310">
            <label>50</label>
            <p>
               <mixed-citation id="d225e1091" publication-type="other">
490 U.S. 435 (1989).</mixed-citation>
            </p>
         </fn>
         <fn id="d225e1098a1310">
            <label>51</label>
            <p>
               <mixed-citation id="d225e1105" publication-type="other">
Id. at 448.</mixed-citation>
            </p>
         </fn>
         <fn id="d225e1112a1310">
            <label>52</label>
            <p>
               <mixed-citation id="d225e1119" publication-type="other">
Id. at 437</mixed-citation>
            </p>
            <p>
               <mixed-citation id="d225e1125" publication-type="other">
The False Claims Act, 31 U.S.C. §§ 3729-3731 (1982)</mixed-citation>
            </p>
            <p>
               <mixed-citation id="d225e1131" publication-type="other">
Id.</mixed-citation>
            </p>
         </fn>
         <fn id="d225e1138a1310">
            <label>53</label>
            <p>
               <mixed-citation id="d225e1145" publication-type="other">
Id. at 437.</mixed-citation>
            </p>
         </fn>
         <fn id="d225e1153a1310">
            <label>54</label>
            <p>
               <mixed-citation id="d225e1160" publication-type="other">
Id.</mixed-citation>
            </p>
         </fn>
         <fn id="d225e1167a1310">
            <label>55</label>
            <p>
               <mixed-citation id="d225e1174" publication-type="other">
Id.</mixed-citation>
            </p>
         </fn>
         <fn id="d225e1181a1310">
            <label>56</label>
            <p>
               <mixed-citation id="d225e1188" publication-type="other">
Id. at 438.</mixed-citation>
            </p>
         </fn>
         <fn id="d225e1195a1310">
            <label>57</label>
            <p>
               <mixed-citation id="d225e1202" publication-type="other">
Id. at 448-49.</mixed-citation>
            </p>
         </fn>
         <fn id="d225e1209a1310">
            <label>58</label>
            <p>
               <mixed-citation id="d225e1216" publication-type="other">
Id.</mixed-citation>
            </p>
         </fn>
         <fn id="d225e1223a1310">
            <label>59</label>
            <p>
               <mixed-citation id="d225e1230" publication-type="journal">
Jahncke, supra
note 22, at 142-47  <fpage>142</fpage>
               </mixed-citation>
            </p>
         </fn>
         <fn id="d225e1246a1310">
            <label>60</label>
            <p>
               <mixed-citation id="d225e1253" publication-type="other">
Department of Revenue of Mont. v. Kurth Ranch, 114 S. Ct. 1937</mixed-citation>
            </p>
            <p>
               <mixed-citation id="d225e1259" publication-type="other">
1958 n.2 (1994)
(Scalia, J., dissenting)</mixed-citation>
            </p>
            <p>
               <mixed-citation id="d225e1268" publication-type="other">
Id.</mixed-citation>
            </p>
         </fn>
         <fn id="d225e1275a1310">
            <label>61</label>
            <p>
               <mixed-citation id="d225e1282" publication-type="other">
Id. at 1942</mixed-citation>
            </p>
            <p>
               <mixed-citation id="d225e1288" publication-type="other">
Id.</mixed-citation>
            </p>
         </fn>
         <fn id="d225e1295a1310">
            <label>62</label>
            <p>
               <mixed-citation id="d225e1302" publication-type="other">
Id.</mixed-citation>
            </p>
            <p>
               <mixed-citation id="d225e1308" publication-type="other">
Item #1: 2155 marijuana plants in various stages of growth</mixed-citation>
            </p>
            <p>
               <mixed-citation id="d225e1314" publication-type="other">
Item #2: 7 gallons of hash oil</mixed-citation>
            </p>
            <p>
               <mixed-citation id="d225e1321" publication-type="other">
Item #3: 4 bags of marijuana at two pounds each</mixed-citation>
            </p>
            <p>
               <mixed-citation id="d225e1327" publication-type="other">
Item #4: 65/one gram vials of hash tar</mixed-citation>
            </p>
            <p>
               <mixed-citation id="d225e1333" publication-type="other">
Item #5: 14 baby food size jars of hash tar</mixed-citation>
            </p>
            <p>
               <mixed-citation id="d225e1339" publication-type="other">
Item #6: 7 pint jars of hash tar</mixed-citation>
            </p>
            <p>
               <mixed-citation id="d225e1345" publication-type="other">
Item #7: 1 bag of marijuana, 1/4 pound</mixed-citation>
            </p>
            <p>
               <mixed-citation id="d225e1351" publication-type="other">
Item #8: 5 plastic bags marijuana, total 2230 grams</mixed-citation>
            </p>
            <p>
               <mixed-citation id="d225e1358" publication-type="other">
Item #9: approximately 100 pounds of marijuana stems, leaves, parts, etc.</mixed-citation>
            </p>
            <p>
               <mixed-citation id="d225e1364" publication-type="other">
Id. at 1942 n.7.</mixed-citation>
            </p>
         </fn>
         <fn id="d225e1371a1310">
            <label>63</label>
            <p>
               <mixed-citation id="d225e1378" publication-type="other">
Id.</mixed-citation>
            </p>
            <p>
               <mixed-citation id="d225e1384" publication-type="other">
Id. at 1942 n.8</mixed-citation>
            </p>
         </fn>
         <fn id="d225e1391a1310">
            <label>64</label>
            <p>
               <mixed-citation id="d225e1398" publication-type="other">
Kurth Ranch v. Department of Revenue of the State of Mont., 145 B.R. 61, 64-65
(Bankr. D. Mont. 1990)</mixed-citation>
            </p>
            <p>
               <mixed-citation id="d225e1407" publication-type="other">
Id.</mixed-citation>
            </p>
         </fn>
         <fn id="d225e1414a1310">
            <label>65</label>
            <p>
               <mixed-citation id="d225e1421" publication-type="other">
Kurth Ranch, 114 S. Ct. at 1942.</mixed-citation>
            </p>
         </fn>
         <fn id="d225e1429a1310">
            <label>66</label>
            <p>
               <mixed-citation id="d225e1436" publication-type="other">
Id.</mixed-citation>
            </p>
         </fn>
         <fn id="d225e1443a1310">
            <label>67</label>
            <p>
               <mixed-citation id="d225e1450" publication-type="other">
MONT. CODE ANN. §§ 15-25-101 to -123 (1993).</mixed-citation>
            </p>
         </fn>
         <fn id="d225e1457a1310">
            <label>68</label>
            <p>
               <mixed-citation id="d225e1464" publication-type="other">
Kurth Ranch, 114 S. Ct. at 1941-42</mixed-citation>
            </p>
            <p>
               <mixed-citation id="d225e1470" publication-type="other">
MONT. CODE ANN. § 15-25-113(1) (1987)).</mixed-citation>
            </p>
         </fn>
         <fn id="d225e1477a1310">
            <label>69</label>
            <p>
               <mixed-citation id="d225e1484" publication-type="other">
Id.</mixed-citation>
            </p>
         </fn>
         <fn id="d225e1491a1310">
            <label>70</label>
            <p>
               <mixed-citation id="d225e1498" publication-type="other">
MONT. CODE ANN. § 15-25-111(2) (1993).</mixed-citation>
            </p>
         </fn>
         <fn id="d225e1505a1310">
            <label>71</label>
            <p>
               <mixed-citation id="d225e1512" publication-type="other">
Kurth Ranch v. Department of Revenue of the State of Mont., 145 B.R. 61, 68
(Bankr. D. Mont. 1990).</mixed-citation>
            </p>
            <p>
               <mixed-citation id="d225e1521" publication-type="other">
Id.</mixed-citation>
            </p>
         </fn>
         <fn id="d225e1529a1310">
            <label>72</label>
            <p>
               <mixed-citation id="d225e1536" publication-type="other">
Kurth Ranch, 114 S. Ct. at 1943.</mixed-citation>
            </p>
         </fn>
         <fn id="d225e1543a1310">
            <label>73</label>
            <p>
               <mixed-citation id="d225e1550" publication-type="other">
Id.</mixed-citation>
            </p>
         </fn>
         <fn id="d225e1557a1310">
            <label>74</label>
            <p>
               <mixed-citation id="d225e1564" publication-type="other">
Kurth Ranch, 145 B.R. at 69, 73</mixed-citation>
            </p>
         </fn>
         <fn id="d225e1571a1310">
            <label>75</label>
            <p>
               <mixed-citation id="d225e1578" publication-type="other">
Id. at 76.</mixed-citation>
            </p>
         </fn>
         <fn id="d225e1585a1310">
            <label>76</label>
            <p>
               <mixed-citation id="d225e1592" publication-type="other">
Id. at 69</mixed-citation>
            </p>
            <p>
               <mixed-citation id="d225e1598" publication-type="other">
Id. at 69
(citing Danforth v. Livingston, 23 Mont. 558 (1900)</mixed-citation>
            </p>
            <p>
               <mixed-citation id="d225e1607" publication-type="other">
Business Mach. Corp. v.
Lewis and Clark County, 111 Mont. 384 (1941)</mixed-citation>
            </p>
            <p>
               <mixed-citation id="d225e1617" publication-type="other">
Investors Sec. Co. v. Moore, 113 Mont. 400
(1942))</mixed-citation>
            </p>
         </fn>
         <fn id="d225e1627a1310">
            <label>77</label>
            <p>
               <mixed-citation id="d225e1634" publication-type="other">
Id.</mixed-citation>
            </p>
         </fn>
         <fn id="d225e1642a1310">
            <label>78</label>
            <p>
               <mixed-citation id="d225e1649" publication-type="other">
Id. at 72</mixed-citation>
            </p>
         </fn>
         <fn id="d225e1656a1310">
            <label>79</label>
            <p>
               <mixed-citation id="d225e1663" publication-type="other">
Id. at 76.</mixed-citation>
            </p>
         </fn>
         <fn id="d225e1670a1310">
            <label>80</label>
            <p>
               <mixed-citation id="d225e1677" publication-type="other">
490 U.S. 435 (1989).</mixed-citation>
            </p>
         </fn>
         <fn id="d225e1684a1310">
            <label>81</label>
            <p>
               <mixed-citation id="d225e1691" publication-type="other">
Kurth Ranch, 145 B.R. at 75 (citing United States v. Halper, 490 U.S. 435, 448
(1989)).</mixed-citation>
            </p>
         </fn>
         <fn id="d225e1701a1310">
            <label>82</label>
            <p>
               <mixed-citation id="d225e1708" publication-type="other">
Id.</mixed-citation>
            </p>
         </fn>
         <fn id="d225e1715a1310">
            <label>83</label>
            <p>
               <mixed-citation id="d225e1722" publication-type="other">
Id. at 75-76</mixed-citation>
            </p>
         </fn>
         <fn id="d225e1730a1310">
            <label>84</label>
            <p>
               <mixed-citation id="d225e1737" publication-type="other">
Kurth Ranch v. Department of Revenue of the State of Mont., No. CV-90-084-GF,
1991 WL 365065 (D. Mont. Apr. 23, 1991)</mixed-citation>
            </p>
         </fn>
         <fn id="d225e1747a1310">
            <label>85</label>
            <p>
               <mixed-citation id="d225e1754" publication-type="other">
Id. at *1</mixed-citation>
            </p>
            <p>
               <mixed-citation id="d225e1760" publication-type="other">
Kurth Ranch v. Department of Revenue of the State of Mont., 986
F.2d 1308, 1310 (9th Cir. 1993)</mixed-citation>
            </p>
         </fn>
         <fn id="d225e1770a1310">
            <label>86</label>
            <p>
               <mixed-citation id="d225e1777" publication-type="other">
Kurth Ranch, No. CV-90-084-GF, 1991 WL 365065 at *4.</mixed-citation>
            </p>
         </fn>
         <fn id="d225e1784a1310">
            <label>87</label>
            <p>
               <mixed-citation id="d225e1791" publication-type="other">
Kurth Ranch, 986 F.2d 1308.</mixed-citation>
            </p>
         </fn>
         <fn id="d225e1798a1310">
            <label>88</label>
            <p>
               <mixed-citation id="d225e1805" publication-type="other">
Id. at 1310-11.</mixed-citation>
            </p>
         </fn>
         <fn id="d225e1812a1310">
            <label>89</label>
            <p>
               <mixed-citation id="d225e1819" publication-type="other">
Department of Revenue of Mont. v. Kurth Ranch, 114 S. Ct. 38 (1993).</mixed-citation>
            </p>
         </fn>
         <fn id="d225e1827a1310">
            <label>90</label>
            <p>
               <mixed-citation id="d225e1834" publication-type="other">
Department of Revenue of Mont. v. Kurth Ranch, 114 S. Ct. 1937, 1944 (1994).</mixed-citation>
            </p>
         </fn>
         <fn id="d225e1841a1310">
            <label>92</label>
            <p>
               <mixed-citation id="d225e1848" publication-type="other">
Kurth Ranch, 114 S. Ct. at 1945-48.</mixed-citation>
            </p>
         </fn>
         <fn id="d225e1855a1310">
            <label>93</label>
            <p>
               <mixed-citation id="d225e1862" publication-type="other">
Id. at 1945.</mixed-citation>
            </p>
         </fn>
         <fn id="d225e1869a1310">
            <label>94</label>
            <p>
               <mixed-citation id="d225e1876" publication-type="other">
Id. at 1946.</mixed-citation>
            </p>
         </fn>
         <fn id="d225e1883a1310">
            <label>95</label>
            <p>
               <mixed-citation id="d225e1890" publication-type="other">
Id.</mixed-citation>
            </p>
         </fn>
         <fn id="d225e1897a1310">
            <label>96</label>
            <p>
               <mixed-citation id="d225e1904" publication-type="other">
Id. at 1945.</mixed-citation>
            </p>
         </fn>
         <fn id="d225e1912a1310">
            <label>97</label>
            <p>
               <mixed-citation id="d225e1919" publication-type="other">
Id. (citing United States v. Halper, 490 U.S. 435, 448-49 (1989)).</mixed-citation>
            </p>
         </fn>
         <fn id="d225e1926a1310">
            <label>98</label>
            <p>
               <mixed-citation id="d225e1933" publication-type="other">
Id.</mixed-citation>
            </p>
         </fn>
         <fn id="d225e1940a1310">
            <label>99</label>
            <p>
               <mixed-citation id="d225e1947" publication-type="other">
Id. at 1944.</mixed-citation>
            </p>
         </fn>
         <fn id="d225e1954a1310">
            <label>100</label>
            <p>
               <mixed-citation id="d225e1961" publication-type="other">
Id. at 1946.</mixed-citation>
            </p>
         </fn>
         <fn id="d225e1968a1310">
            <label>101</label>
            <p>
               <mixed-citation id="d225e1975" publication-type="other">
Id. at 1945.</mixed-citation>
            </p>
         </fn>
         <fn id="d225e1982a1310">
            <label>102</label>
            <p>
               <mixed-citation id="d225e1989" publication-type="other">
Id.</mixed-citation>
            </p>
         </fn>
         <fn id="d225e1997a1310">
            <label>103</label>
            <p>
               <mixed-citation id="d225e2004" publication-type="other">
Id. at 1946-48.</mixed-citation>
            </p>
         </fn>
         <fn id="d225e2011a1310">
            <label>104</label>
            <p>
               <mixed-citation id="d225e2018" publication-type="other">
Id. at 1946.</mixed-citation>
            </p>
         </fn>
         <fn id="d225e2025a1310">
            <label>105</label>
            <p>
               <mixed-citation id="d225e2032" publication-type="other">
Id. at 1946 n.17</mixed-citation>
            </p>
            <p>
               <mixed-citation id="d225e2038" publication-type="other">
Id.</mixed-citation>
            </p>
         </fn>
         <fn id="d225e2045a1310">
            <label>106</label>
            <p>
               <mixed-citation id="d225e2052" publication-type="other">
Id. at 1946.</mixed-citation>
            </p>
         </fn>
         <fn id="d225e2059a1310">
            <label>107</label>
            <p>
               <mixed-citation id="d225e2066" publication-type="other">
Id.</mixed-citation>
            </p>
         </fn>
         <fn id="d225e2073a1310">
            <label>108</label>
            <p>
               <mixed-citation id="d225e2080" publication-type="other">
Id. at 1946 n.18</mixed-citation>
            </p>
         </fn>
         <fn id="d225e2088a1310">
            <label>109</label>
            <p>
               <mixed-citation id="d225e2095" publication-type="other">
Id. at 1946.</mixed-citation>
            </p>
         </fn>
         <fn id="d225e2102a1310">
            <label>110</label>
            <p>
               <mixed-citation id="d225e2109" publication-type="other">
Id. at 1947.</mixed-citation>
            </p>
         </fn>
         <fn id="d225e2116a1310">
            <label>111</label>
            <p>
               <mixed-citation id="d225e2123" publication-type="other">
Id.</mixed-citation>
            </p>
         </fn>
         <fn id="d225e2130a1310">
            <label>112</label>
            <p>
               <mixed-citation id="d225e2137" publication-type="other">
Id.</mixed-citation>
            </p>
         </fn>
         <fn id="d225e2144a1310">
            <label>113</label>
            <p>
               <mixed-citation id="d225e2151" publication-type="other">
Id.</mixed-citation>
            </p>
         </fn>
         <fn id="d225e2158a1310">
            <label>114</label>
            <p>
               <mixed-citation id="d225e2165" publication-type="other">
Id.</mixed-citation>
            </p>
         </fn>
         <fn id="d225e2173a1310">
            <label>115</label>
            <p>
               <mixed-citation id="d225e2180" publication-type="other">
Id.</mixed-citation>
            </p>
         </fn>
         <fn id="d225e2187a1310">
            <label>116</label>
            <p>
               <mixed-citation id="d225e2194" publication-type="other">
Id.</mixed-citation>
            </p>
         </fn>
         <fn id="d225e2201a1310">
            <label>117</label>
            <p>
               <mixed-citation id="d225e2208" publication-type="other">
Id.</mixed-citation>
            </p>
         </fn>
         <fn id="d225e2215a1310">
            <label>118</label>
            <p>
               <mixed-citation id="d225e2222" publication-type="other">
Id.</mixed-citation>
            </p>
         </fn>
         <fn id="d225e2229a1310">
            <label>119</label>
            <p>
               <mixed-citation id="d225e2236" publication-type="other">
Id. at 1946-47</mixed-citation>
            </p>
            <p>
               <mixed-citation id="d225e2242" publication-type="other">
United States v. Sanchez, 340 U.S. 42 (1950)</mixed-citation>
            </p>
            <p>
               <mixed-citation id="d225e2248" publication-type="other">
Sonzinsky v. United States, 300 U.S. 506, 513
(1937)</mixed-citation>
            </p>
         </fn>
         <fn id="d225e2258a1310">
            <label>120</label>
            <p>
               <mixed-citation id="d225e2265" publication-type="other">
Id. at 1947.</mixed-citation>
            </p>
         </fn>
         <fn id="d225e2273a1310">
            <label>121</label>
            <p>
               <mixed-citation id="d225e2280" publication-type="other">
Id.</mixed-citation>
            </p>
         </fn>
         <fn id="d225e2287a1310">
            <label>122</label>
            <p>
               <mixed-citation id="d225e2294" publication-type="other">
Id. at 1948</mixed-citation>
            </p>
            <p>
               <mixed-citation id="d225e2300" publication-type="other">
Id.</mixed-citation>
            </p>
         </fn>
         <fn id="d225e2307a1310">
            <label>123</label>
            <p>
               <mixed-citation id="d225e2314" publication-type="other">
Id.</mixed-citation>
            </p>
         </fn>
         <fn id="d225e2321a1310">
            <label>124</label>
            <p>
               <mixed-citation id="d225e2328" publication-type="other">
Id.</mixed-citation>
            </p>
         </fn>
         <fn id="d225e2335a1310">
            <label>125</label>
            <p>
               <mixed-citation id="d225e2344" publication-type="other">
Id.</mixed-citation>
            </p>
            <p>
               <mixed-citation id="d225e2350" publication-type="other">
United States v. Halper, 490 U.S. 435, 446 (1989)</mixed-citation>
            </p>
            <p>
               <mixed-citation id="d225e2357" publication-type="other">
Id.</mixed-citation>
            </p>
         </fn>
         <fn id="d225e2364a1310">
            <label>126</label>
            <p>
               <mixed-citation id="d225e2371" publication-type="other">
Kurth Ranch, 114 S. Ct. at 1949 (Rehnquist, C.J., dissenting).</mixed-citation>
            </p>
         </fn>
         <fn id="d225e2379a1310">
            <label>127</label>
            <p>
               <mixed-citation id="d225e2386" publication-type="other">
Id. at 1950 (Rehnquist, C.J., dissenting).</mixed-citation>
            </p>
         </fn>
         <fn id="d225e2393a1310">
            <label>128</label>
            <p>
               <mixed-citation id="d225e2400" publication-type="other">
Id. at 1949 (Rehnquist, C.J., dissenting).</mixed-citation>
            </p>
         </fn>
         <fn id="d225e2407a1310">
            <label>129</label>
            <p>
               <mixed-citation id="d225e2414" publication-type="other">
Id. at 1950 (Rehnquist, C.J., dissenting).</mixed-citation>
            </p>
         </fn>
         <fn id="d225e2421a1310">
            <label>130</label>
            <p>
               <mixed-citation id="d225e2428" publication-type="other">
Id. (Rehnquist, C.J., dissenting) (citing Marchetti v. United States, 390 U.S. 39, 44
(1968)</mixed-citation>
            </p>
            <p>
               <mixed-citation id="d225e2437" publication-type="other">
United States v. Constantine, 296 U.S. 287, 293 (1935)</mixed-citation>
            </p>
         </fn>
         <fn id="d225e2444a1310">
            <label>131</label>
            <p>
               <mixed-citation id="d225e2451" publication-type="other">
Id. (Rehnquist, C.J., dissenting) (citing United States v. Sanchez, 340 U.S. 42, 44
(1950)</mixed-citation>
            </p>
         </fn>
         <fn id="d225e2461a1310">
            <label>132</label>
            <p>
               <mixed-citation id="d225e2468" publication-type="other">
Id. (Rehnquist, C.J., dissenting).</mixed-citation>
            </p>
         </fn>
         <fn id="d225e2476a1310">
            <label>133</label>
            <p>
               <mixed-citation id="d225e2483" publication-type="other">
Id. (Rehnquist, C.J., dissenting).</mixed-citation>
            </p>
         </fn>
         <fn id="d225e2490a1310">
            <label>134</label>
            <p>
               <mixed-citation id="d225e2497" publication-type="other">
Id. at 1951 (Rehnquist, C.J., dissenting).</mixed-citation>
            </p>
         </fn>
         <fn id="d225e2504a1310">
            <label>135</label>
            <p>
               <mixed-citation id="d225e2511" publication-type="other">
Id. at 1952 (Rehnquist, C.J., dissenting).</mixed-citation>
            </p>
         </fn>
         <fn id="d225e2518a1310">
            <label>136</label>
            <p>
               <mixed-citation id="d225e2525" publication-type="other">
Id. (Rehnquist, C.J., dissenting).</mixed-citation>
            </p>
         </fn>
         <fn id="d225e2532a1310">
            <label>137</label>
            <p>
               <mixed-citation id="d225e2539" publication-type="other">
Id. at 1953 (O'Connor, J., dissenting).</mixed-citation>
            </p>
         </fn>
         <fn id="d225e2546a1310">
            <label>138</label>
            <p>
               <mixed-citation id="d225e2553" publication-type="other">
Id. (O'Connor, J., dissenting).</mixed-citation>
            </p>
         </fn>
         <fn id="d225e2561a1310">
            <label>139</label>
            <p>
               <mixed-citation id="d225e2568" publication-type="other">
Id. (O'Connor, J., dissenting).</mixed-citation>
            </p>
         </fn>
         <fn id="d225e2575a1310">
            <label>140</label>
            <p>
               <mixed-citation id="d225e2582" publication-type="other">
Id. (O'Connor, J., dissenting).</mixed-citation>
            </p>
         </fn>
         <fn id="d225e2589a1310">
            <label>141</label>
            <p>
               <mixed-citation id="d225e2596" publication-type="other">
Id. (O'Connor, J., dissenting)</mixed-citation>
            </p>
            <p>
               <mixed-citation id="d225e2602" publication-type="other">
United States v. Halper, 490 U.S. 435, 449
(1989)</mixed-citation>
            </p>
         </fn>
         <fn id="d225e2612a1310">
            <label>142</label>
            <p>
               <mixed-citation id="d225e2619" publication-type="other">
Id. (O'Connor, J., dissenting).</mixed-citation>
            </p>
         </fn>
         <fn id="d225e2626a1310">
            <label>143</label>
            <p>
               <mixed-citation id="d225e2633" publication-type="other">
Id. at 1953-54 (O'Connor, J., dissenting)</mixed-citation>
            </p>
         </fn>
         <fn id="d225e2640a1310">
            <label>144</label>
            <p>
               <mixed-citation id="d225e2647" publication-type="other">
Id. at 1954 (O'Connor, J., dissenting).</mixed-citation>
            </p>
         </fn>
         <fn id="d225e2655a1310">
            <label>145</label>
            <p>
               <mixed-citation id="d225e2662" publication-type="other">
Id. (O'Connor, J., dissenting).</mixed-citation>
            </p>
         </fn>
         <fn id="d225e2669a1310">
            <label>146</label>
            <p>
               <mixed-citation id="d225e2676" publication-type="other">
Id. (O'Connor, J., dissenting).</mixed-citation>
            </p>
         </fn>
         <fn id="d225e2683a1310">
            <label>147</label>
            <p>
               <mixed-citation id="d225e2690" publication-type="other">
Id. (O'Connor, J., dissenting).</mixed-citation>
            </p>
         </fn>
         <fn id="d225e2697a1310">
            <label>148</label>
            <p>
               <mixed-citation id="d225e2704" publication-type="other">
Id. (O'Connor, J., dissenting).</mixed-citation>
            </p>
         </fn>
         <fn id="d225e2711a1310">
            <label>149</label>
            <p>
               <mixed-citation id="d225e2718" publication-type="other">
Id. (O'Connor, J., dissenting).</mixed-citation>
            </p>
         </fn>
         <fn id="d225e2725a1310">
            <label>150</label>
            <p>
               <mixed-citation id="d225e2732" publication-type="other">
Id. (O'Connor, J., dissenting).</mixed-citation>
            </p>
         </fn>
         <fn id="d225e2740a1310">
            <label>151</label>
            <p>
               <mixed-citation id="d225e2747" publication-type="other">
Id. (O'Connor, J., dissenting)</mixed-citation>
            </p>
            <p>
               <mixed-citation id="d225e2753" publication-type="other">
Id.</mixed-citation>
            </p>
         </fn>
         <fn id="d225e2760a1310">
            <label>152</label>
            <p>
               <mixed-citation id="d225e2767" publication-type="other">
Id. at 1954-55 (O'Connor, J., dissenting).</mixed-citation>
            </p>
         </fn>
         <fn id="d225e2774a1310">
            <label>153</label>
            <p>
               <mixed-citation id="d225e2781" publication-type="other">
Id. (O'Connor, J., dissenting).</mixed-citation>
            </p>
         </fn>
         <fn id="d225e2788a1310">
            <label>155</label>
            <p>
               <mixed-citation id="d225e2795" publication-type="other">
Id. at 1955 (Scalia, J., dissenting).</mixed-citation>
            </p>
         </fn>
         <fn id="d225e2802a1310">
            <label>156</label>
            <p>
               <mixed-citation id="d225e2809" publication-type="other">
Id. at 1955-56 (Scalia, J., dissenting)</mixed-citation>
            </p>
            <p>
               <mixed-citation id="d225e2815" publication-type="other">
United States ex rel. Marcus v. Hess, 317
U.S. 537, 555-56 (1943) (Frankfurter, J., concurring)</mixed-citation>
            </p>
         </fn>
         <fn id="d225e2825a1310">
            <label>157</label>
            <p>
               <mixed-citation id="d225e2832" publication-type="other">
Id. at 1956 (Scalia, J., dissenting)</mixed-citation>
            </p>
            <p>
               <mixed-citation id="d225e2838" publication-type="other">
United States ex rel. Marcus v. Hess, 317 U.S.
537, 555-56 (1943) (Frankfurter, J., concurring)</mixed-citation>
            </p>
         </fn>
         <fn id="d225e2849a1310">
            <label>158</label>
            <p>
               <mixed-citation id="d225e2856" publication-type="other">
Id. (Scalia, J., dissenting)</mixed-citation>
            </p>
            <p>
               <mixed-citation id="d225e2862" publication-type="other">
Ex Parte Lange, 21 L. Ed. 872 (1874)</mixed-citation>
            </p>
         </fn>
         <fn id="d225e2869a1310">
            <label>159</label>
            <p>
               <mixed-citation id="d225e2876" publication-type="other">
Id. (Scalia, J., dissenting).</mixed-citation>
            </p>
         </fn>
         <fn id="d225e2883a1310">
            <label>160</label>
            <p>
               <mixed-citation id="d225e2890" publication-type="other">
Id. (Scalia, J., dissenting).</mixed-citation>
            </p>
         </fn>
         <fn id="d225e2897a1310">
            <label>161</label>
            <p>
               <mixed-citation id="d225e2904" publication-type="other">
Id. (Scalia, J., dissenting).</mixed-citation>
            </p>
         </fn>
         <fn id="d225e2911a1310">
            <label>162</label>
            <p>
               <mixed-citation id="d225e2918" publication-type="other">
Id. (Scalia, J., dissenting).</mixed-citation>
            </p>
         </fn>
         <fn id="d225e2925a1310">
            <label>163</label>
            <p>
               <mixed-citation id="d225e2932" publication-type="other">
Id. (Scalia, J., dissenting)</mixed-citation>
            </p>
            <p>
               <mixed-citation id="d225e2938" publication-type="other">
Id. (Scalia, J., dissenting)</mixed-citation>
            </p>
         </fn>
         <fn id="d225e2946a1310">
            <label>164</label>
            <p>
               <mixed-citation id="d225e2953" publication-type="other">
395 U.S. 711, 717 (1969)</mixed-citation>
            </p>
            <p>
               <mixed-citation id="d225e2959" publication-type="other">
United States v. DiFrancesco,
449 U.S. 117, 129 (1980)</mixed-citation>
            </p>
            <p>
               <mixed-citation id="d225e2968" publication-type="other">
Illinois v. Vitale, 447 U.S. 410, 415 (1980)</mixed-citation>
            </p>
            <p>
               <mixed-citation id="d225e2975" publication-type="other">
Brown v. Ohio, 432
U.S. 161, 165 (1977)</mixed-citation>
            </p>
            <p>
               <mixed-citation id="d225e2984" publication-type="other">
United States v. Wilson, 420 U.S. 332, 342-43 (1975)</mixed-citation>
            </p>
         </fn>
         <fn id="d225e2991a1310">
            <label>165</label>
            <p>
               <mixed-citation id="d225e2998" publication-type="other">
Kurth Ranch, 114 S. Ct. at 1956. (Scalia, J., dissenting).</mixed-citation>
            </p>
         </fn>
         <fn id="d225e3005a1310">
            <label>166</label>
            <p>
               <mixed-citation id="d225e3012" publication-type="other">
Id. at 1957. (Scalia, J., dissenting).</mixed-citation>
            </p>
         </fn>
         <fn id="d225e3019a1310">
            <label>167</label>
            <p>
               <mixed-citation id="d225e3026" publication-type="other">
Id. at 1959 (Scalia, J., dissenting).</mixed-citation>
            </p>
         </fn>
         <fn id="d225e3033a1310">
            <label>168</label>
            <p>
               <mixed-citation id="d225e3040" publication-type="other">
Id. (Scalia, J., dissenting).</mixed-citation>
            </p>
         </fn>
         <fn id="d225e3047a1310">
            <label>169</label>
            <p>
               <mixed-citation id="d225e3054" publication-type="other">
Id. (Scalia, J., dissenting).</mixed-citation>
            </p>
         </fn>
         <fn id="d225e3062a1310">
            <label>170</label>
            <p>
               <mixed-citation id="d225e3069" publication-type="other">
Id. at 1957 (Scalia, J., dissenting)</mixed-citation>
            </p>
            <p>
               <mixed-citation id="d225e3075" publication-type="other">
Whalen v. United States, 445 U.S. 684, 687
(1980)</mixed-citation>
            </p>
         </fn>
         <fn id="d225e3085a1310">
            <label>171</label>
            <p>
               <mixed-citation id="d225e3092" publication-type="other">
Id. at 1958 (Scalia, J., dissenting).</mixed-citation>
            </p>
         </fn>
         <fn id="d225e3099a1310">
            <label>172</label>
            <p>
               <mixed-citation id="d225e3106" publication-type="other">
Id. (Scalia, J., dissenting).</mixed-citation>
            </p>
         </fn>
         <fn id="d225e3113a1310">
            <label>173</label>
            <p>
               <mixed-citation id="d225e3120" publication-type="other">
Id. at 1960 (Scalia, J., dissenting).</mixed-citation>
            </p>
         </fn>
         <fn id="d225e3127a1310">
            <label>174</label>
            <p>
               <mixed-citation id="d225e3134" publication-type="other">
Helvering v. Mitchell, 303 U.S. 391, 402-03 (1938)</mixed-citation>
            </p>
            <p>
               <mixed-citation id="d225e3140" publication-type="other">
Id. (citations omitted)</mixed-citation>
            </p>
         </fn>
         <fn id="d225e3147a1310">
            <label>175</label>
            <p>
               <mixed-citation id="d225e3154" publication-type="other">
Id. (Scalia, J., dissenting).</mixed-citation>
            </p>
         </fn>
         <fn id="d225e3162a1310">
            <label>176</label>
            <p>
               <mixed-citation id="d225e3169" publication-type="other">
Id. (Scalia, J., dissenting).</mixed-citation>
            </p>
         </fn>
         <fn id="d225e3176a1310">
            <label>177</label>
            <p>
               <mixed-citation id="d225e3185" publication-type="other">
Simpson v. United States, 435 U.S. 6, 19 (1978)</mixed-citation>
            </p>
            <p>
               <mixed-citation id="d225e3191" publication-type="journal">
Walter T. Fisher, Double Jeopardy:
Six Common Boners Summarized, 15 UCLA L. REV. 81, 86-87 (1967)<person-group>
                     <string-name>
                        <surname>Fisher</surname>
                     </string-name>
                  </person-group>
                  <fpage>81</fpage>
                  <volume>15</volume>
                  <source>Ucla L. Rev.</source>
                  <year>1967</year>
               </mixed-citation>
            </p>
         </fn>
         <fn id="d225e3223a1310">
            <label>178</label>
            <p>
               <mixed-citation id="d225e3230" publication-type="other">
Kurth
Ranch, 114 S. Ct. at 1959 (Scalia, J., dissenting)</mixed-citation>
            </p>
         </fn>
         <fn id="d225e3240a1310">
            <label>179</label>
            <p>
               <mixed-citation id="d225e3247" publication-type="other">
Id. at 1948</mixed-citation>
            </p>
            <p>
               <mixed-citation id="d225e3253" publication-type="other">
Id. at
1959 (Scalia, J., dissenting)</mixed-citation>
            </p>
         </fn>
         <fn id="d225e3263a1310">
            <label>180</label>
            <p>
               <mixed-citation id="d225e3270" publication-type="other">
supra note 35 and accompanying text.</mixed-citation>
            </p>
         </fn>
         <fn id="d225e3277a1310">
            <label>181</label>
            <p>
               <mixed-citation id="d225e3284" publication-type="other">
infra notes 217</mixed-citation>
            </p>
            <p>
               <mixed-citation id="d225e3290" publication-type="other">
226</mixed-citation>
            </p>
         </fn>
         <fn id="d225e3298a1310">
            <label>182</label>
            <p>
               <mixed-citation id="d225e3305" publication-type="other">
1987 Mont. Laws 563</mixed-citation>
            </p>
            <p>
               <mixed-citation id="d225e3311" publication-type="other">
Id.</mixed-citation>
            </p>
         </fn>
         <fn id="d225e3318a1310">
            <label>183</label>
            <p>
               <mixed-citation id="d225e3325" publication-type="other">
Id.</mixed-citation>
            </p>
         </fn>
         <fn id="d225e3332a1310">
            <label>184</label>
            <p>
               <mixed-citation id="d225e3339" publication-type="other">
Id.</mixed-citation>
            </p>
         </fn>
         <fn id="d225e3346a1310">
            <label>185</label>
            <p>
               <mixed-citation id="d225e3353" publication-type="other">
supra notes 20</mixed-citation>
            </p>
            <p>
               <mixed-citation id="d225e3359" publication-type="other">
25</mixed-citation>
            </p>
         </fn>
         <fn id="d225e3366a1310">
            <label>186</label>
            <p>
               <mixed-citation id="d225e3373" publication-type="other">
Id.</mixed-citation>
            </p>
         </fn>
         <fn id="d225e3380a1310">
            <label>187</label>
            <p>
               <mixed-citation id="d225e3387" publication-type="other">
Department of Revenue of Mont. v. Kurth Ranch, 114 S. Ct. 1937, 1946 (1994).</mixed-citation>
            </p>
         </fn>
         <fn id="d225e3395a1310">
            <label>188</label>
            <p>
               <mixed-citation id="d225e3402" publication-type="other">
Lipke v. Lederer, 259 U.S. 557, 561 (1922)</mixed-citation>
            </p>
         </fn>
         <fn id="d225e3409a1310">
            <label>189</label>
            <p>
               <mixed-citation id="d225e3416" publication-type="other">
282 U.S. 568 (1931).</mixed-citation>
            </p>
         </fn>
         <fn id="d225e3423a1310">
            <label>190</label>
            <p>
               <mixed-citation id="d225e3430" publication-type="other">
Id. at 572.</mixed-citation>
            </p>
         </fn>
         <fn id="d225e3437a1310">
            <label>191</label>
            <p>
               <mixed-citation id="d225e3444" publication-type="other">
supra notes 38</mixed-citation>
            </p>
            <p>
               <mixed-citation id="d225e3450" publication-type="other">
42</mixed-citation>
            </p>
         </fn>
         <fn id="d225e3457a1310">
            <label>192</label>
            <p>
               <mixed-citation id="d225e3464" publication-type="other">
Kennedy v. Mendoza-Martinez, 372 U.S. 144, 168-69 (1963)</mixed-citation>
            </p>
         </fn>
         <fn id="d225e3471a1310">
            <label>193</label>
            <p>
               <mixed-citation id="d225e3478" publication-type="other">
Sørensen v. State, 836 P.2d 29, 32 (Mont. 1992)</mixed-citation>
            </p>
         </fn>
         <fn id="d225e3486a1310">
            <label>194</label>
            <p>
               <mixed-citation id="d225e3493" publication-type="other">
Department of Revenue of Mont. v. Kurth Ranch, 114 S. Ct. 1937, 1946 (1994)</mixed-citation>
            </p>
            <p>
               <mixed-citation id="d225e3499" publication-type="other">
United States v. Lipke, 259 U.S. 557, 562 (1922)</mixed-citation>
            </p>
         </fn>
         <fn id="d225e3506a1310">
            <label>195</label>
            <p>
               <mixed-citation id="d225e3513" publication-type="other">
303 U.S. 391 (1938).</mixed-citation>
            </p>
         </fn>
         <fn id="d225e3520a1310">
            <label>196</label>
            <p>
               <mixed-citation id="d225e3527" publication-type="other">
Id. at 398-99</mixed-citation>
            </p>
         </fn>
         <fn id="d225e3534a1310">
            <label>197</label>
            <p>
               <mixed-citation id="d225e3541" publication-type="other">
Id. at 399.</mixed-citation>
            </p>
         </fn>
         <fn id="d225e3548a1310">
            <label>198</label>
            <p>
               <mixed-citation id="d225e3555" publication-type="other">
Id. at 395-96.</mixed-citation>
            </p>
         </fn>
         <fn id="d225e3562a1310">
            <label>199</label>
            <p>
               <mixed-citation id="d225e3569" publication-type="other">
Id. at 401-02.</mixed-citation>
            </p>
         </fn>
         <fn id="d225e3577a1310">
            <label>200</label>
            <p>
               <mixed-citation id="d225e3584" publication-type="other">
Id.</mixed-citation>
            </p>
            <p>
               <mixed-citation id="d225e3590" publication-type="other">
BLACK'S LAW DICRIONARY 474 (6th ed. 1990)</mixed-citation>
            </p>
         </fn>
         <fn id="d225e3597a1310">
            <label>201</label>
            <p>
               <mixed-citation id="d225e3604" publication-type="other">
MONT. CODE ANN. § 15-25-115 (1993).</mixed-citation>
            </p>
         </fn>
         <fn id="d225e3611a1310">
            <label>202</label>
            <p>
               <mixed-citation id="d225e3618" publication-type="other">
Sørensen v. State, 836 P.2d 29, 31 (Mont. 1992)</mixed-citation>
            </p>
         </fn>
         <fn id="d225e3625a1310">
            <label>203</label>
            <p>
               <mixed-citation id="d225e3632" publication-type="other">
United States v. Ward, 448 U.S. 242, 248-49 (1980)</mixed-citation>
            </p>
            <p>
               <mixed-citation id="d225e3638" publication-type="other">
supra note 42</mixed-citation>
            </p>
         </fn>
         <fn id="d225e3645a1310">
            <label>204</label>
            <p>
               <mixed-citation id="d225e3652" publication-type="other">
Sorensen, 836 P.2d at 31.</mixed-citation>
            </p>
         </fn>
         <fn id="d225e3659a1310">
            <label>205</label>
            <p>
               <mixed-citation id="d225e3666" publication-type="other">
supra note 12</mixed-citation>
            </p>
         </fn>
         <fn id="d225e3674a1310">
            <label>206</label>
            <p>
               <mixed-citation id="d225e3681" publication-type="other">
State v. Roberts, 384 N.W.2d 688 (S.D. 1986)</mixed-citation>
            </p>
            <p>
               <mixed-citation id="d225e3687" publication-type="other">
State v. Smith, 813 P.2d 888 (Idaho
1991)</mixed-citation>
            </p>
            <p>
               <mixed-citation id="d225e3696" publication-type="other">
United States v. Sanchez, 340 U.S.
42, 44 (1950)</mixed-citation>
            </p>
         </fn>
         <fn id="d225e3706a1310">
            <label>207</label>
            <p>
               <mixed-citation id="d225e3713" publication-type="other">
Roberts, 384 N.W.2d at 691; Smith, 813 P.2d at 890.</mixed-citation>
            </p>
         </fn>
         <fn id="d225e3720a1310">
            <label>208</label>
            <p>
               <mixed-citation id="d225e3727" publication-type="other">
Sorensen, 836 P.2d at 32.</mixed-citation>
            </p>
         </fn>
         <fn id="d225e3734a1310">
            <label>209</label>
            <p>
               <mixed-citation id="d225e3741" publication-type="other">
Department of Revenue of Mont. v. Kurth Ranch, 114 S. Ct. 1937, 1954 (1994)
(O'Connor, J., dissenting).</mixed-citation>
            </p>
         </fn>
         <fn id="d225e3751a1310">
            <label>210</label>
            <p>
               <mixed-citation id="d225e3758" publication-type="other">
United States v. Ward, 448 U.S. 242, 249 (1980)</mixed-citation>
            </p>
            <p>
               <mixed-citation id="d225e3764" publication-type="other">
Flemming v. Nestor, 363
U.S. 603, 617 (1960)</mixed-citation>
            </p>
         </fn>
         <fn id="d225e3774a1310">
            <label>211</label>
            <p>
               <mixed-citation id="d225e3783" publication-type="other">
Kurth Ranch, 114 S. Ct. at 1960 (Scalia, J., dissenting)</mixed-citation>
            </p>
         </fn>
         <fn id="d225e3791a1310">
            <label>212</label>
            <p>
               <mixed-citation id="d225e3798" publication-type="other">
Kennedy v. Mendoza-Martinez, 372
U.S. 144, 168 (1963)</mixed-citation>
            </p>
         </fn>
         <fn id="d225e3808a1310">
            <label>213</label>
            <p>
               <mixed-citation id="d225e3815" publication-type="other">
Id.</mixed-citation>
            </p>
         </fn>
         <fn id="d225e3822a1310">
            <label>214</label>
            <p>
               <mixed-citation id="d225e3829" publication-type="other">
Id. at 169</mixed-citation>
            </p>
         </fn>
         <fn id="d225e3836a1310">
            <label>215</label>
            <p>
               <mixed-citation id="d225e3843" publication-type="other">
Whalen v. United States, 445 U.S. 684, 689-90 n.4 (1980)</mixed-citation>
            </p>
         </fn>
         <fn id="d225e3850a1310">
            <label>216</label>
            <p>
               <mixed-citation id="d225e3857" publication-type="other">
Austin v. United States, 113 S. Ct. 2801 (1993)</mixed-citation>
            </p>
            <p>
               <mixed-citation id="d225e3863" publication-type="other">
Browning-Ferris Indus. of Vt. v. Kelco
Disposal, 492 U.S. 257 (1989)</mixed-citation>
            </p>
            <p>
               <mixed-citation id="d225e3872" publication-type="other">
U.S. CONST. amend. VIII</mixed-citation>
            </p>
         </fn>
         <fn id="d225e3879a1310">
            <label>217</label>
            <p>
               <mixed-citation id="d225e3888" publication-type="other">
Austin, 113 S. Ct. at 2803</mixed-citation>
            </p>
            <p>
               <mixed-citation id="d225e3894" publication-type="other">
Id. at 2812</mixed-citation>
            </p>
            <p>
               <mixed-citation id="d225e3901" publication-type="other">
Id.</mixed-citation>
            </p>
            <p>
               <mixed-citation id="d225e3907" publication-type="other">
Browning-Ferris, 492 U.S. at 268</mixed-citation>
            </p>
         </fn>
         <fn id="d225e3915a1310">
            <label>218</label>
            <p>
               <mixed-citation id="d225e3922" publication-type="other">
Austin,
113 S. Ct. at 2804-05</mixed-citation>
            </p>
         </fn>
         <fn id="d225e3932a1310">
            <label>219</label>
            <p>
               <mixed-citation id="d225e3939" publication-type="other">
492 U.S. 257 (1989).</mixed-citation>
            </p>
         </fn>
         <fn id="d225e3946a1310">
            <label>220</label>
            <p>
               <mixed-citation id="d225e3953" publication-type="other">
Id. at 275.</mixed-citation>
            </p>
         </fn>
         <fn id="d225e3960a1310">
            <label>221</label>
            <p>
               <mixed-citation id="d225e3967" publication-type="other">
Id. at 265 (quoted in Austin, 113 S. Ct. at 2805).</mixed-citation>
            </p>
         </fn>
         <fn id="d225e3974a1310">
            <label>222</label>
            <p>
               <mixed-citation id="d225e3981" publication-type="other">
Id. at 300-01 (O'Connor, J., dissenting).</mixed-citation>
            </p>
         </fn>
         <fn id="d225e3988a1310">
            <label>223</label>
            <p>
               <mixed-citation id="d225e3995" publication-type="other">
Id. at 301 (O'Connor, J., dissenting).</mixed-citation>
            </p>
         </fn>
         <fn id="d225e4003a1310">
            <label>224</label>
            <p>
               <mixed-citation id="d225e4010" publication-type="other">
Id. (O'Connor, J., dissenting).</mixed-citation>
            </p>
         </fn>
         <fn id="d225e4017a1310">
            <label>225</label>
            <p>
               <mixed-citation id="d225e4024" publication-type="other">
Id. (O'Connor, J., dissenting).</mixed-citation>
            </p>
         </fn>
         <fn id="d225e4031a1310">
            <label>226</label>
            <p>
               <mixed-citation id="d225e4040" publication-type="other">
Kurth Ranch v.
Department of Revenue of the State of Mont., 145 B.R. 61, 76 (Bankr. D. Mont. 1990)</mixed-citation>
            </p>
            <p>
               <mixed-citation id="d225e4049" publication-type="other">
United States v. Halper, 490 U.S. 435, 446-47 (1989)</mixed-citation>
            </p>
         </fn>
         <fn id="d225e4056a1310">
            <label>227</label>
            <p>
               <mixed-citation id="d225e4063" publication-type="other">
Department of Revenue of Mont. v. Kurth Ranch, 114 S. Ct. 1937, 1958 (1994)
(Scalia, J., dissenting)</mixed-citation>
            </p>
         </fn>
         <fn id="d225e4073a1310">
            <label>228</label>
            <p>
               <mixed-citation id="d225e4080" publication-type="other">
Id. (Scalia, J., dissenting).</mixed-citation>
            </p>
         </fn>
      </fn-group>
   </back>
</article>
