<article xmlns:xsi="http://www.w3.org/2001/XMLSchema-instance"
         xmlns:xlink="http://www.w3.org/1999/xlink"
         xmlns:mml="http://www.w3.org/1998/Math/MathML"
         dtd-version="1.0"
         article-type="research-article">
   <front>
      <journal-meta>
         <journal-id journal-id-type="jstor">jcrimlawcrim1973</journal-id>
         <journal-id journal-id-type="jstor">j100481</journal-id>
         <journal-title-group>
            <journal-title>The Journal of Criminal Law and Criminology (1973-)</journal-title>
         </journal-title-group>
         <publisher>
            <publisher-name>Northwestern University School of Law</publisher-name>
         </publisher>
         <issn pub-type="ppub">00914169</issn>
      </journal-meta>
      <article-meta>
         <article-id pub-id-type="doi">10.2307/1144232</article-id>
         <article-categories>
            <subj-group>
               <subject>Criminology</subject>
            </subj-group>
         </article-categories>
         <title-group>
            <article-title>Big Brother and His Science Kit: DNA Databases for 21st Century Crime Control?</article-title>
         </title-group>
         <contrib-group>
            <contrib contrib-type="author">
               <string-name>
                  <given-names>Paul E.</given-names>
                  <surname>Tracy</surname>
               </string-name>
            </contrib>
            <contrib contrib-type="author">
               <string-name>
                  <given-names>Vincent</given-names>
                  <surname>Morgan</surname>
               </string-name>
            </contrib>
         </contrib-group>
         <pub-date>
            <day>1</day>
            <month>1</month>
            <year>2000</year>
         </pub-date>
         <volume>90</volume>
         <issue>2</issue>
         <issue-id>i247878</issue-id>
         <fpage>635</fpage>
         <lpage>690</lpage>
         <page-range>635-690</page-range>
         <permissions>
            <copyright-statement>Copyright 2000 Northwestern University, School of Law</copyright-statement>
         </permissions>
         <self-uri xlink:href="http://www.jstor.org/stable/1144232"/>
         <custom-meta-group>
            <custom-meta>
               <meta-name>lang</meta-name>
               <meta-value>eng</meta-value>
            </custom-meta>
         </custom-meta-group>
      </article-meta>
   </front>
   <back>
      <fn-group>
         <title>[Footnotes]</title>
         <fn id="d1755e135a1310">
            <label>2</label>
            <p>
               <mixed-citation id="d1755e142" publication-type="book">
DAVID FISHER, HARD EVIDENCE 150 (1995).<person-group>
                     <string-name>
                        <surname>Fisher</surname>
                     </string-name>
                  </person-group>
                  <fpage>150</fpage>
                  <source>Hard Evidence</source>
                  <year>1995</year>
               </mixed-citation>
            </p>
         </fn>
         <fn id="d1755e167a1310">
            <label>3</label>
            <p>
               <mixed-citation id="d1755e174" publication-type="other">
People v. Jennings, 96 N.E. 1077, 1081-82 (Ill. 1911).</mixed-citation>
            </p>
         </fn>
         <fn id="d1755e181a1310">
            <label>4</label>
            <p>
               <mixed-citation id="d1755e188" publication-type="journal">
Rockne P. Harmon, Legal Criticisms of DNA Typing: Where's the Beef?, 84 J. CRIM.
L. &amp; CRIMINOLOGY 175 passim (1993)<person-group>
                     <string-name>
                        <surname>Harmon</surname>
                     </string-name>
                  </person-group>
                  <fpage>175</fpage>
                  <volume>84</volume>
                  <source>J. Crim. L. &amp; Criminology</source>
                  <year>1993</year>
               </mixed-citation>
            </p>
            <p>
               <mixed-citation id="d1755e219" publication-type="journal">
Peter J. Neufeld, Have You No Sense of Decency?,
84 J. CRIM. L. &amp; CRIMINOLOGY 189 passim (1993)<person-group>
                     <string-name>
                        <surname>Neufeld</surname>
                     </string-name>
                  </person-group>
                  <fpage>189</fpage>
                  <volume>84</volume>
                  <source>J. Crim. L. &amp; Criminology</source>
                  <year>1993</year>
               </mixed-citation>
            </p>
            <p>
               <mixed-citation id="d1755e250" publication-type="journal">
William C. Thompson, Evaluating the
Admissibility of New Genetic Identification Tests: Lessons from the "DNA War", 84 J. GRIM. L.
&amp; CRIMINOLOGY 22 passim (1993)<person-group>
                     <string-name>
                        <surname>Thompson</surname>
                     </string-name>
                  </person-group>
                  <fpage>22</fpage>
                  <volume>84</volume>
                  <source>J. Grim. L. &amp; Criminology</source>
                  <year>1993</year>
               </mixed-citation>
            </p>
         </fn>
         <fn id="d1755e285a1310">
            <label>5</label>
            <p>
               <mixed-citation id="d1755e292" publication-type="journal">
Richard Perez-Pena and Jayson Blair, Albany Plan Widely Expands Sampling of
Criminals'DNA, N.Y. TIMES, Aug. 7, 1999, at Al<person-group>
                     <string-name>
                        <surname>Perez-Pena</surname>
                     </string-name>
                  </person-group>
                  <issue>Aug. 7</issue>
                  <fpage>Al</fpage>
                  <source>N.Y. Times</source>
                  <year>1999</year>
               </mixed-citation>
            </p>
         </fn>
         <fn id="d1755e325a1310">
            <label>6</label>
            <p>
               <mixed-citation id="d1755e332" publication-type="journal">
id.  </mixed-citation>
            </p>
         </fn>
         <fn id="d1755e341a1310">
            <label>7</label>
            <p>
               <mixed-citation id="d1755e348" publication-type="journal">
id.  </mixed-citation>
            </p>
         </fn>
         <fn id="d1755e357a1310">
            <label>8</label>
            <p>
               <mixed-citation id="d1755e364" publication-type="journal">
Id.  </mixed-citation>
            </p>
         </fn>
         <fn id="d1755e373a1310">
            <label>9</label>
            <p>
               <mixed-citation id="d1755e380" publication-type="book">
THE COLUMBIA
E 1980-81 (Colum. Univ. Press 1993) (found under "nucleic acid")<source>The Columbia E 1980-81</source>
                  <year>1993</year>
               </mixed-citation>
            </p>
         </fn>
         <fn id="d1755e396a1310">
            <label>10</label>
            <p>
               <mixed-citation id="d1755e403" publication-type="book">
FISHER, supra note 2, at 151.  <fpage>151</fpage>
               </mixed-citation>
            </p>
         </fn>
         <fn id="d1755e415a1310">
            <label>11</label>
            <p>
               <mixed-citation id="d1755e422" publication-type="book">
id.  </mixed-citation>
            </p>
         </fn>
         <fn id="d1755e432a1310">
            <label>12</label>
            <p>
               <mixed-citation id="d1755e439" publication-type="book">
id.  </mixed-citation>
            </p>
         </fn>
         <fn id="d1755e448a1310">
            <label>13</label>
            <p>
               <mixed-citation id="d1755e455" publication-type="journal">
Victor Walter Weedn &amp; John W. Hicks, The Unrealized Potential of DNA
Testing, NAT'L. INST. OF JUSTICE RESEARCH AcTION, June 1998, at 7.<person-group>
                     <string-name>
                        <surname>Weedn</surname>
                     </string-name>
                  </person-group>
                  <issue>June</issue>
                  <fpage>7</fpage>
                  <source>Nat'l. Inst. of Justice Research Action</source>
                  <year>1998</year>
               </mixed-citation>
            </p>
         </fn>
         <fn id="d1755e487a1310">
            <label>14</label>
            <p>
               <mixed-citation id="d1755e494" publication-type="other">
Scientific Analysis Section, (last modified Feb. 20, 1999) &lt;http: / / www.fbi.gov /
programs/lab/org/sciana.htm&gt;</mixed-citation>
            </p>
         </fn>
         <fn id="d1755e504a1310">
            <label>15</label>
            <p>
               <mixed-citation id="d1755e511" publication-type="other">
The National DNA Index System (Oct. 13, 1998) &lt;http: / /www.fbi.gov/pressrm/
pressrel/pressrel98/dna.htm&gt; (FBI Press Release)</mixed-citation>
            </p>
         </fn>
         <fn id="d1755e521a1310">
            <label>16</label>
            <p>
               <mixed-citation id="d1755e528" publication-type="other">
42 U.S.C. § 14132 (1994).</mixed-citation>
            </p>
         </fn>
         <fn id="d1755e535a1310">
            <label>17</label>
            <p>
               <mixed-citation id="d1755e542" publication-type="other">
The National DNA Index System, supra note 15</mixed-citation>
            </p>
         </fn>
         <fn id="d1755e550a1310">
            <label>18</label>
            <p>
               <mixed-citation id="d1755e557" publication-type="other">
id</mixed-citation>
            </p>
         </fn>
         <fn id="d1755e564a1310">
            <label>19</label>
            <p>
               <mixed-citation id="d1755e571" publication-type="other">
id</mixed-citation>
            </p>
         </fn>
         <fn id="d1755e578a1310">
            <label>20</label>
            <p>
               <mixed-citation id="d1755e585" publication-type="other">
id</mixed-citation>
            </p>
         </fn>
         <fn id="d1755e592a1310">
            <label>21</label>
            <p>
               <mixed-citation id="d1755e599" publication-type="book">
See Statement of Louis J. Freeh, Dir., Fed. Bureau of Investigation, Hearings on
President's Fiscal Year 2000 Budget, Before the House Comm. on Appropriations, Subcomm. for
the Dept's of Commerce, Justice, and State, the Judiciary, and Related Agencies, 106th Cong.
(1999)<person-group>
                     <string-name>
                        <surname>Freeh</surname>
                     </string-name>
                  </person-group>
                  <source>Hearings on President's Fiscal Year 2000 Budget, Before the House Comm. on Appropriations, Subcomm. for the Dept's of Commerce, Justice, and State, the Judiciary, and Related Agencies</source>
                  <year>1999</year>
               </mixed-citation>
            </p>
         </fn>
         <fn id="d1755e631a1310">
            <label>22</label>
            <p>
               <mixed-citation id="d1755e638" publication-type="journal">
Weedn &amp; Hicks, supra note 13  </mixed-citation>
            </p>
            <p>
               <mixed-citation id="d1755e646" publication-type="journal">
Automated DNA Typing, NAT'L INST. OF
JUSTICE RESEARCH PREVIEW (Nat'l. Inst. of Justice, Wash., D.C.) Feb. 1997<person-group>
                     <string-name>
                        <surname>Nat'l. Inst. of Justice</surname>
                     </string-name>
                  </person-group>
                  <issue>Feb.</issue>
                  <source>Nat'l Inst. of Justice Research Preview</source>
                  <year>1997</year>
               </mixed-citation>
            </p>
            <p>
               <mixed-citation id="d1755e674" publication-type="journal">
Certification
of DNA and Other Specialists, NAT'L INST. OF JUSTICE UPDATE (Nat'l. Inst. of Justice,
Wash., D.C.) Sept. 1995<person-group>
                     <string-name>
                        <surname>Nat'l. Inst. of Justice</surname>
                     </string-name>
                  </person-group>
                  <issue>Sept.</issue>
                  <source>Nat'l Inst. of Justice Update</source>
                  <year>1995</year>
               </mixed-citation>
            </p>
            <p>
               <mixed-citation id="d1755e706" publication-type="journal">
Getting to Fast Available, Inexpensive DNA Testing, NIJ ONLINE
NEWSLETTER (Nat'l. Inst. of Justice, Wash., D.C.) June 1998<person-group>
                     <string-name>
                        <surname>Nat'l. Inst. of Justice</surname>
                     </string-name>
                  </person-group>
                  <issue>June</issue>
                  <source>NIJ Online Newsletter</source>
                  <year>1998</year>
               </mixed-citation>
            </p>
         </fn>
         <fn id="d1755e735a1310">
            <label>2</label>
            <p>
               <mixed-citation id="d1755e742" publication-type="book">
EDWARD CONNORS ET AL., CONVICTED BY JURIES, EXONERATED BY SCIENCE: CASE
STUDIES IN THE USE OF DNA EVIDENCE TO ESTABLISH INNOCENCE AFTER TRIAL (1996)<person-group>
                     <string-name>
                        <surname>Connors</surname>
                     </string-name>
                  </person-group>
                  <source>Case Studies in the Use of DNA Evidence to Establish Innocence After Trial</source>
                  <year>1996</year>
               </mixed-citation>
            </p>
         </fn>
         <fn id="d1755e768a1310">
            <label>24</label>
            <p>
               <mixed-citation id="d1755e775" publication-type="other">
Nat'l Comm. on the Future of DNA Evidence, (last modified Jan. 16, 2000)
&lt;http://www.ojp.usdoj.gov/nij/dna/welcome.html&gt;</mixed-citation>
            </p>
         </fn>
         <fn id="d1755e785a1310">
            <label>25</label>
            <p>
               <mixed-citation id="d1755e792" publication-type="other">
id.</mixed-citation>
            </p>
         </fn>
         <fn id="d1755e799a1310">
            <label>26</label>
            <p>
               <mixed-citation id="d1755e806" publication-type="other">
id.</mixed-citation>
            </p>
         </fn>
         <fn id="d1755e813a1310">
            <label>27</label>
            <p>
               <mixed-citation id="d1755e820" publication-type="other">
42 U.S.C. § 14132 (1994)</mixed-citation>
            </p>
         </fn>
         <fn id="d1755e827a1310">
            <label>28</label>
            <p>
               <mixed-citation id="d1755e834" publication-type="other">
ALA. CODE § 36-18-24 (1998)</mixed-citation>
            </p>
         </fn>
         <fn id="d1755e841a1310">
            <label>29</label>
            <p>
               <mixed-citation id="d1755e848" publication-type="book">
CONN. GEN. STAT. § 54-102 i toj (998)<source>Conn. Gen. Stat.</source>
               </mixed-citation>
            </p>
         </fn>
         <fn id="d1755e859a1310">
            <label>30</label>
            <p>
               <mixed-citation id="d1755e866" publication-type="book">
OLIVER WENDELL HOLMES, JR., COLLECTED
LEGAL PAPERS 187 (Harcourt, Brace &amp; Co. 1921)<person-group>
                     <string-name>
                        <surname>Holmes</surname>
                     </string-name>
                  </person-group>
                  <fpage>187</fpage>
                  <source>Collected Legal Papers</source>
                  <year>1921</year>
               </mixed-citation>
            </p>
         </fn>
         <fn id="d1755e895a1310">
            <label>31</label>
            <p>
               <mixed-citation id="d1755e902" publication-type="journal">
Richard Willing, With DNA Databases on Fast Track, Legal Questions Loom, USA
T, Mar. 1, 1999, at 5A.<person-group>
                     <string-name>
                        <surname>Willing</surname>
                     </string-name>
                  </person-group>
                  <issue>Mar. 1</issue>
                  <fpage>5A</fpage>
                  <source>USA T</source>
                  <year>1999</year>
               </mixed-citation>
            </p>
         </fn>
         <fn id="d1755e934a1310">
            <label>32</label>
            <p>
               <mixed-citation id="d1755e941" publication-type="journal">
Weedn &amp; Hicks, supra note 13  </mixed-citation>
            </p>
         </fn>
         <fn id="d1755e950a1310">
            <label>33</label>
            <p>
               <mixed-citation id="d1755e957" publication-type="journal">
Robin Lloyd, Lab on a Chip May Turn Police Into DNA Detectives, WASH. POST, Mar.
1, 1999, at A3.<person-group>
                     <string-name>
                        <surname>Lloyd</surname>
                     </string-name>
                  </person-group>
                  <issue>Mar. 1</issue>
                  <fpage>A3</fpage>
                  <source>Wash. Post</source>
                  <year>1999</year>
               </mixed-citation>
            </p>
         </fn>
         <fn id="d1755e989a1310">
            <label>34</label>
            <p>
               <mixed-citation id="d1755e996" publication-type="book">
FISHER, supra note 2, at 154-55  <fpage>154</fpage>
               </mixed-citation>
            </p>
         </fn>
         <fn id="d1755e1008a1310">
            <label>35</label>
            <p>
               <mixed-citation id="d1755e1015" publication-type="book">
id  </mixed-citation>
            </p>
         </fn>
         <fn id="d1755e1025a1310">
            <label>36</label>
            <p>
               <mixed-citation id="d1755e1032" publication-type="book">
id  </mixed-citation>
            </p>
         </fn>
         <fn id="d1755e1041a1310">
            <label>37</label>
            <p>
               <mixed-citation id="d1755e1048" publication-type="book">
id  </mixed-citation>
            </p>
         </fn>
         <fn id="d1755e1057a1310">
            <label>38</label>
            <p>
               <mixed-citation id="d1755e1064" publication-type="book">
id  </mixed-citation>
            </p>
         </fn>
         <fn id="d1755e1073a1310">
            <label>39</label>
            <p>
               <mixed-citation id="d1755e1080" publication-type="book">
id  </mixed-citation>
            </p>
         </fn>
         <fn id="d1755e1089a1310">
            <label>41</label>
            <p>
               <mixed-citation id="d1755e1096" publication-type="journal">
Rebeca Rodriguez, Texas Officers Solve 1st Crime Using DNA Database, Hope for More,
AUSTIN AMERICAN-STATESMAN, Sept. 10, 1998, at Al.<person-group>
                     <string-name>
                        <surname>Rodriguez</surname>
                     </string-name>
                  </person-group>
                  <issue>Sept. 10</issue>
                  <fpage>Al</fpage>
                  <source>Austin American-Statesman</source>
                  <year>1998</year>
               </mixed-citation>
            </p>
         </fn>
         <fn id="d1755e1128a1310">
            <label>42</label>
            <p>
               <mixed-citation id="d1755e1135" publication-type="journal">
id  </mixed-citation>
            </p>
         </fn>
         <fn id="d1755e1145a1310">
            <label>43</label>
            <p>
               <mixed-citation id="d1755e1152" publication-type="journal">
id  </mixed-citation>
            </p>
         </fn>
         <fn id="d1755e1161a1310">
            <label>44</label>
            <p>
               <mixed-citation id="d1755e1168" publication-type="journal">
id  </mixed-citation>
            </p>
         </fn>
         <fn id="d1755e1177a1310">
            <label>45</label>
            <p>
               <mixed-citation id="d1755e1184" publication-type="journal">
id  </mixed-citation>
            </p>
         </fn>
         <fn id="d1755e1193a1310">
            <label>46</label>
            <p>
               <mixed-citation id="d1755e1200" publication-type="journal">
id  </mixed-citation>
            </p>
         </fn>
         <fn id="d1755e1209a1310">
            <label>47</label>
            <p>
               <mixed-citation id="d1755e1216" publication-type="journal">
id  </mixed-citation>
            </p>
         </fn>
         <fn id="d1755e1225a1310">
            <label>48</label>
            <p>
               <mixed-citation id="d1755e1232" publication-type="journal">
Lloyd, supra note 33  </mixed-citation>
            </p>
         </fn>
         <fn id="d1755e1242a1310">
            <label>49</label>
            <p>
               <mixed-citation id="d1755e1249" publication-type="journal">
Id.  </mixed-citation>
            </p>
         </fn>
         <fn id="d1755e1258a1310">
            <label>50</label>
            <p>
               <mixed-citation id="d1755e1265" publication-type="journal">
Nicholas Wade, National DNA Database to Debut as Anti-Crime Tool, DALLAS
MORNING NEWS, Oct. 12, 1998, at Al.<person-group>
                     <string-name>
                        <surname>Wade</surname>
                     </string-name>
                  </person-group>
                  <issue>Oct. 12</issue>
                  <fpage>Al</fpage>
                  <source>Dallas Morning News</source>
                  <year>1998</year>
               </mixed-citation>
            </p>
         </fn>
         <fn id="d1755e1297a1310">
            <label>51</label>
            <p>
               <mixed-citation id="d1755e1304" publication-type="journal">
Weedn &amp; Hicks, supra note 13  </mixed-citation>
            </p>
         </fn>
         <fn id="d1755e1313a1310">
            <label>52</label>
            <p>
               <mixed-citation id="d1755e1320" publication-type="journal">
Id.  </mixed-citation>
            </p>
         </fn>
         <fn id="d1755e1329a1310">
            <label>53</label>
            <p>
               <mixed-citation id="d1755e1336" publication-type="journal">
Id.  </mixed-citation>
            </p>
         </fn>
         <fn id="d1755e1345a1310">
            <label>54</label>
            <p>
               <mixed-citation id="d1755e1352" publication-type="book">
NATIONAL INSTITUTE OF JUSTICE, CERTIFICATION OF DNA AND OTHER FORENSIC
SPECIALISTS (1995)<person-group>
                     <string-name>
                        <surname>National Institute of Justice</surname>
                     </string-name>
                  </person-group>
                  <source>Certification of DNA and Other Forensic Specialists</source>
                  <year>1995</year>
               </mixed-citation>
            </p>
         </fn>
         <fn id="d1755e1378a1310">
            <label>55</label>
            <p>
               <mixed-citation id="d1755e1385" publication-type="book">
FEDERAL BUREAU OF INVESTIGATION, U.S. DEP'T OF JUSTICE, UNIFORM CRIME
REPORTS (1997).<person-group>
                     <string-name>
                        <surname>Federal Bureau of Investigation</surname>
                     </string-name>
                  </person-group>
                  <source>Uniform Crime Reports</source>
                  <year>1997</year>
               </mixed-citation>
            </p>
         </fn>
         <fn id="d1755e1410a1310">
            <label>57</label>
            <p>
               <mixed-citation id="d1755e1417" publication-type="book">
JAMES W. OSTERBURG &amp; RICHARD H. WARD, CRIMINAL INVESTIGATION 523
(2000)<person-group>
                     <string-name>
                        <surname>Osterburg</surname>
                     </string-name>
                  </person-group>
                  <fpage>523</fpage>
                  <source>Criminal Investigation</source>
                  <year>2000</year>
               </mixed-citation>
            </p>
         </fn>
         <fn id="d1755e1446a1310">
            <label>58</label>
            <p>
               <mixed-citation id="d1755e1453" publication-type="book">
FEDERAL BUREAU OF INVESTIGATION, supra note 55  </mixed-citation>
            </p>
         </fn>
         <fn id="d1755e1462a1310">
            <label>59</label>
            <p>
               <mixed-citation id="d1755e1469" publication-type="book">
Id.  </mixed-citation>
            </p>
         </fn>
         <fn id="d1755e1478a1310">
            <label>60</label>
            <p>
               <mixed-citation id="d1755e1485" publication-type="book">
Id.  </mixed-citation>
            </p>
         </fn>
         <fn id="d1755e1494a1310">
            <label>61</label>
            <p>
               <mixed-citation id="d1755e1501" publication-type="book">
Id.  </mixed-citation>
            </p>
         </fn>
         <fn id="d1755e1511a1310">
            <label>62</label>
            <p>
               <mixed-citation id="d1755e1518" publication-type="book">
Id.  </mixed-citation>
            </p>
         </fn>
         <fn id="d1755e1527a1310">
            <label>63</label>
            <p>
               <mixed-citation id="d1755e1534" publication-type="book">
id.  </mixed-citation>
            </p>
         </fn>
         <fn id="d1755e1543a1310">
            <label>64</label>
            <p>
               <mixed-citation id="d1755e1550" publication-type="book">
id.  </mixed-citation>
            </p>
         </fn>
         <fn id="d1755e1559a1310">
            <label>65</label>
            <p>
               <mixed-citation id="d1755e1566" publication-type="book">
Id.  </mixed-citation>
            </p>
         </fn>
         <fn id="d1755e1575a1310">
            <label>66</label>
            <p>
               <mixed-citation id="d1755e1582" publication-type="book">
Id.  </mixed-citation>
            </p>
         </fn>
         <fn id="d1755e1591a1310">
            <label>67</label>
            <p>
               <mixed-citation id="d1755e1598" publication-type="journal">
Weedn &amp; Hicks, supra note 13, at 2 (emphasis added)  <fpage>2</fpage>
               </mixed-citation>
            </p>
         </fn>
         <fn id="d1755e1611a1310">
            <label>68</label>
            <p>
               <mixed-citation id="d1755e1618" publication-type="journal">
Id.  </mixed-citation>
            </p>
         </fn>
         <fn id="d1755e1627a1310">
            <label>69</label>
            <p>
               <mixed-citation id="d1755e1634" publication-type="journal">
Id.  </mixed-citation>
            </p>
         </fn>
         <fn id="d1755e1643a1310">
            <label>70</label>
            <p>
               <mixed-citation id="d1755e1650" publication-type="journal">
Id.  </mixed-citation>
            </p>
         </fn>
         <fn id="d1755e1659a1310">
            <label>71</label>
            <p>
               <mixed-citation id="d1755e1666" publication-type="journal">
Id. at 4.  <fpage>4</fpage>
               </mixed-citation>
            </p>
         </fn>
         <fn id="d1755e1678a1310">
            <label>72</label>
            <p>
               <mixed-citation id="d1755e1685" publication-type="book">
BUREAU OF JUSTICE STATISTICS, PROSECUTORS IN STATE COURTS (1998)<person-group>
                     <string-name>
                        <surname>Bureau of Justice Statistics</surname>
                     </string-name>
                  </person-group>
                  <source>Prosecutors in State Courts</source>
                  <year>1998</year>
               </mixed-citation>
            </p>
            <p>
               <mixed-citation id="d1755e1706" publication-type="book">
BUREAU OF
JUSTICE STATISTICS, PROSECUTORS IN STATE COURT (1996)<person-group>
                     <string-name>
                        <surname>Bureau of Justice Statistics</surname>
                     </string-name>
                  </person-group>
                  <source>Prosecutors in State Court</source>
                  <year>1996</year>
               </mixed-citation>
            </p>
            <p>
               <mixed-citation id="d1755e1730" publication-type="book">
BUREAU OF JUSTICE
STATISTICS, PROSECUTORS IN STATE COURTS (1993)<person-group>
                     <string-name>
                        <surname>Bureau of Justice Statistics</surname>
                     </string-name>
                  </person-group>
                  <source>Prosecutors in State Courts</source>
                  <year>1993</year>
               </mixed-citation>
            </p>
         </fn>
         <fn id="d1755e1755a1310">
            <label>74</label>
            <p>
               <mixed-citation id="d1755e1762" publication-type="other">
BUREAU OF JUSTICE STATISTICS, supra note 72.</mixed-citation>
            </p>
         </fn>
         <fn id="d1755e1770a1310">
            <label>75</label>
            <p>
               <mixed-citation id="d1755e1777" publication-type="other">
supra Part III.B</mixed-citation>
            </p>
         </fn>
         <fn id="d1755e1784a1310">
            <label>76</label>
            <p>
               <mixed-citation id="d1755e1791" publication-type="journal">
Ed Housewright, Crime Lab's Excellence is Evidenced by Work Done in Cramped Quar-
ters, DALLAS MORNING NEWS, Jan. 24, 1999, at Al<person-group>
                     <string-name>
                        <surname>Housewright</surname>
                     </string-name>
                  </person-group>
                  <issue>Jan. 24</issue>
                  <fpage>Al</fpage>
                  <source>Dallas Morning News</source>
                  <year>1999</year>
               </mixed-citation>
            </p>
         </fn>
         <fn id="d1755e1823a1310">
            <label>77</label>
            <p>
               <mixed-citation id="d1755e1830" publication-type="other">
supra note 24</mixed-citation>
            </p>
         </fn>
         <fn id="d1755e1837a1310">
            <label>78</label>
            <p>
               <mixed-citation id="d1755e1844" publication-type="other">
supra note 24</mixed-citation>
            </p>
         </fn>
         <fn id="d1755e1851a1310">
            <label>79</label>
            <p>
               <mixed-citation id="d1755e1858" publication-type="journal">
Kendall Anderson, Panel Debates Taking DNA upon Arrest, DALLAS MORNING NEWS
Mar. 2, 1999, at A13.<person-group>
                     <string-name>
                        <surname>Anderson</surname>
                     </string-name>
                  </person-group>
                  <issue>Mar. 2</issue>
                  <fpage>A13</fpage>
                  <source>Dallas Morning News</source>
                  <year>1999</year>
               </mixed-citation>
            </p>
         </fn>
         <fn id="d1755e1890a1310">
            <label>80</label>
            <p>
               <mixed-citation id="d1755e1897" publication-type="journal">
Stevenson Swanson, Ideas for Widespread DNA Fingerprinting' Stir Debate, DALLAS
MORNING NEWS, Feb. 7, 1999, at Al5.<person-group>
                     <string-name>
                        <surname>Swanson</surname>
                     </string-name>
                  </person-group>
                  <issue>Feb. 7</issue>
                  <fpage>Al5</fpage>
                  <source>Dallas Morning News</source>
                  <year>1999</year>
               </mixed-citation>
            </p>
         </fn>
         <fn id="d1755e1930a1310">
            <label>81</label>
            <p>
               <mixed-citation id="d1755e1937" publication-type="other">
supra note 24</mixed-citation>
            </p>
         </fn>
         <fn id="d1755e1944a1310">
            <label>82</label>
            <p>
               <mixed-citation id="d1755e1951" publication-type="journal">
Weedn &amp; Hicks, supra note 13  </mixed-citation>
            </p>
         </fn>
         <fn id="d1755e1960a1310">
            <label>83</label>
            <p>
               <mixed-citation id="d1755e1967" publication-type="journal">
id  </mixed-citation>
            </p>
         </fn>
         <fn id="d1755e1976a1310">
            <label>84</label>
            <p>
               <mixed-citation id="d1755e1983" publication-type="other">
W. VA. CODE § 15-2B-2 (Supp. 1999)</mixed-citation>
            </p>
         </fn>
         <fn id="d1755e1990a1310">
            <label>85</label>
            <p>
               <mixed-citation id="d1755e1997" publication-type="other">
supra note 16</mixed-citation>
            </p>
         </fn>
         <fn id="d1755e2004a1310">
            <label>86</label>
            <p>
               <mixed-citation id="d1755e2011" publication-type="other">
id</mixed-citation>
            </p>
         </fn>
         <fn id="d1755e2019a1310">
            <label>87</label>
            <p>
               <mixed-citation id="d1755e2026" publication-type="book">
LAWRENCE GREENFELD, BUREAU OF JUSTICE STATISTICS, CHILD VICTIMIZERS: VIOLENT
OFFENDERS AND THEIR VICTIMS (1996).<person-group>
                     <string-name>
                        <surname>Greenfeld</surname>
                     </string-name>
                  </person-group>
                  <source>Child Victimizers: Violent Offenders and Their Victims</source>
                  <year>1996</year>
               </mixed-citation>
            </p>
         </fn>
         <fn id="d1755e2051a1310">
            <label>88</label>
            <p>
               <mixed-citation id="d1755e2058" publication-type="book">
LAWRENCE GREENFELD, BUREAU OF JUSTICE STATISTICS, S OFFENSES AND OFFEN-
DERS (1997).<person-group>
                     <string-name>
                        <surname>Greenfeld</surname>
                     </string-name>
                  </person-group>
                  <source>S Offenses and Offenders</source>
                  <year>1997</year>
               </mixed-citation>
            </p>
         </fn>
         <fn id="d1755e2083a1310">
            <label>89</label>
            <p>
               <mixed-citation id="d1755e2090" publication-type="book">
Id.  </mixed-citation>
            </p>
         </fn>
         <fn id="d1755e2099a1310">
            <label>90</label>
            <p>
               <mixed-citation id="d1755e2106" publication-type="other">
Federal Justice Statistics Resource Center (FJSRC) (last modifiedJan. 5, 2000) &lt;http://
fjsrc.urban.org/Index.shtml&gt;.</mixed-citation>
            </p>
         </fn>
         <fn id="d1755e2116a1310">
            <label>91</label>
            <p>
               <mixed-citation id="d1755e2123" publication-type="other">
Id.</mixed-citation>
            </p>
         </fn>
         <fn id="d1755e2130a1310">
            <label>92</label>
            <p>
               <mixed-citation id="d1755e2137" publication-type="other">
Id.</mixed-citation>
            </p>
         </fn>
         <fn id="d1755e2145a1310">
            <label>93</label>
            <p>
               <mixed-citation id="d1755e2152" publication-type="other">
Federal Bureau of Prisons (visited Sept. 2, 1999) &lt;http://www.bop.gov/&gt;.</mixed-citation>
            </p>
         </fn>
         <fn id="d1755e2159a1310">
            <label>94</label>
            <p>
               <mixed-citation id="d1755e2166" publication-type="journal">
Richard Willing, Reno: Study Broad DNA Testing, USA TODAY, Mar. 1, 1999, at Al.<person-group>
                     <string-name>
                        <surname>Willing</surname>
                     </string-name>
                  </person-group>
                  <issue>Mar. 1</issue>
                  <fpage>Al</fpage>
                  <source>USA Today</source>
                  <year>1999</year>
               </mixed-citation>
            </p>
         </fn>
         <fn id="d1755e2195a1310">
            <label>95</label>
            <p>
               <mixed-citation id="d1755e2202" publication-type="journal">
Weedn &amp; Hicks, supra note 13  </mixed-citation>
            </p>
         </fn>
         <fn id="d1755e2211a1310">
            <label>96</label>
            <p>
               <mixed-citation id="d1755e2218" publication-type="other">
USA TODAY, "Quick Question" Internet poll, (Mar. 2, 1999) &lt;http://vote.ieinc2.com
/usatoday/News.ax?...Its&amp;VoteID=648&amp;VotedFor$=PrivateGarbageX&gt;. As this poll
was taken online, sampling methodology is obviously an important factor in consider-
ing how much weight the results should be given.</mixed-citation>
            </p>
         </fn>
         <fn id="d1755e2234a1310">
            <label>98</label>
            <p>
               <mixed-citation id="d1755e2241" publication-type="other">
1999 Colo. Sess. Laws H.B. 1235.</mixed-citation>
            </p>
         </fn>
         <fn id="d1755e2248a1310">
            <label>99</label>
            <p>
               <mixed-citation id="d1755e2255" publication-type="other">
infra notes 158-59 and accompanying text</mixed-citation>
            </p>
         </fn>
         <fn id="d1755e2263a1310">
            <label>101</label>
            <p>
               <mixed-citation id="d1755e2270" publication-type="other">
United States v. Carolene Prods. Co., 304 U.S. 144, 153 n.4 (1938)</mixed-citation>
            </p>
            <p>
               <mixed-citation id="d1755e2276" publication-type="book">
MARK SILVERSTEIN, JUDICIOUS CHOICES: THE NEW POLITICS OF SUPREME COURT
CONFIRMATIONS (1994)<person-group>
                     <string-name>
                        <surname>Silverstein</surname>
                     </string-name>
                  </person-group>
                  <source>Judicious Choices: The New Politics of Supreme Court Confirmations</source>
                  <year>1994</year>
               </mixed-citation>
            </p>
         </fn>
         <fn id="d1755e2301a1310">
            <label>102</label>
            <p>
               <mixed-citation id="d1755e2308" publication-type="other">
In Re Winship, 397 U.S. 358, 363-64 (1970)</mixed-citation>
            </p>
         </fn>
         <fn id="d1755e2315a1310">
            <label>104</label>
            <p>
               <mixed-citation id="d1755e2322" publication-type="other">
Barry Steinhardt, Associate Director, American Civil Liberties Union, Address to
the National Commission on the Future of DNA Evidence (Mar. 1, 1999).</mixed-citation>
            </p>
         </fn>
         <fn id="d1755e2332a1310">
            <label>105</label>
            <p>
               <mixed-citation id="d1755e2339" publication-type="book">
FISHER, supra note 2, at 153  <fpage>153</fpage>
               </mixed-citation>
            </p>
         </fn>
         <fn id="d1755e2351a1310">
            <label>106</label>
            <p>
               <mixed-citation id="d1755e2358" publication-type="other">
supra note 75</mixed-citation>
            </p>
         </fn>
         <fn id="d1755e2365a1310">
            <label>107</label>
            <p>
               <mixed-citation id="d1755e2372" publication-type="book">
R.I. GEN. LAWS § 12.1.5-10(4) (1999).<source>R.I. Gen. Laws</source>
                  <year>1999</year>
               </mixed-citation>
            </p>
         </fn>
         <fn id="d1755e2386a1310">
            <label>108</label>
            <p>
               <mixed-citation id="d1755e2393" publication-type="book">
TEX. INS. CODE ANN. art. 21.73 § 3(a) (West Supp. 1998).<source>Tex. Ins. Code Ann.</source>
                  <year>1998</year>
               </mixed-citation>
            </p>
         </fn>
         <fn id="d1755e2406a1310">
            <label>109</label>
            <p>
               <mixed-citation id="d1755e2413" publication-type="book">
Id. § 3(e).  </mixed-citation>
            </p>
         </fn>
         <fn id="d1755e2422a1310">
            <label>110</label>
            <p>
               <mixed-citation id="d1755e2429" publication-type="book">
Id. § 8(b).  </mixed-citation>
            </p>
         </fn>
         <fn id="d1755e2438a1310">
            <label>111</label>
            <p>
               <mixed-citation id="d1755e2445" publication-type="other">
42 U.S.C. § 14132</mixed-citation>
            </p>
         </fn>
         <fn id="d1755e2452a1310">
            <label>112</label>
            <p>
               <mixed-citation id="d1755e2459" publication-type="other">
28 U.S.C. § 531 (1996)</mixed-citation>
            </p>
         </fn>
         <fn id="d1755e2466a1310">
            <label>113</label>
            <p>
               <mixed-citation id="d1755e2473" publication-type="other">
supra notes 12, 13, and 16</mixed-citation>
            </p>
         </fn>
         <fn id="d1755e2481a1310">
            <label>114</label>
            <p>
               <mixed-citation id="d1755e2488" publication-type="other">
supra notes 12, 13, and 16</mixed-citation>
            </p>
         </fn>
         <fn id="d1755e2495a1310">
            <label>115</label>
            <p>
               <mixed-citation id="d1755e2502" publication-type="other">
supra notes 12, 13, and 16</mixed-citation>
            </p>
         </fn>
         <fn id="d1755e2509a1310">
            <label>116</label>
            <p>
               <mixed-citation id="d1755e2516" publication-type="book">
TEx. GOV'T CODE ANN. § 411.141 to -.154 (West Supp. 1998).<source>Tex. Gov't Code Ann.</source>
                  <year>1998</year>
               </mixed-citation>
            </p>
         </fn>
         <fn id="d1755e2529a1310">
            <label>117</label>
            <p>
               <mixed-citation id="d1755e2536" publication-type="other">
Acts 1995, 74th Leg., ch. 595, § 1, eff. Sept. 1, 1995.</mixed-citation>
            </p>
         </fn>
         <fn id="d1755e2543a1310">
            <label>118</label>
            <p>
               <mixed-citation id="d1755e2550" publication-type="book">
TEx. GOV'T CODE ANN. § 411.142(a).<source>Tex. Gov't Code Ann.</source>
               </mixed-citation>
            </p>
         </fn>
         <fn id="d1755e2560a1310">
            <label>119</label>
            <p>
               <mixed-citation id="d1755e2567" publication-type="book">
Id. § 411.141(4).  </mixed-citation>
            </p>
         </fn>
         <fn id="d1755e2577a1310">
            <label>120</label>
            <p>
               <mixed-citation id="d1755e2584" publication-type="book">
Id. § 411.142(c).  </mixed-citation>
            </p>
         </fn>
         <fn id="d1755e2593a1310">
            <label>121</label>
            <p>
               <mixed-citation id="d1755e2600" publication-type="book">
Id. § 411.142(d).  </mixed-citation>
            </p>
         </fn>
         <fn id="d1755e2609a1310">
            <label>122</label>
            <p>
               <mixed-citation id="d1755e2616" publication-type="book">
Id. § 411.142(f).  </mixed-citation>
            </p>
         </fn>
         <fn id="d1755e2625a1310">
            <label>123</label>
            <p>
               <mixed-citation id="d1755e2632" publication-type="book">
Id. § 411.142(h).  </mixed-citation>
            </p>
         </fn>
         <fn id="d1755e2641a1310">
            <label>124</label>
            <p>
               <mixed-citation id="d1755e2648" publication-type="book">
Id. § 411.143(a).  </mixed-citation>
            </p>
         </fn>
         <fn id="d1755e2657a1310">
            <label>125</label>
            <p>
               <mixed-citation id="d1755e2664" publication-type="book">
Id. § 411.143(b).  </mixed-citation>
            </p>
         </fn>
         <fn id="d1755e2674a1310">
            <label>126</label>
            <p>
               <mixed-citation id="d1755e2681" publication-type="book">
Id. § 411.143(c).  </mixed-citation>
            </p>
         </fn>
         <fn id="d1755e2690a1310">
            <label>127</label>
            <p>
               <mixed-citation id="d1755e2697" publication-type="book">
Id. § 411.144(a).  </mixed-citation>
            </p>
         </fn>
         <fn id="d1755e2706a1310">
            <label>128</label>
            <p>
               <mixed-citation id="d1755e2713" publication-type="book">
Id § 411.144(c).  </mixed-citation>
            </p>
         </fn>
         <fn id="d1755e2722a1310">
            <label>129</label>
            <p>
               <mixed-citation id="d1755e2729" publication-type="other">
Interview with Dr. Dennis Loockerman, supra note 100</mixed-citation>
            </p>
         </fn>
         <fn id="d1755e2736a1310">
            <label>130</label>
            <p>
               <mixed-citation id="d1755e2743" publication-type="other">
TEX. GOV'T CODE ANN § 411.146(b).</mixed-citation>
            </p>
         </fn>
         <fn id="d1755e2750a1310">
            <label>131</label>
            <p>
               <mixed-citation id="d1755e2757" publication-type="other">
Id. § 411.146(e).</mixed-citation>
            </p>
         </fn>
         <fn id="d1755e2765a1310">
            <label>132</label>
            <p>
               <mixed-citation id="d1755e2772" publication-type="other">
Id. § 411.146(f).</mixed-citation>
            </p>
         </fn>
         <fn id="d1755e2779a1310">
            <label>133</label>
            <p>
               <mixed-citation id="d1755e2786" publication-type="other">
Id. § 411.147(a).</mixed-citation>
            </p>
         </fn>
         <fn id="d1755e2793a1310">
            <label>134</label>
            <p>
               <mixed-citation id="d1755e2800" publication-type="other">
Id. § 411.147(c).</mixed-citation>
            </p>
         </fn>
         <fn id="d1755e2807a1310">
            <label>135</label>
            <p>
               <mixed-citation id="d1755e2814" publication-type="other">
Id. § 411.147(f).</mixed-citation>
            </p>
         </fn>
         <fn id="d1755e2821a1310">
            <label>136</label>
            <p>
               <mixed-citation id="d1755e2828" publication-type="other">
Id. § 411.142(g)</mixed-citation>
            </p>
            <p>
               <mixed-citation id="d1755e2834" publication-type="other">
section 411.149</mixed-citation>
            </p>
            <p>
               <mixed-citation id="d1755e2840" publication-type="other">
Id. § 411.149</mixed-citation>
            </p>
         </fn>
         <fn id="d1755e2847a1310">
            <label>137</label>
            <p>
               <mixed-citation id="d1755e2854" publication-type="other">
Id. § 411.148(a)</mixed-citation>
            </p>
         </fn>
         <fn id="d1755e2862a1310">
            <label>138</label>
            <p>
               <mixed-citation id="d1755e2869" publication-type="other">
Id. §§ 411.148(a), 411.150(a).</mixed-citation>
            </p>
         </fn>
         <fn id="d1755e2876a1310">
            <label>139</label>
            <p>
               <mixed-citation id="d1755e2883" publication-type="other">
Interview with Dennis Loockerman, supra note 100</mixed-citation>
            </p>
         </fn>
         <fn id="d1755e2890a1310">
            <label>140</label>
            <p>
               <mixed-citation id="d1755e2897" publication-type="book">
TEX. GOV'T CODE ANN. § 411.148(d).<source>Tex. Gov't Code Ann.</source>
               </mixed-citation>
            </p>
         </fn>
         <fn id="d1755e2907a1310">
            <label>141</label>
            <p>
               <mixed-citation id="d1755e2914" publication-type="book">
Id. § 411.150.  </mixed-citation>
            </p>
         </fn>
         <fn id="d1755e2923a1310">
            <label>142</label>
            <p>
               <mixed-citation id="d1755e2930" publication-type="book">
Id. § 411.151(a).  </mixed-citation>
            </p>
         </fn>
         <fn id="d1755e2939a1310">
            <label>143</label>
            <p>
               <mixed-citation id="d1755e2946" publication-type="book">
Id. § 411.151(b).  </mixed-citation>
            </p>
         </fn>
         <fn id="d1755e2956a1310">
            <label>144</label>
            <p>
               <mixed-citation id="d1755e2963" publication-type="book">
Id. § 411.153(a).  </mixed-citation>
            </p>
         </fn>
         <fn id="d1755e2972a1310">
            <label>145</label>
            <p>
               <mixed-citation id="d1755e2979" publication-type="book">
Id. § 411.153(b).  </mixed-citation>
            </p>
         </fn>
         <fn id="d1755e2988a1310">
            <label>146</label>
            <p>
               <mixed-citation id="d1755e2995" publication-type="book">
Id. § 411.154(b).  </mixed-citation>
            </p>
         </fn>
         <fn id="d1755e3004a1310">
            <label>147</label>
            <p>
               <mixed-citation id="d1755e3011" publication-type="book">
Id § 411.154(c).  </mixed-citation>
            </p>
         </fn>
         <fn id="d1755e3020a1310">
            <label>148</label>
            <p>
               <mixed-citation id="d1755e3027" publication-type="journal">
Rodriguez, supra note 41 (discussing cold hits)  </mixed-citation>
            </p>
         </fn>
         <fn id="d1755e3036a1310">
            <label>149</label>
            <p>
               <mixed-citation id="d1755e3043" publication-type="other">
Interview with Dennis Lookerman, supra note 100</mixed-citation>
            </p>
         </fn>
         <fn id="d1755e3051a1310">
            <label>150</label>
            <p>
               <mixed-citation id="d1755e3058" publication-type="other">
Interview with Dennis Lookerman, supra note 100</mixed-citation>
            </p>
         </fn>
         <fn id="d1755e3065a1310">
            <label>151</label>
            <p>
               <mixed-citation id="d1755e3072" publication-type="other">
Interview with Jody Williams, Crime Lab Technician, Texas Department of Pub-
lic Safety, in Austin, Tex. (Apr. 7, 1999).</mixed-citation>
            </p>
         </fn>
         <fn id="d1755e3082a1310">
            <label>152</label>
            <p>
               <mixed-citation id="d1755e3089" publication-type="other">
Interview with Dennis Lookerman, supra note 100</mixed-citation>
            </p>
         </fn>
         <fn id="d1755e3096a1310">
            <label>153</label>
            <p>
               <mixed-citation id="d1755e3103" publication-type="other">
H.B. 1188, 76th Leg., R.S. (Tex. 1999)</mixed-citation>
            </p>
         </fn>
         <fn id="d1755e3110a1310">
            <label>154</label>
            <p>
               <mixed-citation id="d1755e3117" publication-type="other">
supra notes 116 and 138, respectively</mixed-citation>
            </p>
         </fn>
         <fn id="d1755e3124a1310">
            <label>155</label>
            <p>
               <mixed-citation id="d1755e3131" publication-type="book">
MONT. CODE ANN. § 44-6-101-108 (1998)<source>Mont. Code Ann.</source>
                  <year>1998</year>
               </mixed-citation>
            </p>
            <p>
               <mixed-citation id="d1755e3143" publication-type="journal">
LA. REV. STAT. ANN. § 15:601-
620 (West 1998), respectively<volume>17</volume>
                  <source>La. Rev. Stat. Ann.</source>
                  <year>1998</year>
               </mixed-citation>
            </p>
         </fn>
         <fn id="d1755e3163a1310">
            <label>156</label>
            <p>
               <mixed-citation id="d1755e3170" publication-type="journal">
supra note 68  </mixed-citation>
            </p>
         </fn>
         <fn id="d1755e3179a1310">
            <label>157</label>
            <p>
               <mixed-citation id="d1755e3186" publication-type="other">
42 U.S.C. § 14132(a) (1) (1998)</mixed-citation>
            </p>
         </fn>
         <fn id="d1755e3193a1310">
            <label>158</label>
            <p>
               <mixed-citation id="d1755e3200" publication-type="book">
ALA. CODE § 15-20-22 (1999)<source>Ala. Code</source>
                  <year>1999</year>
               </mixed-citation>
            </p>
         </fn>
         <fn id="d1755e3213a1310">
            <label>159</label>
            <p>
               <mixed-citation id="d1755e3220" publication-type="book">
ARK. CODE ANN. § 12-12-1103 (Michie 1999)<source>Ark. Code Ann.</source>
                  <year>1999</year>
               </mixed-citation>
            </p>
         </fn>
         <fn id="d1755e3233a1310">
            <label>160</label>
            <p>
               <mixed-citation id="d1755e3240" publication-type="other">
Barry Steinhardt, Address to the National Commission on the Future of DNA
Evidence (Mar. 1, 1999).</mixed-citation>
            </p>
         </fn>
         <fn id="d1755e3250a1310">
            <label>161</label>
            <p>
               <mixed-citation id="d1755e3257" publication-type="journal">
LA. REV. STAT. ANN. § 15:603, -:609(A) (West 2000).<fpage>2000</fpage>
                  <source>La. Rev. Stat. Ann.</source>
               </mixed-citation>
            </p>
            <p>
               <mixed-citation id="d1755e3269" publication-type="journal">
Id. § 15:603  </mixed-citation>
            </p>
         </fn>
         <fn id="d1755e3279a1310">
            <label>162</label>
            <p>
               <mixed-citation id="d1755e3286" publication-type="journal">
LA. REV. STAT. ANN. § 14:38 (West 1997).<source>La. Rev. Stat. Ann.</source>
                  <year>1997</year>
               </mixed-citation>
            </p>
         </fn>
         <fn id="d1755e3299a1310">
            <label>163</label>
            <p>
               <mixed-citation id="d1755e3306" publication-type="book">
IOWA CODE § 13.10 (1995).<source>Iowa Code</source>
                  <year>1995</year>
               </mixed-citation>
            </p>
         </fn>
         <fn id="d1755e3319a1310">
            <label>164</label>
            <p>
               <mixed-citation id="d1755e3326" publication-type="book">
Id. § 901.2.  </mixed-citation>
            </p>
         </fn>
         <fn id="d1755e3335a1310">
            <label>165</label>
            <p>
               <mixed-citation id="d1755e3342" publication-type="book">
Id. § 906.4.  </mixed-citation>
            </p>
         </fn>
         <fn id="d1755e3351a1310">
            <label>166</label>
            <p>
               <mixed-citation id="d1755e3358" publication-type="book">
IOWA CODE § 13.10 (1999).<source>Iowa Code</source>
                  <year>1999</year>
               </mixed-citation>
            </p>
         </fn>
         <fn id="d1755e3371a1310">
            <label>167</label>
            <p>
               <mixed-citation id="d1755e3378" publication-type="book">
S.C. CODE ANN. § 23-3-670(A) (Law. Co-op. 1999)<source>S.C. Code Ann.</source>
                  <year>1999</year>
               </mixed-citation>
            </p>
            <p>
               <mixed-citation id="d1755e3390" publication-type="journal">
NEV. REV.
STAT. § 176.0915 (1999)<source>Nev. Rev. Stat.</source>
                  <year>1999</year>
               </mixed-citation>
            </p>
            <p>
               <mixed-citation id="d1755e3405" publication-type="book">
Vt.
STAT. ANN. tit. 20, §§ 1933-36, 39 (1999)<source>Vt. Stat. Ann.</source>
                  <year>1999</year>
               </mixed-citation>
            </p>
         </fn>
         <fn id="d1755e3422a1310">
            <label>168</label>
            <p>
               <mixed-citation id="d1755e3429" publication-type="book">
R.I. GEN. LAWS § 12-1.5-15(3) (1998)<source>R.I. Gen. Laws</source>
                  <year>1998</year>
               </mixed-citation>
            </p>
         </fn>
         <fn id="d1755e3442a1310">
            <label>169</label>
            <p>
               <mixed-citation id="d1755e3449" publication-type="book">
ALA. CODE § 36-18-27 (1999)<source>Ala. Code</source>
                  <year>1999</year>
               </mixed-citation>
            </p>
         </fn>
         <fn id="d1755e3462a1310">
            <label>170</label>
            <p>
               <mixed-citation id="d1755e3469" publication-type="journal">
N.H. REV. STAT. ANN. § 632-A:23 (1999)<source>N.H. Rev. Stat. Ann.</source>
                  <year>1999</year>
               </mixed-citation>
            </p>
         </fn>
         <fn id="d1755e3482a1310">
            <label>171</label>
            <p>
               <mixed-citation id="d1755e3489" publication-type="book">
N.D. CENT. CODE § 31-13-04 (1999)<source>N.D. Cent. Code</source>
                  <year>1999</year>
               </mixed-citation>
            </p>
            <p>
               <mixed-citation id="d1755e3501" publication-type="book">
WIs. STAT. § 165.765(2) (a)
(1999)<source>Wis. Stat.</source>
                  <year>1999</year>
               </mixed-citation>
            </p>
         </fn>
         <fn id="d1755e3517a1310">
            <label>172</label>
            <p>
               <mixed-citation id="d1755e3524" publication-type="journal">
Mo. REV. STAT. § 650.055(2) (1999)<source>Mo. Rev. Stat.</source>
                  <year>1999</year>
               </mixed-citation>
            </p>
         </fn>
         <fn id="d1755e3537a1310">
            <label>173</label>
            <p>
               <mixed-citation id="d1755e3544" publication-type="book">
S.C. CODE ANN. § 23-3-670(A) (Law. Co-op. 1999)<source>S.C. Code Ann.</source>
                  <year>1999</year>
               </mixed-citation>
            </p>
            <p>
               <mixed-citation id="d1755e3556" publication-type="journal">
NEV. REV. STAT. §
176.0915 (1999)<source>Nev. Rev. Stat.</source>
                  <year>1999</year>
               </mixed-citation>
            </p>
         </fn>
         <fn id="d1755e3573a1310">
            <label>174</label>
            <p>
               <mixed-citation id="d1755e3580" publication-type="book">
MONT. CODE ANN. § 44-6-107 (1999)<source>Mont. Code Ann.</source>
                  <year>1999</year>
               </mixed-citation>
            </p>
         </fn>
         <fn id="d1755e3593a1310">
            <label>175</label>
            <p>
               <mixed-citation id="d1755e3600" publication-type="other">
Lambert v. California, 355 U.S. 225 (1957).</mixed-citation>
            </p>
         </fn>
         <fn id="d1755e3607a1310">
            <label>176</label>
            <p>
               <mixed-citation id="d1755e3614" publication-type="book">
S.C. CODE ANN. § 23-3-670(A) (Law. Co-op. 1999).<source>S.C. Code Ann.</source>
                  <year>1999</year>
               </mixed-citation>
            </p>
         </fn>
         <fn id="d1755e3627a1310">
            <label>177</label>
            <p>
               <mixed-citation id="d1755e3634" publication-type="book">
VA. CODE ANN. § 19.2-310.2 (Michie 1999).<source>Va. Code Ann.</source>
                  <year>1999</year>
               </mixed-citation>
            </p>
         </fn>
         <fn id="d1755e3647a1310">
            <label>178</label>
            <p>
               <mixed-citation id="d1755e3654" publication-type="book">
Id. § 19.2-310.6.  </mixed-citation>
            </p>
         </fn>
         <fn id="d1755e3663a1310">
            <label>179</label>
            <p>
               <mixed-citation id="d1755e3670" publication-type="journal">
Bruce Lambert, Giuliani Backs DNA Testing Of Newborns for Identification, N.Y.
TIMES, Dec. 17, 1998, at B4.<person-group>
                     <string-name>
                        <surname>Lambert</surname>
                     </string-name>
                  </person-group>
                  <issue>Dec. 17</issue>
                  <fpage>B4</fpage>
                  <source>N.Y. Times</source>
                  <year>1998</year>
               </mixed-citation>
            </p>
         </fn>
         <fn id="d1755e3703a1310">
            <label>180</label>
            <p>
               <mixed-citation id="d1755e3710" publication-type="journal">
John Kifner, Safir Says DNA Proposal Would Cut Property Crime, N.Y. TIMES, Dec.
13, 1998, at 151.<person-group>
                     <string-name>
                        <surname>Kifner</surname>
                     </string-name>
                  </person-group>
                  <issue>Dec. 13</issue>
                  <fpage>151</fpage>
                  <source>N.Y. Times</source>
                  <year>1998</year>
               </mixed-citation>
            </p>
         </fn>
         <fn id="d1755e3742a1310">
            <label>182</label>
            <p>
               <mixed-citation id="d1755e3749" publication-type="journal">
Mark Hansen, Banking on DNA, 85 A.B.A. J. 26-27 (1999).<person-group>
                     <string-name>
                        <surname>Hansen</surname>
                     </string-name>
                  </person-group>
                  <fpage>26</fpage>
                  <volume>85</volume>
                  <source>A.B.A. J.</source>
                  <year>1999</year>
               </mixed-citation>
            </p>
         </fn>
         <fn id="d1755e3778a1310">
            <label>183</label>
            <p>
               <mixed-citation id="d1755e3785" publication-type="journal">
Id.  </mixed-citation>
            </p>
         </fn>
      </fn-group>
   </back>
</article>
