<article xmlns:xsi="http://www.w3.org/2001/XMLSchema-instance"
         xmlns:xlink="http://www.w3.org/1999/xlink"
         xmlns:mml="http://www.w3.org/1998/Math/MathML"
         dtd-version="1.0"
         article-type="research-article">
   <front>
      <journal-meta>
         <journal-id journal-id-type="jstor">jcrimlawcrim1973</journal-id>
         <journal-id journal-id-type="jstor">j100481</journal-id>
         <journal-title-group>
            <journal-title>The Journal of Criminal Law and Criminology (1973-)</journal-title>
         </journal-title-group>
         <publisher>
            <publisher-name>Northwestern University School of Law</publisher-name>
         </publisher>
         <issn pub-type="ppub">00914169</issn>
      </journal-meta>
      <article-meta>
         <article-id pub-id-type="doi">10.2307/1144006</article-id>
         <article-categories>
            <subj-group>
               <subject>Guns and Violence Symposium</subject>
            </subj-group>
         </article-categories>
         <title-group>
            <article-title>Easing Concealed Firearms Laws: Effects on Homicide in Three States</article-title>
         </title-group>
         <contrib-group>
            <contrib contrib-type="author">
               <string-name>
                  <given-names>David</given-names>
                  <surname>McDowall</surname>
               </string-name>
            </contrib>
            <contrib contrib-type="author">
               <string-name>
                  <given-names>Colin</given-names>
                  <surname>Loftin</surname>
               </string-name>
            </contrib>
            <contrib contrib-type="author">
               <string-name>
                  <given-names>Brian</given-names>
                  <surname>Wiersema</surname>
               </string-name>
            </contrib>
         </contrib-group>
         <pub-date>
            <day>1</day>
            <month>10</month>
            <year>1995</year>
         </pub-date>
         <volume>86</volume>
         <issue>1</issue>
         <issue-id>i247862</issue-id>
         <fpage>193</fpage>
         <lpage>206</lpage>
         <page-range>193-206</page-range>
         <permissions>
            <copyright-statement>Copyright 1995 Northwestern University, School of Law</copyright-statement>
         </permissions>
         <self-uri xlink:href="http://www.jstor.org/stable/1144006"/>
         <custom-meta-group>
            <custom-meta>
               <meta-name>lang</meta-name>
               <meta-value>eng</meta-value>
            </custom-meta>
         </custom-meta-group>
      </article-meta>
   </front>
   <back>
      <fn-group>
         <title>[Footnotes]</title>
         <fn id="d4771e147a1310">
            <label>1</label>
            <p>
               <mixed-citation id="d4771e154" publication-type="book">
JAMES D. WRIGHT ET. AL., UNDER THE GUN: WEAPONS, CRIME, AND VIOLENCE IN
AMERICA 243-72 (1983)<person-group>
                     <string-name>
                        <surname>Wright</surname>
                     </string-name>
                  </person-group>
                  <fpage>243</fpage>
                  <source>Under The Gun: Weapons, Crime, And Violence In America</source>
                  <year>1983</year>
               </mixed-citation>
            </p>
            <p>
               <mixed-citation id="d4771e182" publication-type="journal">
Gary Kleck &amp; E. Britt Patterson, The Impact of Gun Control and Gun
Ownership Levels on Violence Rates, 9 J. QUANTITATIVE CRIMINOLOGY 249 (1993)<person-group>
                     <string-name>
                        <surname>Kleck</surname>
                     </string-name>
                  </person-group>
                  <volume>249</volume>
                  <source>Quantitative Criminology</source>
                  <year>1993</year>
               </mixed-citation>
            </p>
         </fn>
         <fn id="d4771e211a1310">
            <label>2</label>
            <p>
               <mixed-citation id="d4771e218" publication-type="journal">
Franklin E. Zimring, Firearms, Violence, and Public Policy, 265 Sci. AM. 48
(1991)<person-group>
                     <string-name>
                        <surname>Zimring</surname>
                     </string-name>
                  </person-group>
                  <issue>48</issue>
                  <volume>265</volume>
                  <source>Sci. AM.</source>
                  <year>1991</year>
               </mixed-citation>
            </p>
         </fn>
         <fn id="d4771e250a1310">
            <label>3</label>
            <p>
               <mixed-citation id="d4771e257" publication-type="book">
GARY KLECK, POINT BLANK: GUNS AND VIOLENCE IN AMERICA 411-14 (1991).<person-group>
                     <string-name>
                        <surname>Kleck</surname>
                     </string-name>
                  </person-group>
                  <fpage>411</fpage>
                  <source>Point Blank: Guns And Violence In America</source>
                  <year>1991</year>
               </mixed-citation>
            </p>
         </fn>
         <fn id="d4771e282a1310">
            <label>4</label>
            <p>
               <mixed-citation id="d4771e289" publication-type="book">
Id.  </mixed-citation>
            </p>
         </fn>
         <fn id="d4771e299a1310">
            <label>5</label>
            <p>
               <mixed-citation id="d4771e306" publication-type="conference">
Paul H. Blackman, Carrying Handguns for Personal Protection: Issues of Research
and and Public Policy (presented at the Annual Meeting of the American Society of Crimi-
nology (Nov. 1985)).<person-group>
                     <string-name>
                        <surname>Blackman</surname>
                     </string-name>
                  </person-group>
                  <comment content-type="section">Carrying Handguns for Personal Protection: Issues of Research and and Public Policy</comment>
                  <source>Annual Meeting of the American Society of Criminology</source>
                  <year>1985</year>
               </mixed-citation>
            </p>
         </fn>
         <fn id="d4771e338a1310">
            <label>6</label>
            <p>
               <mixed-citation id="d4771e345" publication-type="conference">
Id.  </mixed-citation>
            </p>
            <p>
               <mixed-citation id="d4771e353" publication-type="book">
G. Ray Arnett, Sincerely, GRA, 133 AM. RIFLEMAN 7 (1985)<person-group>
                     <string-name>
                        <surname>Arnett</surname>
                     </string-name>
                  </person-group>
                  <comment content-type="section">Arnett</comment>
                  <volume>7</volume>
                  <source>Sincerely</source>
                  <year>1985</year>
               </mixed-citation>
            </p>
         </fn>
         <fn id="d4771e382a1310">
            <label>7</label>
            <p>
               <mixed-citation id="d4771e389" publication-type="book">
WAYNE LAPIERRE, GUNS, CRIME, AND FREEDOM 29-39 (1994)<person-group>
                     <string-name>
                        <surname>Lapierre</surname>
                     </string-name>
                  </person-group>
                  <volume>29</volume>
                  <source>Guns, Crime, And Freedom</source>
                  <year>1994</year>
               </mixed-citation>
            </p>
            <p>
               <mixed-citation id="d4771e413" publication-type="book">
David B. Kopel,
Hold Your Fire: Gun Control Won't Stop Rising Violence, 63 POL'Y REV. 58 (1993)<person-group>
                     <string-name>
                        <surname>Kopel</surname>
                     </string-name>
                  </person-group>
                  <volume>58</volume>
                  <source>Hold Your Fire: Gun Control Won't Stop Rising Violence</source>
                  <year>1993</year>
               </mixed-citation>
            </p>
         </fn>
         <fn id="d4771e442a1310">
            <label>8</label>
            <p>
               <mixed-citation id="d4771e449" publication-type="book">
FLA. STAT. ch. 790.06 (1992)<comment content-type="section">ch. 790.06</comment>
                  <source>Fla. Stat.</source>
                  <year>1992</year>
               </mixed-citation>
            </p>
            <p>
               <mixed-citation id="d4771e464" publication-type="journal">
Richard Getchell, Carrying Concealed Weapons in Self-
Defenses: Florida Adopts Uniformn Regulations for the Issuance of Concealed Weapon Permits, 15 FLA.
ST. U.L. REV. 751 (1987)<person-group>
                     <string-name>
                        <surname>Getchell</surname>
                     </string-name>
                  </person-group>
                  <issue>15</issue>
                  <volume>751</volume>
                  <source>Fla. St. U.L. Rev.</source>
                  <year>1987</year>
               </mixed-citation>
            </p>
         </fn>
         <fn id="d4771e499a1310">
            <label>9</label>
            <p>
               <mixed-citation id="d4771e506" publication-type="journal">
Lisa Getter, Accused Criminals Get Gun Permits, MIAMI HERALD, May 15, 1988, at 1A<person-group>
                     <string-name>
                        <surname>Getter</surname>
                     </string-name>
                  </person-group>
                  <issue>May 15</issue>
                  <source>Miami Herald</source>
                  <year>1988</year>
               </mixed-citation>
            </p>
            <p>
               <mixed-citation id="d4771e530" publication-type="journal">
Stephen Koff &amp; Bob Port, Gun Permits Soar Through Loopholes, ST. PETERSBURG TIMES, Jan. 7,
1988, at Al<person-group>
                     <string-name>
                        <surname>Koff</surname>
                     </string-name>
                  </person-group>
                  <issue>Jan. 7</issue>
                  <source>St. Petersburg Times</source>
                  <year>1988</year>
               </mixed-citation>
            </p>
         </fn>
         <fn id="d4771e559a1310">
            <label>10</label>
            <p>
               <mixed-citation id="d4771e566" publication-type="book">
FLORIDA DEPARTMENT OF STATE, DIVISION OF LICENSING, CONCEALED WEAPONS/FIRE-
ARM LICENSE STATISTICAL REPORT FOR PERIOD 10/01/87 To 09/30/94 (1994).<source>Florida Department Of State, Division Of Licensing, Concealed Weapons/Firearm License Statistical Report For Period 10/01/87 To 09/30/94</source>
                  <year>1994</year>
               </mixed-citation>
            </p>
         </fn>
         <fn id="d4771e583a1310">
            <label>11</label>
            <p>
               <mixed-citation id="d4771e590" publication-type="other">
MISS. CODE ANN. § 45-9-101 (1991).</mixed-citation>
            </p>
         </fn>
         <fn id="d4771e597a1310">
            <label>12</label>
            <p>
               <mixed-citation id="d4771e604" publication-type="journal">
David Snyder, New Miss. Gun-Permit Law Raises Visions of Old West, TIMES-PICAYUNE
(New Orleans), Aug. 13, 1990, at Al.<person-group>
                     <string-name>
                        <surname>Snyder</surname>
                     </string-name>
                  </person-group>
                  <issue>Aug. 13</issue>
                  <source>Times-Picayune (New Orleans)</source>
                  <year>1990</year>
               </mixed-citation>
            </p>
         </fn>
         <fn id="d4771e633a1310">
            <label>13</label>
            <p>
               <mixed-citation id="d4771e642" publication-type="journal">
Grace Simmons, Police Want Concealed Guns Banned From Cars, CLARION-LEDGER (Jack-
son), Nov. 11, 1992, at Al.<person-group>
                     <string-name>
                        <surname>Simmons,</surname>
                     </string-name>
                  </person-group>
                  <issue>Nov. 11</issue>
                  <source>Clarion-Ledger (Jackson)</source>
                  <year>1992</year>
               </mixed-citation>
            </p>
         </fn>
         <fn id="d4771e671a1310">
            <label>14</label>
            <p>
               <mixed-citation id="d4771e678" publication-type="other">
OR. REV. STAT. § 166.291-§166.295 (1991)</mixed-citation>
            </p>
            <p>
               <mixed-citation id="d4771e684" publication-type="journal">
Rhonda Canby, 1989 Oregon Gun
Control Legislation, 26 WILLAMETTE L. REV. 565 (1990)<person-group>
                     <string-name>
                        <surname>Canby</surname>
                     </string-name>
                  </person-group>
                  <volume>565</volume>
                  <source>Willamette L. Rev.</source>
                  <year>1990</year>
               </mixed-citation>
            </p>
         </fn>
         <fn id="d4771e713a1310">
            <label>15</label>
            <p>
               <mixed-citation id="d4771e720" publication-type="journal">
Bill MacKenzie, Packin' the Heat, OREGONIAN (Portland), Nov. 4, 1993, at Al.<person-group>
                     <string-name>
                        <surname>MacKenzie</surname>
                     </string-name>
                  </person-group>
                  <issue>Nov. 4</issue>
                  <source>Oregonian (Portland)</source>
                  <year>1993</year>
               </mixed-citation>
            </p>
         </fn>
         <fn id="d4771e745a1310">
            <label>16</label>
            <p>
               <mixed-citation id="d4771e752" publication-type="journal">
Id.  </mixed-citation>
            </p>
         </fn>
         <fn id="d4771e762a1310">
            <label>17</label>
            <p>
               <mixed-citation id="d4771e769" publication-type="book">
JAMES D. WRIGHT &amp; PETER H. ROSSI, ARMED AND CONSIDERED DANGEROUS: A
SURVEY OF FELONS AND THEIR FIREARMS 141-59 (1986)<person-group>
                     <string-name>
                        <surname>Wright</surname>
                     </string-name>
                  </person-group>
                  <fpage>141</fpage>
                  <source>Armed And Considered Dangerous: A Survey Of Felons And Their Firearms</source>
                  <year>1986</year>
               </mixed-citation>
            </p>
         </fn>
         <fn id="d4771e798a1310">
            <label>18</label>
            <p>
               <mixed-citation id="d4771e805" publication-type="journal">
Franklin Zimring, Is Gun Control Likely to Reduce Violent Killings?, 35 U. CHI. L. REV.
721 (1968)<object-id pub-id-type="doi">10.2307/1598883</object-id>
                  <fpage>721</fpage>
               </mixed-citation>
            </p>
            <p>
               <mixed-citation id="d4771e820" publication-type="journal">
Philip J. Cook, The Technology of Personal Violence, in 14 CRIME &amp;JUS.: ANN. REV'.
RES. 1 (Michael Tonry ed., 1991)<person-group>
                     <string-name>
                        <surname>Cook</surname>
                     </string-name>
                  </person-group>
                  <fpage>1</fpage>
                  <volume>14</volume>
                  <source>Crime &amp; Jus.: Ann. Rev'. Res.</source>
                  <year>1991</year>
               </mixed-citation>
            </p>
         </fn>
         <fn id="d4771e852a1310">
            <label>19</label>
            <p>
               <mixed-citation id="d4771e859" publication-type="book">
LAPIERRE, supra note 7, at 36-38  <fpage>36</fpage>
               </mixed-citation>
            </p>
            <p>
               <mixed-citation id="d4771e870" publication-type="journal">
Jeffrey R. Snyder, A Nation of Cowards, 113
PUB. INTEREST 40 (1993)<person-group>
                     <string-name>
                        <surname>Snyder</surname>
                     </string-name>
                  </person-group>
                  <fpage>40</fpage>
                  <volume>113</volume>
                  <source>Pub. Interest</source>
                  <year>1993</year>
               </mixed-citation>
            </p>
            <p>
               <mixed-citation id="d4771e901" publication-type="book">
FLORIDA DEPARTMENT OF STATE, supra note 10  </mixed-citation>
            </p>
         </fn>
         <fn id="d4771e910a1310">
            <label>20</label>
            <p>
               <mixed-citation id="d4771e917" publication-type="book">
WRIGHT &amp;
ROSSI, supra note 17, at 150  <fpage>150</fpage>
               </mixed-citation>
            </p>
         </fn>
         <fn id="d4771e932a1310">
            <label>21</label>
            <p>
               <mixed-citation id="d4771e939" publication-type="book">
NATIONAL RIFLE ASSOCIATION, INSTITUTE FOR LEGISLATIVE ACTION, FACT SHEET: CAR-
RYING CONCEALED FIREARMS (CCW) STATISTICS (1994)<comment content-type="section">National Rifle Association, Institute For Legislative Action</comment>
                  <source>Fact Sheet: Carrying Concealed Firearms (Ccw) Statistics</source>
                  <year>1994</year>
               </mixed-citation>
            </p>
            <p>
               <mixed-citation id="d4771e957" publication-type="book">
LAPIERRE, supra note 7, at
33  <fpage>33</fpage>
               </mixed-citation>
            </p>
            <p>
               <mixed-citation id="d4771e971" publication-type="book">
Kopel, supra note 7, at 63  <fpage>63</fpage>
               </mixed-citation>
            </p>
            <p>
               <mixed-citation id="d4771e983" publication-type="journal">
George F. Will, Are We 'A Nation of Cowards'?, NEWSWEEK, Nov.
15, 1993, at 92-93<person-group>
                     <string-name>
                        <surname>Will</surname>
                     </string-name>
                  </person-group>
                  <issue>Nov. 15</issue>
                  <source>Newsweek</source>
                  <year>1993</year>
               </mixed-citation>
            </p>
         </fn>
         <fn id="d4771e1012a1310">
            <label>23</label>
            <p>
               <mixed-citation id="d4771e1019" publication-type="book">
FLA. STAT. chs. 790.065, 790.0655 (1992).<comment content-type="section">chs. 790.065</comment>
                  <source>Fla. Stat.</source>
                  <year>1992</year>
               </mixed-citation>
            </p>
         </fn>
         <fn id="d4771e1036a1310">
            <label>24</label>
            <p>
               <mixed-citation id="d4771e1043" publication-type="book">
THOMAS D. COOK &amp; DONALD T. CAMPBELL, QUASI-EXPERIMENTATION: DESIGN AND
ANALYSIS ISSUES FOR FIELD SETTINGS 207-32 (1979)<person-group>
                     <string-name>
                        <surname>Cook</surname>
                     </string-name>
                  </person-group>
                  <fpage>207</fpage>
                  <source>Quasi-Experimentation: Design And Analysis Issues For Field Settings</source>
                  <year>1979</year>
               </mixed-citation>
            </p>
         </fn>
         <fn id="d4771e1072a1310">
            <label>25</label>
            <p>
               <mixed-citation id="d4771e1079" publication-type="book">
Department of Health and Human Services, National Center for Health Statistics,
Inter-University Consortium for Political and Social Research, Mortality Detail Files, 1968
to 1990 (1993).<source>Department of Health and Human Services, National Center for Health Statistics, Inter-University Consortium for Political and Social Research</source>
                  <year>1993</year>
               </mixed-citation>
            </p>
         </fn>
         <fn id="d4771e1098a1310">
            <label>27</label>
            <p>
               <mixed-citation id="d4771e1105" publication-type="book">
GEORGE E. P. BOX ET AL., TIME SERIES ANALYSIS: FORECASTING AND CONTROL (3d ed.
1994).<person-group>
                     <string-name>
                        <surname>Box</surname>
                     </string-name>
                  </person-group>
                  <edition>3</edition>
                  <source>Time Series Analysis: Forecasting And Control</source>
                  <year>1994</year>
               </mixed-citation>
            </p>
         </fn>
         <fn id="d4771e1134a1310">
            <label>28</label>
            <p>
               <mixed-citation id="d4771e1141" publication-type="book">
Id. at 462-69.  <fpage>462</fpage>
               </mixed-citation>
            </p>
         </fn>
         <fn id="d4771e1153a1310">
            <label>29</label>
            <p>
               <mixed-citation id="d4771e1160" publication-type="book">
DAVID MCDOWALL ET AL., INTERRUPTED TIME SERIES ANALYSIS 83-85 (1980)<person-group>
                     <string-name>
                        <surname>McDowall</surname>
                     </string-name>
                  </person-group>
                  <fpage>83</fpage>
                  <source>Interrupted Time Series Analysis</source>
                  <year>1980</year>
               </mixed-citation>
            </p>
         </fn>
         <fn id="d4771e1185a1310">
            <label>30</label>
            <p>
               <mixed-citation id="d4771e1192" publication-type="book">
Id. at 83-85  <fpage>83</fpage>
               </mixed-citation>
            </p>
         </fn>
         <fn id="d4771e1205a1310">
            <label>31</label>
            <p>
               <mixed-citation id="d4771e1212" publication-type="book">
Marc Riedel,
Nationwide Homicide Data Sets: An Evaluation of the Uniform Crime Reports and the National
Center for Health Statistics Data, in MEASURING CRIME: LARGE-SCALE, LONG-RANGE EFFORTS
175 (Doris Layton MacKenzie et al. eds., 1990)<person-group>
                     <string-name>
                        <surname>Riedel</surname>
                     </string-name>
                  </person-group>
                  <comment content-type="section">Nationwide Homicide Data Sets: An Evaluation of the Uniform Crime Reports and the National Center for Health Statistics Data</comment>
                  <volume>175</volume>
                  <source>Measuring Crime: Large-Scale, Long-Range Efforts</source>
                  <year>1990</year>
               </mixed-citation>
            </p>
         </fn>
         <fn id="d4771e1250a1310">
            <label>32</label>
            <p>
               <mixed-citation id="d4771e1257" publication-type="book">
DONALD T. CAMPBELL &amp; JULIAN C. STANLEY, EXPERIMENTAL AND QUASI-EXPERIMEN-
TAL DESIGNS FOR RESEARCH 37-43 (1963)<person-group>
                     <string-name>
                        <surname>Campbell</surname>
                     </string-name>
                  </person-group>
                  <fpage>37</fpage>
                  <source>Experimental And Quasi-Experimental Designs For Research</source>
                  <year>1963</year>
               </mixed-citation>
            </p>
         </fn>
         <fn id="d4771e1286a1310">
            <label>33</label>
            <p>
               <mixed-citation id="d4771e1293" publication-type="book">
COOK &amp; CAMPBELL, supra note 24, at 211.  <fpage>211</fpage>
               </mixed-citation>
            </p>
         </fn>
         <fn id="d4771e1305a1310">
            <label>34</label>
            <p>
               <mixed-citation id="d4771e1312" publication-type="book">
CAMPBELL &amp; STANLEY, supra note 32, at 42  <fpage>42</fpage>
               </mixed-citation>
            </p>
         </fn>
         <fn id="d4771e1324a1310">
            <label>35</label>
            <p>
               <mixed-citation id="d4771e1331" publication-type="book">
FLA. STAT. chs. 790.065, 790.065 (1992)<comment content-type="section">chs. 790.065</comment>
                  <source>Fla. Stat.</source>
                  <year>1992</year>
               </mixed-citation>
            </p>
         </fn>
         <fn id="d4771e1347a1310">
            <label>36</label>
            <p>
               <mixed-citation id="d4771e1354" publication-type="book">
Department of Health and Human Services, National Center for Health Statistics,
Inter-University Consortium for Political and Social Research, Mortality Detail Files, 1968
to 1991 (1994).<source>Department of Health and Human Services, National Center for Health Statistics, Inter-University Consortium for Political and Social Research</source>
                  <year>1994</year>
               </mixed-citation>
            </p>
         </fn>
         <fn id="d4771e1374a1310">
            <label>37</label>
            <p>
               <mixed-citation id="d4771e1381" publication-type="other">
U.S. DEPARTMENT OF
COMMERCE, BUREAU OF THE CENSUS, STATISTICAL ABSTRACT OF THE UNITED STATES (various
years)</mixed-citation>
            </p>
         </fn>
         <fn id="d4771e1394a1310">
            <label>38</label>
            <p>
               <mixed-citation id="d4771e1401" publication-type="book">
CHENG HSIAO, ANALYSIS OF PANEL DI)ATA (1986)<person-group>
                     <string-name>
                        <surname>Cheng Hsiao</surname>
                     </string-name>
                  </person-group>
                  <source>Analysis Of Panel Di)Ata</source>
                  <year>1986</year>
               </mixed-citation>
            </p>
         </fn>
         <fn id="d4771e1423a1310">
            <label>40</label>
            <p>
               <mixed-citation id="d4771e1430" publication-type="book">
HSIAO, supra note 38, at 138-40.  <fpage>138</fpage>
               </mixed-citation>
            </p>
         </fn>
         <fn id="d4771e1442a1310">
            <label>42</label>
            <p>
               <mixed-citation id="d4771e1449" publication-type="book">
FEDERAL
BUREAU OF INVESTIGATION, CRIME IN THE UNITED STATES, 1992, at 15-22 (1993)<comment content-type="section">Federal Bureau Of Investigation</comment>
                  <source>Crime In The United States</source>
                  <year>1993</year>
               </mixed-citation>
            </p>
         </fn>
         <fn id="d4771e1468a1310">
            <label>43</label>
            <p>
               <mixed-citation id="d4771e1475" publication-type="book">
LARRY V. HEDGES &amp; INGRAM OLKIN, STATISTICAL METHODS FOR META-ANALYSIS 39-
40 (1985)<person-group>
                     <string-name>
                        <surname>Hedges</surname>
                     </string-name>
                  </person-group>
                  <fpage>39</fpage>
                  <source>Statistical Methods For Meta-Analysis</source>
                  <year>1985</year>
               </mixed-citation>
            </p>
         </fn>
         <fn id="d4771e1504a1310">
            <label>44</label>
            <p>
               <mixed-citation id="d4771e1511" publication-type="book">
Box, supra note 27, at 89-130  <fpage>89</fpage>
               </mixed-citation>
            </p>
         </fn>
         <fn id="d4771e1524a1310">
            <label>45</label>
            <p>
               <mixed-citation id="d4771e1531" publication-type="journal">
Glenn L. Pierce &amp; William J. Bowers, The Bartley-Fox Gun Law's Short-Term Impact on
Crime in Boston, 455 ANNALS AM. ACAD. POL. &amp; Soc. SCI. 120, 120-37 (1981)<person-group>
                     <string-name>
                        <surname>Pierce</surname>
                     </string-name>
                  </person-group>
                  <fpage>120</fpage>
                  <volume>455</volume>
                  <source>Annals Am. Acad. Pol. &amp; Soc. Sci.</source>
                  <year>1981</year>
               </mixed-citation>
            </p>
            <p>
               <mixed-citation id="d4771e1562" publication-type="book">
Patrick W.
O'Carroll et al., Preventing Homicide: An Evaluation of the Efficacy of a Detroit Gun Ordinance,
81 AM.J. PUB. HEALTH 576 (1991)<person-group>
                     <string-name>
                        <surname>O'Carroll</surname>
                     </string-name>
                  </person-group>
                  <volume>576</volume>
                  <source>Preventing Homicide: An Evaluation of the Efficacy of a Detroit Gun Ordinance</source>
                  <year>1991</year>
               </mixed-citation>
            </p>
         </fn>
         <fn id="d4771e1594a1310">
            <label>46</label>
            <p>
               <mixed-citation id="d4771e1601" publication-type="journal">
Lawrence W. Sherman et al., The Kansas City Gun Experiment, NATIONAL INSTITUTE OF
JUSTICE RESEARCH IN BRIEF (Jan. 1995)<person-group>
                     <string-name>
                        <surname>Sherman</surname>
                     </string-name>
                  </person-group>
                  <issue>Jan</issue>
                  <source>National Institute of Justice Research in Brief</source>
                  <year>1995</year>
               </mixed-citation>
            </p>
         </fn>
         <fn id="d4771e1630a1310">
            <label>47</label>
            <p>
               <mixed-citation id="d4771e1637" publication-type="other">
ALASKA STAT. §§ 18.65.700-8.65.720 (1994)</mixed-citation>
            </p>
            <p>
               <mixed-citation id="d4771e1643" publication-type="other">
IDAHO CODE § 18-3302 (1993)</mixed-citation>
            </p>
            <p>
               <mixed-citation id="d4771e1649" publication-type="book">
MONT.
CODE ANN. § 45-8-321 (1993)<source>Code Ann</source>
                  <year>1993</year>
               </mixed-citation>
            </p>
            <p>
               <mixed-citation id="d4771e1665" publication-type="other">
WVO. STAT. § 6-8-104 (1994)</mixed-citation>
            </p>
         </fn>
         <fn id="d4771e1672a1310">
            <label>48</label>
            <p>
               <mixed-citation id="d4771e1679" publication-type="journal">
ARIZ. REV. STAT. ANN. § 13-3112 (1994)<source>Ariz. Rev. Stat. Ann.</source>
                  <year>1994</year>
               </mixed-citation>
            </p>
            <p>
               <mixed-citation id="d4771e1691" publication-type="book">
TENN. CODE ANN. § 39-17-1315 (1994)<source>Code Ann.</source>
                  <year>1994</year>
               </mixed-citation>
            </p>
         </fn>
         <fn id="d4771e1704a1310">
            <label>49</label>
            <p>
               <mixed-citation id="d4771e1711" publication-type="journal">
Roger Worthington, Support Mounting for Concealed Guns, CHI. TRIB., Mar. 6, 1995, at
Al.<person-group>
                     <string-name>
                        <surname>Worthington</surname>
                     </string-name>
                  </person-group>
                  <issue>Mar. 6</issue>
                  <source>Chi. Trib.</source>
                  <year>1995</year>
               </mixed-citation>
            </p>
         </fn>
         <fn id="d4771e1740a1310">
            <label>50</label>
            <p>
               <mixed-citation id="d4771e1747" publication-type="journal">
Sam Howe Verhovek, States Seek to Let Citizens Carry Concealed Weapons, N.Y. TIMES,
Mar. 6, 1995, at Al.<person-group>
                     <string-name>
                        <surname>Verhovek</surname>
                     </string-name>
                  </person-group>
                  <issue>Mar. 6</issue>
                  <source>N.Y. Times</source>
                  <year>1995</year>
               </mixed-citation>
            </p>
         </fn>
         <fn id="d4771e1777a1310">
            <label>51</label>
            <p>
               <mixed-citation id="d4771e1784" publication-type="journal">
Mark H. Moore, The Bird in Hand: A Feasible Strategy for Gun Control, 2 J. POL'Y
ANALYSIS &amp; MGMT. 185 (1983)<person-group>
                     <string-name>
                        <surname>Moore</surname>
                     </string-name>
                  </person-group>
                  <fpage>185</fpage>
                  <volume>2</volume>
                  <source>J. Pol'y Analysis &amp; Mgmt.</source>
                  <year>1983</year>
               </mixed-citation>
            </p>
            <p>
               <mixed-citation id="d4771e1815" publication-type="book">
SAMUEL WALKER, SENSE AND NONSENSE ABOUT CRIME: A POL-
ICY GUIDE 179-198 (2d ed. 1989)<person-group>
                     <string-name>
                        <surname>Walker</surname>
                     </string-name>
                  </person-group>
                  <edition>2</edition>
                  <volume>179</volume>
                  <source>Sense And Nonsense About Crime: A Policy Guide</source>
                  <year>1989</year>
               </mixed-citation>
            </p>
         </fn>
      </fn-group>
   </back>
</article>
