<article xmlns:xsi="http://www.w3.org/2001/XMLSchema-instance"
         xmlns:xlink="http://www.w3.org/1999/xlink"
         xmlns:mml="http://www.w3.org/1998/Math/MathML"
         dtd-version="1.0"
         article-type="research-article">
   <front>
      <journal-meta>
         <journal-id journal-id-type="jstor">jcrimlawcrim1973</journal-id>
         <journal-id journal-id-type="jstor">j100481</journal-id>
         <journal-title-group>
            <journal-title>The Journal of Criminal Law and Criminology (1973-)</journal-title>
         </journal-title-group>
         <publisher>
            <publisher-name>Northwestern University School of Law</publisher-name>
         </publisher>
         <issn pub-type="ppub">00914169</issn>
      </journal-meta>
      <article-meta>
         <article-id pub-id-type="doi">10.2307/1144021</article-id>
         <article-categories>
            <subj-group>
               <subject>Policy and Perspectives</subject>
            </subj-group>
         </article-categories>
         <title-group>
            <article-title>The Illegitimacy of One-Sided Speculation: Getting the Defensive Gun Use Estimate down</article-title>
         </title-group>
         <contrib-group>
            <contrib contrib-type="author">
               <string-name>
                  <given-names>Gary</given-names>
                  <surname>Kleck</surname>
               </string-name>
            </contrib>
            <contrib contrib-type="author">
               <string-name>
                  <given-names>Marc</given-names>
                  <surname>Gertz</surname>
               </string-name>
            </contrib>
         </contrib-group>
         <pub-date>
            <day>1</day>
            <month>7</month>
            <year>1997</year>
         </pub-date>
         <volume>87</volume>
         <issue>4</issue>
         <issue-id>i247869</issue-id>
         <fpage>1446</fpage>
         <lpage>1461</lpage>
         <page-range>1446-1461</page-range>
         <permissions>
            <copyright-statement>Copyright 1997 Northwestern University, School of Law</copyright-statement>
         </permissions>
         <self-uri xlink:href="http://www.jstor.org/stable/1144021"/>
         <custom-meta-group>
            <custom-meta>
               <meta-name>lang</meta-name>
               <meta-value>eng</meta-value>
            </custom-meta>
         </custom-meta-group>
      </article-meta>
   </front>
   <back>
      <fn-group>
         <title>[Footnotes]</title>
         <fn id="d3750e135a1310">
            <label>1</label>
            <p>
               <mixed-citation id="d3750e142" publication-type="journal">
David Hemenway &amp; Douglas S. Weil, Phasers on Stun, 9 J. POL'Y ANALYSIS &amp;
MGMT. 94 (1990)<person-group>
                     <string-name>
                        <surname>Hemenway</surname>
                     </string-name>
                  </person-group>
                  <fpage>94</fpage>
                  <volume>9</volume>
                  <source>J. Pol'y Analysis &amp; Mgmt.</source>
                  <year>1990</year>
               </mixed-citation>
            </p>
            <p>
               <mixed-citation id="d3750e173" publication-type="journal">
David Hemenway &amp; Douglas S. Weil, Less Lethal Weapons, WASH. POST,
May 14, 1990 (Op-Ed)<person-group>
                     <string-name>
                        <surname>Hemenway</surname>
                     </string-name>
                  </person-group>
                  <issue>May 14</issue>
                  <source>Wash. Post</source>
                  <year>1990</year>
               </mixed-citation>
            </p>
            <p>
               <mixed-citation id="d3750e201" publication-type="journal">
Douglas S. Weil &amp; David Hemenway, Loaded Guns in the Home, 267
JAMA 3033 (1992)<person-group>
                     <string-name>
                        <surname>Weil</surname>
                     </string-name>
                  </person-group>
                  <fpage>3033</fpage>
                  <volume>267</volume>
                  <source>Jama</source>
                  <year>1992</year>
               </mixed-citation>
            </p>
            <p>
               <mixed-citation id="d3750e233" publication-type="book">
Douglas S. Weil &amp; David Hemenway, I Am the NRA, 8 VIOLENCE &amp;
VICTIMS 353 (1993)<person-group>
                     <string-name>
                        <surname>Weil</surname>
                     </string-name>
                  </person-group>
                  <comment content-type="section">I Am the NRA</comment>
                  <volume>353</volume>
                  <source>8 Violence &amp; Victims</source>
               </mixed-citation>
            </p>
            <p>
               <mixed-citation id="d3750e261" publication-type="book">
Douglas S. Weil &amp; David Hemenway, A Reply to Kleck, 8 VIOLENCE &amp;
VICTIMS 377 (1993)<person-group>
                     <string-name>
                        <surname>Weil</surname>
                     </string-name>
                  </person-group>
                  <comment content-type="section">A Reply to Kleck</comment>
                  <volume>377</volume>
                  <source>8 Violence &amp; Victims</source>
                  <year>1993</year>
               </mixed-citation>
            </p>
            <p>
               <mixed-citation id="d3750e292" publication-type="journal">
Douglas S. Weil &amp; David Hemenway, Violence in America: Guns, 268
JAMA 3072 (1992)<person-group>
                     <string-name>
                        <surname>Weil</surname>
                     </string-name>
                  </person-group>
                  <fpage>3072</fpage>
                  <volume>268</volume>
                  <source>Jama</source>
               </mixed-citation>
            </p>
         </fn>
         <fn id="d3750e321a1310">
            <label>2</label>
            <p>
               <mixed-citation id="d3750e328" publication-type="book">
DENNIS A. HENIGAN ET AL., GUNS AND THE CONSTITUTION: THE MYRH OF THE SECOND
AMENDMENT (1995).<person-group>
                     <string-name>
                        <surname>Henigan</surname>
                     </string-name>
                  </person-group>
                  <source>Guns and the Constitution: The Myrh of the Second Amendment</source>
               </mixed-citation>
            </p>
         </fn>
         <fn id="d3750e350a1310">
            <label>3</label>
            <p>
               <mixed-citation id="d3750e357" publication-type="journal">
David Hemenway, Survey Research and Self-Defense Gun Use, 87 J. CRIM. L. &amp; CRIMINOL-
OGY 1430 (1997).<person-group>
                     <string-name>
                        <surname>Hemenway</surname>
                     </string-name>
                  </person-group>
                  <fpage>1430</fpage>
                  <volume>87</volume>
                  <source>J. Crim. L. &amp; Criminology</source>
                  <year>1997</year>
               </mixed-citation>
            </p>
         </fn>
         <fn id="d3750e389a1310">
            <label>4</label>
            <p>
               <mixed-citation id="d3750e396" publication-type="journal">
Id.  </mixed-citation>
            </p>
         </fn>
         <fn id="d3750e406a1310">
            <label>5</label>
            <p>
               <mixed-citation id="d3750e413" publication-type="journal">
Id. at 1431.  <fpage>1431</fpage>
               </mixed-citation>
            </p>
         </fn>
         <fn id="d3750e425a1310">
            <label>6</label>
            <p>
               <mixed-citation id="d3750e432" publication-type="journal">
Gary Kleck &amp; Marc Gertz, Armed Resistance to Crime, 86J. CRIM. L. &amp; CRIMINOLOGY
150, 156, 174 (1995)<person-group>
                     <string-name>
                        <surname>Kleck</surname>
                     </string-name>
                  </person-group>
                  <fpage>150</fpage>
                  <volume>86</volume>
                  <source>J. Crim. L. &amp; Criminology</source>
                  <year>1995</year>
               </mixed-citation>
            </p>
         </fn>
         <fn id="d3750e464a1310">
            <label>7</label>
            <p>
               <mixed-citation id="d3750e471" publication-type="journal">
Hemenway, supra note 3, at 1430-31.  <fpage>1430</fpage>
               </mixed-citation>
            </p>
         </fn>
         <fn id="d3750e483a1310">
            <label>8</label>
            <p>
               <mixed-citation id="d3750e490" publication-type="journal">
Id. at 1438 (asserting that "the likelihood of social desirability response bias (self-
presentation bias) is clear").  <fpage>1438</fpage>
               </mixed-citation>
            </p>
         </fn>
         <fn id="d3750e505a1310">
            <label>9</label>
            <p>
               <mixed-citation id="d3750e512" publication-type="journal">
Id. at 1444.  <fpage>1444</fpage>
               </mixed-citation>
            </p>
         </fn>
         <fn id="d3750e524a1310">
            <label>10</label>
            <p>
               <mixed-citation id="d3750e531" publication-type="journal">
id. at 1439  <fpage>1439</fpage>
               </mixed-citation>
            </p>
         </fn>
         <fn id="d3750e544a1310">
            <label>11</label>
            <p>
               <mixed-citation id="d3750e551" publication-type="journal">
id. at 1432 nn.11-12 (citing McDowall et al. and Reiss and Roth)  <fpage>1432</fpage>
               </mixed-citation>
            </p>
         </fn>
         <fn id="d3750e563a1310">
            <label>12</label>
            <p>
               <mixed-citation id="d3750e570" publication-type="journal">
id. at 1430, 1438-40  <fpage>1430</fpage>
               </mixed-citation>
            </p>
         </fn>
         <fn id="d3750e582a1310">
            <label>13</label>
            <p>
               <mixed-citation id="d3750e589" publication-type="journal">
id. at 1439 ("according to K-G, ... none of the 88,800 individuals who have not
had a gun use are reporting having had one")  <fpage>1439</fpage>
               </mixed-citation>
            </p>
         </fn>
         <fn id="d3750e604a1310">
            <label>14</label>
            <p>
               <mixed-citation id="d3750e611" publication-type="journal">
id. at 1435-37  <fpage>1435</fpage>
               </mixed-citation>
            </p>
         </fn>
         <fn id="d3750e623a1310">
            <label>15</label>
            <p>
               <mixed-citation id="d3750e630" publication-type="journal">
Id. at 1435.  <fpage>1435</fpage>
               </mixed-citation>
            </p>
         </fn>
         <fn id="d3750e642a1310">
            <label>16</label>
            <p>
               <mixed-citation id="d3750e649" publication-type="journal">
Id. at 1437.  <fpage>1437</fpage>
               </mixed-citation>
            </p>
         </fn>
         <fn id="d3750e662a1310">
            <label>17</label>
            <p>
               <mixed-citation id="d3750e669" publication-type="journal">
Kleck &amp; Gertz, supra note 6, at 174.  <fpage>174</fpage>
               </mixed-citation>
            </p>
         </fn>
         <fn id="d3750e681a1310">
            <label>18</label>
            <p>
               <mixed-citation id="d3750e688" publication-type="journal">
Id.  </mixed-citation>
            </p>
         </fn>
         <fn id="d3750e697a1310">
            <label>19</label>
            <p>
               <mixed-citation id="d3750e704" publication-type="journal">
Hemenway, supra note 3, at 1432.  <fpage>1432</fpage>
               </mixed-citation>
            </p>
         </fn>
         <fn id="d3750e716a1310">
            <label>20</label>
            <p>
               <mixed-citation id="d3750e723" publication-type="journal">
Kleck &amp; Gertz, supra note 6, at 153-57.  <fpage>153</fpage>
               </mixed-citation>
            </p>
         </fn>
         <fn id="d3750e735a1310">
            <label>21</label>
            <p>
               <mixed-citation id="d3750e742" publication-type="journal">
Hemenway, supra note 3, at 1441.  <fpage>1441</fpage>
               </mixed-citation>
            </p>
         </fn>
         <fn id="d3750e754a1310">
            <label>22</label>
            <p>
               <mixed-citation id="d3750e761" publication-type="book">
PHILIP COOK C MARK C. MOORE, GUN CONTROL IN CRIME, 267-94, 566-71 (James
Q. Wilson &amp; Joan Petersilia eds., 1994)<person-group>
                     <string-name>
                        <surname>Cook</surname>
                     </string-name>
                  </person-group>
                  <volume>267</volume>
                  <source>Gun Control in Crime</source>
                  <year>1994</year>
               </mixed-citation>
            </p>
            <p>
               <mixed-citation id="d3750e789" publication-type="book">
Phillip J. Cook, The Technology of Personal Violence, in
14 CRIME AND JUSTICE 1 (Michael Tonry ed., 1991)<person-group>
                     <string-name>
                        <surname>Cook</surname>
                     </string-name>
                  </person-group>
                  <comment content-type="section">The Technology of Personal Violence</comment>
                  <volume>1</volume>
                  <source>14 Crime and Justice</source>
               </mixed-citation>
            </p>
         </fn>
         <fn id="d3750e819a1310">
            <label>23</label>
            <p>
               <mixed-citation id="d3750e826" publication-type="journal">
David McDowall &amp; Brian Weirsema, The Incidence of Defensive Firearm Use of U.S.
Crime Victims, 1987-1990, 84 AMER. J. OF PUB. HEALTH 1982 (1994)<person-group>
                     <string-name>
                        <surname>McDowall</surname>
                     </string-name>
                  </person-group>
                  <fpage>1982</fpage>
                  <volume>84</volume>
                  <source>Amer. J. of Pub. Health</source>
                  <year>1987</year>
               </mixed-citation>
            </p>
         </fn>
         <fn id="d3750e858a1310">
            <label>24</label>
            <p>
               <mixed-citation id="d3750e865" publication-type="conference">
Phillip Cook &amp; Jens Ludwig, You Got Me: How Many Defensive Gun Uses Per Year?
(Paper Presented at the Annual Meetings of the Am. Soc'ty of Criminology, Chicago, Ill.,
Nov. 20, 1996)<person-group>
                     <string-name>
                        <surname>Cook</surname>
                     </string-name>
                  </person-group>
                  <comment content-type="section">You Got Me: How Many Defensive Gun Uses Per Year?</comment>
                  <volume>Ill</volume>
                  <source>Annual Meetings of the Am. Soc'ty of Criminology, Chicago</source>
               </mixed-citation>
            </p>
         </fn>
         <fn id="d3750e897a1310">
            <label>25</label>
            <p>
               <mixed-citation id="d3750e904" publication-type="journal">
David McDowall, Firearms and Self-Defense, 539 ANNALS 130, 138 (1995).<person-group>
                     <string-name>
                        <surname>McDowall</surname>
                     </string-name>
                  </person-group>
                  <fpage>130</fpage>
                  <volume>539</volume>
                  <source>Annals</source>
                  <year>1995</year>
               </mixed-citation>
            </p>
         </fn>
         <fn id="d3750e933a1310">
            <label>26</label>
            <p>
               <mixed-citation id="d3750e940" publication-type="journal">
Don B. Kates et al., Guns and Public Health: Epidemic of Violence, or Pandemic of Propa-
ganda?, 62 TENN. L. REV. 513, 537 (1995) (quoting Cook).<person-group>
                     <string-name>
                        <surname>Kates</surname>
                     </string-name>
                  </person-group>
                  <fpage>513</fpage>
                  <volume>62</volume>
                  <source>Tenn. L. Rev.</source>
                  <year>1995</year>
               </mixed-citation>
            </p>
         </fn>
         <fn id="d3750e972a1310">
            <label>27</label>
            <p>
               <mixed-citation id="d3750e979" publication-type="journal">
Kleck &amp; Gertz, supra note 6, at 153-57.  <fpage>153</fpage>
               </mixed-citation>
            </p>
         </fn>
         <fn id="d3750e991a1310">
            <label>28</label>
            <p>
               <mixed-citation id="d3750e998" publication-type="journal">
Hemenway, supra note 3, at 1432.  <fpage>1432</fpage>
               </mixed-citation>
            </p>
         </fn>
         <fn id="d3750e1011a1310">
            <label>29</label>
            <p>
               <mixed-citation id="d3750e1018" publication-type="journal">
Id.  </mixed-citation>
            </p>
         </fn>
         <fn id="d3750e1027a1310">
            <label>30</label>
            <p>
               <mixed-citation id="d3750e1034" publication-type="journal">
Kleck &amp; Gertz, supra note 6, at 155.  <fpage>155</fpage>
               </mixed-citation>
            </p>
         </fn>
         <fn id="d3750e1046a1310">
            <label>31</label>
            <p>
               <mixed-citation id="d3750e1053" publication-type="journal">
Id. at 153-59.  <fpage>153</fpage>
               </mixed-citation>
            </p>
         </fn>
         <fn id="d3750e1065a1310">
            <label>32</label>
            <p>
               <mixed-citation id="d3750e1072" publication-type="journal">
Hemenway, supra note 3, at 1441.  <fpage>1441</fpage>
               </mixed-citation>
            </p>
         </fn>
         <fn id="d3750e1084a1310">
            <label>33</label>
            <p>
               <mixed-citation id="d3750e1091" publication-type="journal">
Kleck &amp; Gertz, supra note 6, at 167.  <fpage>167</fpage>
               </mixed-citation>
            </p>
         </fn>
         <fn id="d3750e1103a1310">
            <label>34</label>
            <p>
               <mixed-citation id="d3750e1110" publication-type="journal">
Id. at 184-85.  <fpage>184</fpage>
               </mixed-citation>
            </p>
         </fn>
         <fn id="d3750e1123a1310">
            <label>35</label>
            <p>
               <mixed-citation id="d3750e1130" publication-type="journal">
326 THE GALLUP POLL MONTHLY 33 (Nov. 1992)<issue>Nov</issue>
                  <fpage>33</fpage>
                  <volume>326</volume>
                  <source>The Gallup Poll Monthly</source>
                  <year>1992</year>
               </mixed-citation>
            </p>
         </fn>
         <fn id="d3750e1153a1310">
            <label>36</label>
            <p>
               <mixed-citation id="d3750e1160" publication-type="journal">
Hemenway, supra note 3, at 1441.  <fpage>1441</fpage>
               </mixed-citation>
            </p>
         </fn>
         <fn id="d3750e1172a1310">
            <label>37</label>
            <p>
               <mixed-citation id="d3750e1179" publication-type="journal">
Id. at 1442.  <fpage>1442</fpage>
               </mixed-citation>
            </p>
         </fn>
         <fn id="d3750e1191a1310">
            <label>38</label>
            <p>
               <mixed-citation id="d3750e1198" publication-type="journal">
Id.  </mixed-citation>
            </p>
         </fn>
         <fn id="d3750e1207a1310">
            <label>39</label>
            <p>
               <mixed-citation id="d3750e1214" publication-type="journal">
Kleck &amp; Gertz, supra note 6, at 173.  <fpage>173</fpage>
               </mixed-citation>
            </p>
         </fn>
         <fn id="d3750e1226a1310">
            <label>40</label>
            <p>
               <mixed-citation id="d3750e1233" publication-type="book">
GARY KLECK, TARGETING GUNS: FIREARMS AND THEIR CONTROL, ch. 1 (forthcoming
1997).<person-group>
                     <string-name>
                        <surname>Kleck</surname>
                     </string-name>
                  </person-group>
                  <comment content-type="section">ch. 1</comment>
                  <source>Targeting Guns: Firearms and Their Control</source>
                  <year>1997</year>
               </mixed-citation>
            </p>
         </fn>
         <fn id="d3750e1263a1310">
            <label>41</label>
            <p>
               <mixed-citation id="d3750e1270" publication-type="journal">
Roberta K. Lee et al., Incidence Rates of Firearm Injuries in Galveston, Texas, 1979-1981,
134 AM. J. EPIDEMIOLOGY 511, 519 (1991).<person-group>
                     <string-name>
                        <surname>Lee</surname>
                     </string-name>
                  </person-group>
                  <fpage>511</fpage>
                  <volume>134</volume>
                  <source>Am. J. Epidemiology</source>
                  <year>1979</year>
               </mixed-citation>
            </p>
         </fn>
         <fn id="d3750e1302a1310">
            <label>42</label>
            <p>
               <mixed-citation id="d3750e1309" publication-type="journal">
KLECK, supra note 40, at ch. 1.  </mixed-citation>
            </p>
         </fn>
         <fn id="d3750e1318a1310">
            <label>43</label>
            <p>
               <mixed-citation id="d3750e1325" publication-type="journal">
Kleck &amp; Gertz, supra note 6, at 155, 171-74.  <fpage>155</fpage>
               </mixed-citation>
            </p>
         </fn>
         <fn id="d3750e1337a1310">
            <label>44</label>
            <p>
               <mixed-citation id="d3750e1344" publication-type="journal">
Hemenway, supra note 3, at 1438.  <fpage>1438</fpage>
               </mixed-citation>
            </p>
         </fn>
         <fn id="d3750e1356a1310">
            <label>45</label>
            <p>
               <mixed-citation id="d3750e1363" publication-type="journal">
Id.  </mixed-citation>
            </p>
         </fn>
         <fn id="d3750e1372a1310">
            <label>46</label>
            <p>
               <mixed-citation id="d3750e1379" publication-type="journal">
Kleck &amp; Gertz, supra note 6, at 179-80.  <fpage>179</fpage>
               </mixed-citation>
            </p>
         </fn>
         <fn id="d3750e1392a1310">
            <label>47</label>
            <p>
               <mixed-citation id="d3750e1399" publication-type="journal">
Id. at 185.  <fpage>185</fpage>
               </mixed-citation>
            </p>
         </fn>
         <fn id="d3750e1411a1310">
            <label>48</label>
            <p>
               <mixed-citation id="d3750e1418" publication-type="journal">
Id.  </mixed-citation>
            </p>
         </fn>
         <fn id="d3750e1427a1310">
            <label>49</label>
            <p>
               <mixed-citation id="d3750e1434" publication-type="journal">
Id.  </mixed-citation>
            </p>
         </fn>
         <fn id="d3750e1443a1310">
            <label>50</label>
            <p>
               <mixed-citation id="d3750e1450" publication-type="journal">
Id.  </mixed-citation>
            </p>
         </fn>
         <fn id="d3750e1459a1310">
            <label>51</label>
            <p>
               <mixed-citation id="d3750e1466" publication-type="journal">
Hemenway, supra note 3, at 1435-37  <fpage>1435</fpage>
               </mixed-citation>
            </p>
         </fn>
         <fn id="d3750e1478a1310">
            <label>52</label>
            <p>
               <mixed-citation id="d3750e1485" publication-type="journal">
Id. at 1436.  <fpage>1436</fpage>
               </mixed-citation>
            </p>
         </fn>
         <fn id="d3750e1498a1310">
            <label>53</label>
            <p>
               <mixed-citation id="d3750e1505" publication-type="journal">
Id. at 1437 (emphasis added).  <fpage>1437</fpage>
               </mixed-citation>
            </p>
         </fn>
         <fn id="d3750e1517a1310">
            <label>54</label>
            <p>
               <mixed-citation id="d3750e1524" publication-type="journal">
Id. at 1436.  <fpage>1436</fpage>
               </mixed-citation>
            </p>
         </fn>
         <fn id="d3750e1536a1310">
            <label>55</label>
            <p>
               <mixed-citation id="d3750e1543" publication-type="journal">
Kleck &amp; Gertz, supra note 6, at 184.  <fpage>184</fpage>
               </mixed-citation>
            </p>
         </fn>
         <fn id="d3750e1555a1310">
            <label>56</label>
            <p>
               <mixed-citation id="d3750e1562" publication-type="journal">
Hemenway, supra note 3, at 1444-45.  <fpage>1444</fpage>
               </mixed-citation>
            </p>
         </fn>
         <fn id="d3750e1574a1310">
            <label>57</label>
            <p>
               <mixed-citation id="d3750e1581" publication-type="journal">
Id. at 1444.  <fpage>1444</fpage>
               </mixed-citation>
            </p>
         </fn>
         <fn id="d3750e1593a1310">
            <label>58</label>
            <p>
               <mixed-citation id="d3750e1600" publication-type="other">
infra notes 62-66 and accompanying text</mixed-citation>
            </p>
         </fn>
         <fn id="d3750e1608a1310">
            <label>59</label>
            <p>
               <mixed-citation id="d3750e1615" publication-type="journal">
Hemenway, supra note 3, at 1436-37.  <fpage>1436</fpage>
               </mixed-citation>
            </p>
         </fn>
         <fn id="d3750e1627a1310">
            <label>60</label>
            <p>
               <mixed-citation id="d3750e1634" publication-type="journal">
Id. at 1435-37.  <fpage>1435</fpage>
               </mixed-citation>
            </p>
         </fn>
         <fn id="d3750e1646a1310">
            <label>61</label>
            <p>
               <mixed-citation id="d3750e1653" publication-type="journal">
Id. at 1434-35.  <fpage>1434</fpage>
               </mixed-citation>
            </p>
         </fn>
         <fn id="d3750e1665a1310">
            <label>62</label>
            <p>
               <mixed-citation id="d3750e1672" publication-type="journal">
Z. Amsel et al., Reliability and Validity of Self-Reported Illegal Activites and
Drug Use Collected from Narcotics Addicts, 11 INT'L J. OF THE ADDICTIONS 325 (1976)<person-group>
                     <string-name>
                        <surname>Amsel</surname>
                     </string-name>
                  </person-group>
                  <fpage>325</fpage>
                  <volume>11</volume>
                  <source>Int'l J. of the Addictions</source>
                  <year>1976</year>
               </mixed-citation>
            </p>
            <p>
               <mixed-citation id="d3750e1703" publication-type="book">
W.A.
Baumgartner et al., Hair Analysis for the Detection of Drug Use in Pretrial/Probation/Parle Popula-
tions, in Summary Report to the Nat'l. Institute of Justice 1 (1990)<person-group>
                     <string-name>
                        <surname>Baumgartner</surname>
                     </string-name>
                  </person-group>
                  <comment content-type="section">Hair Analysis for the Detection of Drug Use in Pretrial/Probation/Parle Populations</comment>
                  <volume>1</volume>
                  <source>Summary Report to the Nat'l. Institute of Justice</source>
               </mixed-citation>
            </p>
            <p>
               <mixed-citation id="d3750e1734" publication-type="book">
I.H. Cisin &amp; H.L. Parry,
Sensitivity of Survey Techniques In Measuring Illicit Drug Use, in DEVELOPMENTAL PAPERS: AT-
TEMPTS TO IMPROSE THE MEASUREMENT OF HERION IN THE NATIONAL SURVEY (J.D. Ritten-
house ed., 1971)<person-group>
                     <string-name>
                        <surname>Cisin</surname>
                     </string-name>
                  </person-group>
                  <comment content-type="section">Sensitivity of Survey Techniques In Measuring Illicit Drug Use</comment>
                  <source>Developmental Papers: Attempts to Improse the Measurement of Herion in the National Survey</source>
               </mixed-citation>
            </p>
            <p>
               <mixed-citation id="d3750e1766" publication-type="journal">
R. Dembo et al., Urine Testing of Detained Juveniles to Identify High-Risk
Youth, NAT'L. INSTITUTE OFJUSTICE RESEARCH (1990)<person-group>
                     <string-name>
                        <surname>Dembo</surname>
                     </string-name>
                  </person-group>
                  <source>Nat'l. Institute of Justice Research</source>
                  <year>1990</year>
               </mixed-citation>
            </p>
            <p>
               <mixed-citation id="d3750e1790" publication-type="journal">
R. Falck et al., The Validity of Injection
Drug Users' Self Reported Use of Opiates and Cocaine, 22 J. OF DRUG ISSUES 823 (1992)<person-group>
                     <string-name>
                        <surname>Falck</surname>
                     </string-name>
                  </person-group>
                  <fpage>823</fpage>
                  <volume>22</volume>
                  <source>J. of Drug Issues</source>
               </mixed-citation>
            </p>
            <p>
               <mixed-citation id="d3750e1818" publication-type="journal">
Stephen
Magura et al., The Validity of Methadone Clients' Self-Reported Drug Use, 22 INT'L J. OF THE
ADDICTIONS 727 (1987)<person-group>
                     <string-name>
                        <surname>Magura</surname>
                     </string-name>
                  </person-group>
                  <fpage>727</fpage>
                  <volume>22</volume>
                  <source>Int'l J. of the Addictions</source>
               </mixed-citation>
            </p>
            <p>
               <mixed-citation id="d3750e1849" publication-type="journal">
Tom Mieczkowski et al., Concordance of Three Measures of Cocaine Use
in an Arrestee Population: Hair, Urine and Self-Report, J. OF PSYCHOACTIVE DRUGS 241, 246
(1991)<person-group>
                     <string-name>
                        <surname>Mieczkowski</surname>
                     </string-name>
                  </person-group>
                  <fpage>246</fpage>
                  <volume>241</volume>
                  <source>J. of Psychoactive Drugs</source>
               </mixed-citation>
            </p>
            <p>
               <mixed-citation id="d3750e1880" publication-type="book">
Tom Mieczkowski, The Accuracy of Self-Reported Drug Use: An Evaluation and Analysis
of New Data, in DRUGS AND CRIME 275 (James Q. Wilson &amp; Michael Tonry eds., 1990)<person-group>
                     <string-name>
                        <surname>Mieczkowski</surname>
                     </string-name>
                  </person-group>
                  <comment content-type="section">The Accuracy of Self-Reported Drug Use: An Evaluation and Analysis of New Data</comment>
                  <volume>275</volume>
                  <source>Drugs and Crime</source>
               </mixed-citation>
            </p>
            <p>
               <mixed-citation id="d3750e1908" publication-type="book">
Eric
D. Wish &amp; Bernard Cropper, Drug Testing by the Criminal Justice System in DRUGS AND CRIME
391 (James Q. Wilson &amp; Michael Tonry eds., 1990)<person-group>
                     <string-name>
                        <surname>Wish</surname>
                     </string-name>
                  </person-group>
                  <volume>391</volume>
                  <source>Drug Testing by the Criminal Justice System in DRUGS AND CRIME</source>
               </mixed-citation>
            </p>
            <p>
               <mixed-citation id="d3750e1937" publication-type="journal">
Eric D. Wish, Drug Use Forecasting: New
York 1984 to 1986, NAT'L. INSTITUTE OF JUSTICE (Feb. 1987)<person-group>
                     <string-name>
                        <surname>Wish</surname>
                     </string-name>
                  </person-group>
                  <issue>Feb</issue>
                  <source>Nat'l. Institute of Justice</source>
               </mixed-citation>
            </p>
         </fn>
         <fn id="d3750e1962a1310">
            <label>63</label>
            <p>
               <mixed-citation id="d3750e1969" publication-type="book">
COOK ET AL., supra note 22, at 403.  <fpage>403</fpage>
               </mixed-citation>
            </p>
         </fn>
         <fn id="d3750e1981a1310">
            <label>64</label>
            <p>
               <mixed-citation id="d3750e1988" publication-type="journal">
Sally E. McNagny &amp; Ruth M. Parker, High Prevalence of Recent Cocaine Use and the Unre-
liability of Patient Self-report in an Inner-city Walk-in Clinic, 267 JAMA 1106 (1992).<person-group>
                     <string-name>
                        <surname>McNagny</surname>
                     </string-name>
                  </person-group>
                  <fpage>1106</fpage>
                  <volume>267</volume>
                  <source>Jama</source>
                  <year>1992</year>
               </mixed-citation>
            </p>
         </fn>
         <fn id="d3750e2021a1310">
            <label>65</label>
            <p>
               <mixed-citation id="d3750e2028" publication-type="journal">
Thomas E. Feucht et al., Drug Use Among Juvenile Arrestees: A Comparison of Self Report,
Urinalysis and Hair Assay, 24 J. OF DRUG ISSUES 99, 103, 109, 111 (1994).<person-group>
                     <string-name>
                        <surname>Feucht</surname>
                     </string-name>
                  </person-group>
                  <fpage>99</fpage>
                  <volume>24</volume>
                  <source>J. of Drug Issues</source>
               </mixed-citation>
            </p>
         </fn>
         <fn id="d3750e2057a1310">
            <label>66</label>
            <p>
               <mixed-citation id="d3750e2064" publication-type="journal">
Stephen Magura et al., Measuring Cocaine Use by Hair Analysis Among Criminally-In-
volved Youth, 25 J. OF DRUG ISSUES 683, 691 (1995).<person-group>
                     <string-name>
                        <surname>Magura</surname>
                     </string-name>
                  </person-group>
                  <fpage>683</fpage>
                  <volume>25</volume>
                  <source>J. of Drug Issues</source>
                  <year>1995</year>
               </mixed-citation>
            </p>
         </fn>
         <fn id="d3750e2096a1310">
            <label>67</label>
            <p>
               <mixed-citation id="d3750e2103" publication-type="journal">
Mieczkowski et al., supra note 62, at 246.  <fpage>246</fpage>
               </mixed-citation>
            </p>
         </fn>
         <fn id="d3750e2115a1310">
            <label>68</label>
            <p>
               <mixed-citation id="d3750e2122" publication-type="other">
Bamgartner et al., supra note 62, at 1.</mixed-citation>
            </p>
         </fn>
         <fn id="d3750e2129a1310">
            <label>69</label>
            <p>
               <mixed-citation id="d3750e2136" publication-type="other">
studies cited supra note 62</mixed-citation>
            </p>
         </fn>
         <fn id="d3750e2143a1310">
            <label>70</label>
            <p>
               <mixed-citation id="d3750e2150" publication-type="journal">
Hemenway, supra note 3, at 1433.  <fpage>1433</fpage>
               </mixed-citation>
            </p>
         </fn>
         <fn id="d3750e2163a1310">
            <label>71</label>
            <p>
               <mixed-citation id="d3750e2170" publication-type="journal">
Kleck &amp; Gertz, supra note 6, at 161.  <fpage>161</fpage>
               </mixed-citation>
            </p>
         </fn>
         <fn id="d3750e2182a1310">
            <label>72</label>
            <p>
               <mixed-citation id="d3750e2189" publication-type="book">
PHILIP COOK &amp; JENS LUDWIG, GUNS IN AMERICA (1997).<person-group>
                     <string-name>
                        <surname>Cook</surname>
                     </string-name>
                  </person-group>
                  <source>Guns in America</source>
                  <year>1997</year>
               </mixed-citation>
            </p>
         </fn>
         <fn id="d3750e2211a1310">
            <label>73</label>
            <p>
               <mixed-citation id="d3750e2218" publication-type="book">
Id.  </mixed-citation>
            </p>
         </fn>
         <fn id="d3750e2227a1310">
            <label>74</label>
            <p>
               <mixed-citation id="d3750e2234" publication-type="journal">
Kleck &amp; Gertz, supra note 6, at 184.  <fpage>184</fpage>
               </mixed-citation>
            </p>
         </fn>
         <fn id="d3750e2246a1310">
            <label>75</label>
            <p>
               <mixed-citation id="d3750e2253" publication-type="book">
COOK &amp; LUDWIG, supra note 72, at 62.  <fpage>62</fpage>
               </mixed-citation>
            </p>
         </fn>
         <fn id="d3750e2265a1310">
            <label>76</label>
            <p>
               <mixed-citation id="d3750e2272" publication-type="book">
Id.  </mixed-citation>
            </p>
         </fn>
         <fn id="d3750e2282a1310">
            <label>77</label>
            <p>
               <mixed-citation id="d3750e2289" publication-type="journal">
Hemenway, supra note 3, at 1431.  <fpage>1431</fpage>
               </mixed-citation>
            </p>
         </fn>
         <fn id="d3750e2301a1310">
            <label>78</label>
            <p>
               <mixed-citation id="d3750e2308" publication-type="journal">
Id.  </mixed-citation>
            </p>
         </fn>
         <fn id="d3750e2317a1310">
            <label>79</label>
            <p>
               <mixed-citation id="d3750e2324" publication-type="journal">
Philip J. Cook et al., The Gun Debates's New Mythical Number: How Many Defensive Uses
Per Year?, 16 J. POL'Y ANALYSIS &amp; MGMT. 463, 465 (1997).<person-group>
                     <string-name>
                        <surname>Cook</surname>
                     </string-name>
                  </person-group>
                  <fpage>463</fpage>
                  <volume>16</volume>
                  <source>J. Pol'y Analysis &amp; Mgmt.</source>
                  <year>1997</year>
               </mixed-citation>
            </p>
         </fn>
         <fn id="d3750e2356a1310">
            <label>80</label>
            <p>
               <mixed-citation id="d3750e2363" publication-type="journal">
Hemenway, supra note 3, at 1433-34.  <fpage>1433</fpage>
               </mixed-citation>
            </p>
         </fn>
      </fn-group>
   </back>
</article>
