<article xmlns:xsi="http://www.w3.org/2001/XMLSchema-instance"
         xmlns:xlink="http://www.w3.org/1999/xlink"
         xmlns:mml="http://www.w3.org/1998/Math/MathML"
         dtd-version="1.0"
         article-type="research-article">
   <front>
      <journal-meta>
         <journal-id journal-id-type="jstor">jcrimlawcrim1973</journal-id>
         <journal-id journal-id-type="jstor">j100481</journal-id>
         <journal-title-group>
            <journal-title>The Journal of Criminal Law and Criminology (1973-)</journal-title>
         </journal-title-group>
         <publisher>
            <publisher-name>Northwestern University School of Law</publisher-name>
         </publisher>
         <issn pub-type="ppub">00914169</issn>
      </journal-meta>
      <article-meta>
         <article-id pub-id-type="doi">10.2307/1144280</article-id>
         <article-categories>
            <subj-group>
               <subject>Supreme Court Review</subject>
            </subj-group>
         </article-categories>
         <title-group>
            <article-title>The Automobile Exception Swallows the Rule: Florida v. White</article-title>
         </title-group>
         <contrib-group>
            <contrib contrib-type="author">
               <string-name>
                  <given-names>Kendra Hillman</given-names>
                  <surname>Chilcoat</surname>
               </string-name>
            </contrib>
         </contrib-group>
         <pub-date>
            <day>1</day>
            <month>4</month>
            <year>2000</year>
         </pub-date>
         <volume>90</volume>
         <issue>3</issue>
         <issue-id>i247879</issue-id>
         <fpage>917</fpage>
         <lpage>950</lpage>
         <page-range>917-950</page-range>
         <permissions>
            <copyright-statement>Copyright 2000 Northwestern University, School of Law</copyright-statement>
         </permissions>
         <self-uri xlink:href="http://www.jstor.org/stable/1144280"/>
         <custom-meta-group>
            <custom-meta>
               <meta-name>lang</meta-name>
               <meta-value>eng</meta-value>
            </custom-meta>
         </custom-meta-group>
      </article-meta>
   </front>
   <back>
      <fn-group>
         <title>[Footnotes]</title>
         <fn id="d4689e123a1310">
            <label>1</label>
            <p>
               <mixed-citation id="d4689e130" publication-type="other">
Florida v. White, 119 S. Ct. 1555 (1999).</mixed-citation>
            </p>
         </fn>
         <fn id="d4689e137a1310">
            <label>2</label>
            <p>
               <mixed-citation id="d4689e144" publication-type="journal">
Lewis R. Katz, The Automobile Exception Transformed: The Rise of a Public Place Exemp-
tion to the Warrant Requirement, 36 CASE W. RES. L. REV. 375, 376 (1986).<person-group>
                     <string-name>
                        <surname>Katz</surname>
                     </string-name>
                  </person-group>
                  <fpage>375</fpage>
                  <source>36 Case W. Res. L. Rev.</source>
                  <year>1986</year>
               </mixed-citation>
            </p>
         </fn>
         <fn id="d4689e173a1310">
            <label>3</label>
            <p>
               <mixed-citation id="d4689e180" publication-type="other">
Carroll v. United States, 267 U.S. 132 (1925)</mixed-citation>
            </p>
         </fn>
         <fn id="d4689e187a1310">
            <label>4</label>
            <p>
               <mixed-citation id="d4689e194" publication-type="other">
California v. Carney, 471 U.S. 386, 393 (1985).</mixed-citation>
            </p>
         </fn>
         <fn id="d4689e202a1310">
            <label>5</label>
            <p>
               <mixed-citation id="d4689e209" publication-type="other">
White, 119 S. Ct. at 1557-58.</mixed-citation>
            </p>
         </fn>
         <fn id="d4689e216a1310">
            <label>6</label>
            <p>
               <mixed-citation id="d4689e223" publication-type="journal">
James A. Adams, The Supreme Court's Improbable Justifications for Restriction of Citi-
zens' Fourth Amendment Privacy Expectations in Automobiles, 47 DRAKE L. REV. 833, 833-34
(1999).<person-group>
                     <string-name>
                        <surname>Adams</surname>
                     </string-name>
                  </person-group>
                  <fpage>833</fpage>
                  <source>47 Drake L. Rev.</source>
                  <year>1999</year>
               </mixed-citation>
            </p>
         </fn>
         <fn id="d4689e255a1310">
            <label>7</label>
            <p>
               <mixed-citation id="d4689e262" publication-type="journal">
Katz, supra note 2  </mixed-citation>
            </p>
         </fn>
         <fn id="d4689e271a1310">
            <label>8</label>
            <p>
               <mixed-citation id="d4689e278" publication-type="other">
U.S. CONST. amend. IV.</mixed-citation>
            </p>
         </fn>
         <fn id="d4689e285a1310">
            <label>9</label>
            <p>
               <mixed-citation id="d4689e292" publication-type="journal">
Adams, supra note 6.  </mixed-citation>
            </p>
            <p>
               <mixed-citation id="d4689e300" publication-type="other">
Chimel v. California, 395 U.S. 752, 761 (1969)</mixed-citation>
            </p>
         </fn>
         <fn id="d4689e307a1310">
            <label>10</label>
            <p>
               <mixed-citation id="d4689e314" publication-type="other">
Chimel, 395 U.S. at 761.</mixed-citation>
            </p>
         </fn>
         <fn id="d4689e322a1310">
            <label>11</label>
            <p>
               <mixed-citation id="d4689e329" publication-type="journal">
Adams, supra note 6, at 836.  <fpage>836</fpage>
               </mixed-citation>
            </p>
            <p>
               <mixed-citation id="d4689e340" publication-type="other">
Florida v. White, 119 S. Ct. 1555, 1561 n.2
(1999) (Stevens, J., dissenting)</mixed-citation>
            </p>
            <p>
               <mixed-citation id="d4689e349" publication-type="other">
United States v. United States Dist. Court for
Eastern Dist. of Mich., 407 U.S. 297, 315-18 (1972)</mixed-citation>
            </p>
            <p>
               <mixed-citation id="d4689e359" publication-type="other">
Coolidge v. New Hampshire, 403 U.S. 443, 454-55
(1971)</mixed-citation>
            </p>
            <p>
               <mixed-citation id="d4689e368" publication-type="other">
Katz v. United States, 389 U.S. 347, 357 (1967)</mixed-citation>
            </p>
            <p>
               <mixed-citation id="d4689e374" publication-type="other">
Johnson v. United States, 333
U.S. 10, 13-14 (1948)</mixed-citation>
            </p>
            <p>
               <mixed-citation id="d4689e383" publication-type="other">
Harris v. United States, 331 U.S. 145, 162 (1947) (Frankfurter,
J., dissenting)</mixed-citation>
            </p>
            <p>
               <mixed-citation id="d4689e392" publication-type="other">
Chimel, 395 U.S. 752</mixed-citation>
            </p>
            <p>
               <mixed-citation id="d4689e398" publication-type="other">
Shadwick v. Tampa, 407 U.S.
345, 348 (1972)</mixed-citation>
            </p>
            <p>
               <mixed-citation id="d4689e408" publication-type="other">
Wong Sun v. United States, 371 U.S. 471, 481-82 (1963)</mixed-citation>
            </p>
         </fn>
         <fn id="d4689e415a1310">
            <label>12</label>
            <p>
               <mixed-citation id="d4689e422" publication-type="other">
Katz, 389 U.S. at 357 (citations omitted).</mixed-citation>
            </p>
         </fn>
         <fn id="d4689e429a1310">
            <label>13</label>
            <p>
               <mixed-citation id="d4689e436" publication-type="other">
Carroll v. United States, 267 U.S. 132 (1925)</mixed-citation>
            </p>
            <p>
               <mixed-citation id="d4689e442" publication-type="other">
Knowles v.
Iowa, 119 S. Ct. 484 (1998)</mixed-citation>
            </p>
            <p>
               <mixed-citation id="d4689e451" publication-type="other">
Whren v. United States, 517 U.S. 806 (1996)</mixed-citation>
            </p>
            <p>
               <mixed-citation id="d4689e458" publication-type="other">
Maryland v.
Wilson, 519 U.S. 408 (1997)</mixed-citation>
            </p>
         </fn>
         <fn id="d4689e468a1310">
            <label>14</label>
            <p>
               <mixed-citation id="d4689e475" publication-type="other">
Carroll, 267 U.S. at 132.</mixed-citation>
            </p>
         </fn>
         <fn id="d4689e482a1310">
            <label>15</label>
            <p>
               <mixed-citation id="d4689e489" publication-type="other">
Id. at 135-36.</mixed-citation>
            </p>
         </fn>
         <fn id="d4689e496a1310">
            <label>16</label>
            <p>
               <mixed-citation id="d4689e503" publication-type="other">
Id. at 153-54.</mixed-citation>
            </p>
         </fn>
         <fn id="d4689e511a1310">
            <label>17</label>
            <p>
               <mixed-citation id="d4689e518" publication-type="other">
Id. at 149-53.</mixed-citation>
            </p>
         </fn>
         <fn id="d4689e525a1310">
            <label>18</label>
            <p>
               <mixed-citation id="d4689e532" publication-type="other">
Id. at 151.</mixed-citation>
            </p>
         </fn>
         <fn id="d4689e539a1310">
            <label>19</label>
            <p>
               <mixed-citation id="d4689e546" publication-type="other">
Id. at 153-54.</mixed-citation>
            </p>
         </fn>
         <fn id="d4689e553a1310">
            <label>20</label>
            <p>
               <mixed-citation id="d4689e560" publication-type="other">
Id. at 154-56.</mixed-citation>
            </p>
         </fn>
         <fn id="d4689e567a1310">
            <label>21</label>
            <p>
               <mixed-citation id="d4689e574" publication-type="other">
Id. at 153.</mixed-citation>
            </p>
         </fn>
         <fn id="d4689e581a1310">
            <label>22</label>
            <p>
               <mixed-citation id="d4689e588" publication-type="other">
Id.</mixed-citation>
            </p>
         </fn>
         <fn id="d4689e596a1310">
            <label>23</label>
            <p>
               <mixed-citation id="d4689e603" publication-type="other">
Id.</mixed-citation>
            </p>
         </fn>
         <fn id="d4689e610a1310">
            <label>24</label>
            <p>
               <mixed-citation id="d4689e617" publication-type="other">
Id. at 153.</mixed-citation>
            </p>
         </fn>
         <fn id="d4689e624a1310">
            <label>25</label>
            <p>
               <mixed-citation id="d4689e631" publication-type="other">
See Florida v. White, 119 S. Ct. 1555, 1559-60 (1999)</mixed-citation>
            </p>
            <p>
               <mixed-citation id="d4689e637" publication-type="journal">
Adams, supra note 6, at 839  <fpage>839</fpage>
               </mixed-citation>
            </p>
            <p>
               <mixed-citation id="d4689e648" publication-type="journal">
Katz, supra note 2, at 379 n.13  <fpage>379</fpage>
               </mixed-citation>
            </p>
         </fn>
         <fn id="d4689e660a1310">
            <label>26</label>
            <p>
               <mixed-citation id="d4689e667" publication-type="other">
Katz v. United States, 389 U.S. 347, 357 (1967)</mixed-citation>
            </p>
         </fn>
         <fn id="d4689e674a1310">
            <label>27</label>
            <p>
               <mixed-citation id="d4689e681" publication-type="journal">
Adams, supra note 6, at 834.  </mixed-citation>
            </p>
         </fn>
         <fn id="d4689e690a1310">
            <label>28</label>
            <p>
               <mixed-citation id="d4689e697" publication-type="other">
399 U.S. 42 (1970).</mixed-citation>
            </p>
         </fn>
         <fn id="d4689e705a1310">
            <label>29</label>
            <p>
               <mixed-citation id="d4689e712" publication-type="other">
Id. at 51-52.</mixed-citation>
            </p>
         </fn>
         <fn id="d4689e719a1310">
            <label>30</label>
            <p>
               <mixed-citation id="d4689e726" publication-type="other">
Id. at 44.</mixed-citation>
            </p>
         </fn>
         <fn id="d4689e733a1310">
            <label>31</label>
            <p>
               <mixed-citation id="d4689e740" publication-type="other">
Id.</mixed-citation>
            </p>
         </fn>
         <fn id="d4689e747a1310">
            <label>32</label>
            <p>
               <mixed-citation id="d4689e754" publication-type="other">
Id.</mixed-citation>
            </p>
         </fn>
         <fn id="d4689e761a1310">
            <label>33</label>
            <p>
               <mixed-citation id="d4689e768" publication-type="other">
Id.</mixed-citation>
            </p>
         </fn>
         <fn id="d4689e775a1310">
            <label>34</label>
            <p>
               <mixed-citation id="d4689e782" publication-type="other">
Id. at 51-52.</mixed-citation>
            </p>
         </fn>
         <fn id="d4689e790a1310">
            <label>35</label>
            <p>
               <mixed-citation id="d4689e797" publication-type="other">
Id. at 51.</mixed-citation>
            </p>
         </fn>
         <fn id="d4689e804a1310">
            <label>36</label>
            <p>
               <mixed-citation id="d4689e811" publication-type="other">
Id.</mixed-citation>
            </p>
         </fn>
         <fn id="d4689e818a1310">
            <label>37</label>
            <p>
               <mixed-citation id="d4689e825" publication-type="other">
Id.</mixed-citation>
            </p>
         </fn>
         <fn id="d4689e832a1310">
            <label>38</label>
            <p>
               <mixed-citation id="d4689e839" publication-type="other">
Id. at 51-52.</mixed-citation>
            </p>
         </fn>
         <fn id="d4689e846a1310">
            <label>39</label>
            <p>
               <mixed-citation id="d4689e853" publication-type="other">
Id. at 52.</mixed-citation>
            </p>
         </fn>
         <fn id="d4689e860a1310">
            <label>40</label>
            <p>
               <mixed-citation id="d4689e867" publication-type="other">
Id.</mixed-citation>
            </p>
         </fn>
         <fn id="d4689e875a1310">
            <label>41</label>
            <p>
               <mixed-citation id="d4689e882" publication-type="other">
Id.</mixed-citation>
            </p>
            <p>
               <mixed-citation id="d4689e888" publication-type="other">
Katz, supra note 2, at 391</mixed-citation>
            </p>
            <p>
               <mixed-citation id="d4689e894" publication-type="other">
Segura
v. United States, 468 U.S. 796, 806 (1984)</mixed-citation>
            </p>
            <p>
               <mixed-citation id="d4689e904" publication-type="other">
United States v. Place, 462 U.S. 696, 707
(1983)</mixed-citation>
            </p>
            <p>
               <mixed-citation id="d4689e913" publication-type="other">
United States v. Chadwick, 433 U.S. 1, 14 n.8 (1977)</mixed-citation>
            </p>
            <p>
               <mixed-citation id="d4689e919" publication-type="other">
United States v. Van
Leeuwen, 397 U.S. 249, 252 (1970)</mixed-citation>
            </p>
         </fn>
         <fn id="d4689e929a1310">
            <label>42</label>
            <p>
               <mixed-citation id="d4689e936" publication-type="other">
Carroll v. United States, 267 U.S. 132 (1925).</mixed-citation>
            </p>
         </fn>
         <fn id="d4689e943a1310">
            <label>43</label>
            <p>
               <mixed-citation id="d4689e950" publication-type="other">
433 U.S. 1, 12-13 (1977).</mixed-citation>
            </p>
         </fn>
         <fn id="d4689e957a1310">
            <label>44</label>
            <p>
               <mixed-citation id="d4689e964" publication-type="other">
Id.</mixed-citation>
            </p>
            <p>
               <mixed-citation id="d4689e970" publication-type="other">
Robbins v. California, 453 U.S. 420 (1981)</mixed-citation>
            </p>
         </fn>
         <fn id="d4689e977a1310">
            <label>45</label>
            <p>
               <mixed-citation id="d4689e984" publication-type="other">
Chadwick, 433 U.S. at 11.</mixed-citation>
            </p>
         </fn>
         <fn id="d4689e991a1310">
            <label>46</label>
            <p>
               <mixed-citation id="d4689e998" publication-type="other">
United States v. Ross, 456 U.S. 798, 825 (1982).</mixed-citation>
            </p>
         </fn>
         <fn id="d4689e1006a1310">
            <label>47</label>
            <p>
               <mixed-citation id="d4689e1013" publication-type="other">
Id. at 804-09</mixed-citation>
            </p>
            <p>
               <mixed-citation id="d4689e1019" publication-type="other">
Carroll, 267 U.S. at 132</mixed-citation>
            </p>
         </fn>
         <fn id="d4689e1026a1310">
            <label>48</label>
            <p>
               <mixed-citation id="d4689e1033" publication-type="other">
Id. at 806.</mixed-citation>
            </p>
         </fn>
         <fn id="d4689e1040a1310">
            <label>49</label>
            <p>
               <mixed-citation id="d4689e1047" publication-type="other">
Id. at 806-07.</mixed-citation>
            </p>
         </fn>
         <fn id="d4689e1054a1310">
            <label>50</label>
            <p>
               <mixed-citation id="d4689e1061" publication-type="other">
Id. at 820.</mixed-citation>
            </p>
         </fn>
         <fn id="d4689e1068a1310">
            <label>51</label>
            <p>
               <mixed-citation id="d4689e1075" publication-type="other">
Id.</mixed-citation>
            </p>
         </fn>
         <fn id="d4689e1082a1310">
            <label>52</label>
            <p>
               <mixed-citation id="d4689e1089" publication-type="other">
California v. Carney, 471 U.S. 386 (1985).</mixed-citation>
            </p>
         </fn>
         <fn id="d4689e1097a1310">
            <label>53</label>
            <p>
               <mixed-citation id="d4689e1104" publication-type="other">
Id. at 390-94.</mixed-citation>
            </p>
         </fn>
         <fn id="d4689e1111a1310">
            <label>54</label>
            <p>
               <mixed-citation id="d4689e1118" publication-type="other">
Id. at 393.</mixed-citation>
            </p>
         </fn>
         <fn id="d4689e1125a1310">
            <label>55</label>
            <p>
               <mixed-citation id="d4689e1132" publication-type="journal">
Katz, supra note 2, at 380  <fpage>380</fpage>
               </mixed-citation>
            </p>
         </fn>
         <fn id="d4689e1144a1310">
            <label>56</label>
            <p>
               <mixed-citation id="d4689e1151" publication-type="other">
Oklahoma v. Castleberry, 471 U.S. 146 (1985).</mixed-citation>
            </p>
         </fn>
         <fn id="d4689e1158a1310">
            <label>57</label>
            <p>
               <mixed-citation id="d4689e1165" publication-type="other">
Castleberry v. State, 678 P.2d 720 (Okla. Crim. App. 1984).</mixed-citation>
            </p>
         </fn>
         <fn id="d4689e1172a1310">
            <label>58</label>
            <p>
               <mixed-citation id="d4689e1179" publication-type="other">
United States v. Ross, 456 U.S. 798, 806 (1982).</mixed-citation>
            </p>
         </fn>
         <fn id="d4689e1187a1310">
            <label>59</label>
            <p>
               <mixed-citation id="d4689e1194" publication-type="other">
469 U.S. 478 (1985).</mixed-citation>
            </p>
         </fn>
         <fn id="d4689e1201a1310">
            <label>60</label>
            <p>
               <mixed-citation id="d4689e1208" publication-type="other">
Id. at 480-81.</mixed-citation>
            </p>
         </fn>
         <fn id="d4689e1215a1310">
            <label>61</label>
            <p>
               <mixed-citation id="d4689e1222" publication-type="other">
Id.</mixed-citation>
            </p>
         </fn>
         <fn id="d4689e1229a1310">
            <label>62</label>
            <p>
               <mixed-citation id="d4689e1236" publication-type="other">
Id. at 481.</mixed-citation>
            </p>
         </fn>
         <fn id="d4689e1243a1310">
            <label>63</label>
            <p>
               <mixed-citation id="d4689e1250" publication-type="other">
Id.</mixed-citation>
            </p>
         </fn>
         <fn id="d4689e1257a1310">
            <label>64</label>
            <p>
               <mixed-citation id="d4689e1264" publication-type="other">
Id. at 484.</mixed-citation>
            </p>
         </fn>
         <fn id="d4689e1272a1310">
            <label>65</label>
            <p>
               <mixed-citation id="d4689e1279" publication-type="other">
Pennsylvania v. Labron, 518 U.S. 938 (1996).</mixed-citation>
            </p>
         </fn>
         <fn id="d4689e1286a1310">
            <label>66</label>
            <p>
               <mixed-citation id="d4689e1293" publication-type="other">
Id.</mixed-citation>
            </p>
         </fn>
         <fn id="d4689e1300a1310">
            <label>67</label>
            <p>
               <mixed-citation id="d4689e1307" publication-type="other">
Chambers v. Maroney, 399 U.S. 42, 51 (1970).</mixed-citation>
            </p>
         </fn>
         <fn id="d4689e1314a1310">
            <label>68</label>
            <p>
               <mixed-citation id="d4689e1321" publication-type="other">
Labron, 518 U.S. at 939-41.</mixed-citation>
            </p>
         </fn>
         <fn id="d4689e1328a1310">
            <label>69</label>
            <p>
               <mixed-citation id="d4689e1335" publication-type="other">
Carroll v. United States, 267 U.S. 132 (1925).</mixed-citation>
            </p>
         </fn>
         <fn id="d4689e1342a1310">
            <label>70</label>
            <p>
               <mixed-citation id="d4689e1349" publication-type="other">
United States v. Chadwick, 433 U.S. 1, 12-13 (1977)</mixed-citation>
            </p>
            <p>
               <mixed-citation id="d4689e1355" publication-type="other">
Cardwell v. Lewis, 417
U.S. 583, 590 (1974)</mixed-citation>
            </p>
            <p>
               <mixed-citation id="d4689e1364" publication-type="other">
Cady v. Dombrowski, 413 U.S. 433, 441 (1973)</mixed-citation>
            </p>
            <p>
               <mixed-citation id="d4689e1371" publication-type="other">
South Dakota v.
Opperman, 428 U.S. 364, 368 (1976)</mixed-citation>
            </p>
         </fn>
         <fn id="d4689e1382a1310">
            <label>71</label>
            <p>
               <mixed-citation id="d4689e1389" publication-type="other">
413 U.S. 433 (1973).</mixed-citation>
            </p>
         </fn>
         <fn id="d4689e1396a1310">
            <label>72</label>
            <p>
               <mixed-citation id="d4689e1403" publication-type="other">
Id. at 435-38.</mixed-citation>
            </p>
         </fn>
         <fn id="d4689e1410a1310">
            <label>73</label>
            <p>
               <mixed-citation id="d4689e1417" publication-type="other">
Id. at 443.</mixed-citation>
            </p>
         </fn>
         <fn id="d4689e1424a1310">
            <label>74</label>
            <p>
               <mixed-citation id="d4689e1431" publication-type="other">
Id. at 441-42.</mixed-citation>
            </p>
         </fn>
         <fn id="d4689e1438a1310">
            <label>75</label>
            <p>
               <mixed-citation id="d4689e1445" publication-type="other">
Id. at 441.</mixed-citation>
            </p>
         </fn>
         <fn id="d4689e1452a1310">
            <label>76</label>
            <p>
               <mixed-citation id="d4689e1459" publication-type="other">
Id.</mixed-citation>
            </p>
         </fn>
         <fn id="d4689e1467a1310">
            <label>77</label>
            <p>
               <mixed-citation id="d4689e1474" publication-type="other">
Id. at 441-42.</mixed-citation>
            </p>
         </fn>
         <fn id="d4689e1481a1310">
            <label>78</label>
            <p>
               <mixed-citation id="d4689e1488" publication-type="other">
Id.</mixed-citation>
            </p>
         </fn>
         <fn id="d4689e1495a1310">
            <label>79</label>
            <p>
               <mixed-citation id="d4689e1502" publication-type="other">
433 U.S. 1, 12 (1977).</mixed-citation>
            </p>
         </fn>
         <fn id="d4689e1509a1310">
            <label>80</label>
            <p>
               <mixed-citation id="d4689e1516" publication-type="other">
Id.</mixed-citation>
            </p>
            <p>
               <mixed-citation id="d4689e1522" publication-type="other">
Cardwell v. Lewis, 417 U.S. 583, 590 (1974)</mixed-citation>
            </p>
         </fn>
         <fn id="d4689e1529a1310">
            <label>81</label>
            <p>
               <mixed-citation id="d4689e1536" publication-type="other">
Id. at 13</mixed-citation>
            </p>
            <p>
               <mixed-citation id="d4689e1542" publication-type="other">
Cady v. Dembrowsky, 413 U.S. 433, 441 (1973)</mixed-citation>
            </p>
            <p>
               <mixed-citation id="d4689e1548" publication-type="other">
South
Dakota v. Opperman, 428 U.S. 364, 368 (1976)</mixed-citation>
            </p>
         </fn>
         <fn id="d4689e1558a1310">
            <label>83</label>
            <p>
               <mixed-citation id="d4689e1565" publication-type="other">
United States v. Ross, 456 U.S. 798 (1982)</mixed-citation>
            </p>
         </fn>
         <fn id="d4689e1573a1310">
            <label>84</label>
            <p>
               <mixed-citation id="d4689e1580" publication-type="other">
California v. Carney, 471 U.S. 386, 391 (1985).</mixed-citation>
            </p>
         </fn>
         <fn id="d4689e1587a1310">
            <label>85</label>
            <p>
               <mixed-citation id="d4689e1594" publication-type="other">
Id.</mixed-citation>
            </p>
         </fn>
         <fn id="d4689e1601a1310">
            <label>86</label>
            <p>
               <mixed-citation id="d4689e1608" publication-type="other">
Id.</mixed-citation>
            </p>
         </fn>
         <fn id="d4689e1615a1310">
            <label>87</label>
            <p>
               <mixed-citation id="d4689e1622" publication-type="other">
Id.</mixed-citation>
            </p>
         </fn>
         <fn id="d4689e1629a1310">
            <label>88</label>
            <p>
               <mixed-citation id="d4689e1636" publication-type="other">
21 U.S.C. § 881 (1993)</mixed-citation>
            </p>
            <p>
               <mixed-citation id="d4689e1642" publication-type="other">
Uniform Controlled Substances Act, 9 U.L.A. § 505
(1993)</mixed-citation>
            </p>
            <p>
               <mixed-citation id="d4689e1651" publication-type="other">
State v. White, 680 So. 2d 550, 554 (Fla. Dist. App. Ct.
1996)</mixed-citation>
            </p>
            <p>
               <mixed-citation id="d4689e1661" publication-type="other">
State v. Brickhouse, 20 Kan. App. 2d 495 (Kan. 1995)</mixed-citation>
            </p>
            <p>
               <mixed-citation id="d4689e1667" publication-type="other">
State v. McFad-
den, 63 Wash. App. 441 (Wash. Ct. App. 1991)</mixed-citation>
            </p>
            <p>
               <mixed-citation id="d4689e1676" publication-type="other">
rev. denied 119 Wash. 2d 1002 (Wash.
1992)</mixed-citation>
            </p>
            <p>
               <mixed-citation id="d4689e1685" publication-type="other">
Lowery v. Nelson, 43 Wash. App. 747 (Wash. Ct. App. 1986)</mixed-citation>
            </p>
            <p>
               <mixed-citation id="d4689e1691" publication-type="other">
rev. denied, 106
Wash. 2d 1013 (Wash. 1986)</mixed-citation>
            </p>
            <p>
               <mixed-citation id="d4689e1700" publication-type="other">
Davis v. State, 813 P.2d 1178 (Utah 1991)</mixed-citation>
            </p>
         </fn>
         <fn id="d4689e1707a1310">
            <label>89</label>
            <p>
               <mixed-citation id="d4689e1714" publication-type="other">
State v. White, 680 So. 2d at 553</mixed-citation>
            </p>
            <p>
               <mixed-citation id="d4689e1720" publication-type="other">
United States v. Decker, 19 F.3d 287 (6th
Cir. 1994</mixed-citation>
            </p>
            <p>
               <mixed-citation id="d4689e1729" publication-type="other">
United States v. Pace, 898 F.2d 1218 (7th Cir. 1990)</mixed-citation>
            </p>
            <p>
               <mixed-citation id="d4689e1736" publication-type="other">
United States v. Val-
des, 876 F.2d 1554 (11th Cir. 1989)</mixed-citation>
            </p>
            <p>
               <mixed-citation id="d4689e1745" publication-type="other">
United States v. One 1978 Mercedes Benz, Four-
Door Sedan, 711 F.2d 1297 (5th Cir. 1983)</mixed-citation>
            </p>
            <p>
               <mixed-citation id="d4689e1754" publication-type="other">
United States v. Kemp, 690 F.2d 397 (4th
Cir. 1982)</mixed-citation>
            </p>
            <p>
               <mixed-citation id="d4689e1763" publication-type="other">
United States v. Bush, 647 F.2d 357 (3d Cir. 1981)</mixed-citation>
            </p>
            <p>
               <mixed-citation id="d4689e1769" publication-type="other">
Id.</mixed-citation>
            </p>
            <p>
               <mixed-citation id="d4689e1775" publication-type="other">
United States v. Dixon, 1 F.3d 1080 (10th Cir.
1993</mixed-citation>
            </p>
            <p>
               <mixed-citation id="d4689e1785" publication-type="other">
United States v. Lasanta, 978 F.2d 1300 (2d Cir. 1992)</mixed-citation>
            </p>
            <p>
               <mixed-citation id="d4689e1791" publication-type="other">
United States v.
$149,442.43 in United States Currency, 965 F.2d 868 (9th Cir. 1989)</mixed-citation>
            </p>
            <p>
               <mixed-citation id="d4689e1800" publication-type="other">
United States v.
Linn, 880 F.2d 209 (9th Cir. 1989)</mixed-citation>
            </p>
         </fn>
         <fn id="d4689e1811a1310">
            <label>90</label>
            <p>
               <mixed-citation id="d4689e1818" publication-type="other">
Valdes, 876 F.2d at 1559-60.</mixed-citation>
            </p>
         </fn>
         <fn id="d4689e1825a1310">
            <label>91</label>
            <p>
               <mixed-citation id="d4689e1832" publication-type="other">
Id.</mixed-citation>
            </p>
         </fn>
         <fn id="d4689e1839a1310">
            <label>92</label>
            <p>
               <mixed-citation id="d4689e1846" publication-type="other">
Id.</mixed-citation>
            </p>
         </fn>
         <fn id="d4689e1853a1310">
            <label>93</label>
            <p>
               <mixed-citation id="d4689e1860" publication-type="other">
Id. at 1560.</mixed-citation>
            </p>
         </fn>
         <fn id="d4689e1867a1310">
            <label>94</label>
            <p>
               <mixed-citation id="d4689e1874" publication-type="other">
Id.</mixed-citation>
            </p>
         </fn>
         <fn id="d4689e1881a1310">
            <label>95</label>
            <p>
               <mixed-citation id="d4689e1888" publication-type="other">
Pace, 898 F.2d at 1218.</mixed-citation>
            </p>
         </fn>
         <fn id="d4689e1896a1310">
            <label>96</label>
            <p>
               <mixed-citation id="d4689e1903" publication-type="other">
Id.</mixed-citation>
            </p>
         </fn>
         <fn id="d4689e1910a1310">
            <label>97</label>
            <p>
               <mixed-citation id="d4689e1917" publication-type="other">
Id. at 1241 (citing cases).</mixed-citation>
            </p>
         </fn>
         <fn id="d4689e1924a1310">
            <label>98</label>
            <p>
               <mixed-citation id="d4689e1931" publication-type="other">
Id.</mixed-citation>
            </p>
         </fn>
         <fn id="d4689e1938a1310">
            <label>99</label>
            <p>
               <mixed-citation id="d4689e1945" publication-type="other">
Id. at 1242</mixed-citation>
            </p>
            <p>
               <mixed-citation id="d4689e1951" publication-type="other">
United States v. One Mercedez Benz 280S, 618 F.2d 453, 454
(7th Cir. 1980)</mixed-citation>
            </p>
         </fn>
         <fn id="d4689e1961a1310">
            <label>100</label>
            <p>
               <mixed-citation id="d4689e1968" publication-type="other">
Id.</mixed-citation>
            </p>
         </fn>
         <fn id="d4689e1975a1310">
            <label>101</label>
            <p>
               <mixed-citation id="d4689e1982" publication-type="other">
Id.</mixed-citation>
            </p>
         </fn>
         <fn id="d4689e1990a1310">
            <label>102</label>
            <p>
               <mixed-citation id="d4689e1997" publication-type="other">
19 F.3d 287 (1994).</mixed-citation>
            </p>
         </fn>
         <fn id="d4689e2004a1310">
            <label>103</label>
            <p>
               <mixed-citation id="d4689e2011" publication-type="other">
Id. at 289.</mixed-citation>
            </p>
         </fn>
         <fn id="d4689e2018a1310">
            <label>104</label>
            <p>
               <mixed-citation id="d4689e2025" publication-type="other">
Id. at 290.</mixed-citation>
            </p>
         </fn>
         <fn id="d4689e2032a1310">
            <label>105</label>
            <p>
               <mixed-citation id="d4689e2039" publication-type="other">
Id.</mixed-citation>
            </p>
         </fn>
         <fn id="d4689e2046a1310">
            <label>106</label>
            <p>
               <mixed-citation id="d4689e2053" publication-type="other">
Id.</mixed-citation>
            </p>
         </fn>
         <fn id="d4689e2060a1310">
            <label>107</label>
            <p>
               <mixed-citation id="d4689e2067" publication-type="other">
United States v. One 1977 Lincoln V Coupe, 643 F.2d 154 (3rd Cir. 1981)</mixed-citation>
            </p>
            <p>
               <mixed-citation id="d4689e2073" publication-type="other">
cert.
denied 454 U.S. 818 (1981)</mixed-citation>
            </p>
         </fn>
         <fn id="d4689e2084a1310">
            <label>108</label>
            <p>
               <mixed-citation id="d4689e2091" publication-type="other">
Id.</mixed-citation>
            </p>
         </fn>
         <fn id="d4689e2098a1310">
            <label>109</label>
            <p>
               <mixed-citation id="d4689e2105" publication-type="other">
Id.</mixed-citation>
            </p>
         </fn>
         <fn id="d4689e2112a1310">
            <label>110</label>
            <p>
               <mixed-citation id="d4689e2119" publication-type="other">
United States v. Kemp, 690 F.2d 397 (4th Cir. 1982).</mixed-citation>
            </p>
         </fn>
         <fn id="d4689e2126a1310">
            <label>111</label>
            <p>
               <mixed-citation id="d4689e2133" publication-type="other">
Id. at 399.</mixed-citation>
            </p>
         </fn>
         <fn id="d4689e2140a1310">
            <label>112</label>
            <p>
               <mixed-citation id="d4689e2147" publication-type="other">
Id.</mixed-citation>
            </p>
         </fn>
         <fn id="d4689e2154a1310">
            <label>113</label>
            <p>
               <mixed-citation id="d4689e2161" publication-type="other">
Id. at 401.</mixed-citation>
            </p>
         </fn>
         <fn id="d4689e2169a1310">
            <label>114</label>
            <p>
               <mixed-citation id="d4689e2176" publication-type="other">
Id.</mixed-citation>
            </p>
         </fn>
         <fn id="d4689e2183a1310">
            <label>115</label>
            <p>
               <mixed-citation id="d4689e2190" publication-type="other">
711 F.2d 1297 (5th Cir. 1983).</mixed-citation>
            </p>
         </fn>
         <fn id="d4689e2197a1310">
            <label>116</label>
            <p>
               <mixed-citation id="d4689e2204" publication-type="other">
Id.</mixed-citation>
            </p>
         </fn>
         <fn id="d4689e2211a1310">
            <label>117</label>
            <p>
               <mixed-citation id="d4689e2218" publication-type="other">
Id. at 1302.</mixed-citation>
            </p>
         </fn>
         <fn id="d4689e2225a1310">
            <label>118</label>
            <p>
               <mixed-citation id="d4689e2232" publication-type="other">
Id.</mixed-citation>
            </p>
         </fn>
         <fn id="d4689e2239a1310">
            <label>119</label>
            <p>
               <mixed-citation id="d4689e2246" publication-type="other">
Id.</mixed-citation>
            </p>
         </fn>
         <fn id="d4689e2254a1310">
            <label>120</label>
            <p>
               <mixed-citation id="d4689e2261" publication-type="other">
Id.</mixed-citation>
            </p>
         </fn>
         <fn id="d4689e2268a1310">
            <label>121</label>
            <p>
               <mixed-citation id="d4689e2275" publication-type="other">
Id. at 1302.</mixed-citation>
            </p>
         </fn>
         <fn id="d4689e2282a1310">
            <label>122</label>
            <p>
               <mixed-citation id="d4689e2289" publication-type="other">
647 F.2d 357 (3d Cir. 1981).</mixed-citation>
            </p>
         </fn>
         <fn id="d4689e2296a1310">
            <label>123</label>
            <p>
               <mixed-citation id="d4689e2303" publication-type="other">
Id. at 367.</mixed-citation>
            </p>
         </fn>
         <fn id="d4689e2310a1310">
            <label>124</label>
            <p>
               <mixed-citation id="d4689e2317" publication-type="other">
Id.</mixed-citation>
            </p>
         </fn>
         <fn id="d4689e2324a1310">
            <label>125</label>
            <p>
               <mixed-citation id="d4689e2331" publication-type="other">
Id.</mixed-citation>
            </p>
         </fn>
         <fn id="d4689e2339a1310">
            <label>126</label>
            <p>
               <mixed-citation id="d4689e2346" publication-type="other">
United States v. Spetz, 721 F.2d 1457, 1470 (9th Cir. 1983).</mixed-citation>
            </p>
         </fn>
         <fn id="d4689e2353a1310">
            <label>127</label>
            <p>
               <mixed-citation id="d4689e2360" publication-type="other">
Id. at 1470</mixed-citation>
            </p>
            <p>
               <mixed-citation id="d4689e2366" publication-type="other">
United States v. McCormick, 502 F.2d 281, 286 (9th Cir.
1974)</mixed-citation>
            </p>
         </fn>
         <fn id="d4689e2376a1310">
            <label>128</label>
            <p>
               <mixed-citation id="d4689e2383" publication-type="other">
Id.</mixed-citation>
            </p>
         </fn>
         <fn id="d4689e2390a1310">
            <label>129</label>
            <p>
               <mixed-citation id="d4689e2397" publication-type="other">
Id.</mixed-citation>
            </p>
         </fn>
         <fn id="d4689e2404a1310">
            <label>130</label>
            <p>
               <mixed-citation id="d4689e2411" publication-type="other">
Id.</mixed-citation>
            </p>
         </fn>
         <fn id="d4689e2418a1310">
            <label>131</label>
            <p>
               <mixed-citation id="d4689e2425" publication-type="other">
United States v. Lasanta, 978 F.2d 1300, 1305 (2d Cir. 1992).</mixed-citation>
            </p>
         </fn>
         <fn id="d4689e2433a1310">
            <label>132</label>
            <p>
               <mixed-citation id="d4689e2440" publication-type="other">
Id. at 1304</mixed-citation>
            </p>
         </fn>
         <fn id="d4689e2447a1310">
            <label>133</label>
            <p>
               <mixed-citation id="d4689e2454" publication-type="other">
Id. at 1305.</mixed-citation>
            </p>
         </fn>
         <fn id="d4689e2461a1310">
            <label>134</label>
            <p>
               <mixed-citation id="d4689e2468" publication-type="other">
Id.</mixed-citation>
            </p>
         </fn>
         <fn id="d4689e2475a1310">
            <label>l35</label>
            <p>
               <mixed-citation id="d4689e2482" publication-type="other">
Id.</mixed-citation>
            </p>
         </fn>
         <fn id="d4689e2489a1310">
            <label>136</label>
            <p>
               <mixed-citation id="d4689e2496" publication-type="other">
United States v. Dixon, 1 F.3d 1080 (10th Cir. 1993).</mixed-citation>
            </p>
         </fn>
         <fn id="d4689e2503a1310">
            <label>137</label>
            <p>
               <mixed-citation id="d4689e2510" publication-type="other">
Id. at 1083.</mixed-citation>
            </p>
         </fn>
         <fn id="d4689e2518a1310">
            <label>138</label>
            <p>
               <mixed-citation id="d4689e2525" publication-type="other">
Florida Contraband Forfeiture Act, FLA. STAT. ANN. §§ 932.701-932.707 (West
1993).</mixed-citation>
            </p>
         </fn>
         <fn id="d4689e2535a1310">
            <label>139</label>
            <p>
               <mixed-citation id="d4689e2542" publication-type="other">
White v. State, 710 So. 2d 950, 955 (Fla. 1998).</mixed-citation>
            </p>
         </fn>
         <fn id="d4689e2549a1310">
            <label>140</label>
            <p>
               <mixed-citation id="d4689e2556" publication-type="other">
21 U.S.C. § 881 (1993)</mixed-citation>
            </p>
            <p>
               <mixed-citation id="d4689e2562" publication-type="other">
Uniform Controlled Substances Act, 9 U.L.A. § 505
(1993)</mixed-citation>
            </p>
         </fn>
         <fn id="d4689e2572a1310">
            <label>141</label>
            <p>
               <mixed-citation id="d4689e2579" publication-type="other">
FLA. STAT. ANN. § 932.703(1) (a).</mixed-citation>
            </p>
         </fn>
         <fn id="d4689e2586a1310">
            <label>142</label>
            <p>
               <mixed-citation id="d4689e2593" publication-type="other">
Id. § 932.703(1) (b).</mixed-citation>
            </p>
         </fn>
         <fn id="d4689e2600a1310">
            <label>143</label>
            <p>
               <mixed-citation id="d4689e2607" publication-type="other">
State v. White, 680 So. 2d 550, 552 (Fla. Dist. Ct. App. 1996)</mixed-citation>
            </p>
            <p>
               <mixed-citation id="d4689e2613" publication-type="other">
FLA. STAT.
ANN. §§ 932.701(2)(a)5, 032.702(3) (West 1993)</mixed-citation>
            </p>
            <p>
               <mixed-citation id="d4689e2622" publication-type="other">
id. § 932.701(2)(a)1</mixed-citation>
            </p>
            <p>
               <mixed-citation id="d4689e2629" publication-type="other">
FLA. STAT.
ANN. § 893.03(2) (a)4 (West 1993)</mixed-citation>
            </p>
         </fn>
         <fn id="d4689e2640a1310">
            <label>144</label>
            <p>
               <mixed-citation id="d4689e2647" publication-type="other">
FLA. STAT. ANN. § 932.703(2) (a)</mixed-citation>
            </p>
         </fn>
         <fn id="d4689e2654a1310">
            <label>145</label>
            <p>
               <mixed-citation id="d4689e2661" publication-type="other">
White, 680 So. 2d at 551.</mixed-citation>
            </p>
         </fn>
         <fn id="d4689e2668a1310">
            <label>146</label>
            <p>
               <mixed-citation id="d4689e2675" publication-type="other">
Id.</mixed-citation>
            </p>
         </fn>
         <fn id="d4689e2682a1310">
            <label>147</label>
            <p>
               <mixed-citation id="d4689e2689" publication-type="other">
Brief for Petitioner at 4, Florida v. White, 119 S. Ct. 1555 (1999) (No. 98-223).</mixed-citation>
            </p>
         </fn>
         <fn id="d4689e2696a1310">
            <label>148</label>
            <p>
               <mixed-citation id="d4689e2703" publication-type="other">
Id.</mixed-citation>
            </p>
         </fn>
         <fn id="d4689e2710a1310">
            <label>149</label>
            <p>
               <mixed-citation id="d4689e2717" publication-type="other">
Id. at 5.</mixed-citation>
            </p>
         </fn>
         <fn id="d4689e2725a1310">
            <label>150</label>
            <p>
               <mixed-citation id="d4689e2732" publication-type="other">
Id. at 2.</mixed-citation>
            </p>
         </fn>
         <fn id="d4689e2739a1310">
            <label>151</label>
            <p>
               <mixed-citation id="d4689e2746" publication-type="other">
Id. at 4.</mixed-citation>
            </p>
         </fn>
         <fn id="d4689e2753a1310">
            <label>152</label>
            <p>
               <mixed-citation id="d4689e2760" publication-type="other">
State v. White, 680 So. 2d 550, 552 (Fla. Dist. Ct. App. 1996).</mixed-citation>
            </p>
         </fn>
         <fn id="d4689e2767a1310">
            <label>153</label>
            <p>
               <mixed-citation id="d4689e2774" publication-type="other">
Id.</mixed-citation>
            </p>
         </fn>
         <fn id="d4689e2781a1310">
            <label>154</label>
            <p>
               <mixed-citation id="d4689e2788" publication-type="other">
Id.</mixed-citation>
            </p>
         </fn>
         <fn id="d4689e2795a1310">
            <label>l55</label>
            <p>
               <mixed-citation id="d4689e2802" publication-type="other">
Id.</mixed-citation>
            </p>
            <p>
               <mixed-citation id="d4689e2808" publication-type="other">
id. at 555</mixed-citation>
            </p>
         </fn>
         <fn id="d4689e2816a1310">
            <label>156</label>
            <p>
               <mixed-citation id="d4689e2823" publication-type="other">
Id. at 551.</mixed-citation>
            </p>
         </fn>
         <fn id="d4689e2830a1310">
            <label>157</label>
            <p>
               <mixed-citation id="d4689e2837" publication-type="other">
Id</mixed-citation>
            </p>
         </fn>
         <fn id="d4689e2844a1310">
            <label>158</label>
            <p>
               <mixed-citation id="d4689e2851" publication-type="other">
Id.</mixed-citation>
            </p>
         </fn>
         <fn id="d4689e2858a1310">
            <label>159</label>
            <p>
               <mixed-citation id="d4689e2865" publication-type="other">
Id. at 553.</mixed-citation>
            </p>
         </fn>
         <fn id="d4689e2872a1310">
            <label>160</label>
            <p>
               <mixed-citation id="d4689e2879" publication-type="other">
Id.</mixed-citation>
            </p>
         </fn>
         <fn id="d4689e2886a1310">
            <label>161</label>
            <p>
               <mixed-citation id="d4689e2893" publication-type="other">
Id.</mixed-citation>
            </p>
            <p>
               <mixed-citation id="d4689e2899" publication-type="other">
United States v. Decker, 19 F.3d 287 (6th Cir. 1994)</mixed-citation>
            </p>
            <p>
               <mixed-citation id="d4689e2905" publication-type="other">
United States v.
Pace, 898 F.2d 1218 (7th Cir. 1990)</mixed-citation>
            </p>
            <p>
               <mixed-citation id="d4689e2915" publication-type="other">
United States v. Valdes, 876 F.2d 1554 (11th Cir.
1989)</mixed-citation>
            </p>
            <p>
               <mixed-citation id="d4689e2924" publication-type="other">
United States v. One 1978 Mercedes Benz, Four-Door Sedan, 711 F.2d 1297
(5th Cir. 1989)</mixed-citation>
            </p>
            <p>
               <mixed-citation id="d4689e2933" publication-type="other">
United States v. Kemp, 690 F.2d 397 (4th Cir. 1982)</mixed-citation>
            </p>
            <p>
               <mixed-citation id="d4689e2939" publication-type="other">
United States v.
Bush, 647 F.2d 357 (3d Cir. 1981)</mixed-citation>
            </p>
            <p>
               <mixed-citation id="d4689e2948" publication-type="other">
United States v. Dixon, 1 F.3d 1080 (10th
Cir. 1993)</mixed-citation>
            </p>
            <p>
               <mixed-citation id="d4689e2957" publication-type="other">
United States v. Lasanta, 978 F.2d 1300 (2d Cir. 1992)</mixed-citation>
            </p>
            <p>
               <mixed-citation id="d4689e2964" publication-type="other">
United States v.
$148,442.43 in United States Currency, 965 F.2d 868 (10th Cir. 1992)</mixed-citation>
            </p>
            <p>
               <mixed-citation id="d4689e2973" publication-type="other">
United States
v. Linn, 880 F.2d 209 (9th Cir. 1989)</mixed-citation>
            </p>
         </fn>
         <fn id="d4689e2984a1310">
            <label>162</label>
            <p>
               <mixed-citation id="d4689e2991" publication-type="other">
Id. at 554</mixed-citation>
            </p>
            <p>
               <mixed-citation id="d4689e2997" publication-type="other">
State v. McFadden, 820 P.2d 53, 57 (Wash. App. 1992)</mixed-citation>
            </p>
            <p>
               <mixed-citation id="d4689e3003" publication-type="other">
Lowery v. Nelson, 719 P.2d 594 (Wash. App. 1986)</mixed-citation>
            </p>
            <p>
               <mixed-citation id="d4689e3010" publication-type="other">
rev. denied, 106 Wash. 2d 1013
(1986)</mixed-citation>
            </p>
            <p>
               <mixed-citation id="d4689e3019" publication-type="other">
State v. Brickhouse, 890 P.2d 353 (1995)</mixed-citation>
            </p>
            <p>
               <mixed-citation id="d4689e3025" publication-type="other">
Davis v. State, 813 P.2d 1178
(Utah 1991)</mixed-citation>
            </p>
         </fn>
         <fn id="d4689e3035a1310">
            <label>163</label>
            <p>
               <mixed-citation id="d4689e3042" publication-type="other">
Id.</mixed-citation>
            </p>
            <p>
               <mixed-citation id="d4689e3048" publication-type="other">
Valdes, 876 F.2d at 1559-60</mixed-citation>
            </p>
         </fn>
         <fn id="d4689e3055a1310">
            <label>164</label>
            <p>
               <mixed-citation id="d4689e3062" publication-type="other">
Id. at 554</mixed-citation>
            </p>
            <p>
               <mixed-citation id="d4689e3068" publication-type="other">
California v. Carney, 471 U.S. 386, 390 (1985)</mixed-citation>
            </p>
         </fn>
         <fn id="d4689e3075a1310">
            <label>165</label>
            <p>
               <mixed-citation id="d4689e3082" publication-type="other">
Id. at 557.</mixed-citation>
            </p>
         </fn>
         <fn id="d4689e3089a1310">
            <label>166</label>
            <p>
               <mixed-citation id="d4689e3096" publication-type="other">
Id. at 555.</mixed-citation>
            </p>
         </fn>
         <fn id="d4689e3103a1310">
            <label>167</label>
            <p>
               <mixed-citation id="d4689e3110" publication-type="other">
Id.</mixed-citation>
            </p>
         </fn>
         <fn id="d4689e3118a1310">
            <label>167</label>
            <p>
               <mixed-citation id="d4689e3125" publication-type="other">
White v. State, 710 So. 2d 949, 950 (Fla. 1998).</mixed-citation>
            </p>
         </fn>
         <fn id="d4689e3132a1310">
            <label>168</label>
            <p>
               <mixed-citation id="d4689e3139" publication-type="other">
Id. at 952.</mixed-citation>
            </p>
         </fn>
         <fn id="d4689e3146a1310">
            <label>170</label>
            <p>
               <mixed-citation id="d4689e3153" publication-type="other">
Id.</mixed-citation>
            </p>
         </fn>
         <fn id="d4689e3160a1310">
            <label>171</label>
            <p>
               <mixed-citation id="d4689e3167" publication-type="other">
Id. at 951 n.4</mixed-citation>
            </p>
            <p>
               <mixed-citation id="d4689e3173" publication-type="other">
United States v. Lasanta, 978 F.2d 1300, 1305 (1992)</mixed-citation>
            </p>
         </fn>
         <fn id="d4689e3180a1310">
            <label>172</label>
            <p>
               <mixed-citation id="d4689e3187" publication-type="other">
Id.</mixed-citation>
            </p>
         </fn>
         <fn id="d4689e3194a1310">
            <label>173</label>
            <p>
               <mixed-citation id="d4689e3201" publication-type="other">
978 F.2d 1300 (1992).</mixed-citation>
            </p>
         </fn>
         <fn id="d4689e3209a1310">
            <label>174</label>
            <p>
               <mixed-citation id="d4689e3216" publication-type="other">
White, 710 So. 2d at 953.</mixed-citation>
            </p>
         </fn>
         <fn id="d4689e3223a1310">
            <label>175</label>
            <p>
               <mixed-citation id="d4689e3230" publication-type="other">
Id. at 952</mixed-citation>
            </p>
            <p>
               <mixed-citation id="d4689e3236" publication-type="other">
Lasanta, 978 F.2d at 1305</mixed-citation>
            </p>
         </fn>
         <fn id="d4689e3243a1310">
            <label>176</label>
            <p>
               <mixed-citation id="d4689e3250" publication-type="other">
Id. at 954.</mixed-citation>
            </p>
         </fn>
         <fn id="d4689e3257a1310">
            <label>177</label>
            <p>
               <mixed-citation id="d4689e3264" publication-type="other">
Id. at 952</mixed-citation>
            </p>
            <p>
               <mixed-citation id="d4689e3270" publication-type="other">
Department of Law Enforcement v. Real Property, 588 So. 2d
957 (Fla. 1991) (upholding constitutionality of Florida Contraband Forfeiture Act)</mixed-citation>
            </p>
         </fn>
         <fn id="d4689e3280a1310">
            <label>178</label>
            <p>
               <mixed-citation id="d4689e3287" publication-type="other">
Id.</mixed-citation>
            </p>
            <p>
               <mixed-citation id="d4689e3293" publication-type="other">
Law Enforcement, 588 So. 2d at 961</mixed-citation>
            </p>
         </fn>
         <fn id="d4689e3300a1310">
            <label>179</label>
            <p>
               <mixed-citation id="d4689e3307" publication-type="other">
Id.</mixed-citation>
            </p>
         </fn>
         <fn id="d4689e3315a1310">
            <label>180</label>
            <p>
               <mixed-citation id="d4689e3322" publication-type="other">
Id.</mixed-citation>
            </p>
         </fn>
         <fn id="d4689e3329a1310">
            <label>181</label>
            <p>
               <mixed-citation id="d4689e3336" publication-type="other">
Id. at 954.</mixed-citation>
            </p>
         </fn>
         <fn id="d4689e3343a1310">
            <label>182</label>
            <p>
               <mixed-citation id="d4689e3350" publication-type="other">
Id. at 955.</mixed-citation>
            </p>
         </fn>
         <fn id="d4689e3357a1310">
            <label>183</label>
            <p>
               <mixed-citation id="d4689e3364" publication-type="other">
Id. (Wells, J., dissenting).</mixed-citation>
            </p>
         </fn>
         <fn id="d4689e3371a1310">
            <label>184</label>
            <p>
               <mixed-citation id="d4689e3378" publication-type="other">
Id.</mixed-citation>
            </p>
         </fn>
         <fn id="d4689e3385a1310">
            <label>185</label>
            <p>
               <mixed-citation id="d4689e3392" publication-type="other">
Florida v. White, 119 S. Ct. 1555, 1557 (1999) (Thomas, J.).</mixed-citation>
            </p>
         </fn>
         <fn id="d4689e3400a1310">
            <label>186</label>
            <p>
               <mixed-citation id="d4689e3407" publication-type="other">
Id.</mixed-citation>
            </p>
         </fn>
         <fn id="d4689e3414a1310">
            <label>187</label>
            <p>
               <mixed-citation id="d4689e3421" publication-type="other">
Id. at 1558-59.</mixed-citation>
            </p>
         </fn>
         <fn id="d4689e3428a1310">
            <label>188</label>
            <p>
               <mixed-citation id="d4689e3435" publication-type="other">
Id. at 1558.</mixed-citation>
            </p>
         </fn>
         <fn id="d4689e3442a1310">
            <label>189</label>
            <p>
               <mixed-citation id="d4689e3449" publication-type="other">
Id.</mixed-citation>
            </p>
         </fn>
         <fn id="d4689e3456a1310">
            <label>190</label>
            <p>
               <mixed-citation id="d4689e3463" publication-type="other">
Id. at 1559</mixed-citation>
            </p>
            <p>
               <mixed-citation id="d4689e3469" publication-type="other">
Carroll v. United States, 267 U.S. 132, 151 (1925)</mixed-citation>
            </p>
         </fn>
         <fn id="d4689e3476a1310">
            <label>191</label>
            <p>
               <mixed-citation id="d4689e3483" publication-type="other">
Id.</mixed-citation>
            </p>
         </fn>
         <fn id="d4689e3491a1310">
            <label>192</label>
            <p>
               <mixed-citation id="d4689e3498" publication-type="other">
Id.</mixed-citation>
            </p>
         </fn>
         <fn id="d4689e3505a1310">
            <label>193</label>
            <p>
               <mixed-citation id="d4689e3512" publication-type="other">
Id.</mixed-citation>
            </p>
            <p>
               <mixed-citation id="d4689e3518" publication-type="other">
1 Stat. 43, 46</mixed-citation>
            </p>
            <p>
               <mixed-citation id="d4689e3524" publication-type="other">
1 Stat. 170, 174</mixed-citation>
            </p>
            <p>
               <mixed-citation id="d4689e3531" publication-type="other">
1 Stat. 677, 678, 692</mixed-citation>
            </p>
         </fn>
         <fn id="d4689e3538a1310">
            <label>194</label>
            <p>
               <mixed-citation id="d4689e3545" publication-type="other">
Id.</mixed-citation>
            </p>
            <p>
               <mixed-citation id="d4689e3551" publication-type="other">
Payton v. New York, 445 U.S. 573, 587 (1980)</mixed-citation>
            </p>
            <p>
               <mixed-citation id="d4689e3557" publication-type="other">
United States v. Wat-
son, 423 U.S. 411, 416-24 (1976)</mixed-citation>
            </p>
         </fn>
         <fn id="d4689e3567a1310">
            <label>195</label>
            <p>
               <mixed-citation id="d4689e3574" publication-type="other">
Id.</mixed-citation>
            </p>
            <p>
               <mixed-citation id="d4689e3580" publication-type="other">
G.M. Leasing Corp. v. United States, 429 U.S. 338 (1977)</mixed-citation>
            </p>
         </fn>
         <fn id="d4689e3587a1310">
            <label>196</label>
            <p>
               <mixed-citation id="d4689e3594" publication-type="other">
Id.</mixed-citation>
            </p>
            <p>
               <mixed-citation id="d4689e3600" publication-type="other">
Id. at 1562 n.6 (Stevens, J., dissenting)</mixed-citation>
            </p>
         </fn>
         <fn id="d4689e3607a1310">
            <label>197</label>
            <p>
               <mixed-citation id="d4689e3614" publication-type="other">
Id. at 1559 n.4.</mixed-citation>
            </p>
         </fn>
         <fn id="d4689e3622a1310">
            <label>198</label>
            <p>
               <mixed-citation id="d4689e3629" publication-type="other">
Id. at 1562 (Souter, J., concurring).</mixed-citation>
            </p>
         </fn>
         <fn id="d4689e3636a1310">
            <label>199</label>
            <p>
               <mixed-citation id="d4689e3643" publication-type="other">
Id. (Souter, J., concurring).</mixed-citation>
            </p>
         </fn>
         <fn id="d4689e3650a1310">
            <label>200</label>
            <p>
               <mixed-citation id="d4689e3657" publication-type="other">
Id. (Souter, J., concurring).</mixed-citation>
            </p>
         </fn>
         <fn id="d4689e3664a1310">
            <label>201</label>
            <p>
               <mixed-citation id="d4689e3671" publication-type="other">
Id. (Souter, J., concurring).</mixed-citation>
            </p>
         </fn>
         <fn id="d4689e3678a1310">
            <label>202</label>
            <p>
               <mixed-citation id="d4689e3685" publication-type="other">
Id. (Stevens, J., dissenting).</mixed-citation>
            </p>
         </fn>
         <fn id="d4689e3692a1310">
            <label>203</label>
            <p>
               <mixed-citation id="d4689e3699" publication-type="other">
Id. at 1562 (Stevens, J., dissenting).</mixed-citation>
            </p>
            <p>
               <mixed-citation id="d4689e3705" publication-type="other">
Id. at 1563 (Stevens,
J., dissenting)</mixed-citation>
            </p>
         </fn>
         <fn id="d4689e3716a1310">
            <label>204</label>
            <p>
               <mixed-citation id="d4689e3723" publication-type="other">
Id. at 1561 (Stevens, J., dissenting)</mixed-citation>
            </p>
            <p>
               <mixed-citation id="d4689e3729" publication-type="other">
Coolidge v. New Hampshire, 403
U.S. 443, 453-55 (1992)</mixed-citation>
            </p>
         </fn>
         <fn id="d4689e3739a1310">
            <label>205</label>
            <p>
               <mixed-citation id="d4689e3746" publication-type="other">
Id. (Stevens, J., dissenting)</mixed-citation>
            </p>
            <p>
               <mixed-citation id="d4689e3752" publication-type="other">
Coolidge, 403 U.S. at 453</mixed-citation>
            </p>
         </fn>
         <fn id="d4689e3759a1310">
            <label>206</label>
            <p>
               <mixed-citation id="d4689e3766" publication-type="other">
Id. (Stevens, J., dissenting).</mixed-citation>
            </p>
         </fn>
         <fn id="d4689e3773a1310">
            <label>207</label>
            <p>
               <mixed-citation id="d4689e3780" publication-type="other">
Id. (Stevens, J., dissenting).</mixed-citation>
            </p>
         </fn>
         <fn id="d4689e3787a1310">
            <label>208</label>
            <p>
               <mixed-citation id="d4689e3794" publication-type="other">
Id. (Stevens, J., dissenting).</mixed-citation>
            </p>
         </fn>
         <fn id="d4689e3801a1310">
            <label>209</label>
            <p>
               <mixed-citation id="d4689e3808" publication-type="other">
Id. at 1561 (Stevens, J., dissenting).</mixed-citation>
            </p>
         </fn>
         <fn id="d4689e3816a1310">
            <label>210</label>
            <p>
               <mixed-citation id="d4689e3823" publication-type="other">
Id. at 1562 (Stevens, J., dissenting).</mixed-citation>
            </p>
         </fn>
         <fn id="d4689e3830a1310">
            <label>211</label>
            <p>
               <mixed-citation id="d4689e3837" publication-type="other">
Id. (Stevens, J., dissenting).</mixed-citation>
            </p>
         </fn>
         <fn id="d4689e3844a1310">
            <label>212</label>
            <p>
               <mixed-citation id="d4689e3851" publication-type="other">
Id. (Stevens, J., dissenting).</mixed-citation>
            </p>
         </fn>
         <fn id="d4689e3858a1310">
            <label>213</label>
            <p>
               <mixed-citation id="d4689e3865" publication-type="other">
Id. (Stevens, J., dissenting).</mixed-citation>
            </p>
         </fn>
         <fn id="d4689e3872a1310">
            <label>214</label>
            <p>
               <mixed-citation id="d4689e3879" publication-type="other">
Id. (Stevens, J., dissenting).</mixed-citation>
            </p>
         </fn>
         <fn id="d4689e3886a1310">
            <label>215</label>
            <p>
               <mixed-citation id="d4689e3893" publication-type="other">
Id. at 1562 (Stevens, J., dissenting).</mixed-citation>
            </p>
         </fn>
         <fn id="d4689e3901a1310">
            <label>216</label>
            <p>
               <mixed-citation id="d4689e3908" publication-type="other">
Id. at 1563 (Stevens, J., dissenting).</mixed-citation>
            </p>
         </fn>
         <fn id="d4689e3915a1310">
            <label>217</label>
            <p>
               <mixed-citation id="d4689e3922" publication-type="other">
Id.</mixed-citation>
            </p>
            <p>
               <mixed-citation id="d4689e3928" publication-type="other">
Johnson v. United States, 333 U.S. 10, 14-15 (1948)</mixed-citation>
            </p>
         </fn>
         <fn id="d4689e3935a1310">
            <label>218</label>
            <p>
               <mixed-citation id="d4689e3942" publication-type="other">
Katz v. United States, 389 U.S. 347 (1967)</mixed-citation>
            </p>
            <p>
               <mixed-citation id="d4689e3948" publication-type="other">
Carroll v. United States, 267 U.S.
132 (1925)</mixed-citation>
            </p>
         </fn>
         <fn id="d4689e3958a1310">
            <label>219</label>
            <p>
               <mixed-citation id="d4689e3965" publication-type="other">
California v. Carney, 471 U.S. 386 (1985)</mixed-citation>
            </p>
         </fn>
         <fn id="d4689e3972a1310">
            <label>220</label>
            <p>
               <mixed-citation id="d4689e3979" publication-type="other">
Baldwin v. Reagan, 715 N.E.2d 332, 338 n.6 (Ind. 1999)</mixed-citation>
            </p>
            <p>
               <mixed-citation id="d4689e3985" publication-type="other">
Whren v. United
States, 517 U.S. 806 (1996)</mixed-citation>
            </p>
         </fn>
         <fn id="d4689e3995a1310">
            <label>221</label>
            <p>
               <mixed-citation id="d4689e4002" publication-type="other">
Carney, 471 U.S. at 386</mixed-citation>
            </p>
         </fn>
         <fn id="d4689e4010a1310">
            <label>222</label>
            <p>
               <mixed-citation id="d4689e4017" publication-type="other">
Florida v. White, 119 S. Ct. 1555, 1558 (1999).</mixed-citation>
            </p>
         </fn>
         <fn id="d4689e4024a1310">
            <label>223</label>
            <p>
               <mixed-citation id="d4689e4031" publication-type="other">
Carney, 471 U.S. at 390-94.</mixed-citation>
            </p>
         </fn>
         <fn id="d4689e4038a1310">
            <label>224</label>
            <p>
               <mixed-citation id="d4689e4045" publication-type="other">
South Dakota v. Opperman, 428 U.S. 364 (1976).</mixed-citation>
            </p>
         </fn>
         <fn id="d4689e4052a1310">
            <label>225</label>
            <p>
               <mixed-citation id="d4689e4061" publication-type="other">
White, 119 S. Ct. at 1559</mixed-citation>
            </p>
            <p>
               <mixed-citation id="d4689e4067" publication-type="other">
Carroll v. United States, 267 U.S. 122, 150-52
(1925)</mixed-citation>
            </p>
            <p>
               <mixed-citation id="d4689e4077" publication-type="other">
Wyoming v. Houghton, 119 S. Ct. 1297, 1303 (1999)</mixed-citation>
            </p>
         </fn>
         <fn id="d4689e4084a1310">
            <label>226</label>
            <p>
               <mixed-citation id="d4689e4091" publication-type="other">
White, 119 S. Ct. at 1557.</mixed-citation>
            </p>
         </fn>
         <fn id="d4689e4098a1310">
            <label>227</label>
            <p>
               <mixed-citation id="d4689e4105" publication-type="other">
Carney, 471 U.S. at 391.</mixed-citation>
            </p>
         </fn>
         <fn id="d4689e4113a1310">
            <label>228</label>
            <p>
               <mixed-citation id="d4689e4120" publication-type="other">
White, 119 S. Ct. at 1559.</mixed-citation>
            </p>
         </fn>
         <fn id="d4689e4127a1310">
            <label>229</label>
            <p>
               <mixed-citation id="d4689e4134" publication-type="other">
Carney, 471 U.S. at 390-94</mixed-citation>
            </p>
            <p>
               <mixed-citation id="d4689e4140" publication-type="other">
United States v. Chadwick, 433 U.S. 1, 12
(1977)</mixed-citation>
            </p>
            <p>
               <mixed-citation id="d4689e4149" publication-type="other">
Cady v. Dombrowski, 413 U.S. 433, 441-42 (1973)</mixed-citation>
            </p>
         </fn>
         <fn id="d4689e4156a1310">
            <label>230</label>
            <p>
               <mixed-citation id="d4689e4163" publication-type="other">
119 S. Ct. at 1559.</mixed-citation>
            </p>
         </fn>
         <fn id="d4689e4170a1310">
            <label>231</label>
            <p>
               <mixed-citation id="d4689e4177" publication-type="other">
Id.</mixed-citation>
            </p>
         </fn>
         <fn id="d4689e4184a1310">
            <label>232</label>
            <p>
               <mixed-citation id="d4689e4191" publication-type="other">
United States v. Watson, 423 U.S. 411, 416-24 (1976).</mixed-citation>
            </p>
         </fn>
         <fn id="d4689e4198a1310">
            <label>233</label>
            <p>
               <mixed-citation id="d4689e4205" publication-type="other">
White, 119 S. Ct. at 1659</mixed-citation>
            </p>
            <p>
               <mixed-citation id="d4689e4211" publication-type="other">
Payton v. New York, 445 U.S. 573, 586-87
(1980)</mixed-citation>
            </p>
            <p>
               <mixed-citation id="d4689e4220" publication-type="other">
Id. at 1562 n.5 (Stevens, J., dissenting)</mixed-citation>
            </p>
         </fn>
         <fn id="d4689e4228a1310">
            <label>234</label>
            <p>
               <mixed-citation id="d4689e4235" publication-type="other">
Id.</mixed-citation>
            </p>
         </fn>
         <fn id="d4689e4242a1310">
            <label>235</label>
            <p>
               <mixed-citation id="d4689e4249" publication-type="other">
California v. Carney, 471 U.S. 386, 395 (1985)</mixed-citation>
            </p>
         </fn>
         <fn id="d4689e4256a1310">
            <label>236</label>
            <p>
               <mixed-citation id="d4689e4263" publication-type="other">
White, 119 S. Ct. at 1558.</mixed-citation>
            </p>
         </fn>
         <fn id="d4689e4270a1310">
            <label>237</label>
            <p>
               <mixed-citation id="d4689e4277" publication-type="other">
Id. at 1559 n.4.</mixed-citation>
            </p>
         </fn>
         <fn id="d4689e4284a1310">
            <label>238</label>
            <p>
               <mixed-citation id="d4689e4291" publication-type="other">
Id.</mixed-citation>
            </p>
         </fn>
         <fn id="d4689e4298a1310">
            <label>239</label>
            <p>
               <mixed-citation id="d4689e4305" publication-type="other">
Id.</mixed-citation>
            </p>
         </fn>
         <fn id="d4689e4313a1310">
            <label>240</label>
            <p>
               <mixed-citation id="d4689e4320" publication-type="other">
Id. at 1559.</mixed-citation>
            </p>
         </fn>
         <fn id="d4689e4327a1310">
            <label>241</label>
            <p>
               <mixed-citation id="d4689e4334" publication-type="other">
California v. Carney, 471 U.S. 386, 393 (1985).</mixed-citation>
            </p>
         </fn>
         <fn id="d4689e4341a1310">
            <label>242</label>
            <p>
               <mixed-citation id="d4689e4348" publication-type="other">
Id.</mixed-citation>
            </p>
         </fn>
         <fn id="d4689e4355a1310">
            <label>243</label>
            <p>
               <mixed-citation id="d4689e4362" publication-type="other">
United States v. Kemp, 690 F.2d 397, 401 (4th Cir. 1982)</mixed-citation>
            </p>
            <p>
               <mixed-citation id="d4689e4368" publication-type="other">
United States
v. One 1977 Lincoln V. Coupe, 643 F.2d 154, 158 (3d Cir. 1981)</mixed-citation>
            </p>
            <p>
               <mixed-citation id="d4689e4377" publication-type="other">
cert. denied 454 U.S.
818 (1981)</mixed-citation>
            </p>
         </fn>
         <fn id="d4689e4387a1310">
            <label>244</label>
            <p>
               <mixed-citation id="d4689e4394" publication-type="other">
Lincoln v. Coupe, 643 F.2d at 158.</mixed-citation>
            </p>
         </fn>
         <fn id="d4689e4401a1310">
            <label>245</label>
            <p>
               <mixed-citation id="d4689e4408" publication-type="other">
Kemp, 690 F.2d at 401.</mixed-citation>
            </p>
         </fn>
         <fn id="d4689e4416a1310">
            <label>246</label>
            <p>
               <mixed-citation id="d4689e4423" publication-type="other">
White, 119 S. Ct. at 1555.</mixed-citation>
            </p>
         </fn>
         <fn id="d4689e4430a1310">
            <label>247</label>
            <p>
               <mixed-citation id="d4689e4437" publication-type="other">
United States v. Zabala, 52 F. Supp. 2d 377, 384 (S.D.N.Y. 1999)</mixed-citation>
            </p>
            <p>
               <mixed-citation id="d4689e4443" publication-type="other">
Baldwin v.
Reagan, 715 N.E.2d 332, 338 n.6 (Ind. 1999)</mixed-citation>
            </p>
            <p>
               <mixed-citation id="d4689e4452" publication-type="other">
Lagaite v. Texas, 995 S.W.2d 860, 866-
67 (Tex. Ct. App. 1999)</mixed-citation>
            </p>
         </fn>
         <fn id="d4689e4462a1310">
            <label>248</label>
            <p>
               <mixed-citation id="d4689e4469" publication-type="journal">
Craig M. Bradley, Warrant Requirement Takes Another Blow, TRIAL, July
1999, at 101<person-group>
                     <string-name>
                        <surname>Bradley</surname>
                     </string-name>
                  </person-group>
                  <issue>July</issue>
                  <fpage>101</fpage>
                  <source>Trial</source>
                  <year>1999</year>
               </mixed-citation>
            </p>
         </fn>
         <fn id="d4689e4501a1310">
            <label>249</label>
            <p>
               <mixed-citation id="d4689e4508" publication-type="other">
United States v. Lasanta, 978 F.2d 1300, 1305 (2d Cir. 1992).</mixed-citation>
            </p>
         </fn>
         <fn id="d4689e4515a1310">
            <label>250</label>
            <p>
               <mixed-citation id="d4689e4522" publication-type="other">
Lagaite, 995 S.W.2d at 866-67.</mixed-citation>
            </p>
         </fn>
         <fn id="d4689e4529a1310">
            <label>251</label>
            <p>
               <mixed-citation id="d4689e4536" publication-type="other">
Id. at 866.</mixed-citation>
            </p>
         </fn>
         <fn id="d4689e4544a1310">
            <label>252</label>
            <p>
               <mixed-citation id="d4689e4551" publication-type="other">
Id.</mixed-citation>
            </p>
         </fn>
         <fn id="d4689e4558a1310">
            <label>253</label>
            <p>
               <mixed-citation id="d4689e4565" publication-type="other">
Id.</mixed-citation>
            </p>
         </fn>
         <fn id="d4689e4572a1310">
            <label>254</label>
            <p>
               <mixed-citation id="d4689e4579" publication-type="other">
Id. at 866-67</mixed-citation>
            </p>
            <p>
               <mixed-citation id="d4689e4585" publication-type="other">
Florida v. White, 119 S. Ct. 1555 (1999)</mixed-citation>
            </p>
         </fn>
         <fn id="d4689e4592a1310">
            <label>255</label>
            <p>
               <mixed-citation id="d4689e4599" publication-type="other">
Id. at 867.</mixed-citation>
            </p>
         </fn>
         <fn id="d4689e4606a1310">
            <label>256</label>
            <p>
               <mixed-citation id="d4689e4613" publication-type="other">
Id. at 866-67</mixed-citation>
            </p>
            <p>
               <mixed-citation id="d4689e4619" publication-type="other">
White, 119 S. Ct. at 1555</mixed-citation>
            </p>
         </fn>
         <fn id="d4689e4626a1310">
            <label>257</label>
            <p>
               <mixed-citation id="d4689e4633" publication-type="other">
Id.</mixed-citation>
            </p>
         </fn>
         <fn id="d4689e4641a1310">
            <label>258</label>
            <p>
               <mixed-citation id="d4689e4648" publication-type="other">
Carroll v. United States, 267 U.S. 132 (1925)</mixed-citation>
            </p>
         </fn>
         <fn id="d4689e4655a1310">
            <label>259</label>
            <p>
               <mixed-citation id="d4689e4662" publication-type="other">
Lagaite, 995 S.W.2d at 866-67.</mixed-citation>
            </p>
         </fn>
         <fn id="d4689e4669a1310">
            <label>260</label>
            <p>
               <mixed-citation id="d4689e4676" publication-type="other">
Id.</mixed-citation>
            </p>
         </fn>
         <fn id="d4689e4683a1310">
            <label>261</label>
            <p>
               <mixed-citation id="d4689e4690" publication-type="other">
United States v. Zabala, 52 F. Supp. 2d 377, 384 (S.D.N.Y. 1999).</mixed-citation>
            </p>
         </fn>
         <fn id="d4689e4697a1310">
            <label>262</label>
            <p>
               <mixed-citation id="d4689e4704" publication-type="other">
Wyoming v. Houghton, 119 S. Ct. 1297 (1999)</mixed-citation>
            </p>
         </fn>
         <fn id="d4689e4711a1310">
            <label>263</label>
            <p>
               <mixed-citation id="d4689e4718" publication-type="other">
Zabala, 52 F. Supp. 2d at 384.</mixed-citation>
            </p>
         </fn>
         <fn id="d4689e4726a1310">
            <label>264</label>
            <p>
               <mixed-citation id="d4689e4733" publication-type="other">
Id.</mixed-citation>
            </p>
         </fn>
         <fn id="d4689e4740a1310">
            <label>265</label>
            <p>
               <mixed-citation id="d4689e4747" publication-type="other">
Id.</mixed-citation>
            </p>
         </fn>
         <fn id="d4689e4754a1310">
            <label>266</label>
            <p>
               <mixed-citation id="d4689e4761" publication-type="other">
Baldwin v. Reagan, 715 N.E.2d 332, 341 (Ind. 1999).</mixed-citation>
            </p>
         </fn>
         <fn id="d4689e4768a1310">
            <label>267</label>
            <p>
               <mixed-citation id="d4689e4775" publication-type="other">
Id. at 338 n.6.</mixed-citation>
            </p>
         </fn>
         <fn id="d4689e4782a1310">
            <label>268</label>
            <p>
               <mixed-citation id="d4689e4789" publication-type="other">
Id.</mixed-citation>
            </p>
         </fn>
         <fn id="d4689e4796a1310">
            <label>269</label>
            <p>
               <mixed-citation id="d4689e4803" publication-type="other">
Grinberg v. Safir, 694 N.Y.S.2d 316, 323 (N.Y. Sup. Ct. 1999).</mixed-citation>
            </p>
         </fn>
         <fn id="d4689e4811a1310">
            <label>270</label>
            <p>
               <mixed-citation id="d4689e4818" publication-type="other">
NEW YORK, N.Y., ADMINISTRATIVE CODE § 14-140 (1995).</mixed-citation>
            </p>
         </fn>
         <fn id="d4689e4825a1310">
            <label>271</label>
            <p>
               <mixed-citation id="d4689e4832" publication-type="other">
Grinberg, 694 N.Y.S.2d at 323.</mixed-citation>
            </p>
         </fn>
         <fn id="d4689e4839a1310">
            <label>272</label>
            <p>
               <mixed-citation id="d4689e4846" publication-type="other">
Id.</mixed-citation>
            </p>
         </fn>
         <fn id="d4689e4853a1310">
            <label>273</label>
            <p>
               <mixed-citation id="d4689e4860" publication-type="other">
Id.</mixed-citation>
            </p>
         </fn>
         <fn id="d4689e4867a1310">
            <label>274</label>
            <p>
               <mixed-citation id="d4689e4874" publication-type="other">
Id.</mixed-citation>
            </p>
         </fn>
         <fn id="d4689e4881a1310">
            <label>275</label>
            <p>
               <mixed-citation id="d4689e4888" publication-type="other">
White, 119 S. Ct. at 1560.</mixed-citation>
            </p>
         </fn>
         <fn id="d4689e4896a1310">
            <label>276</label>
            <p>
               <mixed-citation id="d4689e4903" publication-type="other">
Grinberg, 694 N.Y.S.2d at 319</mixed-citation>
            </p>
         </fn>
         <fn id="d4689e4910a1310">
            <label>277</label>
            <p>
               <mixed-citation id="d4689e4917" publication-type="other">
White, 119 S. Ct. at 1560.</mixed-citation>
            </p>
         </fn>
         <fn id="d4689e4924a1310">
            <label>278</label>
            <p>
               <mixed-citation id="d4689e4931" publication-type="other">
119 S. Ct. 1555 (1999).</mixed-citation>
            </p>
         </fn>
         <fn id="d4689e4938a1310">
            <label>279</label>
            <p>
               <mixed-citation id="d4689e4945" publication-type="other">
267 U.S. 132 (1925).</mixed-citation>
            </p>
         </fn>
         <fn id="d4689e4952a1310">
            <label>280</label>
            <p>
               <mixed-citation id="d4689e4959" publication-type="other">
389 U.S. 347 (1967).</mixed-citation>
            </p>
         </fn>
         <fn id="d4689e4966a1310">
            <label>281</label>
            <p>
               <mixed-citation id="d4689e4973" publication-type="other">
White, 119 S. Ct. at 1558.</mixed-citation>
            </p>
         </fn>
         <fn id="d4689e4981a1310">
            <label>282</label>
            <p>
               <mixed-citation id="d4689e4988" publication-type="journal">
Adams, supra note 6, at 833-34.  <fpage>833</fpage>
               </mixed-citation>
            </p>
         </fn>
         <fn id="d4689e5000a1310">
            <label>283</label>
            <p>
               <mixed-citation id="d4689e5007" publication-type="other">
White, 119 S. Ct. 1555.</mixed-citation>
            </p>
         </fn>
         <fn id="d4689e5014a1310">
            <label>284</label>
            <p>
               <mixed-citation id="d4689e5021" publication-type="other">
United States v. Zabala, 52 F. Supp. 2d 377, 384 (S.D.N.Y. 1999)</mixed-citation>
            </p>
            <p>
               <mixed-citation id="d4689e5027" publication-type="other">
Baldwin v. Reagan, 715 N.E.2d 332, 338 n.6 (Ind. 1999)</mixed-citation>
            </p>
            <p>
               <mixed-citation id="d4689e5033" publication-type="other">
Lagaite v. Texas, 995 S.W.2d
860, 866-67 (Tex. Ct. App. 1999)</mixed-citation>
            </p>
         </fn>
         <fn id="d4689e5043a1310">
            <label>285</label>
            <p>
               <mixed-citation id="d4689e5050" publication-type="other">
Lagaite, 995 S.W.2d at 866-67</mixed-citation>
            </p>
         </fn>
         <fn id="d4689e5057a1310">
            <label>286</label>
            <p>
               <mixed-citation id="d4689e5064" publication-type="other">
Carroll, 267 U.S. 132 (1925).</mixed-citation>
            </p>
         </fn>
         <fn id="d4689e5071a1310">
            <label>287</label>
            <p>
               <mixed-citation id="d4689e5078" publication-type="other">
White, 119 S. Ct. at 1559.</mixed-citation>
            </p>
         </fn>
         <fn id="d4689e5086a1310">
            <label>288</label>
            <p>
               <mixed-citation id="d4689e5093" publication-type="other">
Carroll, 267 U.S. at 144.</mixed-citation>
            </p>
         </fn>
         <fn id="d4689e5100a1310">
            <label>289</label>
            <p>
               <mixed-citation id="d4689e5107" publication-type="other">
Id.</mixed-citation>
            </p>
         </fn>
         <fn id="d4689e5114a1310">
            <label>290</label>
            <p>
               <mixed-citation id="d4689e5121" publication-type="other">
White, 119 S. Ct. at 1159.</mixed-citation>
            </p>
         </fn>
         <fn id="d4689e5128a1310">
            <label>291</label>
            <p>
               <mixed-citation id="d4689e5135" publication-type="other">
Robbins v. California, 453 U.S. 420, 430 (1981).</mixed-citation>
            </p>
         </fn>
         <fn id="d4689e5142a1310">
            <label>292</label>
            <p>
               <mixed-citation id="d4689e5149" publication-type="other">
New York v. Belton, 453 U.S. 454, 466 (1981).</mixed-citation>
            </p>
         </fn>
         <fn id="d4689e5156a1310">
            <label>293</label>
            <p>
               <mixed-citation id="d4689e5163" publication-type="other">
Cady v. Dembrowsky, 413 U.S. 433, 440 (1973).</mixed-citation>
            </p>
         </fn>
         <fn id="d4689e5171a1310">
            <label>294</label>
            <p>
               <mixed-citation id="d4689e5178" publication-type="other">
White, 119 S. Ct. at 1559.</mixed-citation>
            </p>
         </fn>
         <fn id="d4689e5185a1310">
            <label>295</label>
            <p>
               <mixed-citation id="d4689e5192" publication-type="other">
Carroll, 267 U.S. at 153-55.</mixed-citation>
            </p>
         </fn>
         <fn id="d4689e5199a1310">
            <label>296</label>
            <p>
               <mixed-citation id="d4689e5206" publication-type="other">
White, 119 S. Ct. at 1559.</mixed-citation>
            </p>
         </fn>
         <fn id="d4689e5213a1310">
            <label>297</label>
            <p>
               <mixed-citation id="d4689e5220" publication-type="other">
Id. at 1559 n.4.</mixed-citation>
            </p>
         </fn>
         <fn id="d4689e5227a1310">
            <label>298</label>
            <p>
               <mixed-citation id="d4689e5234" publication-type="other">
Carroll, 267 U.S. at 144.</mixed-citation>
            </p>
         </fn>
         <fn id="d4689e5241a1310">
            <label>299</label>
            <p>
               <mixed-citation id="d4689e5248" publication-type="other">
White, 119 S. Ct. at 1559.</mixed-citation>
            </p>
         </fn>
         <fn id="d4689e5256a1310">
            <label>300</label>
            <p>
               <mixed-citation id="d4689e5263" publication-type="other">
Carroll, 267 U.S. at 151</mixed-citation>
            </p>
         </fn>
         <fn id="d4689e5270a1310">
            <label>301</label>
            <p>
               <mixed-citation id="d4689e5277" publication-type="other">
389 U.S. 347 (1967).</mixed-citation>
            </p>
         </fn>
         <fn id="d4689e5284a1310">
            <label>302</label>
            <p>
               <mixed-citation id="d4689e5291" publication-type="other">
Id. at 357.</mixed-citation>
            </p>
         </fn>
         <fn id="d4689e5298a1310">
            <label>303</label>
            <p>
               <mixed-citation id="d4689e5305" publication-type="other">
id.</mixed-citation>
            </p>
         </fn>
         <fn id="d4689e5312a1310">
            <label>304</label>
            <p>
               <mixed-citation id="d4689e5319" publication-type="other">
Id. at 356-57.</mixed-citation>
            </p>
         </fn>
         <fn id="d4689e5326a1310">
            <label>305</label>
            <p>
               <mixed-citation id="d4689e5333" publication-type="other">
White, 119 S. Ct. at 1559.</mixed-citation>
            </p>
         </fn>
         <fn id="d4689e5341a1310">
            <label>306</label>
            <p>
               <mixed-citation id="d4689e5348" publication-type="other">
id. at 1560 (Souter, J., concurring)</mixed-citation>
            </p>
            <p>
               <mixed-citation id="d4689e5354" publication-type="other">
id. at 1562 (Stevens, J., dissenting)</mixed-citation>
            </p>
         </fn>
         <fn id="d4689e5361a1310">
            <label>307</label>
            <p>
               <mixed-citation id="d4689e5368" publication-type="other">
Id. at 1562-63 (Stevens, J., dissenting).</mixed-citation>
            </p>
         </fn>
      </fn-group>
   </back>
</article>
