<article xmlns:xsi="http://www.w3.org/2001/XMLSchema-instance"
         xmlns:xlink="http://www.w3.org/1999/xlink"
         xmlns:mml="http://www.w3.org/1998/Math/MathML"
         dtd-version="1.0"
         article-type="research-article">
   <front>
      <journal-meta>
         <journal-id journal-id-type="jstor">jcrimlawcrim1973</journal-id>
         <journal-id journal-id-type="jstor">j100481</journal-id>
         <journal-title-group>
            <journal-title>The Journal of Criminal Law and Criminology (1973-)</journal-title>
         </journal-title-group>
         <publisher>
            <publisher-name>Northwestern University School of Law</publisher-name>
         </publisher>
         <issn pub-type="ppub">00914169</issn>
      </journal-meta>
      <article-meta>
         <article-id pub-id-type="doi">10.2307/1144096</article-id>
         <article-categories>
            <subj-group>
               <subject>Supreme Court Review</subject>
            </subj-group>
         </article-categories>
         <title-group>
            <article-title>26 U. S. C. Section 5861 (d) Requires Mens Rea as to the Physical Characteristics of the Weapon</article-title>
         </title-group>
         <contrib-group>
            <contrib contrib-type="author">
               <string-name>
                  <given-names>Martin T.</given-names>
                  <surname>Lefevour</surname>
               </string-name>
            </contrib>
         </contrib-group>
         <pub-date>
            <day>1</day>
            <month>4</month>
            <year>1995</year>
         </pub-date>
         <volume>85</volume>
         <issue>4</issue>
         <issue-id>i247861</issue-id>
         <fpage>1136</fpage>
         <lpage>1160</lpage>
         <page-range>1136-1160</page-range>
         <permissions>
            <copyright-statement>Copyright 1995 Northwestern University, School of Law</copyright-statement>
         </permissions>
         <self-uri xlink:href="http://www.jstor.org/stable/1144096"/>
         <custom-meta-group>
            <custom-meta>
               <meta-name>lang</meta-name>
               <meta-value>eng</meta-value>
            </custom-meta>
         </custom-meta-group>
      </article-meta>
   </front>
   <back>
      <fn-group>
         <title>[Footnotes]</title>
         <fn id="d204e123a1310">
            <label>1</label>
            <p>
               <mixed-citation id="d204e130" publication-type="other">
114 S. Ct. 1793 (1994).</mixed-citation>
            </p>
         </fn>
         <fn id="d204e137a1310">
            <label>2</label>
            <p>
               <mixed-citation id="d204e144" publication-type="other">
26 U.S.C. § 5861(d) (1994)</mixed-citation>
            </p>
         </fn>
         <fn id="d204e151a1310">
            <label>3</label>
            <p>
               <mixed-citation id="d204e158" publication-type="other">
Staples, 114 S. Ct. at 1804.</mixed-citation>
            </p>
         </fn>
         <fn id="d204e165a1310">
            <label>4</label>
            <p>
               <mixed-citation id="d204e172" publication-type="other">
Id.</mixed-citation>
            </p>
         </fn>
         <fn id="d204e180a1310">
            <label>5</label>
            <p>
               <mixed-citation id="d204e187" publication-type="other">
Staples, 114 S. Ct. at 1808 (Stevens, J., dissenting)</mixed-citation>
            </p>
            <p>
               <mixed-citation id="d204e193" publication-type="journal">
David Hardy, The Firearms
Owners' Protection Act: A Historical and Legal Perspective, 17 CUMB. L. REV. 585, 590-91 (1987)<person-group>
                     <string-name>
                        <surname>Hardy</surname>
                     </string-name>
                  </person-group>
                  <fpage>585</fpage>
                  <volume>17</volume>
                  <source>Cumb. L. Rev.</source>
                  <year>1987</year>
               </mixed-citation>
            </p>
         </fn>
         <fn id="d204e225a1310">
            <label>6</label>
            <p>
               <mixed-citation id="d204e232" publication-type="other">
S. REP. No. 1444, 73d Cong., 2d Sess. 1-2 (1934)</mixed-citation>
            </p>
            <p>
               <mixed-citation id="d204e238" publication-type="other">
Id.</mixed-citation>
            </p>
         </fn>
         <fn id="d204e245a1310">
            <label>7</label>
            <p>
               <mixed-citation id="d204e252" publication-type="other">
Id.</mixed-citation>
            </p>
         </fn>
         <fn id="d204e259a1310">
            <label>8</label>
            <p>
               <mixed-citation id="d204e266" publication-type="other">
Id.</mixed-citation>
            </p>
         </fn>
         <fn id="d204e273a1310">
            <label>9</label>
            <p>
               <mixed-citation id="d204e280" publication-type="other">
H.R. REP. No. 1780, 73d Cong., 2d Sess. (1934)</mixed-citation>
            </p>
         </fn>
         <fn id="d204e287a1310">
            <label>10</label>
            <p>
               <mixed-citation id="d204e294" publication-type="other">
S. REP. No. 1444, 73d Cong., 2d Sess. 2 (1934).</mixed-citation>
            </p>
         </fn>
         <fn id="d204e302a1310">
            <label>11</label>
            <p>
               <mixed-citation id="d204e309" publication-type="journal">
Hardy, supra note 5, at 591-92.  </mixed-citation>
            </p>
         </fn>
         <fn id="d204e318a1310">
            <label>12</label>
            <p>
               <mixed-citation id="d204e325" publication-type="other">
Staples v. United States, 114 S. Ct. 1793, 1808 (1994) (Stevens, J., dissenting).</mixed-citation>
            </p>
         </fn>
         <fn id="d204e332a1310">
            <label>13</label>
            <p>
               <mixed-citation id="d204e341" publication-type="other">
Schechter Poultry Corp. v. United
States, 295 U.S. 495 (1935)</mixed-citation>
            </p>
            <p>
               <mixed-citation id="d204e350" publication-type="other">
United States v. Butler, 297 U.S. 1 (1936)</mixed-citation>
            </p>
            <p>
               <mixed-citation id="d204e357" publication-type="other">
1937</mixed-citation>
            </p>
            <p>
               <mixed-citation id="d204e363" publication-type="journal">
Hardy, supra note 5, at 591 n.27  <fpage>591</fpage>
               </mixed-citation>
            </p>
         </fn>
         <fn id="d204e375a1310">
            <label>14</label>
            <p>
               <mixed-citation id="d204e382" publication-type="journal">
Id. at 591  <fpage>591</fpage>
               </mixed-citation>
            </p>
            <p>
               <mixed-citation id="d204e393" publication-type="other">
Narcotic Drug Act, Pub. L. No. 63-223, 38 Stat. 785 (1914)</mixed-citation>
            </p>
         </fn>
         <fn id="d204e400a1310">
            <label>15</label>
            <p>
               <mixed-citation id="d204e407" publication-type="journal">
Hardy, supra note 5, at 591.  <fpage>591</fpage>
               </mixed-citation>
            </p>
         </fn>
         <fn id="d204e419a1310">
            <label>16</label>
            <p>
               <mixed-citation id="d204e426" publication-type="other">
United States v. Doremus, 249 U.S. 86 (1919)</mixed-citation>
            </p>
            <p>
               <mixed-citation id="d204e432" publication-type="other">
Id. at 95</mixed-citation>
            </p>
         </fn>
         <fn id="d204e440a1310">
            <label>17</label>
            <p>
               <mixed-citation id="d204e447" publication-type="other">
National Firearms Act: Hearings on H.R. 9066 Before the House Comm. on Ways and Means,
73d Cong., 2d Sess. 6 (1934)</mixed-citation>
            </p>
         </fn>
         <fn id="d204e457a1310">
            <label>18</label>
            <p>
               <mixed-citation id="d204e464" publication-type="other">
Staples v. United States, 114 S. Ct. 1793, 1808 (1994) (Stevens, J., dissenting).</mixed-citation>
            </p>
         </fn>
         <fn id="d204e471a1310">
            <label>19</label>
            <p>
               <mixed-citation id="d204e478" publication-type="other">
Id.</mixed-citation>
            </p>
         </fn>
         <fn id="d204e485a1310">
            <label>20</label>
            <p>
               <mixed-citation id="d204e492" publication-type="other">
258 U.S. 250 (1922).</mixed-citation>
            </p>
         </fn>
         <fn id="d204e499a1310">
            <label>21</label>
            <p>
               <mixed-citation id="d204e506" publication-type="other">
Staples, 114 S. Ct. at 1808 (Stevens, J., dissenting).</mixed-citation>
            </p>
         </fn>
         <fn id="d204e513a1310">
            <label>22</label>
            <p>
               <mixed-citation id="d204e520" publication-type="other">
Balint, 258 U.S. at 251.</mixed-citation>
            </p>
         </fn>
         <fn id="d204e528a1310">
            <label>23</label>
            <p>
               <mixed-citation id="d204e535" publication-type="other">
Id.</mixed-citation>
            </p>
         </fn>
         <fn id="d204e542a1310">
            <label>24</label>
            <p>
               <mixed-citation id="d204e549" publication-type="other">
Id. at 254.</mixed-citation>
            </p>
         </fn>
         <fn id="d204e556a1310">
            <label>25</label>
            <p>
               <mixed-citation id="d204e563" publication-type="other">
Id. at 251.</mixed-citation>
            </p>
         </fn>
         <fn id="d204e570a1310">
            <label>26</label>
            <p>
               <mixed-citation id="d204e577" publication-type="other">
Id. at 251-52.</mixed-citation>
            </p>
         </fn>
         <fn id="d204e584a1310">
            <label>27</label>
            <p>
               <mixed-citation id="d204e591" publication-type="other">
Id. at 252.</mixed-citation>
            </p>
         </fn>
         <fn id="d204e598a1310">
            <label>28</label>
            <p>
               <mixed-citation id="d204e605" publication-type="journal">
Francis B. Sayre, Public Welfare Offenses, 33 COLUM. L. REV. 55 (1933)<object-id pub-id-type="doi">10.2307/1115413</object-id>
                  <fpage>55</fpage>
               </mixed-citation>
            </p>
         </fn>
         <fn id="d204e619a1310">
            <label>29</label>
            <p>
               <mixed-citation id="d204e626" publication-type="other">
Staples v. United States, 114 S. Ct. 1793, 1812 (1994) (Stevens, J., dissenting)</mixed-citation>
            </p>
            <p>
               <mixed-citation id="d204e632" publication-type="other">
United States v. Decker, 292 F.2d 89, 90 (6th Cir.)</mixed-citation>
            </p>
            <p>
               <mixed-citation id="d204e638" publication-type="other">
cert. denied, 368 U.S. 834 (1961)</mixed-citation>
            </p>
            <p>
               <mixed-citation id="d204e645" publication-type="other">
Sipes v.
United States, 321 F.2d 174, 179 (8th Cir.)</mixed-citation>
            </p>
            <p>
               <mixed-citation id="d204e654" publication-type="other">
cert. denied, 375 U.S. 913 (1963)</mixed-citation>
            </p>
            <p>
               <mixed-citation id="d204e660" publication-type="other">
U.S. v. Wost,
148 F. Supp. 202, 204 (N.D. Ohio 1957)</mixed-citation>
            </p>
         </fn>
         <fn id="d204e670a1310">
            <label>30</label>
            <p>
               <mixed-citation id="d204e677" publication-type="other">
Id. at 1812-13</mixed-citation>
            </p>
            <p>
               <mixed-citation id="d204e683" publication-type="other">
Sipes v. United States, 321 F.2d 174, 179 [(8th Cir.)]</mixed-citation>
            </p>
            <p>
               <mixed-citation id="d204e689" publication-type="other">
cert. denied, 375
U.S. 913 (1963)</mixed-citation>
            </p>
            <p>
               <mixed-citation id="d204e699" publication-type="other">
Id.</mixed-citation>
            </p>
            <p>
               <mixed-citation id="d204e705" publication-type="other">
Id.</mixed-citation>
            </p>
            <p>
               <mixed-citation id="d204e711" publication-type="other">
Id.</mixed-citation>
            </p>
            <p>
               <mixed-citation id="d204e717" publication-type="other">
Id.</mixed-citation>
            </p>
            <p>
               <mixed-citation id="d204e723" publication-type="other">
26 U.S.C. § 5861 (1)</mixed-citation>
            </p>
            <p>
               <mixed-citation id="d204e729" publication-type="other">
Id. at 1813 n.21.</mixed-citation>
            </p>
            <p>
               <mixed-citation id="d204e736" publication-type="other">
Rodriguez v. United States, 480 U.S. 522, 525 (1987)</mixed-citation>
            </p>
            <p>
               <mixed-citation id="d204e742" publication-type="other">
Lawrence County v. Lead-Deadwood Sch. Dist. No. 40-1, 469 U.S.
256, 267-68 (1985)</mixed-citation>
            </p>
         </fn>
         <fn id="d204e752a1310">
            <label>31</label>
            <p>
               <mixed-citation id="d204e759" publication-type="other">
401 U.S. 601.</mixed-citation>
            </p>
         </fn>
         <fn id="d204e766a1310">
            <label>32</label>
            <p>
               <mixed-citation id="d204e773" publication-type="other">
Id.</mixed-citation>
            </p>
         </fn>
         <fn id="d204e780a1310">
            <label>33</label>
            <p>
               <mixed-citation id="d204e787" publication-type="other">
Id.</mixed-citation>
            </p>
         </fn>
         <fn id="d204e794a1310">
            <label>34</label>
            <p>
               <mixed-citation id="d204e801" publication-type="other">
Id.</mixed-citation>
            </p>
         </fn>
         <fn id="d204e809a1310">
            <label>35</label>
            <p>
               <mixed-citation id="d204e816" publication-type="other">
Id. at 610.</mixed-citation>
            </p>
         </fn>
         <fn id="d204e823a1310">
            <label>36</label>
            <p>
               <mixed-citation id="d204e830" publication-type="other">
Id. at 609</mixed-citation>
            </p>
            <p>
               <mixed-citation id="d204e836" publication-type="other">
Morissette v. United States, 342 U.S.
246 (1952)</mixed-citation>
            </p>
            <p>
               <mixed-citation id="d204e845" publication-type="other">
Lambert v. California,
355 U.S. 225 (1957)</mixed-citation>
            </p>
            <p>
               <mixed-citation id="d204e855" publication-type="other">
Freed, 401 U.S. at 608-09</mixed-citation>
            </p>
         </fn>
         <fn id="d204e862a1310">
            <label>37</label>
            <p>
               <mixed-citation id="d204e869" publication-type="other">
Freed, 401 U.S. at 609.</mixed-citation>
            </p>
         </fn>
         <fn id="d204e876a1310">
            <label>38</label>
            <p>
               <mixed-citation id="d204e883" publication-type="other">
Id. at 607.</mixed-citation>
            </p>
         </fn>
         <fn id="d204e890a1310">
            <label>39</label>
            <p>
               <mixed-citation id="d204e897" publication-type="other">
id.</mixed-citation>
            </p>
         </fn>
         <fn id="d204e904a1310">
            <label>40</label>
            <p>
               <mixed-citation id="d204e911" publication-type="other">
321 F.2d 174, 179 (8th Cir.), cert. denied, 375 U.S. 913 (1963).</mixed-citation>
            </p>
         </fn>
         <fn id="d204e919a1310">
            <label>41</label>
            <p>
               <mixed-citation id="d204e926" publication-type="other">
Staples v. United States, 114 S. Ct. 1793, 1813 n.23 (1994) (Stevens, J., dissenting)</mixed-citation>
            </p>
            <p>
               <mixed-citation id="d204e932" publication-type="other">
United States v. Gonzalez, 719 F.2d 1516, 1522 (11th Cir. 1983), cert. denied, 465 U.S.
1037 (1984)</mixed-citation>
            </p>
            <p>
               <mixed-citation id="d204e941" publication-type="other">
Morgan v. United States, 564 F.2d 803, 805-06 (8th Cir. 1977)</mixed-citation>
            </p>
            <p>
               <mixed-citation id="d204e948" publication-type="other">
United States
v. Cowper, 503 F.2d 130, 132-33 (6th Cir. 1974)</mixed-citation>
            </p>
            <p>
               <mixed-citation id="d204e957" publication-type="other">
cert. denied, 420 U.S. 930 (1975)</mixed-citation>
            </p>
            <p>
               <mixed-citation id="d204e963" publication-type="other">
United
States v. De Bartolo, 482 F.2d 312, 316 (1st Cir. 1973)</mixed-citation>
            </p>
            <p>
               <mixed-citation id="d204e972" publication-type="other">
United States v. Vasquez, 476 F.2d
730, 732 (5th Cir.)</mixed-citation>
            </p>
            <p>
               <mixed-citation id="d204e981" publication-type="other">
cert. denied, 414 U.S. 836 (1973)</mixed-citation>
            </p>
            <p>
               <mixed-citation id="d204e987" publication-type="other">
United States v. Anderson,
885 F.2d 1248 (5th Cir. 1989)</mixed-citation>
            </p>
         </fn>
         <fn id="d204e997a1310">
            <label>42</label>
            <p>
               <mixed-citation id="d204e1004" publication-type="other">
698 F.2d 981 (9th Cir.), cert. denied, 464 U.S. 821 (1983).</mixed-citation>
            </p>
         </fn>
         <fn id="d204e1011a1310">
            <label>43</label>
            <p>
               <mixed-citation id="d204e1018" publication-type="other">
Id. at 987.</mixed-citation>
            </p>
         </fn>
         <fn id="d204e1025a1310">
            <label>44</label>
            <p>
               <mixed-citation id="d204e1032" publication-type="other">
United States v. Harris, 959 F.2d 246, 260 (D.C. Cir.)</mixed-citation>
            </p>
            <p>
               <mixed-citation id="d204e1038" publication-type="other">
cert. denied, 113 S. Ct. 362
(1992)</mixed-citation>
            </p>
         </fn>
         <fn id="d204e1048a1310">
            <label>45</label>
            <p>
               <mixed-citation id="d204e1055" publication-type="other">
United States v. Shilling, 826 F.2d 1365, 1367 (4th Cir. 1987)</mixed-citation>
            </p>
            <p>
               <mixed-citation id="d204e1061" publication-type="other">
cert. denied, 484 U.S.
1043 (1988)</mixed-citation>
            </p>
            <p>
               <mixed-citation id="d204e1070" publication-type="other">
United States v. Mittleider, 835 F.2d 769, 774 (10th Cir. 1987)</mixed-citation>
            </p>
            <p>
               <mixed-citation id="d204e1077" publication-type="other">
485
U.S. 980 (1988)</mixed-citation>
            </p>
         </fn>
         <fn id="d204e1087a1310">
            <label>46</label>
            <p>
               <mixed-citation id="d204e1094" publication-type="other">
917 F.2d 997 (7th Cir. 1990)</mixed-citation>
            </p>
            <p>
               <mixed-citation id="d204e1100" publication-type="other">
cert. denied, 498 U.S. 1122 (1991)</mixed-citation>
            </p>
            <p>
               <mixed-citation id="d204e1106" publication-type="other">
cert. granted and judg-
ment vacated, 114 S. Ct. 2129 (1994)</mixed-citation>
            </p>
         </fn>
         <fn id="d204e1117a1310">
            <label>47</label>
            <p>
               <mixed-citation id="d204e1124" publication-type="other">
Id. at 1000.</mixed-citation>
            </p>
         </fn>
         <fn id="d204e1131a1310">
            <label>48</label>
            <p>
               <mixed-citation id="d204e1138" publication-type="other">
Id.</mixed-citation>
            </p>
            <p>
               <mixed-citation id="d204e1144" publication-type="other">
Id.</mixed-citation>
            </p>
         </fn>
         <fn id="d204e1151a1310">
            <label>49</label>
            <p>
               <mixed-citation id="d204e1158" publication-type="other">
835 F.2d 769 (10th Cir. 1987)</mixed-citation>
            </p>
            <p>
               <mixed-citation id="d204e1164" publication-type="other">
cert. denied, 485 U.S. 980 (1988)</mixed-citation>
            </p>
         </fn>
         <fn id="d204e1171a1310">
            <label>50</label>
            <p>
               <mixed-citation id="d204e1178" publication-type="other">
Id. at 774.</mixed-citation>
            </p>
            <p>
               <mixed-citation id="d204e1184" publication-type="book">
2 E. DEVITT AND
C. BLACKMAR, FEDERAL JURY PRACTICE AND INSTRUCTIONS § 59.04 (3d ed. 1977)<person-group>
                     <string-name>
                        <surname>Devitt</surname>
                     </string-name>
                  </person-group>
                  <edition>3</edition>
                  <source>Federal Jury Practice And Instructions</source>
                  <year>1977</year>
               </mixed-citation>
            </p>
         </fn>
         <fn id="d204e1213a1310">
            <label>51</label>
            <p>
               <mixed-citation id="d204e1220" publication-type="other">
United States v. Anderson, 885 F.2d 1248 (5th Cir. 1989)</mixed-citation>
            </p>
            <p>
               <mixed-citation id="d204e1226" publication-type="other">
United States v.
Williams, 872 F.2d 773 (6th Cir. 1989)</mixed-citation>
            </p>
            <p>
               <mixed-citation id="d204e1235" publication-type="other">
United States v. Harris, 959 F.2d 246 (D.C. Cir.)</mixed-citation>
            </p>
            <p>
               <mixed-citation id="d204e1242" publication-type="other">
cert. denied, 113 S. Ct. 362 (1992)</mixed-citation>
            </p>
         </fn>
         <fn id="d204e1249a1310">
            <label>52</label>
            <p>
               <mixed-citation id="d204e1256" publication-type="other">
885 F.2d 1248 (5th Cir. 1989)</mixed-citation>
            </p>
            <p>
               <mixed-citation id="d204e1262" publication-type="other">
United States v. Anderson, 853 F.2d 313 (5th Cir. 1988)</mixed-citation>
            </p>
            <p>
               <mixed-citation id="d204e1268" publication-type="other">
Id. at
317-21</mixed-citation>
            </p>
            <p>
               <mixed-citation id="d204e1278" publication-type="other">
885 F.2d at 1249</mixed-citation>
            </p>
         </fn>
         <fn id="d204e1286a1310">
            <label>53</label>
            <p>
               <mixed-citation id="d204e1293" publication-type="other">
Anderson, 885 F.2d at 1249.</mixed-citation>
            </p>
         </fn>
         <fn id="d204e1300a1310">
            <label>54</label>
            <p>
               <mixed-citation id="d204e1307" publication-type="other">
Id.</mixed-citation>
            </p>
         </fn>
         <fn id="d204e1314a1310">
            <label>55</label>
            <p>
               <mixed-citation id="d204e1321" publication-type="other">
Id. at 1249-50</mixed-citation>
            </p>
            <p>
               <mixed-citation id="d204e1327" publication-type="other">
Id. at 1255-56</mixed-citation>
            </p>
         </fn>
         <fn id="d204e1334a1310">
            <label>56</label>
            <p>
               <mixed-citation id="d204e1341" publication-type="other">
Id. at 1250.</mixed-citation>
            </p>
         </fn>
         <fn id="d204e1348a1310">
            <label>57</label>
            <p>
               <mixed-citation id="d204e1355" publication-type="other">
Id. at 1251.</mixed-citation>
            </p>
         </fn>
         <fn id="d204e1362a1310">
            <label>58</label>
            <p>
               <mixed-citation id="d204e1369" publication-type="other">
Id. at 1254.</mixed-citation>
            </p>
         </fn>
         <fn id="d204e1377a1310">
            <label>59</label>
            <p>
               <mixed-citation id="d204e1384" publication-type="other">
Id. at 1249.</mixed-citation>
            </p>
         </fn>
         <fn id="d204e1391a1310">
            <label>60</label>
            <p>
               <mixed-citation id="d204e1398" publication-type="other">
959 F.2d 246 (D.C. Cir.), cert. denied, 113 S. Ct. 362 (1992).</mixed-citation>
            </p>
         </fn>
         <fn id="d204e1405a1310">
            <label>61</label>
            <p>
               <mixed-citation id="d204e1412" publication-type="other">
Id. at 261.</mixed-citation>
            </p>
         </fn>
         <fn id="d204e1419a1310">
            <label>62</label>
            <p>
               <mixed-citation id="d204e1426" publication-type="other">
Id. at 260.</mixed-citation>
            </p>
         </fn>
         <fn id="d204e1433a1310">
            <label>63</label>
            <p>
               <mixed-citation id="d204e1440" publication-type="other">
Id.</mixed-citation>
            </p>
         </fn>
         <fn id="d204e1447a1310">
            <label>64</label>
            <p>
               <mixed-citation id="d204e1454" publication-type="other">
Id.</mixed-citation>
            </p>
         </fn>
         <fn id="d204e1462a1310">
            <label>65</label>
            <p>
               <mixed-citation id="d204e1469" publication-type="other">
Id.</mixed-citation>
            </p>
            <p>
               <mixed-citation id="d204e1475" publication-type="other">
Id.</mixed-citation>
            </p>
         </fn>
         <fn id="d204e1482a1310">
            <label>66</label>
            <p>
               <mixed-citation id="d204e1489" publication-type="other">
471 U.S. 419 (1985).</mixed-citation>
            </p>
         </fn>
         <fn id="d204e1496a1310">
            <label>67</label>
            <p>
               <mixed-citation id="d204e1503" publication-type="other">
Id. at 425.</mixed-citation>
            </p>
         </fn>
         <fn id="d204e1510a1310">
            <label>68</label>
            <p>
               <mixed-citation id="d204e1517" publication-type="other">
Id. at 426.</mixed-citation>
            </p>
         </fn>
         <fn id="d204e1524a1310">
            <label>69</label>
            <p>
               <mixed-citation id="d204e1531" publication-type="other">
Harris, 959 F.2d at 261.</mixed-citation>
            </p>
         </fn>
         <fn id="d204e1538a1310">
            <label>70</label>
            <p>
               <mixed-citation id="d204e1545" publication-type="other">
Staples v. United States, 114 S. Ct. 1793 (1994) (No. 92-
1441)</mixed-citation>
            </p>
         </fn>
         <fn id="d204e1556a1310">
            <label>71</label>
            <p>
               <mixed-citation id="d204e1563" publication-type="other">
Staples v. United States, 114 S. Ct. 1793, 1795-96 (1994).</mixed-citation>
            </p>
         </fn>
         <fn id="d204e1570a1310">
            <label>72</label>
            <p>
               <mixed-citation id="d204e1577" publication-type="other">
Id.</mixed-citation>
            </p>
         </fn>
         <fn id="d204e1584a1310">
            <label>73</label>
            <p>
               <mixed-citation id="d204e1591" publication-type="other">
Id. at 1796.</mixed-citation>
            </p>
         </fn>
         <fn id="d204e1598a1310">
            <label>74</label>
            <p>
               <mixed-citation id="d204e1605" publication-type="other">
Id.</mixed-citation>
            </p>
         </fn>
         <fn id="d204e1612a1310">
            <label>75</label>
            <p>
               <mixed-citation id="d204e1619" publication-type="other">
26 U.S.C. § 5861(d)</mixed-citation>
            </p>
            <p>
               <mixed-citation id="d204e1625" publication-type="other">
26 U.S.C. § 5845(a) (6)</mixed-citation>
            </p>
            <p>
               <mixed-citation id="d204e1631" publication-type="other">
26 U.S.C. § 5845(b)</mixed-citation>
            </p>
         </fn>
         <fn id="d204e1638a1310">
            <label>76</label>
            <p>
               <mixed-citation id="d204e1645" publication-type="other">
Staples, 114 S. Ct. at 1796.</mixed-citation>
            </p>
         </fn>
         <fn id="d204e1653a1310">
            <label>77</label>
            <p>
               <mixed-citation id="d204e1660" publication-type="other">
Id.</mixed-citation>
            </p>
         </fn>
         <fn id="d204e1667a1310">
            <label>78</label>
            <p>
               <mixed-citation id="d204e1674" publication-type="other">
Id.</mixed-citation>
            </p>
         </fn>
         <fn id="d204e1681a1310">
            <label>79</label>
            <p>
               <mixed-citation id="d204e1688" publication-type="other">
Id.</mixed-citation>
            </p>
         </fn>
         <fn id="d204e1695a1310">
            <label>80</label>
            <p>
               <mixed-citation id="d204e1702" publication-type="other">
Id.</mixed-citation>
            </p>
         </fn>
         <fn id="d204e1709a1310">
            <label>81</label>
            <p>
               <mixed-citation id="d204e1716" publication-type="other">
Id.</mixed-citation>
            </p>
         </fn>
         <fn id="d204e1723a1310">
            <label>82</label>
            <p>
               <mixed-citation id="d204e1730" publication-type="other">
Id.</mixed-citation>
            </p>
         </fn>
         <fn id="d204e1738a1310">
            <label>83</label>
            <p>
               <mixed-citation id="d204e1745" publication-type="other">
Id.</mixed-citation>
            </p>
         </fn>
         <fn id="d204e1752a1310">
            <label>84</label>
            <p>
               <mixed-citation id="d204e1759" publication-type="other">
Id.</mixed-citation>
            </p>
         </fn>
         <fn id="d204e1766a1310">
            <label>85</label>
            <p>
               <mixed-citation id="d204e1773" publication-type="other">
Id.</mixed-citation>
            </p>
         </fn>
         <fn id="d204e1780a1310">
            <label>86</label>
            <p>
               <mixed-citation id="d204e1787" publication-type="other">
Id.</mixed-citation>
            </p>
         </fn>
         <fn id="d204e1794a1310">
            <label>87</label>
            <p>
               <mixed-citation id="d204e1801" publication-type="other">
Id. at 1795 n.1</mixed-citation>
            </p>
            <p>
               <mixed-citation id="d204e1807" publication-type="partial">
supra note 75</mixed-citation>
            </p>
         </fn>
         <fn id="d204e1814a1310">
            <label>88</label>
            <p>
               <mixed-citation id="d204e1821" publication-type="other">
Staples, 114 S. Ct. at 1796.</mixed-citation>
            </p>
         </fn>
         <fn id="d204e1829a1310">
            <label>89</label>
            <p>
               <mixed-citation id="d204e1836" publication-type="other">
Id.</mixed-citation>
            </p>
         </fn>
         <fn id="d204e1843a1310">
            <label>90</label>
            <p>
               <mixed-citation id="d204e1850" publication-type="other">
Id.</mixed-citation>
            </p>
         </fn>
         <fn id="d204e1857a1310">
            <label>91</label>
            <p>
               <mixed-citation id="d204e1864" publication-type="other">
Id.</mixed-citation>
            </p>
         </fn>
         <fn id="d204e1871a1310">
            <label>92</label>
            <p>
               <mixed-citation id="d204e1878" publication-type="other">
Id.</mixed-citation>
            </p>
         </fn>
         <fn id="d204e1885a1310">
            <label>93</label>
            <p>
               <mixed-citation id="d204e1892" publication-type="other">
Id.</mixed-citation>
            </p>
         </fn>
         <fn id="d204e1899a1310">
            <label>94</label>
            <p>
               <mixed-citation id="d204e1906" publication-type="other">
Appendix 1 at 42, United States v. Staples, 971 F.2d 608 (10th
Cir. 1992) (No. 91-5033)</mixed-citation>
            </p>
         </fn>
         <fn id="d204e1917a1310">
            <label>95</label>
            <p>
               <mixed-citation id="d204e1924" publication-type="other">
Staples, 114 S. Ct. at 1796.</mixed-citation>
            </p>
         </fn>
         <fn id="d204e1931a1310">
            <label>96</label>
            <p>
               <mixed-citation id="d204e1938" publication-type="other">
Id.</mixed-citation>
            </p>
         </fn>
         <fn id="d204e1945a1310">
            <label>97</label>
            <p>
               <mixed-citation id="d204e1952" publication-type="other">
United States v. Staples, 971 F.2d 608, 609 (10th Cir. 1992).</mixed-citation>
            </p>
         </fn>
         <fn id="d204e1959a1310">
            <label>98</label>
            <p>
               <mixed-citation id="d204e1968" publication-type="other">
835 F.2d 769 (10th Cir. 1987)</mixed-citation>
            </p>
            <p>
               <mixed-citation id="d204e1974" publication-type="other">
cert. denied, 485 U.S. 980 (1988)</mixed-citation>
            </p>
            <p>
               <mixed-citation id="d204e1981" publication-type="other">
Staples, 971 F.2d at 612-13</mixed-citation>
            </p>
         </fn>
         <fn id="d204e1988a1310">
            <label>99</label>
            <p>
               <mixed-citation id="d204e1995" publication-type="other">
Staples, 971 F.2d at 612-13.</mixed-citation>
            </p>
         </fn>
         <fn id="d204e2002a1310">
            <label>100</label>
            <p>
               <mixed-citation id="d204e2009" publication-type="other">
Staples v. United States, 113 S. Ct. 2412 (1993).</mixed-citation>
            </p>
         </fn>
         <fn id="d204e2017a1310">
            <label>101</label>
            <p>
               <mixed-citation id="d204e2024" publication-type="other">
Staples v. United States, 114 S. Ct. 1793, 1796 (1994).</mixed-citation>
            </p>
         </fn>
         <fn id="d204e2031a1310">
            <label>103</label>
            <p>
               <mixed-citation id="d204e2038" publication-type="other">
Staples, 114 S. Ct. at 1796.</mixed-citation>
            </p>
         </fn>
         <fn id="d204e2045a1310">
            <label>104</label>
            <p>
               <mixed-citation id="d204e2052" publication-type="other">
Id. at 1804.</mixed-citation>
            </p>
         </fn>
         <fn id="d204e2059a1310">
            <label>105</label>
            <p>
               <mixed-citation id="d204e2066" publication-type="other">
Id. at 1796.</mixed-citation>
            </p>
         </fn>
         <fn id="d204e2073a1310">
            <label>106</label>
            <p>
               <mixed-citation id="d204e2080" publication-type="other">
Id. at 1796-97.</mixed-citation>
            </p>
         </fn>
         <fn id="d204e2087a1310">
            <label>107</label>
            <p>
               <mixed-citation id="d204e2094" publication-type="other">
Id. at 1797.</mixed-citation>
            </p>
         </fn>
         <fn id="d204e2102a1310">
            <label>108</label>
            <p>
               <mixed-citation id="d204e2109" publication-type="other">
26 U.S.C. § 5861(d) (1994).</mixed-citation>
            </p>
         </fn>
         <fn id="d204e2116a1310">
            <label>109</label>
            <p>
               <mixed-citation id="d204e2123" publication-type="other">
Staples, 114 S. Ct. at 1797.</mixed-citation>
            </p>
         </fn>
         <fn id="d204e2130a1310">
            <label>110</label>
            <p>
               <mixed-citation id="d204e2137" publication-type="other">
Id.</mixed-citation>
            </p>
         </fn>
         <fn id="d204e2144a1310">
            <label>111</label>
            <p>
               <mixed-citation id="d204e2151" publication-type="other">
Id.</mixed-citation>
            </p>
         </fn>
         <fn id="d204e2158a1310">
            <label>112</label>
            <p>
               <mixed-citation id="d204e2165" publication-type="other">
Id.</mixed-citation>
            </p>
            <p>
               <mixed-citation id="d204e2171" publication-type="other">
Liparota v. United States, 471 U.S. 419, 426 (1985)).</mixed-citation>
            </p>
         </fn>
         <fn id="d204e2178a1310">
            <label>113</label>
            <p>
               <mixed-citation id="d204e2185" publication-type="other">
Id.</mixed-citation>
            </p>
         </fn>
         <fn id="d204e2193a1310">
            <label>114</label>
            <p>
               <mixed-citation id="d204e2200" publication-type="other">
Id.</mixed-citation>
            </p>
         </fn>
         <fn id="d204e2207a1310">
            <label>115</label>
            <p>
               <mixed-citation id="d204e2214" publication-type="other">
Id.</mixed-citation>
            </p>
         </fn>
         <fn id="d204e2221a1310">
            <label>116</label>
            <p>
               <mixed-citation id="d204e2228" publication-type="other">
Id. at 1798 (citing United States v. United States Gypsum Co., 438 U.S. 422, 437
(1978)).</mixed-citation>
            </p>
         </fn>
         <fn id="d204e2238a1310">
            <label>117</label>
            <p>
               <mixed-citation id="d204e2245" publication-type="other">
Id.</mixed-citation>
            </p>
         </fn>
         <fn id="d204e2252a1310">
            <label>118</label>
            <p>
               <mixed-citation id="d204e2259" publication-type="other">
Id.</mixed-citation>
            </p>
            <p>
               <mixed-citation id="d204e2265" publication-type="other">
United States v. Dotterweich, 320 U.S. 277, 281 (1943)).</mixed-citation>
            </p>
         </fn>
         <fn id="d204e2272a1310">
            <label>119</label>
            <p>
               <mixed-citation id="d204e2279" publication-type="other">
Staples, 114 S. Ct. at 1798.</mixed-citation>
            </p>
         </fn>
         <fn id="d204e2287a1310">
            <label>120</label>
            <p>
               <mixed-citation id="d204e2294" publication-type="other">
Id.</mixed-citation>
            </p>
            <p>
               <mixed-citation id="d204e2300" publication-type="other">
Id.</mixed-citation>
            </p>
         </fn>
         <fn id="d204e2307a1310">
            <label>121</label>
            <p>
               <mixed-citation id="d204e2314" publication-type="other">
Id. at 1798-99.</mixed-citation>
            </p>
         </fn>
         <fn id="d204e2321a1310">
            <label>122</label>
            <p>
               <mixed-citation id="d204e2328" publication-type="other">
401 U.S. 601 (1971).</mixed-citation>
            </p>
         </fn>
         <fn id="d204e2335a1310">
            <label>123</label>
            <p>
               <mixed-citation id="d204e2342" publication-type="other">
Staples, 114 S. Ct. at 1799.</mixed-citation>
            </p>
         </fn>
         <fn id="d204e2349a1310">
            <label>124</label>
            <p>
               <mixed-citation id="d204e2356" publication-type="other">
Id.</mixed-citation>
            </p>
         </fn>
         <fn id="d204e2363a1310">
            <label>125</label>
            <p>
               <mixed-citation id="d204e2370" publication-type="other">
Id.</mixed-citation>
            </p>
         </fn>
         <fn id="d204e2378a1310">
            <label>126</label>
            <p>
               <mixed-citation id="d204e2385" publication-type="other">
Id.</mixed-citation>
            </p>
         </fn>
         <fn id="d204e2392a1310">
            <label>127</label>
            <p>
               <mixed-citation id="d204e2399" publication-type="other">
Id.</mixed-citation>
            </p>
         </fn>
         <fn id="d204e2406a1310">
            <label>128</label>
            <p>
               <mixed-citation id="d204e2413" publication-type="other">
Id.</mixed-citation>
            </p>
         </fn>
         <fn id="d204e2420a1310">
            <label>129</label>
            <p>
               <mixed-citation id="d204e2427" publication-type="other">
Id.</mixed-citation>
            </p>
         </fn>
         <fn id="d204e2434a1310">
            <label>130</label>
            <p>
               <mixed-citation id="d204e2441" publication-type="other">
Id.</mixed-citation>
            </p>
         </fn>
         <fn id="d204e2448a1310">
            <label>131</label>
            <p>
               <mixed-citation id="d204e2455" publication-type="other">
Id.</mixed-citation>
            </p>
         </fn>
         <fn id="d204e2463a1310">
            <label>132</label>
            <p>
               <mixed-citation id="d204e2470" publication-type="other">
Id. at 1800</mixed-citation>
            </p>
            <p>
               <mixed-citation id="d204e2476" publication-type="other">
United States v. Dotterweich, 320 U.S. 277, 281 (1943)).</mixed-citation>
            </p>
         </fn>
         <fn id="d204e2483a1310">
            <label>133</label>
            <p>
               <mixed-citation id="d204e2490" publication-type="other">
Id.</mixed-citation>
            </p>
         </fn>
         <fn id="d204e2497a1310">
            <label>134</label>
            <p>
               <mixed-citation id="d204e2504" publication-type="other">
Id. at 1799</mixed-citation>
            </p>
            <p>
               <mixed-citation id="d204e2510" publication-type="other">
Liparota v. United States, 471 U.S. 419, 426 (1985)).</mixed-citation>
            </p>
         </fn>
         <fn id="d204e2517a1310">
            <label>135</label>
            <p>
               <mixed-citation id="d204e2524" publication-type="other">
Id. at 1802.</mixed-citation>
            </p>
         </fn>
         <fn id="d204e2531a1310">
            <label>136</label>
            <p>
               <mixed-citation id="d204e2538" publication-type="other">
Id. at 1803.</mixed-citation>
            </p>
         </fn>
         <fn id="d204e2545a1310">
            <label>137</label>
            <p>
               <mixed-citation id="d204e2554" publication-type="other">
Id. at n.16.</mixed-citation>
            </p>
            <p>
               <mixed-citation id="d204e2560" publication-type="other">
18 U.S.C. § 3559 (1994)</mixed-citation>
            </p>
            <p>
               <mixed-citation id="d204e2567" publication-type="other">
Id.</mixed-citation>
            </p>
         </fn>
         <fn id="d204e2575a1310">
            <label>138</label>
            <p>
               <mixed-citation id="d204e2582" publication-type="other">
26 U.S.C. § 5871 (1994)</mixed-citation>
            </p>
         </fn>
         <fn id="d204e2589a1310">
            <label>139</label>
            <p>
               <mixed-citation id="d204e2596" publication-type="other">
Staples, 114 S. Ct. at 1804.</mixed-citation>
            </p>
         </fn>
         <fn id="d204e2603a1310">
            <label>140</label>
            <p>
               <mixed-citation id="d204e2610" publication-type="other">
Id.</mixed-citation>
            </p>
         </fn>
         <fn id="d204e2617a1310">
            <label>141</label>
            <p>
               <mixed-citation id="d204e2624" publication-type="other">
Id.</mixed-citation>
            </p>
         </fn>
         <fn id="d204e2631a1310">
            <label>142</label>
            <p>
               <mixed-citation id="d204e2638" publication-type="other">
Id.</mixed-citation>
            </p>
         </fn>
         <fn id="d204e2645a1310">
            <label>143</label>
            <p>
               <mixed-citation id="d204e2652" publication-type="other">
Id.</mixed-citation>
            </p>
         </fn>
         <fn id="d204e2660a1310">
            <label>145</label>
            <p>
               <mixed-citation id="d204e2667" publication-type="other">
Staples, 114 S. Ct. at 1804-05 (Ginsburg, J., concurring in the judgment).</mixed-citation>
            </p>
         </fn>
         <fn id="d204e2674a1310">
            <label>146</label>
            <p>
               <mixed-citation id="d204e2681" publication-type="other">
Id. at 1805 (Ginsburg, J., concurring in the judgment).</mixed-citation>
            </p>
         </fn>
         <fn id="d204e2688a1310">
            <label>147</label>
            <p>
               <mixed-citation id="d204e2695" publication-type="other">
Id. (Ginsburg, J., concurring in the judgment).</mixed-citation>
            </p>
         </fn>
         <fn id="d204e2702a1310">
            <label>148</label>
            <p>
               <mixed-citation id="d204e2711" publication-type="other">
Id. (Ginsburg, J., concurring in thejudgment)</mixed-citation>
            </p>
            <p>
               <mixed-citation id="d204e2717" publication-type="other">
Id. (Ginsburg, J., concurring in the judgment)</mixed-citation>
            </p>
            <p>
               <mixed-citation id="d204e2724" publication-type="other">
Id. (Ginsburg, J., concurring in the judgment).</mixed-citation>
            </p>
         </fn>
         <fn id="d204e2731a1310">
            <label>149</label>
            <p>
               <mixed-citation id="d204e2738" publication-type="other">
Id. (Ginsburg, J., concurring in the judgment).</mixed-citation>
            </p>
         </fn>
         <fn id="d204e2745a1310">
            <label>150</label>
            <p>
               <mixed-citation id="d204e2752" publication-type="other">
Id. (Ginsburg, J., concurring in the judgment).</mixed-citation>
            </p>
         </fn>
         <fn id="d204e2760a1310">
            <label>151</label>
            <p>
               <mixed-citation id="d204e2767" publication-type="other">
Id. (Ginsburg, J., concurring in the judgment).</mixed-citation>
            </p>
         </fn>
         <fn id="d204e2774a1310">
            <label>152</label>
            <p>
               <mixed-citation id="d204e2781" publication-type="other">
Id. at 1806 (Ginsburg, J., concurring in the judgment).</mixed-citation>
            </p>
         </fn>
         <fn id="d204e2788a1310">
            <label>154</label>
            <p>
               <mixed-citation id="d204e2795" publication-type="other">
Staples, 114 S. Ct. at 1806 (Stevens, J., dissenting).</mixed-citation>
            </p>
         </fn>
         <fn id="d204e2802a1310">
            <label>155</label>
            <p>
               <mixed-citation id="d204e2809" publication-type="other">
Id. (Stevens, J., dissenting).</mixed-citation>
            </p>
         </fn>
         <fn id="d204e2816a1310">
            <label>156</label>
            <p>
               <mixed-citation id="d204e2823" publication-type="other">
Id. (Stevens, J., dissenting).</mixed-citation>
            </p>
         </fn>
         <fn id="d204e2830a1310">
            <label>157</label>
            <p>
               <mixed-citation id="d204e2837" publication-type="other">
Id. (Stevens, J., dissenting).</mixed-citation>
            </p>
         </fn>
         <fn id="d204e2845a1310">
            <label>158</label>
            <p>
               <mixed-citation id="d204e2852" publication-type="other">
Id. (Stevens, J., dissenting).</mixed-citation>
            </p>
         </fn>
         <fn id="d204e2859a1310">
            <label>159</label>
            <p>
               <mixed-citation id="d204e2866" publication-type="other">
Id. at 1807-08 (Stevens, J., dissenting).</mixed-citation>
            </p>
         </fn>
         <fn id="d204e2873a1310">
            <label>160</label>
            <p>
               <mixed-citation id="d204e2880" publication-type="other">
Id. (Stevens, J., dissenting).</mixed-citation>
            </p>
         </fn>
         <fn id="d204e2887a1310">
            <label>161</label>
            <p>
               <mixed-citation id="d204e2894" publication-type="other">
Id. at 1807 (Stevens, J., dissenting).</mixed-citation>
            </p>
         </fn>
         <fn id="d204e2901a1310">
            <label>162</label>
            <p>
               <mixed-citation id="d204e2908" publication-type="other">
Id. (Stevens, J., dissenting).</mixed-citation>
            </p>
         </fn>
         <fn id="d204e2915a1310">
            <label>163</label>
            <p>
               <mixed-citation id="d204e2922" publication-type="other">
Id. (Stevens, J., dissenting)</mixed-citation>
            </p>
            <p>
               <mixed-citation id="d204e2928" publication-type="other">
Morissette v. United States, 342 U.S. 246
(1952)</mixed-citation>
            </p>
            <p>
               <mixed-citation id="d204e2937" publication-type="other">
342 U.S. at 262.</mixed-citation>
            </p>
         </fn>
         <fn id="d204e2945a1310">
            <label>164</label>
            <p>
               <mixed-citation id="d204e2952" publication-type="other">
Id. at 1810. (Stevens, J., dissenting).</mixed-citation>
            </p>
         </fn>
         <fn id="d204e2959a1310">
            <label>165</label>
            <p>
               <mixed-citation id="d204e2966" publication-type="other">
Id. (Stevens, J., dissenting).</mixed-citation>
            </p>
         </fn>
         <fn id="d204e2973a1310">
            <label>166</label>
            <p>
               <mixed-citation id="d204e2980" publication-type="other">
Id. (Stevens, J., dissenting)</mixed-citation>
            </p>
            <p>
               <mixed-citation id="d204e2986" publication-type="other">
Id. at 1799</mixed-citation>
            </p>
         </fn>
         <fn id="d204e2993a1310">
            <label>167</label>
            <p>
               <mixed-citation id="d204e3000" publication-type="other">
Id. (Stevens, J., dissenting).</mixed-citation>
            </p>
         </fn>
         <fn id="d204e3007a1310">
            <label>168</label>
            <p>
               <mixed-citation id="d204e3014" publication-type="other">
Id. at 1811 (Stevens, J., dissenting).</mixed-citation>
            </p>
         </fn>
         <fn id="d204e3021a1310">
            <label>169</label>
            <p>
               <mixed-citation id="d204e3028" publication-type="other">
Id. (Stevens, J., dissenting).</mixed-citation>
            </p>
         </fn>
         <fn id="d204e3036a1310">
            <label>170</label>
            <p>
               <mixed-citation id="d204e3043" publication-type="other">
Staples v. United States, 114 S. Ct. 1793, 1804 (1994).</mixed-citation>
            </p>
         </fn>
         <fn id="d204e3050a1310">
            <label>171</label>
            <p>
               <mixed-citation id="d204e3057" publication-type="other">
id. at 1796</mixed-citation>
            </p>
         </fn>
         <fn id="d204e3064a1310">
            <label>172</label>
            <p>
               <mixed-citation id="d204e3071" publication-type="other">
Id. at 1797.</mixed-citation>
            </p>
         </fn>
         <fn id="d204e3078a1310">
            <label>173</label>
            <p>
               <mixed-citation id="d204e3085" publication-type="other">
Id.</mixed-citation>
            </p>
         </fn>
         <fn id="d204e3092a1310">
            <label>174</label>
            <p>
               <mixed-citation id="d204e3099" publication-type="other">
Id.</mixed-citation>
            </p>
         </fn>
         <fn id="d204e3106a1310">
            <label>175</label>
            <p>
               <mixed-citation id="d204e3113" publication-type="other">
Id.</mixed-citation>
            </p>
         </fn>
         <fn id="d204e3121a1310">
            <label>176</label>
            <p>
               <mixed-citation id="d204e3128" publication-type="book">
PAUL H. ROBINSON, FUNDAMENTALS OF CRIMINAL LAW 212 (1988).<person-group>
                     <string-name>
                        <surname>Robinson</surname>
                     </string-name>
                  </person-group>
                  <volume>212</volume>
                  <source>Fundamentals of Criminal Law</source>
                  <year>1988</year>
               </mixed-citation>
            </p>
         </fn>
         <fn id="d204e3153a1310">
            <label>177</label>
            <p>
               <mixed-citation id="d204e3160" publication-type="journal">
Paul H. Robinson &amp; Jane A. Grall, Element Analysis in Defining Criminal Liability: The
Model Penal Code and Beyond, 35 Stan. L. Rev. 681, 683 (1983)<object-id pub-id-type="doi">10.2307/1228658</object-id>
                  <fpage>681</fpage>
               </mixed-citation>
            </p>
         </fn>
         <fn id="d204e3176a1310">
            <label>178</label>
            <p>
               <mixed-citation id="d204e3185" publication-type="book">
ROBINSON, supra note 176, at 212  <fpage>212</fpage>
               </mixed-citation>
            </p>
            <p>
               <mixed-citation id="d204e3196" publication-type="other">
MODEL PENAL
CODE § 1.13(9) (Official Draft 1985)</mixed-citation>
            </p>
         </fn>
         <fn id="d204e3206a1310">
            <label>179</label>
            <p>
               <mixed-citation id="d204e3213" publication-type="book">
ROBINSON, supra note 176, at 212.  <fpage>212</fpage>
               </mixed-citation>
            </p>
         </fn>
         <fn id="d204e3225a1310">
            <label>180</label>
            <p>
               <mixed-citation id="d204e3232" publication-type="book">
Id.  </mixed-citation>
            </p>
         </fn>
         <fn id="d204e3241a1310">
            <label>181</label>
            <p>
               <mixed-citation id="d204e3248" publication-type="other">
114 S. Ct. 1793, 1799 (1994)</mixed-citation>
            </p>
            <p>
               <mixed-citation id="d204e3254" publication-type="other">
Id.</mixed-citation>
            </p>
         </fn>
         <fn id="d204e3262a1310">
            <label>182</label>
            <p>
               <mixed-citation id="d204e3269" publication-type="book">
ROBINSON, supra note 176, at 212.  <fpage>212</fpage>
               </mixed-citation>
            </p>
         </fn>
         <fn id="d204e3281a1310">
            <label>183</label>
            <p>
               <mixed-citation id="d204e3288" publication-type="book">
Id.  </mixed-citation>
            </p>
         </fn>
         <fn id="d204e3297a1310">
            <label>184</label>
            <p>
               <mixed-citation id="d204e3304" publication-type="book">
Id.  </mixed-citation>
            </p>
         </fn>
         <fn id="d204e3313a1310">
            <label>185</label>
            <p>
               <mixed-citation id="d204e3320" publication-type="book">
Id.  </mixed-citation>
            </p>
         </fn>
         <fn id="d204e3329a1310">
            <label>186</label>
            <p>
               <mixed-citation id="d204e3336" publication-type="other">
United States v. Freed, 401 U.S. 601, 613 (1971) (Brennan, J., concurring in the
judgment).</mixed-citation>
            </p>
         </fn>
         <fn id="d204e3346a1310">
            <label>187</label>
            <p>
               <mixed-citation id="d204e3353" publication-type="other">
MODEL PENAL CODE § 2.02 (Official Draft 1985).</mixed-citation>
            </p>
         </fn>
         <fn id="d204e3361a1310">
            <label>188</label>
            <p>
               <mixed-citation id="d204e3368" publication-type="journal">
Robinson &amp; Grall, supra note 177, at 683-85.  <fpage>683</fpage>
               </mixed-citation>
            </p>
         </fn>
         <fn id="d204e3380a1310">
            <label>189</label>
            <p>
               <mixed-citation id="d204e3387" publication-type="other">
§ 5861(d). 401 U.S. 601,
613-16 (1971) (Brennan, J., concurring in the judgment)</mixed-citation>
            </p>
            <p>
               <mixed-citation id="d204e3396" publication-type="other">
7395 U.S. 6, 46 n.93
(1969)</mixed-citation>
            </p>
            <p>
               <mixed-citation id="d204e3405" publication-type="other">
Turner v. United States, relying on Leary</mixed-citation>
            </p>
            <p>
               <mixed-citation id="d204e3412" publication-type="other">
396 U.S. 398, 416 n.29 (1970)</mixed-citation>
            </p>
            <p>
               <mixed-citation id="d204e3418" publication-type="other">
Liparota v. United
States, 471 U.S. 419, 423 n.5 (1985)</mixed-citation>
            </p>
         </fn>
         <fn id="d204e3428a1310">
            <label>190</label>
            <p>
               <mixed-citation id="d204e3435" publication-type="other">
MODEL PENAL CODE § 1.13(9) (Official Draft 1985)</mixed-citation>
            </p>
            <p>
               <mixed-citation id="d204e3441" publication-type="partial">
supra note 177, at 707</mixed-citation>
            </p>
            <p>
               <mixed-citation id="d204e3447" publication-type="partial">
Id. at 719</mixed-citation>
            </p>
            <p>
               <mixed-citation id="d204e3454" publication-type="partial">
Id. at 724</mixed-citation>
            </p>
            <p>
               <mixed-citation id="d204e3460" publication-type="partial">
Id.</mixed-citation>
            </p>
            <p>
               <mixed-citation id="d204e3466" publication-type="journal">
Robinson &amp;
Grall, supra note 177  </mixed-citation>
            </p>
         </fn>
         <fn id="d204e3478a1310">
            <label>191</label>
            <p>
               <mixed-citation id="d204e3485" publication-type="other">
26 U.S.C. § 5861(d) (1994).</mixed-citation>
            </p>
         </fn>
         <fn id="d204e3492a1310">
            <label>192</label>
            <p>
               <mixed-citation id="d204e3499" publication-type="other">
MODEL PENAL CODE §2.01(4) (Official Draft 1985)</mixed-citation>
            </p>
         </fn>
         <fn id="d204e3506a1310">
            <label>193</label>
            <p>
               <mixed-citation id="d204e3513" publication-type="other">
Staples v. United States, 114 S. Ct. 1793 (1994) (No. 92-1441)</mixed-citation>
            </p>
         </fn>
         <fn id="d204e3521a1310">
            <label>194</label>
            <p>
               <mixed-citation id="d204e3528" publication-type="other">
Id. at 5</mixed-citation>
            </p>
         </fn>
         <fn id="d204e3535a1310">
            <label>195</label>
            <p>
               <mixed-citation id="d204e3542" publication-type="other">
Staples v. United States, 114 S. Ct. 1793, 1804 (1994).</mixed-citation>
            </p>
         </fn>
         <fn id="d204e3549a1310">
            <label>196</label>
            <p>
               <mixed-citation id="d204e3556" publication-type="other">
Id.</mixed-citation>
            </p>
         </fn>
         <fn id="d204e3563a1310">
            <label>197</label>
            <p>
               <mixed-citation id="d204e3570" publication-type="other">
MODEL PENAL CODE § 2.02(3) (Official Draft 1985)</mixed-citation>
            </p>
         </fn>
         <fn id="d204e3577a1310">
            <label>198</label>
            <p>
               <mixed-citation id="d204e3584" publication-type="journal">
Robinson &amp; Grall, supra note 177, at 697  <fpage>697</fpage>
               </mixed-citation>
            </p>
            <p>
               <mixed-citation id="d204e3595" publication-type="journal">
Id.  </mixed-citation>
            </p>
            <p>
               <mixed-citation id="d204e3603" publication-type="other">
MODEL PENAL CODE § 2.02 cmt. 11 (Official Draft 1985).</mixed-citation>
            </p>
         </fn>
         <fn id="d204e3610a1310">
            <label>199</label>
            <p>
               <mixed-citation id="d204e3617" publication-type="other">
Staples v. United States, 114 S. Ct. 1793, 1798 (1994).</mixed-citation>
            </p>
         </fn>
         <fn id="d204e3625a1310">
            <label>200</label>
            <p>
               <mixed-citation id="d204e3632" publication-type="other">
Id.</mixed-citation>
            </p>
         </fn>
         <fn id="d204e3639a1310">
            <label>201</label>
            <p>
               <mixed-citation id="d204e3646" publication-type="other">
id. at 1798-1800</mixed-citation>
            </p>
         </fn>
         <fn id="d204e3653a1310">
            <label>202</label>
            <p>
               <mixed-citation id="d204e3660" publication-type="other">
Id.</mixed-citation>
            </p>
         </fn>
         <fn id="d204e3667a1310">
            <label>203</label>
            <p>
               <mixed-citation id="d204e3674" publication-type="other">
401 U.S. 601 (1971).</mixed-citation>
            </p>
         </fn>
         <fn id="d204e3681a1310">
            <label>204</label>
            <p>
               <mixed-citation id="d204e3688" publication-type="other">
Id. at 609.</mixed-citation>
            </p>
         </fn>
         <fn id="d204e3695a1310">
            <label>205</label>
            <p>
               <mixed-citation id="d204e3702" publication-type="other">
Id.</mixed-citation>
            </p>
         </fn>
         <fn id="d204e3710a1310">
            <label>206</label>
            <p>
               <mixed-citation id="d204e3717" publication-type="other">
471 U.S. 419 (1985).</mixed-citation>
            </p>
         </fn>
         <fn id="d204e3724a1310">
            <label>207</label>
            <p>
               <mixed-citation id="d204e3731" publication-type="other">
Id. at 433.</mixed-citation>
            </p>
         </fn>
         <fn id="d204e3738a1310">
            <label>208</label>
            <p>
               <mixed-citation id="d204e3745" publication-type="other">
Id.</mixed-citation>
            </p>
         </fn>
         <fn id="d204e3752a1310">
            <label>209</label>
            <p>
               <mixed-citation id="d204e3759" publication-type="other">
Staples v. United States, 114 S. Ct. 1793, 1799 (1994).</mixed-citation>
            </p>
         </fn>
         <fn id="d204e3766a1310">
            <label>210</label>
            <p>
               <mixed-citation id="d204e3773" publication-type="other">
Id.</mixed-citation>
            </p>
         </fn>
         <fn id="d204e3780a1310">
            <label>211</label>
            <p>
               <mixed-citation id="d204e3787" publication-type="other">
Id.</mixed-citation>
            </p>
            <p>
               <mixed-citation id="d204e3793" publication-type="other">
Id.</mixed-citation>
            </p>
         </fn>
         <fn id="d204e3801a1310">
            <label>212</label>
            <p>
               <mixed-citation id="d204e3808" publication-type="other">
Id.</mixed-citation>
            </p>
         </fn>
         <fn id="d204e3815a1310">
            <label>213</label>
            <p>
               <mixed-citation id="d204e3822" publication-type="other">
Id. at 1804.</mixed-citation>
            </p>
         </fn>
         <fn id="d204e3829a1310">
            <label>214</label>
            <p>
               <mixed-citation id="d204e3836" publication-type="other">
1986</mixed-citation>
            </p>
            <p>
               <mixed-citation id="d204e3842" publication-type="other">
Protection Act (FOPA), Pub. L. No.
99-308</mixed-citation>
            </p>
            <p>
               <mixed-citation id="d204e3851" publication-type="other">
26 U.S.C. § 5845(b)</mixed-citation>
            </p>
         </fn>
         <fn id="d204e3858a1310">
            <label>215</label>
            <p>
               <mixed-citation id="d204e3865" publication-type="other">
Staples, 114 S. Ct. at 1796.</mixed-citation>
            </p>
         </fn>
         <fn id="d204e3872a1310">
            <label>216</label>
            <p>
               <mixed-citation id="d204e3879" publication-type="other">
United States v. Staples, 971 F.2d 608, 613 (10th Cir. 1992).</mixed-citation>
            </p>
         </fn>
         <fn id="d204e3886a1310">
            <label>217</label>
            <p>
               <mixed-citation id="d204e3893" publication-type="other">
United States
v. Herbert, 698 F.2d 981, 987 (9th Cir. 1983)</mixed-citation>
            </p>
         </fn>
         <fn id="d204e3904a1310">
            <label>218</label>
            <p>
               <mixed-citation id="d204e3911" publication-type="other">
26 U.S.C. § 5861(d) (1994).</mixed-citation>
            </p>
         </fn>
         <fn id="d204e3918a1310">
            <label>219</label>
            <p>
               <mixed-citation id="d204e3925" publication-type="other">
401 U.S. 601 (1971).</mixed-citation>
            </p>
         </fn>
         <fn id="d204e3932a1310">
            <label>220</label>
            <p>
               <mixed-citation id="d204e3939" publication-type="other">
Id. at 607.</mixed-citation>
            </p>
         </fn>
         <fn id="d204e3946a1310">
            <label>221</label>
            <p>
               <mixed-citation id="d204e3953" publication-type="other">
MODEL PENAL CODE § 2.05(1) (b)</mixed-citation>
            </p>
         </fn>
         <fn id="d204e3960a1310">
            <label>222</label>
            <p>
               <mixed-citation id="d204e3967" publication-type="other">
Freed, 401 U.S. at 607.</mixed-citation>
            </p>
         </fn>
         <fn id="d204e3974a1310">
            <label>223</label>
            <p>
               <mixed-citation id="d204e3981" publication-type="other">
Staples v. United States, 114 S. Ct. 1793, 1802 (1994)</mixed-citation>
            </p>
         </fn>
         <fn id="d204e3989a1310">
            <label>224</label>
            <p>
               <mixed-citation id="d204e3998" publication-type="other">
Id. at 1804.</mixed-citation>
            </p>
            <p>
               <mixed-citation id="d204e4004" publication-type="other">
18 U.S.C. § 3559 (1994)</mixed-citation>
            </p>
            <p>
               <mixed-citation id="d204e4011" publication-type="other">
A § 5861(d)</mixed-citation>
            </p>
         </fn>
         <fn id="d204e4018a1310">
            <label>225</label>
            <p>
               <mixed-citation id="d204e4025" publication-type="other">
Staples, 114 S. Ct. at 1802.</mixed-citation>
            </p>
         </fn>
         <fn id="d204e4032a1310">
            <label>226</label>
            <p>
               <mixed-citation id="d204e4039" publication-type="other">
Id. at 1803</mixed-citation>
            </p>
            <p>
               <mixed-citation id="d204e4045" publication-type="book">
R. Perkins, Criminal Law 793-798 (2 ed. 1969)<person-group>
                     <string-name>
                        <surname>Perkins</surname>
                     </string-name>
                  </person-group>
                  <edition>2</edition>
                  <fpage>793</fpage>
                  <source>Criminal Law</source>
                  <year>1969</year>
               </mixed-citation>
            </p>
            <p>
               <mixed-citation id="d204e4073" publication-type="journal">
Sayre, supra [note 28], at 72  <fpage>72</fpage>
               </mixed-citation>
            </p>
            <p>
               <mixed-citation id="d204e4085" publication-type="journal">
Id.  </mixed-citation>
            </p>
         </fn>
         <fn id="d204e4094a1310">
            <label>227</label>
            <p>
               <mixed-citation id="d204e4101" publication-type="other">
Staples, 114 S. Ct. at 1803</mixed-citation>
            </p>
            <p>
               <mixed-citation id="d204e4107" publication-type="other">
Morissette v. United States, 342 U.S. 246, 256
(1951)).</mixed-citation>
            </p>
         </fn>
         <fn id="d204e4117a1310">
            <label>228</label>
            <p>
               <mixed-citation id="d204e4124" publication-type="other">
Id.</mixed-citation>
            </p>
            <p>
               <mixed-citation id="d204e4130" publication-type="book">
2 F. POLLOCK &amp; F. MAITLAND, HISTORY OF ENGLISH LAW 465 (2d ed.
1899)).<person-group>
                     <string-name>
                        <surname>Pollock</surname>
                     </string-name>
                  </person-group>
                  <edition>2</edition>
                  <volume>465</volume>
                  <source>History of English Law</source>
                  <year>1899</year>
               </mixed-citation>
            </p>
         </fn>
         <fn id="d204e4162a1310">
            <label>229</label>
            <p>
               <mixed-citation id="d204e4169" publication-type="other">
MODEL PENAL CODE § 2.05 (Official Draft 1985)</mixed-citation>
            </p>
         </fn>
         <fn id="d204e4177a1310">
            <label>230</label>
            <p>
               <mixed-citation id="d204e4184" publication-type="other">
MODEL PENAL CODE § 2.05(2) (a) (Official Draft 1985)</mixed-citation>
            </p>
         </fn>
         <fn id="d204e4191a1310">
            <label>231</label>
            <p>
               <mixed-citation id="d204e4198" publication-type="other">
MODEL PENAL CODE § 1.04(5) (Official Draft 1985)</mixed-citation>
            </p>
            <p>
               <mixed-citation id="d204e4204" publication-type="other">
MODEL PENAL
CODE § 1.04(1)</mixed-citation>
            </p>
            <p>
               <mixed-citation id="d204e4213" publication-type="other">
§ 2.02(3)</mixed-citation>
            </p>
         </fn>
         <fn id="d204e4220a1310">
            <label>232</label>
            <p>
               <mixed-citation id="d204e4227" publication-type="partial">
supra note 224.</mixed-citation>
            </p>
         </fn>
         <fn id="d204e4234a1310">
            <label>233</label>
            <p>
               <mixed-citation id="d204e4241" publication-type="other">
Staples v. United States, 114 S. Ct. 1793, 1804 (1994).</mixed-citation>
            </p>
         </fn>
         <fn id="d204e4248a1310">
            <label>234</label>
            <p>
               <mixed-citation id="d204e4255" publication-type="other">
Violent Crime Control and Law Enforcement Act of 1994, Pub. L. No. 103-322, 108
Stat. 1796.</mixed-citation>
            </p>
         </fn>
         <fn id="d204e4265a1310">
            <label>235</label>
            <p>
               <mixed-citation id="d204e4272" publication-type="other">
26 U.S.C. § 5861(d)</mixed-citation>
            </p>
            <p>
               <mixed-citation id="d204e4278" publication-type="other">
18 U.S.C. § 922</mixed-citation>
            </p>
            <p>
               <mixed-citation id="d204e4284" publication-type="other">
§ 922(o)(1)</mixed-citation>
            </p>
            <p>
               <mixed-citation id="d204e4291" publication-type="other">
§ 922(p) (1)</mixed-citation>
            </p>
         </fn>
         <fn id="d204e4299a1310">
            <label>236</label>
            <p>
               <mixed-citation id="d204e4306" publication-type="other">
18 U.S.C.A. § 922(v) (2) (West Supp. 1994)</mixed-citation>
            </p>
         </fn>
         <fn id="d204e4313a1310">
            <label>237</label>
            <p>
               <mixed-citation id="d204e4320" publication-type="other">
18 U.S.C.A. § 921(a) (iv) (West Supp. 1994)</mixed-citation>
            </p>
         </fn>
         <fn id="d204e4327a1310">
            <label>238</label>
            <p>
               <mixed-citation id="d204e4334" publication-type="other">
18 U.S.C.A. § 921(a) (30) (West Supp. 1994)</mixed-citation>
            </p>
         </fn>
         <fn id="d204e4341a1310">
            <label>239</label>
            <p>
               <mixed-citation id="d204e4348" publication-type="other">
114 S. Ct. 1793 (1994).</mixed-citation>
            </p>
         </fn>
         <fn id="d204e4355a1310">
            <label>240</label>
            <p>
               <mixed-citation id="d204e4362" publication-type="other">
Id. at 1804.</mixed-citation>
            </p>
         </fn>
         <fn id="d204e4369a1310">
            <label>241</label>
            <p>
               <mixed-citation id="d204e4376" publication-type="other">
Id. at 1799.</mixed-citation>
            </p>
         </fn>
         <fn id="d204e4384a1310">
            <label>242</label>
            <p>
               <mixed-citation id="d204e4391" publication-type="other">
Id.</mixed-citation>
            </p>
         </fn>
         <fn id="d204e4398a1310">
            <label>243</label>
            <p>
               <mixed-citation id="d204e4405" publication-type="other">
Id. at 1804.</mixed-citation>
            </p>
         </fn>
         <fn id="d204e4412a1310">
            <label>244</label>
            <p>
               <mixed-citation id="d204e4419" publication-type="other">
Id.</mixed-citation>
            </p>
         </fn>
         <fn id="d204e4426a1310">
            <label>245</label>
            <p>
               <mixed-citation id="d204e4433" publication-type="other">
Id. at 1803.</mixed-citation>
            </p>
         </fn>
         <fn id="d204e4440a1310">
            <label>246</label>
            <p>
               <mixed-citation id="d204e4447" publication-type="other">
supra note 238</mixed-citation>
            </p>
         </fn>
      </fn-group>
   </back>
</article>
