<article xmlns:xsi="http://www.w3.org/2001/XMLSchema-instance"
         xmlns:xlink="http://www.w3.org/1999/xlink"
         xmlns:mml="http://www.w3.org/1998/Math/MathML"
         dtd-version="1.0"
         article-type="research-article">
   <front>
      <journal-meta>
         <journal-id journal-id-type="jstor">jcrimlawcrim1973</journal-id>
         <journal-id journal-id-type="jstor">j100481</journal-id>
         <journal-title-group>
            <journal-title>The Journal of Criminal Law and Criminology (1973-)</journal-title>
         </journal-title-group>
         <publisher>
            <publisher-name>Northwestern University School of Law</publisher-name>
         </publisher>
         <issn pub-type="ppub">00914169</issn>
      </journal-meta>
      <article-meta>
         <article-id pub-id-type="doi">10.2307/1144248</article-id>
         <article-categories>
            <subj-group>
               <subject>Criminology</subject>
            </subj-group>
         </article-categories>
         <title-group>
            <article-title>"I Loved Joe, but I Had to Shoot Him": Homicide by Women in Turn-of-the-Century Chicago</article-title>
         </title-group>
         <contrib-group>
            <contrib contrib-type="author">
               <string-name>
                  <given-names>Jeffrey S.</given-names>
                  <surname>Adler</surname>
               </string-name>
            </contrib>
         </contrib-group>
         <pub-date>
            <day>1</day>
            <month>4</month>
            <year>2002</year>
         
            <day>1</day>
            <month>7</month>
            <year>2002</year>
         </pub-date>
         <volume>92</volume>
         <issue>3/4</issue>
         <issue-id>i247886</issue-id>
         <fpage>867</fpage>
         <lpage>898</lpage>
         <page-range>867-898</page-range>
         <permissions>
            <copyright-statement>Copyright 2003 Northwestern University, School of Law</copyright-statement>
         </permissions>
         <self-uri xlink:href="http://www.jstor.org/stable/1144248"/>
         <custom-meta-group>
            <custom-meta>
               <meta-name>lang</meta-name>
               <meta-value>eng</meta-value>
            </custom-meta>
         </custom-meta-group>
      </article-meta>
   </front>
   <back>
      <fn-group>
         <title>[Footnotes]</title>
         <fn id="d7831e135a1310">
            <label>1</label>
            <p>
               <mixed-citation id="d7831e142" publication-type="journal">
Decries Freeing Woman Slayers, CHI. EVENING POST, Mar. 16, 1914, at 1.<issue>Mar. 16</issue>
                  <fpage>1</fpage>
                  <source>Chi. Evening Post</source>
                  <year>1914</year>
               </mixed-citation>
            </p>
         </fn>
         <fn id="d7831e161a1310">
            <label>2</label>
            <p>
               <mixed-citation id="d7831e168" publication-type="book">
CAESER LOMBROSO &amp; WILLIAM FERRERO, THE FEMALE OFFENDER (1895)<person-group>
                     <string-name>
                        <surname>Lombroso</surname>
                     </string-name>
                  </person-group>
                  <source>The Female Offender</source>
                  <year>1895</year>
               </mixed-citation>
            </p>
            <p>
               <mixed-citation id="d7831e189" publication-type="book">
ESTELLE B. FREEDMAN, THEIR SISTERS' KEEPERS 111--15 (1984)<person-group>
                     <string-name>
                        <surname>Freedman</surname>
                     </string-name>
                  </person-group>
                  <fpage>111</fpage>
                  <source>Their Sisters' Keepers</source>
                  <year>1984</year>
               </mixed-citation>
            </p>
         </fn>
         <fn id="d7831e214a1310">
            <label>3</label>
            <p>
               <mixed-citation id="d7831e221" publication-type="book">
MARTIN DALY &amp; MARGO WILSON, HOMICIDE 156-61 (1988)<person-group>
                     <string-name>
                        <surname>Daly</surname>
                     </string-name>
                  </person-group>
                  <fpage>156</fpage>
                  <source>Homicide</source>
                  <year>1988</year>
               </mixed-citation>
            </p>
            <p>
               <mixed-citation id="d7831e245" publication-type="book">
DAVID T.
COURTWRIGHT, VIOLENT LAND 9-21 (1996)<person-group>
                     <string-name>
                        <surname>Courtwright</surname>
                     </string-name>
                  </person-group>
                  <fpage>9</fpage>
                  <source>Violent Land</source>
                  <year>1996</year>
               </mixed-citation>
            </p>
         </fn>
         <fn id="d7831e274a1310">
            <label>4</label>
            <p>
               <mixed-citation id="d7831e281" publication-type="book">
DALY &amp; WILSON, supra note 3, at 147-48.  <fpage>147</fpage>
               </mixed-citation>
            </p>
         </fn>
         <fn id="d7831e294a1310">
            <label>5</label>
            <p>
               <mixed-citation id="d7831e301" publication-type="book">
Robin S. Ogle et al., A Theory of Homicidal Behavior Among Women, 33
CRIMINOLOGY 173, 175-76 (1995)<person-group>
                     <string-name>
                        <surname>Ogle</surname>
                     </string-name>
                  </person-group>
                  <comment content-type="section">A Theory of Homicidal Behavior Among Women</comment>
                  <fpage>173</fpage>
                  <source>33 Criminology</source>
                  <year>1995</year>
               </mixed-citation>
            </p>
            <p>
               <mixed-citation id="d7831e332" publication-type="book">
DALY &amp; WILSON, supra note 3, at
156-57  <fpage>156</fpage>
               </mixed-citation>
            </p>
         </fn>
         <fn id="d7831e347a1310">
            <label>6</label>
            <p>
               <mixed-citation id="d7831e354" publication-type="book">
Margo I. Wilson &amp; Martin Daly, Who Kills Whom in Spouse Killings?, 30
CRIMINOLOGY 189, 194 (1992).<person-group>
                     <string-name>
                        <surname>Wilson</surname>
                     </string-name>
                  </person-group>
                  <comment content-type="section">Who Kills Whom in Spouse Killings?</comment>
                  <fpage>189</fpage>
                  <source>30 Criminology</source>
                  <year>1992</year>
               </mixed-citation>
            </p>
            <p>
               <mixed-citation id="d7831e385" publication-type="book">
Id.  </mixed-citation>
            </p>
         </fn>
         <fn id="d7831e394a1310">
            <label>7</label>
            <p>
               <mixed-citation id="d7831e401" publication-type="book">
FREDA ADLER, SISTERS IN CRIME 1 (1975).<person-group>
                     <string-name>
                        <surname>Adler</surname>
                     </string-name>
                  </person-group>
                  <fpage>1</fpage>
                  <source>Sisters in Crime</source>
                  <year>1975</year>
               </mixed-citation>
            </p>
            <p>
               <mixed-citation id="d7831e425" publication-type="book">
Wilson &amp; Daly, supra note 6, at 194  <fpage>194</fpage>
               </mixed-citation>
            </p>
            <p>
               <mixed-citation id="d7831e436" publication-type="book">
Helen Boritch &amp; John Hagan, A Century of Crime in
Toronto: Gender, Class, and Patterns of Social Control, 1859 to 1959, 28 CRIMINOLOGY
567, 593-95 (1990)<person-group>
                     <string-name>
                        <surname>Boritch</surname>
                     </string-name>
                  </person-group>
                  <comment content-type="section">A Century of Crime in Toronto: Gender, Class, and Patterns of Social Control, 1859 to 1959</comment>
                  <fpage>567</fpage>
                  <source>28 Criminology</source>
                  <year>1990</year>
               </mixed-citation>
            </p>
         </fn>
         <fn id="d7831e471a1310">
            <label>8</label>
            <p>
               <mixed-citation id="d7831e478" publication-type="book">
CARL N. DEGLER, AT ODDS 298-361 (1980)<person-group>
                     <string-name>
                        <surname>Degler</surname>
                     </string-name>
                  </person-group>
                  <fpage>298</fpage>
                  <source>At Odds</source>
                  <year>1980</year>
               </mixed-citation>
            </p>
            <p>
               <mixed-citation id="d7831e502" publication-type="book">
MARY P. RYAN,
WOMANHOOD IN AMERICA 224-49 (1975)<person-group>
                     <string-name>
                        <surname>Ryan</surname>
                     </string-name>
                  </person-group>
                  <fpage>224</fpage>
                  <source>Womanhood in America</source>
                  <year>1975</year>
               </mixed-citation>
            </p>
            <p>
               <mixed-citation id="d7831e530" publication-type="book">
ROSALIND ROSENBERG, BEYOND SEPARATE
SPHERES 207-37 (1982)<person-group>
                     <string-name>
                        <surname>Rosenberg</surname>
                     </string-name>
                  </person-group>
                  <fpage>207</fpage>
                  <source>Beyond Separate Spheres</source>
                  <year>1982</year>
               </mixed-citation>
            </p>
         </fn>
         <fn id="d7831e559a1310">
            <label>9</label>
            <p>
               <mixed-citation id="d7831e566" publication-type="book">
LISA M. FINE, THE SOULS OF THE SKYSCRAPER 30 (1990)<person-group>
                     <string-name>
                        <surname>Fine</surname>
                     </string-name>
                  </person-group>
                  <fpage>30</fpage>
                  <source>The Souls of the Skyscraper</source>
                  <year>1990</year>
               </mixed-citation>
            </p>
            <p>
               <mixed-citation id="d7831e590" publication-type="book">
ELLEN
FITZPATRICK, ENDLESS CRUSADE xi-xiii (1990)<person-group>
                     <string-name>
                        <surname>Fitzpatrick</surname>
                     </string-name>
                  </person-group>
                  <fpage>xi</fpage>
                  <source>Endless Crusade</source>
                  <year>1990</year>
               </mixed-citation>
            </p>
            <p>
               <mixed-citation id="d7831e618" publication-type="journal">
Maureen A. Flanagan,
Gender and Urban Political Reform, 95 AM. HIST. REV. 1032, (1990)<person-group>
                     <string-name>
                        <surname>Flanagan</surname>
                     </string-name>
                  </person-group>
                  <fpage>1032</fpage>
                  <source>95 Am. Hist. Rev.</source>
                  <year>1990</year>
               </mixed-citation>
            </p>
         </fn>
         <fn id="d7831e647a1310">
            <label>10</label>
            <p>
               <mixed-citation id="d7831e656" publication-type="book">
KERMIT L. HALL, THE MAGIC MIRROR 166-67 (1989)<person-group>
                     <string-name>
                        <surname>Hall</surname>
                     </string-name>
                  </person-group>
                  <fpage>166</fpage>
                  <source>The Magic Mirror</source>
                  <year>1989</year>
               </mixed-citation>
            </p>
            <p>
               <mixed-citation id="d7831e680" publication-type="book">
JOAN HOFF, LAW, GENDER, AND
INJUSTICE 190-91 (1991)<person-group>
                     <string-name>
                        <surname>Hoff</surname>
                     </string-name>
                  </person-group>
                  <fpage>190</fpage>
                  <source>Law, Gender, and Injustice</source>
                  <year>1991</year>
               </mixed-citation>
            </p>
            <p>
               <mixed-citation id="d7831e709" publication-type="book">
MICHAEL GROSSBERG, GOVERNING THE HEARTH 250-53
(1985)<person-group>
                     <string-name>
                        <surname>Grossberg</surname>
                     </string-name>
                  </person-group>
                  <fpage>250</fpage>
                  <source>Governing the Hearth</source>
                  <year>1985</year>
               </mixed-citation>
            </p>
            <p>
               <mixed-citation id="d7831e737" publication-type="book">
CARROLL D. WRIGHT, MARRIAGE AND DIVORCE IN THE UNITED STATES,
1867 To 1886, at 152 (1897)<person-group>
                     <string-name>
                        <surname>Wright</surname>
                     </string-name>
                  </person-group>
                  <fpage>152</fpage>
                  <source>Marriage and Divorce in the United States</source>
                  <year>1867</year>
               </mixed-citation>
            </p>
            <p>
               <mixed-citation id="d7831e765" publication-type="book">
GLENDA
RILEY, DIVORCE 90 (1991)<person-group>
                     <string-name>
                        <surname>Riley</surname>
                     </string-name>
                  </person-group>
                  <fpage>90</fpage>
                  <source>Divorce</source>
                  <year>1991</year>
               </mixed-citation>
            </p>
            <p>
               <mixed-citation id="d7831e793" publication-type="book">
NORMA BASCH, IN
THE EYES OF THE LAW (1982)<person-group>
                     <string-name>
                        <surname>Basch</surname>
                     </string-name>
                  </person-group>
                  <source>In the Eyes of the Law</source>
                  <year>1982</year>
               </mixed-citation>
            </p>
         </fn>
         <fn id="d7831e819a1310">
            <label>11</label>
            <p>
               <mixed-citation id="d7831e826" publication-type="book">
WESLEY G. SKOGAN, CHICAGO SINCE 1840: A TIME-SERIES DATA HANDBOOK 18-
19(1976)<person-group>
                     <string-name>
                        <surname>Skogan</surname>
                     </string-name>
                  </person-group>
                  <fpage>18</fpage>
                  <source>Chicago Since 1840: A Time-Series Data Handbook</source>
                  <year>1976</year>
               </mixed-citation>
            </p>
         </fn>
         <fn id="d7831e855a1310">
            <label>12</label>
            <p>
               <mixed-citation id="d7831e862" publication-type="other">
infra Part I</mixed-citation>
            </p>
         </fn>
         <fn id="d7831e869a1310">
            <label>14</label>
            <p>
               <mixed-citation id="d7831e876" publication-type="book">
Jeffrey S. Adler, "Halting the Slaughter of the Innocents".: The Civilizing Process
and the Surge of Violence in Turn-of-the-Century Chicago, 25 Soc. ScI. HIST. 29, 38-39
(2001)<person-group>
                     <string-name>
                        <surname>Adler</surname>
                     </string-name>
                  </person-group>
                  <comment content-type="section">Halting the Slaughter of the Innocents".: The Civilizing Process and the Surge of Violence in Turn-of-the-Century Chicago</comment>
                  <fpage>29</fpage>
                  <source>25 Soc. Sci. Hist.</source>
                  <year>2001</year>
               </mixed-citation>
            </p>
         </fn>
         <fn id="d7831e911a1310">
            <label>15</label>
            <p>
               <mixed-citation id="d7831e918" publication-type="book">
Ogle et al., supra note 5, at 173  <fpage>173</fpage>
               </mixed-citation>
            </p>
            <p>
               <mixed-citation id="d7831e929" publication-type="book">
Jeffrey Fagan &amp; Angela Browne, Violence
Between Spouses and Intimates, in 3 VIOLENCE 159 (Albert J. Reiss et al. eds., 1994)<person-group>
                     <string-name>
                        <surname>Fagan</surname>
                     </string-name>
                  </person-group>
                  <comment content-type="section">Violence Between Spouses and Intimates</comment>
                  <fpage>159</fpage>
                  <source>3 Violence</source>
                  <year>1994</year>
               </mixed-citation>
            </p>
         </fn>
         <fn id="d7831e961a1310">
            <label>16</label>
            <p>
               <mixed-citation id="d7831e968" publication-type="journal">
Girl Can't Tell How She Got Gun to Kill Intern, Chi. TRIB., Feb. 17, 1918, at 9<issue>Feb. 17</issue>
                  <fpage>9</fpage>
                  <source>Chi. Trib.</source>
                  <year>1918</year>
               </mixed-citation>
            </p>
         </fn>
         <fn id="d7831e987a1310">
            <label>17</label>
            <p>
               <mixed-citation id="d7831e994" publication-type="journal">
Fears Younger Rival; Woman Kills Man, Self, Chi. TRIB., Apr. 23, 1920, at 7.<issue>Apr. 23</issue>
                  <fpage>7</fpage>
                  <source>Chi. Trib.</source>
                  <year>1920</year>
               </mixed-citation>
            </p>
         </fn>
         <fn id="d7831e1014a1310">
            <label>18</label>
            <p>
               <mixed-citation id="d7831e1021" publication-type="book">
DALY &amp; WILSON, supra note 3, at 61-80.  <fpage>61</fpage>
               </mixed-citation>
            </p>
         </fn>
         <fn id="d7831e1033a1310">
            <label>20</label>
            <p>
               <mixed-citation id="d7831e1040" publication-type="journal">
Charge Murder to Stepmother, CHI. TRIB., May 10, 1900, at 1.<issue>May 10</issue>
                  <fpage>1</fpage>
                  <source>Chi. Trib.</source>
                  <year>1900</year>
               </mixed-citation>
            </p>
         </fn>
         <fn id="d7831e1059a1310">
            <label>21</label>
            <p>
               <mixed-citation id="d7831e1066" publication-type="journal">
Id.  </mixed-citation>
            </p>
         </fn>
         <fn id="d7831e1075a1310">
            <label>22</label>
            <p>
               <mixed-citation id="d7831e1082" publication-type="book">
Wilson &amp; Daly, supra note 6, at 199.  <fpage>199</fpage>
               </mixed-citation>
            </p>
         </fn>
         <fn id="d7831e1094a1310">
            <label>24</label>
            <p>
               <mixed-citation id="d7831e1101" publication-type="journal">
Mother Turns on Gas, Kills Self and Baby, CHI. TRIB., Jan. 29, 1917, at 2.<issue>Jan. 29</issue>
                  <fpage>2</fpage>
                  <source>Chi. Trib.</source>
                  <year>1917</year>
               </mixed-citation>
            </p>
         </fn>
         <fn id="d7831e1120a1310">
            <label>25</label>
            <p>
               <mixed-citation id="d7831e1127" publication-type="journal">
Shoots Baby; Dresses Its Body, CHI. TRIB., Feb. 12, 1914, at 3.<issue>Feb. 12</issue>
                  <fpage>3</fpage>
                  <source>Chi. Trib.</source>
                  <year>1914</year>
               </mixed-citation>
            </p>
         </fn>
         <fn id="d7831e1147a1310">
            <label>26</label>
            <p>
               <mixed-citation id="d7831e1154" publication-type="journal">
Finds Mother-Slayer Insane, CHI. DAILY NEWS, Oct. 25, 1917, at 1.<issue>Oct. 25</issue>
                  <fpage>1</fpage>
                  <source>Chi. Daily News</source>
                  <year>1917</year>
               </mixed-citation>
            </p>
         </fn>
         <fn id="d7831e1173a1310">
            <label>27</label>
            <p>
               <mixed-citation id="d7831e1180" publication-type="journal">
Mother Drowns Baby in Bathtub; Kills Herself, CHI. TRIB., Oct. 4, 1918, at 17.<issue>Oct. 4</issue>
                  <fpage>17</fpage>
                  <source>Chi. Trib.</source>
                  <year>1918</year>
               </mixed-citation>
            </p>
         </fn>
         <fn id="d7831e1199a1310">
            <label>28</label>
            <p>
               <mixed-citation id="d7831e1206" publication-type="journal">
Mother, Ill for Year, Slays Son 4, and Self in Home by Gas, CHI. EVENING NEWS, Feb.
14, 1917, at 4.<issue>Feb. 14</issue>
                  <fpage>4</fpage>
                  <source>Chi. Evening News</source>
                  <year>1917</year>
               </mixed-citation>
            </p>
         </fn>
         <fn id="d7831e1229a1310">
            <label>29</label>
            <p>
               <mixed-citation id="d7831e1236" publication-type="journal">
Takes Own Life to Kill Child She Disliked, CHI. TRIB., Nov. 20, 1917, at 9.<issue>Nov. 20</issue>
                  <fpage>9</fpage>
                  <source>Chi. Trib.</source>
                  <year>1917</year>
               </mixed-citation>
            </p>
         </fn>
         <fn id="d7831e1255a1310">
            <label>30</label>
            <p>
               <mixed-citation id="d7831e1262" publication-type="journal">
Mother Kills Herself and Baby in Gas Filled Bedroom, CHI. TRIB., July 6, 1910, at 3<issue>July 6</issue>
                  <fpage>3</fpage>
                  <source>Chi. Trib.</source>
                  <year>1910</year>
               </mixed-citation>
            </p>
            <p>
               <mixed-citation id="d7831e1280" publication-type="journal">
Mother Takes Life of Baby and Self CHI. INTER-OCEAN, Aug. 29, 1911, at 2<issue>Aug. 29</issue>
                  <fpage>2</fpage>
                  <source>Chi. Inter-Ocean</source>
                  <year>1911</year>
               </mixed-citation>
            </p>
            <p>
               <mixed-citation id="d7831e1298" publication-type="journal">
Crazed by
Grief 2 Slay Children in Their Homes, CHI. REC.-HERALD, Nov. 13, 1912, at 1<issue>Nov. 13</issue>
                  <fpage>1</fpage>
                  <source>Chi. Rec.-Herald</source>
                  <year>1912</year>
               </mixed-citation>
            </p>
            <p>
               <mixed-citation id="d7831e1321" publication-type="journal">
Wife, Ill,
Kills Self and Baby by Gas in Home, CHI. TRIB., Jan. 9, 1919, at 1<issue>Jan. 9</issue>
                  <fpage>1</fpage>
                  <source>Chi. Trib.</source>
                  <year>1919</year>
               </mixed-citation>
            </p>
            <p>
               <mixed-citation id="d7831e1343" publication-type="book">
DALY &amp;
WILSON, supra note 3, at 78-79  <fpage>78</fpage>
               </mixed-citation>
            </p>
         </fn>
         <fn id="d7831e1358a1310">
            <label>31</label>
            <p>
               <mixed-citation id="d7831e1365" publication-type="journal">
Woman Kills Her Son, Chi. TRIB., June 27, 1900, at 3.<issue>June 27</issue>
                  <fpage>3</fpage>
                  <source>Chi. Trib.</source>
                  <year>1900</year>
               </mixed-citation>
            </p>
         </fn>
         <fn id="d7831e1385a1310">
            <label>32</label>
            <p>
               <mixed-citation id="d7831e1392" publication-type="journal">
Jeffrey S.
Adler, If We Can't Live in Peace, We Might As Well Die: Homicide-Suicide in Chicago,
1875-1910, 26 J. OF URB. HIST. 1, 8 (1999)<person-group>
                     <string-name>
                        <surname>Adler</surname>
                     </string-name>
                  </person-group>
                  <fpage>1</fpage>
                  <source>26 J. of Urb. Hist.</source>
                  <year>1999</year>
               </mixed-citation>
            </p>
            <p>
               <mixed-citation id="d7831e1423" publication-type="book">
RUTH SHONLE CAVAN, SUICIDE 34
(1928)<person-group>
                     <string-name>
                        <surname>Cavan</surname>
                     </string-name>
                  </person-group>
                  <fpage>34</fpage>
                  <source>Suicide</source>
                  <year>1928</year>
               </mixed-citation>
            </p>
         </fn>
         <fn id="d7831e1452a1310">
            <label>33</label>
            <p>
               <mixed-citation id="d7831e1459" publication-type="journal">
Woman Tries to Die, Kills Babe With Gas, CHI. EVENING POST, Nov. 30, 1915, at 5<issue>Nov. 30</issue>
                  <fpage>5</fpage>
                  <source>Chi. Evening Post</source>
                  <year>1915</year>
               </mixed-citation>
            </p>
            <p>
               <mixed-citation id="d7831e1477" publication-type="journal">
Mother Kills Three Children and Herself, CHI. EVENING POST, July 1, 1920, at 1<issue>July 1</issue>
                  <fpage>1</fpage>
                  <source>Chi. Evening Post</source>
                  <year>1920</year>
               </mixed-citation>
            </p>
         </fn>
         <fn id="d7831e1496a1310">
            <label>34</label>
            <p>
               <mixed-citation id="d7831e1503" publication-type="journal">
Mother Drowns Baby in Bathtub; Kills Herself supra note 27, at 17.  <fpage>17</fpage>
               </mixed-citation>
            </p>
         </fn>
         <fn id="d7831e1515a1310">
            <label>35</label>
            <p>
               <mixed-citation id="d7831e1522" publication-type="journal">
Dies with Family, Fearing Disgrace, CHI. TRIB., Aug. 2, 1909, at 1.<issue>Aug. 2</issue>
                  <fpage>1</fpage>
                  <source>Chi. Trib.</source>
                  <year>1909</year>
               </mixed-citation>
            </p>
         </fn>
         <fn id="d7831e1541a1310">
            <label>36</label>
            <p>
               <mixed-citation id="d7831e1548" publication-type="journal">
Charge Murder to Stepmother, supra note 20, at 5.  <fpage>5</fpage>
               </mixed-citation>
            </p>
         </fn>
         <fn id="d7831e1560a1310">
            <label>37</label>
            <p>
               <mixed-citation id="d7831e1567" publication-type="journal">
Woman Kills Her Son, supra note 31, at 3  <fpage>3</fpage>
               </mixed-citation>
            </p>
            <p>
               <mixed-citation id="d7831e1578" publication-type="journal">
Crazed by Grief 2 Slay Children
in Their Homes, supra note 30, at 1  <fpage>1</fpage>
               </mixed-citation>
            </p>
            <p>
               <mixed-citation id="d7831e1592" publication-type="journal">
Accordion Tune Drives Wife to Suicide, 3 Dead, CHI.
TRIB., Aug. 23, 1915, at 8<issue>Aug. 23</issue>
                  <fpage>8</fpage>
                  <source>Chi. Trib.</source>
                  <year>1915</year>
               </mixed-citation>
            </p>
            <p>
               <mixed-citation id="d7831e1615" publication-type="journal">
Mother Turns on Gas, Kills Self and Baby, supra note 24, at 2  <fpage>2</fpage>
               </mixed-citation>
            </p>
         </fn>
         <fn id="d7831e1628a1310">
            <label>38</label>
            <p>
               <mixed-citation id="d7831e1635" publication-type="book">
DALY &amp; WILSON, supra note 3, at 216  <fpage>216</fpage>
               </mixed-citation>
            </p>
         </fn>
         <fn id="d7831e1647a1310">
            <label>40</label>
            <p>
               <mixed-citation id="d7831e1654" publication-type="journal">
Mother and Baby Die; Parent Turns on Gas, CHI. REC.-HERALD, Apr. 19, 1913, at 1.<issue>Apr. 19</issue>
                  <fpage>1</fpage>
                  <source>Chi. Rec.-Herald</source>
                  <year>1913</year>
               </mixed-citation>
            </p>
         </fn>
         <fn id="d7831e1673a1310">
            <label>41</label>
            <p>
               <mixed-citation id="d7831e1680" publication-type="other">
Chicago Police Department, 1870-1910, supra note 13</mixed-citation>
            </p>
         </fn>
         <fn id="d7831e1687a1310">
            <label>44</label>
            <p>
               <mixed-citation id="d7831e1694" publication-type="book">
Coramae Richey Mann, Female Murderers and Their Motives, in
INTIMATE VIOLENCE 75, 73 (Emilio C. Viano ed., 1992)<person-group>
                     <string-name>
                        <surname>Mann</surname>
                     </string-name>
                  </person-group>
                  <comment content-type="section">Female Murderers and Their Motives</comment>
                  <fpage>75</fpage>
                  <source>Intimate Violence</source>
                  <year>1992</year>
               </mixed-citation>
            </p>
            <p>
               <mixed-citation id="d7831e1725" publication-type="journal">
Franklin E. Zimring et al.,
Intimate Violence: A Study of Intersexual Homicide in Chicago, 50 U. CHI. L. REv. 910, 918
(1983)<person-group>
                     <string-name>
                        <surname>Zimring</surname>
                     </string-name>
                  </person-group>
                  <fpage>910</fpage>
                  <source>50 U. Chi. L. Rev.</source>
                  <year>1983</year>
               </mixed-citation>
            </p>
         </fn>
         <fn id="d7831e1757a1310">
            <label>45</label>
            <p>
               <mixed-citation id="d7831e1764" publication-type="journal">
Kills Wife Beater, CHI. REC.-HERALD, Mar. 3, 1902, at 9<issue>Mar. 3</issue>
                  <fpage>9</fpage>
                  <source>Chi. Rec.-Herald</source>
                  <year>1902</year>
               </mixed-citation>
            </p>
            <p>
               <mixed-citation id="d7831e1782" publication-type="journal">
Hit By Wife, Man
Dies, CHI. EVENING POST, July 23, 1903, at 2<issue>July 23</issue>
                  <fpage>2</fpage>
                  <source>Chi. Evening Post</source>
                  <year>1903</year>
               </mixed-citation>
            </p>
            <p>
               <mixed-citation id="d7831e1804" publication-type="journal">
Shoots Spouse After Causing His Arrest, CHI.
INTER-OCEAN, July 20, 1911, at 3.<issue>July 20</issue>
                  <fpage>3</fpage>
                  <source>Chi. Inter-Ocean</source>
                  <year>1911</year>
               </mixed-citation>
            </p>
         </fn>
         <fn id="d7831e1827a1310">
            <label>46</label>
            <p>
               <mixed-citation id="d7831e1834" publication-type="book">
ELIZABETH PLECK, DOMESTIC TYRANNY 222-23 (1987)<person-group>
                     <string-name>
                        <surname>Pleck</surname>
                     </string-name>
                  </person-group>
                  <fpage>222</fpage>
                  <source>Domestic Tyranny</source>
                  <year>1987</year>
               </mixed-citation>
            </p>
            <p>
               <mixed-citation id="d7831e1858" publication-type="book">
MARVIN E. WOLFGANG, PATTERNS IN CRIMINAL
HOMICIDE 217 (1958)<person-group>
                     <string-name>
                        <surname>Wolfgang</surname>
                     </string-name>
                  </person-group>
                  <fpage>217</fpage>
                  <source>Patterns in Criminal Homicide</source>
                  <year>1958</year>
               </mixed-citation>
            </p>
            <p>
               <mixed-citation id="d7831e1886" publication-type="book">
RICHARD J. GELLES &amp; MURRAY A. STRAUSS, INTIMATE
VIOLENCE 90 (1988)<person-group>
                     <string-name>
                        <surname>Gelles</surname>
                     </string-name>
                  </person-group>
                  <fpage>90</fpage>
                  <year>1988</year>
               </mixed-citation>
            </p>
            <p>
               <mixed-citation id="d7831e1911" publication-type="book">
ANGELA BROWNE, WHEN BATTERED WOMEN KILL 10 (1987)<person-group>
                     <string-name>
                        <surname>Browne</surname>
                     </string-name>
                  </person-group>
                  <fpage>10</fpage>
                  <source>When Battered Women Kill</source>
                  <year>1987</year>
               </mixed-citation>
            </p>
            <p>
               <mixed-citation id="d7831e1935" publication-type="book">
DALY &amp;
WILSON, supra note 3, at 199  <fpage>199</fpage>
               </mixed-citation>
            </p>
            <p>
               <mixed-citation id="d7831e1949" publication-type="book">
Noel A. Cazenave &amp; Margaret A. Zahn, Women, Murder, and
Male Domination, in INTIMATE VIOLENCE 91, 83 (Emilio C. Viano ed., 1992)<person-group>
                     <string-name>
                        <surname>Cazenave</surname>
                     </string-name>
                  </person-group>
                  <comment content-type="section">Women, Murder, and Male Domination</comment>
                  <fpage>91</fpage>
                  <source>Intimate Violence</source>
                  <year>1992</year>
               </mixed-citation>
            </p>
            <p>
               <mixed-citation id="d7831e1980" publication-type="book">
Richard B.
Felson &amp; Steven Messner, Disentangling the Effects of Gender and Intimacy on Victim Pre-
cipitation in Homicide, 36 CRIMINOLOGY 407 (1998)<person-group>
                     <string-name>
                        <surname>Felson</surname>
                     </string-name>
                  </person-group>
                  <comment content-type="section">Disentangling the Effects of Gender and Intimacy on Victim Precipitation in Homicide</comment>
                  <fpage>407</fpage>
                  <source>36 Criminology</source>
                  <year>1998</year>
               </mixed-citation>
            </p>
            <p>
               <mixed-citation id="d7831e2014" publication-type="book">
Fagan &amp; Browne, supra note 15, at
163<fpage>163</fpage>
               </mixed-citation>
            </p>
            <p>
               <mixed-citation id="d7831e2026" publication-type="book">
Wilson &amp; Daly, supra note 6, at 206  <fpage>206</fpage>
               </mixed-citation>
            </p>
            <p>
               <mixed-citation id="d7831e2038" publication-type="book">
Mann, supra note 44, at 73-81  <fpage>73</fpage>
               </mixed-citation>
            </p>
         </fn>
         <fn id="d7831e2051a1310">
            <label>47</label>
            <p>
               <mixed-citation id="d7831e2058" publication-type="book">
MARVIN E. WOLFGANG, PATTERNS IN CRIMINAL HOMICIDE 245-65 (1958)<person-group>
                     <string-name>
                        <surname>Wolfgang</surname>
                     </string-name>
                  </person-group>
                  <fpage>245</fpage>
                  <source>Patterns in Criminal Homicide</source>
                  <year>1958</year>
               </mixed-citation>
            </p>
         </fn>
         <fn id="d7831e2083a1310">
            <label>48</label>
            <p>
               <mixed-citation id="d7831e2090" publication-type="journal">
Why She Killed Her Husband, CHI. NEWS REC., Dec. 5, 1892, at 2.<issue>Dec. 5</issue>
                  <fpage>2</fpage>
                  <source>Chi. News Rec.</source>
                  <year>1892</year>
               </mixed-citation>
            </p>
         </fn>
         <fn id="d7831e2109a1310">
            <label>49</label>
            <p>
               <mixed-citation id="d7831e2116" publication-type="journal">
Wives at Husband's Bier, Chi. EVENING POST, Oct. 10, 1903, at 1.<issue>Oct. 10</issue>
                  <fpage>1</fpage>
                  <source>Chi. Evening Post</source>
                  <year>1903</year>
               </mixed-citation>
            </p>
         </fn>
         <fn id="d7831e2135a1310">
            <label>50</label>
            <p>
               <mixed-citation id="d7831e2142" publication-type="journal">
Slayer Facing Trial Smiling, CHI. TRIB., Sept. 9, 1912, at 3.<issue>Sept. 9</issue>
                  <fpage>3</fpage>
                  <source>Chi. Trib.</source>
                  <year>1912</year>
               </mixed-citation>
            </p>
         </fn>
         <fn id="d7831e2161a1310">
            <label>51</label>
            <p>
               <mixed-citation id="d7831e2168" publication-type="journal">
Christening, Then Tragedy, CHI. TRIB., Sept. 14, 1916, at 15.<issue>Sept. 14</issue>
                  <fpage>15</fpage>
                  <source>Chi. Trib.</source>
                  <year>1916</year>
               </mixed-citation>
            </p>
         </fn>
         <fn id="d7831e2187a1310">
            <label>52</label>
            <p>
               <mixed-citation id="d7831e2194" publication-type="journal">
Kills Wife Beater, CHI. REC.-HERALD, Mar. 3, 1902, at 9<issue>Mar. 3</issue>
                  <fpage>9</fpage>
                  <source>Chi. Rec.-Herald</source>
                  <year>1902</year>
               </mixed-citation>
            </p>
            <p>
               <mixed-citation id="d7831e2212" publication-type="journal">
Wife
Slays in Struggle, CHI. TRIB., Jan. 2, 1905, at 1<issue>Jan. 2</issue>
                  <fpage>1</fpage>
                  <source>Chi. Trib.</source>
                  <year>1905</year>
               </mixed-citation>
            </p>
            <p>
               <mixed-citation id="d7831e2234" publication-type="journal">
Widow By Shot As Quarrels End, CHI. TRIB.,
Aug. 16, 1908, at 5<issue>Aug. 16</issue>
                  <fpage>5</fpage>
                  <source>Chi. Trib.</source>
                  <year>1908</year>
               </mixed-citation>
            </p>
            <p>
               <mixed-citation id="d7831e2257" publication-type="journal">
Netty George Speedy, Marital Woes of Couple Aired in Crowded Court
Room-Mrs. Minnie Smith to Ask for New Trial, CHI. DEFENDER, Sept. 7, 1918, at 1<person-group>
                     <string-name>
                        <surname>Speedy</surname>
                     </string-name>
                  </person-group>
                  <issue>Sept. 7</issue>
                  <fpage>1</fpage>
                  <source>Chi. Defender</source>
                  <year>1918</year>
               </mixed-citation>
            </p>
         </fn>
         <fn id="d7831e2290a1310">
            <label>53</label>
            <p>
               <mixed-citation id="d7831e2297" publication-type="book">
Felson &amp; Messner, supra note 46, at 413  <fpage>413</fpage>
               </mixed-citation>
            </p>
         </fn>
         <fn id="d7831e2309a1310">
            <label>54</label>
            <p>
               <mixed-citation id="d7831e2316" publication-type="journal">
Shot Dead By His Wife, Chi. TRIB., July 3, 1899, at 2.<issue>July 3</issue>
                  <fpage>2</fpage>
                  <source>Chi. Trib.</source>
                  <year>1899</year>
               </mixed-citation>
            </p>
         </fn>
         <fn id="d7831e2335a1310">
            <label>55</label>
            <p>
               <mixed-citation id="d7831e2342" publication-type="journal">
Id.  </mixed-citation>
            </p>
         </fn>
         <fn id="d7831e2351a1310">
            <label>56</label>
            <p>
               <mixed-citation id="d7831e2358" publication-type="journal">
Says She Slew Her Husband, Chi. TRIB., Feb. 12, 1904, at 4.<issue>Feb. 12</issue>
                  <fpage>4</fpage>
                  <source>Chi. Trib.</source>
                  <year>1904</year>
               </mixed-citation>
            </p>
         </fn>
         <fn id="d7831e2377a1310">
            <label>57</label>
            <p>
               <mixed-citation id="d7831e2384" publication-type="journal">
Id.  </mixed-citation>
            </p>
            <p>
               <mixed-citation id="d7831e2392" publication-type="journal">
Says Body
Was Burned, Chi. TRIB., Mar. 15, 1899, at 8<issue>Mar. 15</issue>
                  <fpage>8</fpage>
                  <source>Chi. Trib.</source>
                  <year>1899</year>
               </mixed-citation>
            </p>
         </fn>
         <fn id="d7831e2415a1310">
            <label>58</label>
            <p>
               <mixed-citation id="d7831e2422" publication-type="journal">
Shots End Marital Woe, Chi. DEFENDER, May 18, 1918, at 1.<issue>May 18</issue>
                  <fpage>1</fpage>
                  <source>Chi. Defender</source>
                  <year>1918</year>
               </mixed-citation>
            </p>
         </fn>
         <fn id="d7831e2442a1310">
            <label>59</label>
            <p>
               <mixed-citation id="d7831e2449" publication-type="journal">
Id.  </mixed-citation>
            </p>
            <p>
               <mixed-citation id="d7831e2457" publication-type="journal">
Speedy, supra note 52, at 1  <fpage>1</fpage>
               </mixed-citation>
            </p>
         </fn>
         <fn id="d7831e2469a1310">
            <label>60</label>
            <p>
               <mixed-citation id="d7831e2476" publication-type="journal">
Wife Kills M.J. Wiley, CHI. TRIB., Aug. 15, 1899, § 1 at 12<issue>Aug. 15</issue>
                  <fpage>1</fpage>
                  <source>Chi. Trib.</source>
                  <year>1899</year>
               </mixed-citation>
            </p>
            <p>
               <mixed-citation id="d7831e2494" publication-type="journal">
Wife Slays in
Struggle, CHI. TRIB., Jan. 2, 1905, § 2 at 13<issue>Jan. 2</issue>
                  <fpage>2</fpage>
                  <source>Chi. Trib.</source>
                  <year>1905</year>
               </mixed-citation>
            </p>
         </fn>
         <fn id="d7831e2517a1310">
            <label>61</label>
            <p>
               <mixed-citation id="d7831e2524" publication-type="journal">
Shoots Husband Who Rebukes Drink Habit, CHI. INTER-OCEAN, July 11, 1912, at 5<issue>July 11</issue>
                  <fpage>5</fpage>
                  <source>Chi. Inter-Ocean</source>
                  <year>1912</year>
               </mixed-citation>
            </p>
            <p>
               <mixed-citation id="d7831e2542" publication-type="journal">
Kills to Save Lives, CHI. TRIB., Oct. 7, 1899, at 7<issue>Oct. 7</issue>
                  <fpage>7</fpage>
                  <source>Chi. Trib.</source>
                  <year>1899</year>
               </mixed-citation>
            </p>
            <p>
               <mixed-citation id="d7831e2560" publication-type="journal">
Shot Three Times By His Wife,
CHI. TRIB., Sept. 22, 1899, at 13<issue>Sept. 22</issue>
                  <fpage>13</fpage>
                  <source>Chi. Trib.</source>
                  <year>1899</year>
               </mixed-citation>
            </p>
            <p>
               <mixed-citation id="d7831e2583" publication-type="journal">
Kills Husband in Row, CHI. REC.-HERALD, Nov. 27, 1907,
at 3<issue>Nov. 27</issue>
                  <fpage>3</fpage>
                  <source>Chi. Rec.-Herald</source>
                  <year>1907</year>
               </mixed-citation>
            </p>
         </fn>
         <fn id="d7831e2606a1310">
            <label>62</label>
            <p>
               <mixed-citation id="d7831e2613" publication-type="journal">
Woman to Tell Jurors How She Killed Spouse, CHI. EVENING POST, Sept. 6, 1916,
at 1<issue>Sept. 6</issue>
                  <fpage>1</fpage>
                  <source>Chi. Evening Post</source>
                  <year>1916</year>
               </mixed-citation>
            </p>
            <p>
               <mixed-citation id="d7831e2635" publication-type="journal">
Mrs. Barnes Shot Husband After He Fell, CHI. TRIB., Sept. 7, 1916, at 1<issue>Sept. 7</issue>
                  <fpage>1</fpage>
                  <source>Chi. Trib.</source>
                  <year>1916</year>
               </mixed-citation>
            </p>
         </fn>
         <fn id="d7831e2654a1310">
            <label>64</label>
            <p>
               <mixed-citation id="d7831e2661" publication-type="journal">
Wife Slays in Struggle, CHI. TRIB., Feb. 2, 1905, at 1<issue>Feb. 2</issue>
                  <fpage>1</fpage>
                  <source>Chi. Trib.</source>
                  <year>1905</year>
               </mixed-citation>
            </p>
         </fn>
         <fn id="d7831e2680a1310">
            <label>65</label>
            <p>
               <mixed-citation id="d7831e2687" publication-type="journal">
Wife Kills M.J. Wiley, supra note 60, § 1 at 12.  <fpage>1</fpage>
               </mixed-citation>
            </p>
         </fn>
         <fn id="d7831e2700a1310">
            <label>66</label>
            <p>
               <mixed-citation id="d7831e2707" publication-type="journal">
Wife Describes to Jury How She Killed Husband, CHI. TRIB., Dec. 28, 1912, at 1.<issue>Dec. 28</issue>
                  <fpage>1</fpage>
                  <source>Chi. Trib.</source>
                  <year>1912</year>
               </mixed-citation>
            </p>
         </fn>
         <fn id="d7831e2726a1310">
            <label>67</label>
            <p>
               <mixed-citation id="d7831e2733" publication-type="journal">
Id.  </mixed-citation>
            </p>
         </fn>
         <fn id="d7831e2742a1310">
            <label>68</label>
            <p>
               <mixed-citation id="d7831e2749" publication-type="journal">
Shoots to End Abuse, CHI. REC.-HERALD, Apr. 10, 1905, at 2.<issue>Apr. 10</issue>
                  <fpage>2</fpage>
                  <source>Chi. Rec.-Herald</source>
                  <year>1905</year>
               </mixed-citation>
            </p>
         </fn>
         <fn id="d7831e2768a1310">
            <label>69</label>
            <p>
               <mixed-citation id="d7831e2775" publication-type="journal">
Glad Her Shots Killed, CHI. REC.-HERALD, Apr. 11, 1905, at 9.<issue>Apr. 11</issue>
                  <fpage>9</fpage>
                  <source>Chi. Rec.-Herald</source>
                  <year>1905</year>
               </mixed-citation>
            </p>
         </fn>
         <fn id="d7831e2794a1310">
            <label>70</label>
            <p>
               <mixed-citation id="d7831e2801" publication-type="journal">
Wife in Despair Slays Lax Mate, CHI. TRIB., Feb. 9, 1918, § 1, at 1.<issue>Feb. 9</issue>
                  <fpage>1</fpage>
                  <source>Chi. Trib.</source>
                  <year>1918</year>
               </mixed-citation>
            </p>
         </fn>
         <fn id="d7831e2820a1310">
            <label>71</label>
            <p>
               <mixed-citation id="d7831e2827" publication-type="journal">
Taunted Wife Shoots Husband in Courtroom, CGI. TRIB., Apr. 26, 1919, § 1, at 1.<issue>Apr. 26</issue>
                  <fpage>1</fpage>
                  <source>Cgi. Trib.</source>
                  <year>1919</year>
               </mixed-citation>
            </p>
         </fn>
         <fn id="d7831e2847a1310">
            <label>72</label>
            <p>
               <mixed-citation id="d7831e2854" publication-type="journal">
Shot Dead by His Wife, CHI. REc.-HERALD, July 3, 1899, at 2.<issue>July 3</issue>
                  <fpage>2</fpage>
                  <source>Chi. Rec.-Herald</source>
                  <year>1899</year>
               </mixed-citation>
            </p>
         </fn>
         <fn id="d7831e2873a1310">
            <label>73</label>
            <p>
               <mixed-citation id="d7831e2880" publication-type="journal">
Kills Spouse; Is Free, CHI. REC.-HERALD, Mar. 21, 1905, at 5.<issue>Mar. 21</issue>
                  <fpage>5</fpage>
                  <source>Chi. Rec.-Herald</source>
                  <year>1905</year>
               </mixed-citation>
            </p>
         </fn>
         <fn id="d7831e2899a1310">
            <label>74</label>
            <p>
               <mixed-citation id="d7831e2906" publication-type="journal">
Can't Hang Woman for Murder; Kills Husband, CHI. TRIB., Nov. 21, 1914, at 1.<issue>Nov. 21</issue>
                  <fpage>1</fpage>
                  <source>Chi. Trib.</source>
                  <year>1914</year>
               </mixed-citation>
            </p>
         </fn>
         <fn id="d7831e2925a1310">
            <label>75</label>
            <p>
               <mixed-citation id="d7831e2932" publication-type="journal">
Coroner's Jury Finds that She Was Justified in Killing Her Husband, CHI. EVENING
POST, Apr. 10, 1920, at 1.<issue>Apr. 10</issue>
                  <fpage>1</fpage>
                  <source>Chi. Evening Post</source>
                  <year>1920</year>
               </mixed-citation>
            </p>
         </fn>
         <fn id="d7831e2955a1310">
            <label>76</label>
            <p>
               <mixed-citation id="d7831e2962" publication-type="journal">
Id.  </mixed-citation>
            </p>
         </fn>
         <fn id="d7831e2971a1310">
            <label>78</label>
            <p>
               <mixed-citation id="d7831e2978" publication-type="book">
HENDRIK HARTOG, MAN &amp; WIFE IN AMERICA 218-41 (2000).<person-group>
                     <string-name>
                        <surname>Hartog</surname>
                     </string-name>
                  </person-group>
                  <fpage>218</fpage>
                  <source>Man &amp; Wife In America</source>
                  <year>2000</year>
               </mixed-citation>
            </p>
         </fn>
         <fn id="d7831e3004a1310">
            <label>79</label>
            <p>
               <mixed-citation id="d7831e3011" publication-type="journal">
Shot Dead By His Wife, supra note 72, at 2  <fpage>2</fpage>
               </mixed-citation>
            </p>
            <p>
               <mixed-citation id="d7831e3022" publication-type="journal">
Taunted Wife Shoots Husband
in Courtroom, supra note 71, at 1  <fpage>1</fpage>
               </mixed-citation>
            </p>
         </fn>
         <fn id="d7831e3037a1310">
            <label>80</label>
            <p>
               <mixed-citation id="d7831e3044" publication-type="journal">
Robert M. Ireland, The Libertine Must Die. Sexual Dishonor and the Unwritten Law in
the Nineteenth-Century United States, 23 J. OF Soc. HIST. 27 (1989)<person-group>
                     <string-name>
                        <surname>Ireland</surname>
                     </string-name>
                  </person-group>
                  <fpage>27</fpage>
                  <source>23 J. of Soc. Hist.</source>
                  <year>1989</year>
               </mixed-citation>
            </p>
            <p>
               <mixed-citation id="d7831e3072" publication-type="journal">
Hendrik
Hartog, Lawyering, Husbands' Rights and "The Unwritten Law" in Nineteenth-Century
America, 84 J. OF AM. HIST. 67, 67-96 (1997)<person-group>
                     <string-name>
                        <surname>Hartog</surname>
                     </string-name>
                  </person-group>
                  <fpage>67</fpage>
                  <source>84 J. of Am. Hist.</source>
                  <year>1997</year>
               </mixed-citation>
            </p>
         </fn>
         <fn id="d7831e3104a1310">
            <label>81</label>
            <p>
               <mixed-citation id="d7831e3111" publication-type="journal">
Taunted Wife Shoots Husband in Courtroom, supra note 71, at 1.  <fpage>1</fpage>
               </mixed-citation>
            </p>
         </fn>
         <fn id="d7831e3123a1310">
            <label>82</label>
            <p>
               <mixed-citation id="d7831e3132" publication-type="journal">
Wife Tells Jury How She Stabbed Mate to Death, CH. TRIB., Jan. 16, 1919, at 11.<issue>Jan. 16</issue>
                  <fpage>11</fpage>
                  <source>CH. TRIB.</source>
                  <year>1919</year>
               </mixed-citation>
            </p>
            <p>
               <mixed-citation id="d7831e3150" publication-type="journal">
Woman Jury to Make Lives of Husbands Safer,
CHI. TRIB., Aug. 22, 1920, at 2<issue>Aug. 22</issue>
                  <fpage>2</fpage>
                  <source>Chi. Trib.</source>
                  <year>1920</year>
               </mixed-citation>
            </p>
         </fn>
         <fn id="d7831e3173a1310">
            <label>83</label>
            <p>
               <mixed-citation id="d7831e3180" publication-type="journal">
Woman is Found Guilty of Slaying Her Husband, CHI. TRIB., Nov. 3, 1917, at 5.<issue>Nov. 3</issue>
                  <fpage>5</fpage>
                  <source>Chi. Trib.</source>
                  <year>1917</year>
               </mixed-citation>
            </p>
         </fn>
         <fn id="d7831e3199a1310">
            <label>84</label>
            <p>
               <mixed-citation id="d7831e3206" publication-type="partial">
Decries Freeing Woman Slayers</mixed-citation>
            </p>
            <p>
               <mixed-citation id="d7831e3212" publication-type="journal">
Drops Dietz Case: State's Attorney Hoyne De-
nounces Juries Which Are Moved by the Tears of Pretty Defendants, CHI. EVENING POST,
Mar. 16, 1914, at 1 [hereinafter Decries Freeing Women Slayers]<issue>Mar. 16</issue>
                  <fpage>1</fpage>
                  <source>Chi. Evening Post</source>
                  <year>1914</year>
               </mixed-citation>
            </p>
         </fn>
         <fn id="d7831e3239a1310">
            <label>85</label>
            <p>
               <mixed-citation id="d7831e3246" publication-type="journal">
Finds Mrs. Troupe Guilty of Murder; Gives her 14 Years, CHI. INTER-OCEAN, Jan. 10,
1906, at 1.<issue>Jan. 10</issue>
                  <fpage>1</fpage>
                  <source>Chi. Inter-Ocean</source>
                  <year>1906</year>
               </mixed-citation>
            </p>
         </fn>
         <fn id="d7831e3269a1310">
            <label>86</label>
            <p>
               <mixed-citation id="d7831e3276" publication-type="journal">
Id.  </mixed-citation>
            </p>
            <p>
               <mixed-citation id="d7831e3284" publication-type="journal">
Laurie J. Taylor, Comment,
Provoked Reason in Men and Women.: Heat of Passion Manslaughter and Imperfect Self-
Defense, 33 UCLA L. REV. 1679, 1705 (1986)<person-group>
                     <string-name>
                        <surname>Taylor</surname>
                     </string-name>
                  </person-group>
                  <fpage>1679</fpage>
                  <source>33 Ucla L. Rev.</source>
                  <year>1986</year>
               </mixed-citation>
            </p>
         </fn>
         <fn id="d7831e3316a1310">
            <label>87</label>
            <p>
               <mixed-citation id="d7831e3323" publication-type="journal">
State Finally Convicts Woman in Murder Case, CHI. TRIB., Jan. 17, 1919, at 13.<issue>Jan. 17</issue>
                  <fpage>13</fpage>
                  <source>Chi. Trib.</source>
                  <year>1919</year>
               </mixed-citation>
            </p>
         </fn>
         <fn id="d7831e3342a1310">
            <label>88</label>
            <p>
               <mixed-citation id="d7831e3349" publication-type="journal">
Wife Tells Jury How She Stabbed Mate to Death, supra note 82, at 11.  <fpage>11</fpage>
               </mixed-citation>
            </p>
         </fn>
         <fn id="d7831e3361a1310">
            <label>89</label>
            <p>
               <mixed-citation id="d7831e3368" publication-type="journal">
Id.  </mixed-citation>
            </p>
         </fn>
         <fn id="d7831e3377a1310">
            <label>92</label>
            <p>
               <mixed-citation id="d7831e3384" publication-type="other">
People v. Forte, 110 N.E. 47, 49 (11. 1915)</mixed-citation>
            </p>
         </fn>
         <fn id="d7831e3392a1310">
            <label>93</label>
            <p>
               <mixed-citation id="d7831e3399" publication-type="journal">
Free Another Woman Slayer, CHI. TRIB., Jan. 23, 1915, at 1.<issue>Jan. 23</issue>
                  <fpage>1</fpage>
                  <source>Chi. Trib.</source>
                  <year>1915</year>
               </mixed-citation>
            </p>
            <p>
               <mixed-citation id="d7831e3417" publication-type="journal">
No Chi-
cago Woman Convicted of Murder, CHI. INTER-OCEAN, July 22, 1912, at 3<issue>July 22</issue>
                  <fpage>3</fpage>
                  <source>Chi. Inter-Ocean</source>
                  <year>1912</year>
               </mixed-citation>
            </p>
            <p>
               <mixed-citation id="d7831e3439" publication-type="journal">
Decries Freeing
Women Slayers, Drops Dietz Case, CHI. EVENING POST, Mar. 16, 1914, at 1<issue>Mar. 16</issue>
                  <fpage>1</fpage>
                  <source>Chi. Evening Post</source>
                  <year>1914</year>
               </mixed-citation>
            </p>
            <p>
               <mixed-citation id="d7831e3462" publication-type="journal">
Another Woman
Freed of Charge of Murder, CHI. TRIB., Sept. 20, 1916, at 5<issue>Sept. 20</issue>
                  <fpage>5</fpage>
                  <source>Chi. Trib.</source>
                  <year>1916</year>
               </mixed-citation>
            </p>
            <p>
               <mixed-citation id="d7831e3484" publication-type="journal">
Held as Slayer Girl Cites Baby
in New Defense, CHI. TRIB., July 9, 1919, at 5<issue>July 9</issue>
                  <fpage>5</fpage>
                  <source>Chi. Trib.</source>
                  <year>1919</year>
               </mixed-citation>
            </p>
            <p>
               <mixed-citation id="d7831e3506" publication-type="journal">
Women Freed, 3 Convicted as Slayers Here in
12 Years, CHI. TRIB., Sept. 26, 1919, at 7<issue>Sept. 26</issue>
                  <fpage>7</fpage>
                  <source>Chi. Trib.</source>
                  <year>1919</year>
               </mixed-citation>
            </p>
         </fn>
         <fn id="d7831e3529a1310">
            <label>94</label>
            <p>
               <mixed-citation id="d7831e3536" publication-type="journal">
No Chicago Woman Convicted of Murder, supra note 93, at 3.  <fpage>3</fpage>
               </mixed-citation>
            </p>
         </fn>
         <fn id="d7831e3548a1310">
            <label>95</label>
            <p>
               <mixed-citation id="d7831e3555" publication-type="journal">
Finds Mrs. Troupe Guilty ofMurder; Gives Her 14 Years, supra note 85, at 1.  <fpage>1</fpage>
               </mixed-citation>
            </p>
         </fn>
         <fn id="d7831e3567a1310">
            <label>96</label>
            <p>
               <mixed-citation id="d7831e3574" publication-type="journal">
Wife Kills Her Husband as Result of Quarrel, CHI. TRIB., Aug. 10, 1905, at 3.<issue>Aug. 10</issue>
                  <fpage>3</fpage>
                  <source>Chi. Trib.</source>
                  <year>1905</year>
               </mixed-citation>
            </p>
         </fn>
         <fn id="d7831e3593a1310">
            <label>97</label>
            <p>
               <mixed-citation id="d7831e3600" publication-type="journal">
State Finally Convicts Woman in Murder Case, CHI. TRIB., Jan. 17, 1919, at 13.<issue>Jan. 17</issue>
                  <fpage>13</fpage>
                  <source>Chi. Trib.</source>
                  <year>1919</year>
               </mixed-citation>
            </p>
         </fn>
         <fn id="d7831e3619a1310">
            <label>98</label>
            <p>
               <mixed-citation id="d7831e3626" publication-type="journal">
Id.  </mixed-citation>
            </p>
         </fn>
         <fn id="d7831e3636a1310">
            <label>99</label>
            <p>
               <mixed-citation id="d7831e3643" publication-type="journal">
Id.  </mixed-citation>
            </p>
         </fn>
         <fn id="d7831e3652a1310">
            <label>100</label>
            <p>
               <mixed-citation id="d7831e3659" publication-type="journal">
Wife Murdered Exlund Women Testify in Trial, CHI. TRIB., Jan. 15, 1919, at 9.<issue>Jan. 15</issue>
                  <fpage>9</fpage>
                  <source>Chi. Trib.</source>
                  <year>1919</year>
               </mixed-citation>
            </p>
         </fn>
         <fn id="d7831e3678a1310">
            <label>101</label>
            <p>
               <mixed-citation id="d7831e3685" publication-type="journal">
Id.  </mixed-citation>
            </p>
         </fn>
         <fn id="d7831e3694a1310">
            <label>102</label>
            <p>
               <mixed-citation id="d7831e3701" publication-type="journal">
State Finally Convicts Woman in Murder Case, CHI. EVENING POST, Jan. 17, 1919, at
13.<issue>Jan. 17</issue>
                  <fpage>13</fpage>
                  <source>Chi. Evening Post</source>
                  <year>1919</year>
               </mixed-citation>
            </p>
         </fn>
         <fn id="d7831e3724a1310">
            <label>103</label>
            <p>
               <mixed-citation id="d7831e3731" publication-type="book">
Hilary Allen, Rendering Them
Harmless.: The Professional Portrayal of Women Charged with Serious Violent Crimes, in
CRIMINOLOGY AT THE CROSSROADS: FEMINIST READINGS IN CRIME AND JUSTICE, 64, 64-66
(Kathleen Daly &amp; Lisa Maher eds., 1998).<person-group>
                     <string-name>
                        <surname>Allen</surname>
                     </string-name>
                  </person-group>
                  <comment content-type="section">Rendering Them Harmless.: The Professional Portrayal of Women Charged with Serious Violent Crimes</comment>
                  <fpage>64</fpage>
                  <source>Criminology at the Crossroads: Feminist Readings in Crime and Justice</source>
                  <year>1998</year>
               </mixed-citation>
            </p>
         </fn>
         <fn id="d7831e3769a1310">
            <label>104</label>
            <p>
               <mixed-citation id="d7831e3776" publication-type="book">
Adler, supra note 14  </mixed-citation>
            </p>
         </fn>
         <fn id="d7831e3786a1310">
            <label>105</label>
            <p>
               <mixed-citation id="d7831e3793" publication-type="journal">
Don 't Look for Jim, I Killed Him, CHI. EVENING POST, November 21, 1914, at 3.<issue>November 21</issue>
                  <fpage>3</fpage>
                  <source>Chi. Evening Post</source>
                  <year>1914</year>
               </mixed-citation>
            </p>
         </fn>
         <fn id="d7831e3812a1310">
            <label>106</label>
            <p>
               <mixed-citation id="d7831e3819" publication-type="journal">
Annie Hinrichsen, The Criminal Statistics of Illinois, 8 INSTITUTION Q. 94 (1917).<person-group>
                     <string-name>
                        <surname>Hinrichsen</surname>
                     </string-name>
                  </person-group>
                  <fpage>94</fpage>
                  <source>8 Institution Q.</source>
                  <year>1917</year>
               </mixed-citation>
            </p>
         </fn>
         <fn id="d7831e3844a1310">
            <label>107</label>
            <p>
               <mixed-citation id="d7831e3851" publication-type="journal">
Held as Slayer, Girl Cites Baby in New Defense, supra note 93, at 5.  <fpage>5</fpage>
               </mixed-citation>
            </p>
         </fn>
         <fn id="d7831e3863a1310">
            <label>108</label>
            <p>
               <mixed-citation id="d7831e3870" publication-type="journal">
No Chicago Woman Convicted of Murder, supra note 93, at 3.  <fpage>3</fpage>
               </mixed-citation>
            </p>
         </fn>
         <fn id="d7831e3882a1310">
            <label>109</label>
            <p>
               <mixed-citation id="d7831e3891" publication-type="other">
Illinois v. Stapleton, 133 N.E. 224, 226 (III.
1921)</mixed-citation>
            </p>
            <p>
               <mixed-citation id="d7831e3900" publication-type="other">
Illinois v. Forte, 110 N.E. 47, 49 (Ill. 1915)</mixed-citation>
            </p>
            <p>
               <mixed-citation id="d7831e3907" publication-type="other">
Illinois v. Williams, 88 N.E. 1053, 1056
(Ill. 1909)</mixed-citation>
            </p>
            <p>
               <mixed-citation id="d7831e3916" publication-type="other">
Foglia v. Illinois, 82 N.E. 262, 264 (Ill. 1907)</mixed-citation>
            </p>
            <p>
               <mixed-citation id="d7831e3922" publication-type="other">
Steiner v. Illinois, 58 N.E. 383,
384 (Ill. 1900)</mixed-citation>
            </p>
            <p>
               <mixed-citation id="d7831e3931" publication-type="other">
Healy v. Illinois, 45 N.E. 230, 234 (Ill. 1896)</mixed-citation>
            </p>
            <p>
               <mixed-citation id="d7831e3937" publication-type="other">
Enright v. Illinois, 39 N.E.
561, 562 (Ill. 1895)</mixed-citation>
            </p>
         </fn>
         <fn id="d7831e3947a1310">
            <label>110</label>
            <p>
               <mixed-citation id="d7831e3954" publication-type="journal">
Court Says Woman Had Right to Kill, CHI. INTER- OCEAN, Mar. 21, 1905, at 3.<issue>Mar. 21</issue>
                  <fpage>3</fpage>
                  <source>Chi. Inter- Ocean</source>
                  <year>1905</year>
               </mixed-citation>
            </p>
         </fn>
         <fn id="d7831e3974a1310">
            <label>111</label>
            <p>
               <mixed-citation id="d7831e3981" publication-type="journal">
Kills Spouse; Is Free, CHI. REC.-HERALD, Mar. 21, 1905 at 5.<issue>Mar. 21</issue>
                  <fpage>5</fpage>
                  <source>Chi. Rec.-Herald</source>
                  <year>1905</year>
               </mixed-citation>
            </p>
         </fn>
         <fn id="d7831e4000a1310">
            <label>112</label>
            <p>
               <mixed-citation id="d7831e4007" publication-type="journal">
Id.  </mixed-citation>
            </p>
         </fn>
         <fn id="d7831e4016a1310">
            <label>113</label>
            <p>
               <mixed-citation id="d7831e4023" publication-type="book">
KAREN
LYSTRA, SEARCHING THE HEART (1989)<person-group>
                     <string-name>
                        <surname>Lystra</surname>
                     </string-name>
                  </person-group>
                  <source>Searching the Heart</source>
                  <year>1989</year>
               </mixed-citation>
            </p>
            <p>
               <mixed-citation id="d7831e4047" publication-type="book">
ELAINE TYLER MAY, GREAT
EXPECTATIONS (1980)<person-group>
                     <string-name>
                        <surname>May</surname>
                     </string-name>
                  </person-group>
                  <source>Great Expectations</source>
                  <year>1980</year>
               </mixed-citation>
            </p>
         </fn>
         <fn id="d7831e4072a1310">
            <label>114</label>
            <p>
               <mixed-citation id="d7831e4079" publication-type="journal">
A Wanton's Revenge, CHI. TRIB., July 11, 1882, at 3.<issue>July 11</issue>
                  <fpage>3</fpage>
                  <source>Chi. Trib.</source>
                  <year>1882</year>
               </mixed-citation>
            </p>
         </fn>
         <fn id="d7831e4098a1310">
            <label>115</label>
            <p>
               <mixed-citation id="d7831e4105" publication-type="journal">
Pamela Haag, The Ill-Use of a Wife: Patterns of
Working-Class Violence in Domestic and Public New York City, 1860-1880, 25 J. Soc.
HIST. 447 (1992)<person-group>
                     <string-name>
                        <surname>Haag</surname>
                     </string-name>
                  </person-group>
                  <fpage>447</fpage>
                  <source>25 J. Soc. Hist.</source>
                  <year>1992</year>
               </mixed-citation>
            </p>
            <p>
               <mixed-citation id="d7831e4136" publication-type="book">
SKOGAN, supra note 11, at 31  <fpage>31</fpage>
               </mixed-citation>
            </p>
         </fn>
         <fn id="d7831e4148a1310">
            <label>116</label>
            <p>
               <mixed-citation id="d7831e4155" publication-type="book">
LINDA GORDON, HEROES OF THEIR OWN LIVES 258-59 (1988)<person-group>
                     <string-name>
                        <surname>Gordon</surname>
                     </string-name>
                  </person-group>
                  <fpage>258</fpage>
                  <source>Heroes of Their Own Lives</source>
                  <year>1988</year>
               </mixed-citation>
            </p>
            <p>
               <mixed-citation id="d7831e4179" publication-type="book">
DAVID
PETERSON DEL MAR, WHAT TROUBLE I HAVE SEEN: A HISTORY OF VIOLENCE AGAINST WIVES
132 (1996).<person-group>
                     <string-name>
                        <surname>Peterson Del Mar</surname>
                     </string-name>
                  </person-group>
                  <fpage>132</fpage>
                  <source>What Trouble I Have Seen: A History of Violence Against Wives</source>
                  <year>1996</year>
               </mixed-citation>
            </p>
         </fn>
         <fn id="d7831e4212a1310">
            <label>117</label>
            <p>
               <mixed-citation id="d7831e4219" publication-type="book">
Mann, supra note 44, at 75  <fpage>75</fpage>
               </mixed-citation>
            </p>
            <p>
               <mixed-citation id="d7831e4230" publication-type="book">
Wilson &amp; Daly, supra note 6, at 202-04  <fpage>202</fpage>
               </mixed-citation>
            </p>
            <p>
               <mixed-citation id="d7831e4241" publication-type="book">
Deann K. Gauthier &amp;
William B. Bankston, Gender Equality and the Sex Ratio of Intimate Killing, 35
CRIMINOLOGY 577, 594 (1997)<person-group>
                     <string-name>
                        <surname>Gauthier</surname>
                     </string-name>
                  </person-group>
                  <comment content-type="section">Gender Equality and the Sex Ratio of Intimate Killing</comment>
                  <fpage>577</fpage>
                  <source>35 Criminology</source>
                  <year>1997</year>
               </mixed-citation>
            </p>
            <p>
               <mixed-citation id="d7831e4276" publication-type="book">
CAROLYN REBECCA BLOCK, LETHAL VIOLENCE IN CHICAGO
OVER SEVENTEEN YEARS: HOMICIDES KNOWN TO THE POLICE, 1965-1981, at 21, 43 (1985)<person-group>
                     <string-name>
                        <surname>Block</surname>
                     </string-name>
                  </person-group>
                  <fpage>21</fpage>
                  <source>Lethal Violence in Chicago Over Seventeen Years: Homicides Known to the Police</source>
                  <year>1985</year>
               </mixed-citation>
            </p>
            <p>
               <mixed-citation id="d7831e4304" publication-type="book">
MARC RIEDEL &amp; WAYNE WELSH, CRIMINAL VIOLENCE 157-60 (2002)<person-group>
                     <string-name>
                        <surname>Riedel</surname>
                     </string-name>
                  </person-group>
                  <fpage>157</fpage>
                  <source>Criminal Violence</source>
                  <year>2002</year>
               </mixed-citation>
            </p>
            <p>
               <mixed-citation id="d7831e4328" publication-type="journal">
Zimring et al., supra
note 44, at 923  <fpage>923</fpage>
               </mixed-citation>
            </p>
         </fn>
         <fn id="d7831e4343a1310">
            <label>118</label>
            <p>
               <mixed-citation id="d7831e4350" publication-type="book">
ALLAN H. SPEAR, BLACK CHICAGO (1967)<person-group>
                     <string-name>
                        <surname>Spear</surname>
                     </string-name>
                  </person-group>
                  <source>Black Chicago</source>
                  <year>1967</year>
               </mixed-citation>
            </p>
            <p>
               <mixed-citation id="d7831e4371" publication-type="book">
WILLIAM M. TUTTLE, JR., RACE RIOT
(1970)<person-group>
                     <string-name>
                        <surname>Tuttle</surname>
                     </string-name>
                  </person-group>
                  <source>Race Riot</source>
                  <year>1970</year>
               </mixed-citation>
            </p>
            <p>
               <mixed-citation id="d7831e4395" publication-type="book">
THOMAS LEE PHILPOTT, THE SLUM AND THE GHETTO (1978)<person-group>
                     <string-name>
                        <surname>Philpott</surname>
                     </string-name>
                  </person-group>
                  <source>The Slum and the Ghetto</source>
                  <year>1978</year>
               </mixed-citation>
            </p>
            <p>
               <mixed-citation id="d7831e4417" publication-type="book">
JAMES R. GROSSMAN,
LAND OF HOPE (1989)<person-group>
                     <string-name>
                        <surname>Grossman</surname>
                     </string-name>
                  </person-group>
                  <source>Land of Hope</source>
                  <year>1989</year>
               </mixed-citation>
            </p>
         </fn>
         <fn id="d7831e4442a1310">
            <label>120</label>
            <p>
               <mixed-citation id="d7831e4449" publication-type="journal">
Kisses Dying Man "Good-bye" in Patrol, CHI. DEFENDER, Aug. 4, 1917, at 1<issue>Aug. 4</issue>
                  <fpage>1</fpage>
                  <source>Chi. Defender</source>
                  <year>1917</year>
               </mixed-citation>
            </p>
            <p>
               <mixed-citation id="d7831e4467" publication-type="journal">
4 Shots End
Marital Woe, Chi. DEFENDER, May 18, 1918, at 1<issue>May 18</issue>
                  <fpage>1</fpage>
                  <source>Chi. Defender</source>
                  <year>1918</year>
               </mixed-citation>
            </p>
         </fn>
         <fn id="d7831e4490a1310">
            <label>122</label>
            <p>
               <mixed-citation id="d7831e4497" publication-type="book">
Jeffrey S. Adler, The Negro Would Be More Than An Angel to Withstand Such
Treatment. African-American Homicide in Chicago, 1875-1910, in LETHAL IMAGINATION:
VIOLENCE AND BRUTALITY IN AMERICAN HISTORY, 295 (1999)<person-group>
                     <string-name>
                        <surname>Adler</surname>
                     </string-name>
                  </person-group>
                  <comment content-type="section">The Negro Would Be More Than An Angel to Withstand Such Treatment. African-American Homicide in Chicago, 1875-1910</comment>
                  <fpage>295</fpage>
                  <source>Lethal Imagination: Violence And Brutality In American History</source>
                  <year>1999</year>
               </mixed-citation>
            </p>
         </fn>
         <fn id="d7831e4532a1310">
            <label>123</label>
            <p>
               <mixed-citation id="d7831e4539" publication-type="book">
FOURTEENTH CENSUS OF THE UNITED STATES, 1920, at 801 (1923).<fpage>801</fpage>
                  <source>Fourteenth Census of the United States</source>
                  <year>1923</year>
               </mixed-citation>
            </p>
         </fn>
         <fn id="d7831e4555a1310">
            <label>124</label>
            <p>
               <mixed-citation id="d7831e4564" publication-type="book">
Wilson &amp; Daly, supra note 6, at 208.  <fpage>208</fpage>
               </mixed-citation>
            </p>
            <p>
               <mixed-citation id="d7831e4575" publication-type="book">
Gauthier &amp;
Bankston, supra note 117, at 580  <fpage>580</fpage>
               </mixed-citation>
            </p>
            <p>
               <mixed-citation id="d7831e4590" publication-type="book">
PE-
TERSON DEL MAR, supra note 116, at 133-34  <fpage>133</fpage>
               </mixed-citation>
            </p>
         </fn>
         <fn id="d7831e4606a1310">
            <label>125</label>
            <p>
               <mixed-citation id="d7831e4613" publication-type="book">
CHICAGO COMM'N ON RACE RELATIONS, THE NEGRO IN CHICAGO: A STUDY
OF RACE RELATIONS AND A RACE RIOT 331 (1922)<person-group>
                     <string-name>
                        <surname>Chicago Comm'n on Race Relations</surname>
                     </string-name>
                  </person-group>
                  <fpage>331</fpage>
                  <source>The Negro in Chicago: A Study of Race Relations and a Race Riot</source>
                  <year>1922</year>
               </mixed-citation>
            </p>
         </fn>
         <fn id="d7831e4642a1310">
            <label>126</label>
            <p>
               <mixed-citation id="d7831e4649" publication-type="book">
BUREAU OF THE CENSUS,
ABSTRACT OF THE TWELFTH CENSUS OF THE UNITED STATES, 1900, 187 (1904)<person-group>
                     <string-name>
                        <surname>Bureau of the Census</surname>
                     </string-name>
                  </person-group>
                  <fpage>1900</fpage>
                  <source>Abstract of the Twelfth Census of the United States</source>
                  <year>1904</year>
               </mixed-citation>
            </p>
            <p>
               <mixed-citation id="d7831e4677" publication-type="book">
ARNOLD H. KEGEL,
DEPARTMENT OF HEALTH, CITY OF CHICAGO, REPORT FOR THE YEARS 1926 TO 1930,
INCLUSIVE 683 (1931).<person-group>
                     <string-name>
                        <surname>Kegel</surname>
                     </string-name>
                  </person-group>
                  <fpage>683</fpage>
                  <source>Department of Health, City of Chicago, Report for the Years 1926 to 1930</source>
                  <year>1931</year>
               </mixed-citation>
            </p>
         </fn>
         <fn id="d7831e4709a1310">
            <label>127</label>
            <p>
               <mixed-citation id="d7831e4716" publication-type="book">
Wilson &amp; Daly, supra note 6, at 208  <fpage>208</fpage>
               </mixed-citation>
            </p>
         </fn>
         <fn id="d7831e4728a1310">
            <label>128</label>
            <p>
               <mixed-citation id="d7831e4735" publication-type="book">
DALY &amp; WILSON, supra
note 3, at 198  <fpage>198</fpage>
               </mixed-citation>
            </p>
         </fn>
         <fn id="d7831e4750a1310">
            <label>129</label>
            <p>
               <mixed-citation id="d7831e4757" publication-type="journal">
Shots End Marital Woe, supra note 58, at 1  <fpage>1</fpage>
               </mixed-citation>
            </p>
            <p>
               <mixed-citation id="d7831e4768" publication-type="journal">
Speedy, supra note 52, at 1  <fpage>1</fpage>
               </mixed-citation>
            </p>
         </fn>
         <fn id="d7831e4780a1310">
            <label>130</label>
            <p>
               <mixed-citation id="d7831e4787" publication-type="journal">
Id. at 1.  <fpage>1</fpage>
               </mixed-citation>
            </p>
         </fn>
         <fn id="d7831e4800a1310">
            <label>131</label>
            <p>
               <mixed-citation id="d7831e4807" publication-type="journal">
Id.  </mixed-citation>
            </p>
         </fn>
         <fn id="d7831e4816a1310">
            <label>133</label>
            <p>
               <mixed-citation id="d7831e4823" publication-type="book">
DALY &amp; WILSON, supra note 3, at 197  <fpage>197</fpage>
               </mixed-citation>
            </p>
            <p>
               <mixed-citation id="d7831e4834" publication-type="book">
Cazenave &amp; Zahn, supra note 46, at 88  <fpage>88</fpage>
               </mixed-citation>
            </p>
         </fn>
         <fn id="d7831e4846a1310">
            <label>135</label>
            <p>
               <mixed-citation id="d7831e4853" publication-type="book">
BLOCK, supra note 117, at 43  <fpage>43</fpage>
               </mixed-citation>
            </p>
         </fn>
         <fn id="d7831e4865a1310">
            <label>137</label>
            <p>
               <mixed-citation id="d7831e4872" publication-type="book">
CHICAGO
COMM'N ON RACE RELATIONS, supra note 125, at 330, 332  <fpage>330</fpage>
               </mixed-citation>
            </p>
         </fn>
         <fn id="d7831e4887a1310">
            <label>138</label>
            <p>
               <mixed-citation id="d7831e4894" publication-type="book">
Cazenave &amp; Zahn, supra note 46 at 83  <fpage>83</fpage>
               </mixed-citation>
            </p>
            <p>
               <mixed-citation id="d7831e4905" publication-type="book">
PLECK, supra note 46, at 224  <fpage>224</fpage>
               </mixed-citation>
            </p>
         </fn>
         <fn id="d7831e4917a1310">
            <label>139</label>
            <p>
               <mixed-citation id="d7831e4924" publication-type="journal">
Court Says Woman Had Right to Kill, supra note 110, at 3.  <fpage>3</fpage>
               </mixed-citation>
            </p>
         </fn>
         <fn id="d7831e4937a1310">
            <label>140</label>
            <p>
               <mixed-citation id="d7831e4944" publication-type="book">
Cazenave &amp; Zahn, supra note 46, at 84, 89-95  <fpage>84</fpage>
               </mixed-citation>
            </p>
            <p>
               <mixed-citation id="d7831e4955" publication-type="journal">
Mann, supra note 44, at 80  <fpage>80</fpage>
               </mixed-citation>
            </p>
            <p>
               <mixed-citation id="d7831e4966" publication-type="book">
Ogle et
al., supra note 5, at 173-74  <fpage>173</fpage>
               </mixed-citation>
            </p>
         </fn>
         <fn id="d7831e4981a1310">
            <label>141</label>
            <p>
               <mixed-citation id="d7831e4988" publication-type="book">
Cazenave &amp; Zahn, supra note 46, at 89-95  <fpage>89</fpage>
               </mixed-citation>
            </p>
            <p>
               <mixed-citation id="d7831e4999" publication-type="book">
Ogle et al., supra note 5, at 173  <fpage>173</fpage>
               </mixed-citation>
            </p>
            <p>
               <mixed-citation id="d7831e5010" publication-type="journal">
Zimring
et al., supra note 44, at 921  <fpage>921</fpage>
               </mixed-citation>
            </p>
            <p>
               <mixed-citation id="d7831e5025" publication-type="book">
BROWNE, supra note 46, at 40, 135  <fpage>40</fpage>
               </mixed-citation>
            </p>
            <p>
               <mixed-citation id="d7831e5036" publication-type="book">
id.  </mixed-citation>
            </p>
         </fn>
         <fn id="d7831e5045a1310">
            <label>142</label>
            <p>
               <mixed-citation id="d7831e5052" publication-type="book">
BROWNE, supra note 46, at 141  <fpage>141</fpage>
               </mixed-citation>
            </p>
         </fn>
         <fn id="d7831e5064a1310">
            <label>143</label>
            <p>
               <mixed-citation id="d7831e5071" publication-type="conference">
Gwen Hoerr McNamee, Social Justice and the Chicago Courts: The Work
of the Protective Agency for Women and Children, 1886-1905 (paper presented at the An-
nual meeting of the Social Science History Association) (Oct. 26, 2000)<person-group>
                     <string-name>
                        <surname>McNamee</surname>
                     </string-name>
                  </person-group>
                  <comment content-type="section">Social Justice and the Chicago Courts: The Work of the Protective Agency for Women and Children, 1886-1905</comment>
                  <source>Annual meeting of the Social Science History Association (Oct. 26, 2000)</source>
                  <year>2000</year>
               </mixed-citation>
            </p>
         </fn>
      </fn-group>
   </back>
</article>
