<article dtd-version="1.0" article-type="research-article">
   <front>
      <journal-meta>
         <journal-id xmlns:xlink="http://www.w3.org/1999/xlink" journal-id-type="jstor">jcrimlawcrim1973</journal-id>
         <journal-id xmlns:xlink="http://www.w3.org/1999/xlink" journal-id-type="jstor">j100481</journal-id>
         <journal-title-group xmlns:xlink="http://www.w3.org/1999/xlink">
            <journal-title>The Journal of Criminal Law and Criminology (1973-)</journal-title>
         </journal-title-group>
         <publisher>
            <publisher-name>Northwestern University School of Law</publisher-name>
         </publisher>
         <issn xmlns:xlink="http://www.w3.org/1999/xlink" pub-type="ppub">00914169</issn>
      </journal-meta>
      <article-meta>
         <article-id xmlns:xlink="http://www.w3.org/1999/xlink" pub-id-type="jstor">20685024</article-id>
         <article-categories>
            <subj-group>
               <subject>COMMENTS</subject>
            </subj-group>
         </article-categories>
         <title-group>
            <article-title>FORMAL, CATEGORICAL, BUT INCOMPLETE: THE NEED FOR A NEW STANDARD IN EVALUATING PRIOR CONVICTIONS UNDER THE ARMED CAREER CRIMINAL ACT</article-title>
         </title-group>
         <contrib-group>
            <contrib>
               <string-name xmlns:xlink="http://www.w3.org/1999/xlink">
                  <given-names>KRYSTLE</given-names>
                  <surname>LAMPRECHT</surname>
               </string-name>
            </contrib>
         </contrib-group>
         <pub-date xmlns:xlink="http://www.w3.org/1999/xlink">
            <day>1</day>
            <month>7</month>
            <year>2008</year>
         </pub-date>
         <volume>98</volume>
         <issue>4</issue>
         <issue-id xmlns:xlink="http://www.w3.org/1999/xlink">i20685018</issue-id>
         <fpage>1407</fpage>
         <lpage>1438</lpage>
         <permissions>
            <copyright-statement>Copyright © 2008 Northwestern University, School of Law</copyright-statement>
         </permissions>
         <self-uri xmlns:xlink="http://www.w3.org/1999/xlink"
                   xlink:href="http://www.jstor.org/stable/20685024"/>
         <abstract>
            <p>Legislative history indicates that the Armed Career Criminal Act (ACCA), which provides for increased sentences for offenders who have three qualifying prior convictions, was intended to be applied narrowly to the smallest possible subset of offenders qualifying as "career criminals." Any prior conviction must satisfy both a substantive elements requirement and a sentencing requirement. Courts have established a standard for only one of these—the substantive elements requirement. In an attempt to narrow the scope of qualifying prior convictions and ensure national uniformity of application, the Supreme Court has provided a "formal categorical" approach to evaluating prior convictions. This test compares the substantive elements that were proven to a jury in a previous conviction to the elements of the generic offense. While this approach has resulted in greater uniformity in application of ACCA, in the two decades since its establishment, the formal categorical approach has failed to result in either the nationwide consistency or the narrowing of ACCA's scope that Congress and the courts have intended. An equivalent test for the other requirement a prior conviction must meet—that the underlying conduct constitute a crime "punishable by imprisonment for a term exceeding one year"—would solve many of the problems currently plaguing ACCA. This standard should discount any sentencing enhancements previously applied to prior convictions and would allow consistent evaluation of convictions at the national level, independent of variance in state law. A single, nationally-uniform source of sentencing guidelines could come from national averages of the sentence ranges currently existing in the criminal codes of most states, or from the U.S. Sentencing Guidelines Manual. This uniform approach to the sentencing requirement would allow courts to apply ACCA's requirements on a national level consistently and with a narrow scope—reducing disproportionality in sentencing, increasing the deterrent effectiveness of ACCA, and accomplishing Congress's goal of selective incapacitation of the worst, most unrehabilitative of career criminals.</p>
         </abstract>
         <custom-meta-group xmlns:xlink="http://www.w3.org/1999/xlink">
            <custom-meta>
               <meta-name>lang</meta-name>
               <meta-value>eng</meta-value>
            </custom-meta>
         </custom-meta-group>
      </article-meta>
   </front>
   <back>
      <fn-group xmlns:xlink="http://www.w3.org/1999/xlink">
         <title>[Footnotes]</title>
         <fn id="d6685e123a1310">
            <label>1</label>
            <p>
               <mixed-citation id="d6685e130" publication-type="other">
18 U.S.C. § 924(e) (2006).</mixed-citation>
            </p>
         </fn>
         <fn id="d6685e137a1310">
            <label>2</label>
            <p>
               <mixed-citation id="d6685e144" publication-type="other">
Ewing v. California, 538 U.S. 11,19 (2003)</mixed-citation>
            </p>
         </fn>
         <fn id="d6685e151a1310">
            <label>3</label>
            <p>
               <mixed-citation id="d6685e158" publication-type="other">
United States v. Sperberg, 432 F.3d 706 (7th Cir. 2005)</mixed-citation>
            </p>
            <p>
               <mixed-citation id="d6685e164" publication-type="other">
Beverly G. Dyer, Revising
Criminal History: Model Sentencing Guidelines §§ 4.1-4.2, 18 Fed. Sent'g. Rep. 373, 376
(June 2006)</mixed-citation>
            </p>
         </fn>
         <fn id="d6685e177a1310">
            <label>4</label>
            <p>
               <mixed-citation id="d6685e184" publication-type="other">
Stephen R. Sady, ACCA Lessons: The Armed Career Criminal Act-What's Wrong with
"Three Strikes, You're Out"?, 7 Fed. Sent'g. Rep. 69, 70 (1994)</mixed-citation>
            </p>
         </fn>
         <fn id="d6685e195a1310">
            <label>5</label>
            <p>
               <mixed-citation id="d6685e202" publication-type="other">
infra notes 32-39</mixed-citation>
            </p>
         </fn>
         <fn id="d6685e209a1310">
            <label>6</label>
            <p>
               <mixed-citation id="d6685e216" publication-type="other">
United States v. Duval, 496 F.3d 64, 84 (1st Cir. 2007).</mixed-citation>
            </p>
         </fn>
         <fn id="d6685e223a1310">
            <label>7</label>
            <p>
               <mixed-citation id="d6685e230" publication-type="other">
infra notes 46-58 and accompanying text.</mixed-citation>
            </p>
         </fn>
         <fn id="d6685e237a1310">
            <label>8</label>
            <p>
               <mixed-citation id="d6685e244" publication-type="other">
George Fisher, Plea Bargaining's Triumph, 109 Yale L.J. 857, 874 &amp; n.41 (2000)</mixed-citation>
            </p>
         </fn>
         <fn id="d6685e251a1310">
            <label>9</label>
            <p>
               <mixed-citation id="d6685e258" publication-type="other">
U.S. Sentencing Guidelines Manual § 1 (2007).</mixed-citation>
            </p>
         </fn>
         <fn id="d6685e265a1310">
            <label>10</label>
            <p>
               <mixed-citation id="d6685e272" publication-type="other">
18 U.S.C. § 922(g) (2006)</mixed-citation>
            </p>
         </fn>
         <fn id="d6685e280a1310">
            <label>11</label>
            <p>
               <mixed-citation id="d6685e287" publication-type="other">
Career Criminal Amendment Act of
1986, Pub. L. No. 99-308, 100 Stat. 459 (Supp. IV 1986)</mixed-citation>
            </p>
            <p>
               <mixed-citation id="d6685e296" publication-type="other">
1988 amendment,
part of the Anti-Drug Abuse Act of 1988, Pub. L. No. 100-690 § 7056, 102 Stat. 4181, 4462
(1988),</mixed-citation>
            </p>
            <p>
               <mixed-citation id="d6685e308" publication-type="other">
Derrick D. Crago, Note, The
Problem of Counting to Three Under the Armed Career Criminal Act, 41 Case W. Res. L.
Rev. 1179, 1182 (1991).</mixed-citation>
            </p>
            <p>
               <mixed-citation id="d6685e321" publication-type="other">
Id. at 1185.</mixed-citation>
            </p>
            <p>
               <mixed-citation id="d6685e327" publication-type="other">
infra note 37 and accompanying text.</mixed-citation>
            </p>
         </fn>
         <fn id="d6685e334a1310">
            <label>12</label>
            <p>
               <mixed-citation id="d6685e341" publication-type="other">
United States v. Booker, 543 U.S. 220, 245-46 (2005)</mixed-citation>
            </p>
            <p>
               <mixed-citation id="d6685e347" publication-type="other">
Sentencing Reform Act of 1984, as amended, 18
U.S.C. § 3551 (1984)</mixed-citation>
            </p>
            <p>
               <mixed-citation id="d6685e356" publication-type="other">
Petition for Writ of Certiorari,
Booker, 543 U.S. 220 (No. 04-104), pt. I)</mixed-citation>
            </p>
         </fn>
         <fn id="d6685e366a1310">
            <label>13</label>
            <p>
               <mixed-citation id="d6685e373" publication-type="other">
18 U.S.C. § 924(e) (2000).</mixed-citation>
            </p>
         </fn>
         <fn id="d6685e380a1310">
            <label>14</label>
            <p>
               <mixed-citation id="d6685e387" publication-type="other">
Id. § 924(e)(2)(B).</mixed-citation>
            </p>
         </fn>
         <fn id="d6685e394a1310">
            <label>15</label>
            <p>
               <mixed-citation id="d6685e401" publication-type="other">
Id.</mixed-citation>
            </p>
         </fn>
         <fn id="d6685e408a1310">
            <label>16</label>
            <p>
               <mixed-citation id="d6685e415" publication-type="other">
Nathan H. Seltzer, Note,
When the Tail Wags the Dog: The Collision Course Between Recidivism Statutes and the
Double Jeopardy Clause, 83 B.U. L. Rev. 921 (2004)</mixed-citation>
            </p>
            <p>
               <mixed-citation id="d6685e427" publication-type="other">
infra notes 24-26.</mixed-citation>
            </p>
         </fn>
         <fn id="d6685e435a1310">
            <label>17</label>
            <p>
               <mixed-citation id="d6685e442" publication-type="other">
United States v. Reynolds, 215 F.3d 1210, 1214 (11th Cir. 2000), cert denied, 531
U.S. 1000 (2000)</mixed-citation>
            </p>
            <p>
               <mixed-citation id="d6685e451" publication-type="other">
United States v. Conner, 886 F.2d 984, 985 (8th Cir. 1989)</mixed-citation>
            </p>
            <p>
               <mixed-citation id="d6685e457" publication-type="other">
No. 89-1541SI, 1989 U.S. App. LEXIS
16482 (8th Cir. Nov. 1, 1989)</mixed-citation>
            </p>
            <p>
               <mixed-citation id="d6685e467" publication-type="other">
United States v. Hawkins, 811 F.2d 210, 217 (3d Cir. 1987)
(finding that ACCA does not violate Equal Protection Clause), cert, denied, 484 U.S. 833
(1987)</mixed-citation>
            </p>
            <p>
               <mixed-citation id="d6685e479" publication-type="other">
United States v. Greene, 810 F.2d 999, 1000 (11th Cir. 1986) (finding that ACCA
does not constitute an ex post facto law), post-conviction proceeding, 880 F.2d 1299 (11th
Cir. 1989), reh'g denied, 888 F.2d 1398 (11th Cir. 1989), cert, denied, 494 U.S. 1018
(1990).</mixed-citation>
            </p>
         </fn>
         <fn id="d6685e495a1310">
            <label>18</label>
            <p>
               <mixed-citation id="d6685e502" publication-type="other">
Almendarez-Torres v. United States, 523 U.S. 224, 236 (1998)</mixed-citation>
            </p>
            <p>
               <mixed-citation id="d6685e508" publication-type="other">
Winship, 397 U.S. 358, 364 (1970)</mixed-citation>
            </p>
         </fn>
         <fn id="d6685e515a1310">
            <label>19</label>
            <p>
               <mixed-citation id="d6685e522" publication-type="other">
infra discussion accompanying notes 32-39.</mixed-citation>
            </p>
         </fn>
         <fn id="d6685e529a1310">
            <label>20</label>
            <p>
               <mixed-citation id="d6685e536" publication-type="other">
S. Rep. No. 97-585, at 3, 20 (1982).</mixed-citation>
            </p>
         </fn>
         <fn id="d6685e543a1310">
            <label>21</label>
            <p>
               <mixed-citation id="d6685e550" publication-type="other">
Id. at 62-63.</mixed-citation>
            </p>
         </fn>
         <fn id="d6685e557a1310">
            <label>22</label>
            <p>
               <mixed-citation id="d6685e564" publication-type="other">
infra note 43 and accompanying discussion and examples.</mixed-citation>
            </p>
         </fn>
         <fn id="d6685e572a1310">
            <label>23</label>
            <p>
               <mixed-citation id="d6685e579" publication-type="other">
United States v. Balascsak, 873 F.2d 673 (3d Cir. 1989)</mixed-citation>
            </p>
         </fn>
         <fn id="d6685e586a1310">
            <label>24</label>
            <p>
               <mixed-citation id="d6685e593" publication-type="other">
Parke v. Raley, 506 U.S. 20, 26 (1992).</mixed-citation>
            </p>
         </fn>
         <fn id="d6685e600a1310">
            <label>25</label>
            <p>
               <mixed-citation id="d6685e607" publication-type="other">
Parke, 506 U.S. at 26.</mixed-citation>
            </p>
         </fn>
         <fn id="d6685e614a1310">
            <label>26</label>
            <p>
               <mixed-citation id="d6685e621" publication-type="other">
Witte v. United States, 515 U.S. 389, 400 (1995)</mixed-citation>
            </p>
            <p>
               <mixed-citation id="d6685e627" publication-type="other">
Graham v. West Virginia, 224
U.S. 616, 629 (1912)</mixed-citation>
            </p>
            <p>
               <mixed-citation id="d6685e636" publication-type="other">
Seltzer, supra note 16, at 933</mixed-citation>
            </p>
         </fn>
         <fn id="d6685e643a1310">
            <label>27</label>
            <p>
               <mixed-citation id="d6685e650" publication-type="other">
Seltzer, supra note 16, at 935-36</mixed-citation>
            </p>
            <p>
               <mixed-citation id="d6685e656" publication-type="other">
Ewing v. California, 538 U.S. 11 (2003)</mixed-citation>
            </p>
            <p>
               <mixed-citation id="d6685e662" publication-type="other">
infra notes 68-87</mixed-citation>
            </p>
            <p>
               <mixed-citation id="d6685e669" publication-type="other">
Seltzer, supra note 16, at 946</mixed-citation>
            </p>
            <p>
               <mixed-citation id="d6685e675" publication-type="other">
Id.</mixed-citation>
            </p>
         </fn>
         <fn id="d6685e682a1310">
            <label>28</label>
            <p>
               <mixed-citation id="d6685e689" publication-type="other">
infra notes 68-87</mixed-citation>
            </p>
         </fn>
         <fn id="d6685e697a1310">
            <label>29</label>
            <p>
               <mixed-citation id="d6685e704" publication-type="other">
U.S. Sentencing Comm'n, Measuring Recidivism: The Criminal History
Computation of the Federal Sentencing Guidelines 14 (May 2004), available at
www.ussc.gov/publicat/Recidivism_General.pdf [hereinafter Measuring Recidivism]</mixed-citation>
            </p>
         </fn>
         <fn id="d6685e717a1310">
            <label>30</label>
            <p>
               <mixed-citation id="d6685e724" publication-type="other">
Marvin E. Wolfgang et al., Delinquency in a Birth Cohort 88 (1972)</mixed-citation>
            </p>
            <p>
               <mixed-citation id="d6685e730" publication-type="other">
supra note 20
and accompanying text.</mixed-citation>
            </p>
         </fn>
         <fn id="d6685e740a1310">
            <label>31</label>
            <p>
               <mixed-citation id="d6685e747" publication-type="other">
Measuring Recidivism, supra note 29, at 37.</mixed-citation>
            </p>
            <p>
               <mixed-citation id="d6685e753" publication-type="other">
Id.</mixed-citation>
            </p>
         </fn>
         <fn id="d6685e760a1310">
            <label>32</label>
            <p>
               <mixed-citation id="d6685e767" publication-type="other">
134 Cong. Rec. 15807 (1988).</mixed-citation>
            </p>
         </fn>
         <fn id="d6685e774a1310">
            <label>33</label>
            <p>
               <mixed-citation id="d6685e781" publication-type="other">
Wolfgang et al., supra note 30</mixed-citation>
            </p>
            <p>
               <mixed-citation id="d6685e787" publication-type="other">
Sady, supra note 4, at 69</mixed-citation>
            </p>
         </fn>
         <fn id="d6685e794a1310">
            <label>34</label>
            <p>
               <mixed-citation id="d6685e801" publication-type="other">
Taylor v. United States, 495 U.S. 575, 581 (1990).</mixed-citation>
            </p>
         </fn>
         <fn id="d6685e809a1310">
            <label>35</label>
            <p>
               <mixed-citation id="d6685e816" publication-type="other">
Crago, supra note 11, at 1194</mixed-citation>
            </p>
         </fn>
         <fn id="d6685e823a1310">
            <label>36</label>
            <p>
               <mixed-citation id="d6685e830" publication-type="other">
Jill C. Rafaloff, Note, The Armed Career Criminal Act: Sentence Enhancement Statute
or New Offense?, 56 Fordham L. Rev. 1085, 1091 n.42 (1988)</mixed-citation>
            </p>
            <p>
               <mixed-citation id="d6685e839" publication-type="other">
130 Cong. Rec.
H101551 (daily ed. Oct. 1, 1984)</mixed-citation>
            </p>
         </fn>
         <fn id="d6685e849a1310">
            <label>37</label>
            <p>
               <mixed-citation id="d6685e856" publication-type="other">
134 Cong. Rec. 15807</mixed-citation>
            </p>
         </fn>
         <fn id="d6685e863a1310">
            <label>38</label>
            <p>
               <mixed-citation id="d6685e870" publication-type="other">
Almendarez-Torres v. United States, 523 U.S. 224, 234 (1998)</mixed-citation>
            </p>
            <p>
               <mixed-citation id="d6685e876" publication-type="other">
Trainmen v. Baltimore &amp; Ohio R. Co., 331 U.S. 519,
528-29(1947))</mixed-citation>
            </p>
         </fn>
         <fn id="d6685e886a1310">
            <label>39</label>
            <p>
               <mixed-citation id="d6685e893" publication-type="other">
Note, Selective Incapacitation: Reducing Crime Through Predictions of
Recidivism, 96 Harv. L. Rev. 511 (1982)</mixed-citation>
            </p>
         </fn>
         <fn id="d6685e903a1310">
            <label>40</label>
            <p>
               <mixed-citation id="d6685e910" publication-type="other">
18 U.S.C. § 924(e)(1) (2006).</mixed-citation>
            </p>
         </fn>
         <fn id="d6685e918a1310">
            <label>41</label>
            <p>
               <mixed-citation id="d6685e925" publication-type="other">
Id. § 924(e)(2)(B)(i-ii).</mixed-citation>
            </p>
         </fn>
         <fn id="d6685e932a1310">
            <label>42</label>
            <p>
               <mixed-citation id="d6685e939" publication-type="other">
Id. § 924(e)(2)(B).</mixed-citation>
            </p>
         </fn>
         <fn id="d6685e946a1310">
            <label>43</label>
            <p>
               <mixed-citation id="d6685e953" publication-type="other">
Dyer,
supra note 3, at 376.</mixed-citation>
            </p>
            <p>
               <mixed-citation id="d6685e962" publication-type="other">
United States v. Bockes, 447 F.3d 1090, 1093 (8th Cir. 2006)</mixed-citation>
            </p>
            <p>
               <mixed-citation id="d6685e968" publication-type="other">
United
States v. Richardson, 437 F.3d 550, 556 (6th Cir. 2006)</mixed-citation>
            </p>
            <p>
               <mixed-citation id="d6685e978" publication-type="other">
United States v. Lindquist, 421 F.3d 751, 754 (8th Cir. 2005)</mixed-citation>
            </p>
            <p>
               <mixed-citation id="d6685e984" publication-type="other">
United States v. James, 337 F.3d 387, 390-91 (4th Cir. 2003)</mixed-citation>
            </p>
            <p>
               <mixed-citation id="d6685e990" publication-type="other">
United States v. Bryant, 310 F.3d 550, 553 (7th Cir.
2002)</mixed-citation>
            </p>
            <p>
               <mixed-citation id="d6685e999" publication-type="other">
Dyer, supra note 3, at 379 n.19.</mixed-citation>
            </p>
         </fn>
         <fn id="d6685e1006a1310">
            <label>44</label>
            <p>
               <mixed-citation id="d6685e1013" publication-type="other">
supra text accompanying notes 32-39.</mixed-citation>
            </p>
         </fn>
         <fn id="d6685e1020a1310">
            <label>45</label>
            <p>
               <mixed-citation id="d6685e1027" publication-type="other">
Taylor v. United States, 495 U.S. 575, 600 (1990).</mixed-citation>
            </p>
         </fn>
         <fn id="d6685e1034a1310">
            <label>46</label>
            <p>
               <mixed-citation id="d6685e1041" publication-type="other">
Taylor, 495 U.S. at 599-602.</mixed-citation>
            </p>
         </fn>
         <fn id="d6685e1049a1310">
            <label>47</label>
            <p>
               <mixed-citation id="d6685e1056" publication-type="other">
Id. at 560.</mixed-citation>
            </p>
         </fn>
         <fn id="d6685e1063a1310">
            <label>48</label>
            <p>
               <mixed-citation id="d6685e1070" publication-type="other">
United States v. Corona-Sanchez, 291 F.3d 1201, 1203-04 (9th Cir. 2001)</mixed-citation>
            </p>
            <p>
               <mixed-citation id="d6685e1076" publication-type="other">
United States v. Rivera-Sanchez, 247 F.3d 905, 908 (9th Cir. 2001)</mixed-citation>
            </p>
            <p>
               <mixed-citation id="d6685e1082" publication-type="other">
United States v. Casarez-Bravo, 181 F.3d 1074, 1077 (9th Cir. 1999)</mixed-citation>
            </p>
         </fn>
         <fn id="d6685e1089a1310">
            <label>49</label>
            <p>
               <mixed-citation id="d6685e1096" publication-type="other">
Taylor, 495 U.S. at 599.</mixed-citation>
            </p>
         </fn>
         <fn id="d6685e1103a1310">
            <label>50</label>
            <p>
               <mixed-citation id="d6685e1110" publication-type="other">
Daniel Doeschner, Note, A Narrowing of the Prior Conviction Exception, 71
Brook. L. Rev. 1333, 1338-39 (2006).</mixed-citation>
            </p>
         </fn>
         <fn id="d6685e1120a1310">
            <label>51</label>
            <p>
               <mixed-citation id="d6685e1127" publication-type="other">
Winship, 397 U.S. 358, 364 (1970)</mixed-citation>
            </p>
            <p>
               <mixed-citation id="d6685e1133" publication-type="other">
McMillan v.
Pennsylvania, 477 U.S. 79, 85-86 (1986)</mixed-citation>
            </p>
         </fn>
         <fn id="d6685e1143a1310">
            <label>52</label>
            <p>
               <mixed-citation id="d6685e1150" publication-type="other">
United States v. Tigne, 266 F.3d 1187, 1196 (9th Cir. 2001).</mixed-citation>
            </p>
         </fn>
         <fn id="d6685e1158a1310">
            <label>53</label>
            <p>
               <mixed-citation id="d6685e1165" publication-type="other">
United States v. Alvarez, 972 F.2d 1000, 1005 (9th Cir. 1992).</mixed-citation>
            </p>
         </fn>
         <fn id="d6685e1172a1310">
            <label>54</label>
            <p>
               <mixed-citation id="d6685e1179" publication-type="other">
Taylor, 495 U.S. at 598</mixed-citation>
            </p>
            <p>
               <mixed-citation id="d6685e1185" publication-type="other">
Tighe, 266 F.3d at 1196</mixed-citation>
            </p>
         </fn>
         <fn id="d6685e1192a1310">
            <label>55</label>
            <p>
               <mixed-citation id="d6685e1199" publication-type="other">
Taylor, 495 U.S. at 591.</mixed-citation>
            </p>
            <p>
               <mixed-citation id="d6685e1205" publication-type="other">
Tex. Penal Code Ann. §§ 30.01-30.05 (1989 and
Supp. 1990)</mixed-citation>
            </p>
            <p>
               <mixed-citation id="d6685e1214" publication-type="other">
Cal. Penal
Code Ann. § 459 (West Supp. 1990)</mixed-citation>
            </p>
         </fn>
         <fn id="d6685e1224a1310">
            <label>56</label>
            <p>
               <mixed-citation id="d6685e1231" publication-type="other">
Taylor, 495 U.S. at 591</mixed-citation>
            </p>
            <p>
               <mixed-citation id="d6685e1237" publication-type="other">
Mich. Comp. Laws § 750.110 (1979).</mixed-citation>
            </p>
         </fn>
         <fn id="d6685e1244a1310">
            <label>57</label>
            <p>
               <mixed-citation id="d6685e1251" publication-type="other">
Taylor, 495 U.S. at 591-92</mixed-citation>
            </p>
            <p>
               <mixed-citation id="d6685e1257" publication-type="other">
United States v. Turley, 352 U.S.
407, 411 (1957)</mixed-citation>
            </p>
         </fn>
         <fn id="d6685e1267a1310">
            <label>58</label>
            <p>
               <mixed-citation id="d6685e1274" publication-type="other">
infra note 60</mixed-citation>
            </p>
            <p>
               <mixed-citation id="d6685e1280" publication-type="other">

              No. CR-05-47-B-W, 2006 U.S. Dist. LEXIS 45721, at
              
              10
            
(D. Me. July 5, 2006).</mixed-citation>
            </p>
         </fn>
         <fn id="d6685e1294a1310">
            <label>59</label>
            <p>
               <mixed-citation id="d6685e1301" publication-type="other">
United States v. Corona-Sanchez, 291 F.3d 1201, 1210 (9th Cir. 2001)</mixed-citation>
            </p>
         </fn>
         <fn id="d6685e1308a1310">
            <label>60</label>
            <p>
               <mixed-citation id="d6685e1315" publication-type="other">
Ewing v. California, 538 U.S. 11, 16-17 (2003)</mixed-citation>
            </p>
            <p>
               <mixed-citation id="d6685e1321" publication-type="other">
Cal. Penal Code Ann.
§ 17(b)(5), (1) (1999)</mixed-citation>
            </p>
         </fn>
         <fn id="d6685e1331a1310">
            <label>61</label>
            <p>
               <mixed-citation id="d6685e1338" publication-type="other">
Id.</mixed-citation>
            </p>
         </fn>
         <fn id="d6685e1345a1310">
            <label>62</label>
            <p>
               <mixed-citation id="d6685e1352" publication-type="other">
Seltzer, supra note 16, at 924</mixed-citation>
            </p>
            <p>
               <mixed-citation id="d6685e1358" publication-type="other">
Ewing, 538 U.S. at 16-17</mixed-citation>
            </p>
         </fn>
         <fn id="d6685e1365a1310">
            <label>63</label>
            <p>
               <mixed-citation id="d6685e1372" publication-type="other">
Lockyer v. Andrade, 538 U.S. 63, 66 (2003)</mixed-citation>
            </p>
            <p>
               <mixed-citation id="d6685e1378" publication-type="other">
Id. at 67-68.</mixed-citation>
            </p>
            <p>
               <mixed-citation id="d6685e1384" publication-type="other">
Id. at 66.</mixed-citation>
            </p>
         </fn>
         <fn id="d6685e1391a1310">
            <label>64</label>
            <p>
               <mixed-citation id="d6685e1398" publication-type="other">
Leocal v. Ashcroft, 543 U.S. 1, (2004)</mixed-citation>
            </p>
         </fn>
         <fn id="d6685e1406a1310">
            <label>65</label>
            <p>
               <mixed-citation id="d6685e1413" publication-type="other">
Id.</mixed-citation>
            </p>
            <p>
               <mixed-citation id="d6685e1419" publication-type="other">
id. with 18 U.S.C. § 924(e)(2)(B)(i) (2006)</mixed-citation>
            </p>
         </fn>
         <fn id="d6685e1426a1310">
            <label>66</label>
            <p>
               <mixed-citation id="d6685e1433" publication-type="other">
United States v. McCall, 439 F.3d 967, 972 (8th Cir. 2006)</mixed-citation>
            </p>
            <p>
               <mixed-citation id="d6685e1439" publication-type="other">
United States v.
Sperberg, 432 F.3d 706, 708 (7th Cir. 2005)</mixed-citation>
            </p>
         </fn>
         <fn id="d6685e1449a1310">
            <label>67</label>
            <p>
               <mixed-citation id="d6685e1458" publication-type="other">
Taylor v. United States, 495 U.S. 575 (1990).</mixed-citation>
            </p>
            <p>
               <mixed-citation id="d6685e1464" publication-type="other">
supra notes 64-66</mixed-citation>
            </p>
         </fn>
         <fn id="d6685e1471a1310">
            <label>68</label>
            <p>
               <mixed-citation id="d6685e1478" publication-type="other">
Sperberg, 432 F.3d at 708.</mixed-citation>
            </p>
         </fn>
         <fn id="d6685e1485a1310">
            <label>69</label>
            <p>
               <mixed-citation id="d6685e1492" publication-type="other">
Id. at 707</mixed-citation>
            </p>
         </fn>
         <fn id="d6685e1499a1310">
            <label>70</label>
            <p>
               <mixed-citation id="d6685e1506" publication-type="other">
Id.</mixed-citation>
            </p>
            <p>
               <mixed-citation id="d6685e1512" publication-type="other">
Id. at 708.</mixed-citation>
            </p>
         </fn>
         <fn id="d6685e1520a1310">
            <label>71</label>
            <p>
               <mixed-citation id="d6685e1529" publication-type="other">
United States v. Balascsak, 873 F.2d 673, 680 (3d Cir. 1989)</mixed-citation>
            </p>
            <p>
               <mixed-citation id="d6685e1535" publication-type="other">
S. Rep. No. 97-585, at 3 (1982))</mixed-citation>
            </p>
         </fn>
         <fn id="d6685e1542a1310">
            <label>72</label>
            <p>
               <mixed-citation id="d6685e1549" publication-type="other">
United States v. Duval, 496 F.3d 64 (1st Cir. 2007).</mixed-citation>
            </p>
         </fn>
         <fn id="d6685e1556a1310">
            <label>73</label>
            <p>
               <mixed-citation id="d6685e1563" publication-type="other">
Id. at 83.</mixed-citation>
            </p>
         </fn>
         <fn id="d6685e1570a1310">
            <label>74</label>
            <p>
               <mixed-citation id="d6685e1577" publication-type="other">
Under Me. Rev. Stat. Ann. tit. 17-A, § 1252(2) (2007)</mixed-citation>
            </p>
            <p>
               <mixed-citation id="d6685e1583" publication-type="other">
Duval, 496 F.3d at 80-81.</mixed-citation>
            </p>
         </fn>
         <fn id="d6685e1590a1310">
            <label>75</label>
            <p>
               <mixed-citation id="d6685e1597" publication-type="other">
Id. at 81-82.</mixed-citation>
            </p>
         </fn>
         <fn id="d6685e1604a1310">
            <label>76</label>
            <p>
               <mixed-citation id="d6685e1611" publication-type="other">
Id. at 82.</mixed-citation>
            </p>
         </fn>
         <fn id="d6685e1619a1310">
            <label>77</label>
            <p>
               <mixed-citation id="d6685e1626" publication-type="other">
Id.</mixed-citation>
            </p>
         </fn>
         <fn id="d6685e1633a1310">
            <label>78</label>
            <p>
               <mixed-citation id="d6685e1640" publication-type="other">
Id.</mixed-citation>
            </p>
         </fn>
         <fn id="d6685e1647a1310">
            <label>79</label>
            <p>
               <mixed-citation id="d6685e1654" publication-type="other">
Id. at 82-83.</mixed-citation>
            </p>
         </fn>
         <fn id="d6685e1661a1310">
            <label>80</label>
            <p>
               <mixed-citation id="d6685e1668" publication-type="other">
Apprendi v. New Jersey, 530 U.S. 466, 476 (2000).</mixed-citation>
            </p>
         </fn>
         <fn id="d6685e1675a1310">
            <label>81</label>
            <p>
               <mixed-citation id="d6685e1682" publication-type="other">
Almendarez-Torres v. United States, 523 U.S. 224, 243 (1998).</mixed-citation>
            </p>
         </fn>
         <fn id="d6685e1689a1310">
            <label>82</label>
            <p>
               <mixed-citation id="d6685e1696" publication-type="other">
Id.</mixed-citation>
            </p>
            <p>
               <mixed-citation id="d6685e1702" publication-type="other">
Apprendi, 530 U.S. at 489-90</mixed-citation>
            </p>
         </fn>
         <fn id="d6685e1710a1310">
            <label>83</label>
            <p>
               <mixed-citation id="d6685e1717" publication-type="other">
Duval, 496F.3d at 72.</mixed-citation>
            </p>
         </fn>
         <fn id="d6685e1724a1310">
            <label>84</label>
            <p>
               <mixed-citation id="d6685e1731" publication-type="other">
Id.</mixed-citation>
            </p>
            <p>
               <mixed-citation id="d6685e1737" publication-type="other">
18 U.S.C. § 922(g)(1) (2006)</mixed-citation>
            </p>
            <p>
               <mixed-citation id="d6685e1743" publication-type="other">
18 U.S.C.
§ 924(a)(2) (2006).</mixed-citation>
            </p>
         </fn>
         <fn id="d6685e1753a1310">
            <label>85</label>
            <p>
               <mixed-citation id="d6685e1760" publication-type="other">
supra notes 68-71</mixed-citation>
            </p>
         </fn>
         <fn id="d6685e1767a1310">
            <label>86</label>
            <p>
               <mixed-citation id="d6685e1774" publication-type="other">
supra note 27</mixed-citation>
            </p>
         </fn>
         <fn id="d6685e1781a1310">
            <label>88</label>
            <p>
               <mixed-citation id="d6685e1790" publication-type="other">
Thomas W. Hillier, Comparing Three Strikes and the ACCA—Lessons to
Learn, 7 Fed. Sent'g. Rep. 78, 78 (1994)</mixed-citation>
            </p>
         </fn>
         <fn id="d6685e1800a1310">
            <label>89</label>
            <p>
               <mixed-citation id="d6685e1807" publication-type="other">
18 U.S.C.
§ 924(e)(2)(B) (2006).</mixed-citation>
            </p>
         </fn>
         <fn id="d6685e1818a1310">
            <label>90</label>
            <p>
               <mixed-citation id="d6685e1825" publication-type="other">
Taylor v. United States, 495 U.S. 575 (1990).</mixed-citation>
            </p>
            <p>
               <mixed-citation id="d6685e1831" publication-type="other">
United States v. Duval, 496 F.3d 64,
83 (1st Cir. 2007)</mixed-citation>
            </p>
         </fn>
         <fn id="d6685e1841a1310">
            <label>91</label>
            <p>
               <mixed-citation id="d6685e1848" publication-type="other">
United States v. Corona-Sanchez, 291 F.3d 1201, 1203-04 (9th Cir. 2001).</mixed-citation>
            </p>
            <p>
               <mixed-citation id="d6685e1854" publication-type="other">
8
U.S.C. § 1326(b)(2) (2000)</mixed-citation>
            </p>
            <p>
               <mixed-citation id="d6685e1863" publication-type="other">
8 U.S.C.
§ 1326(b)(2)</mixed-citation>
            </p>
            <p>
               <mixed-citation id="d6685e1873" publication-type="other">
Corona-Sanchez, 291 F.3d at 1205, 1217.</mixed-citation>
            </p>
         </fn>
         <fn id="d6685e1880a1310">
            <label>92</label>
            <p>
               <mixed-citation id="d6685e1887" publication-type="other">
Id. at 1206.</mixed-citation>
            </p>
         </fn>
         <fn id="d6685e1894a1310">
            <label>93</label>
            <p>
               <mixed-citation id="d6685e1901" publication-type="other">
Id. at 1208.</mixed-citation>
            </p>
         </fn>
         <fn id="d6685e1908a1310">
            <label>94</label>
            <p>
               <mixed-citation id="d6685e1915" publication-type="other">
Id.</mixed-citation>
            </p>
            <p>
               <mixed-citation id="d6685e1921" publication-type="other">
Cal. Penal Code § 490 (West Supp. 1990).</mixed-citation>
            </p>
         </fn>
         <fn id="d6685e1928a1310">
            <label>95</label>
            <p>
               <mixed-citation id="d6685e1935" publication-type="other">
Corona-Sanchez, 291 F.3d at 1207.</mixed-citation>
            </p>
         </fn>
         <fn id="d6685e1943a1310">
            <label>96</label>
            <p>
               <mixed-citation id="d6685e1950" publication-type="other">
Id. at 1208.</mixed-citation>
            </p>
         </fn>
         <fn id="d6685e1957a1310">
            <label>97</label>
            <p>
               <mixed-citation id="d6685e1964" publication-type="other">
Id. at 1209</mixed-citation>
            </p>
            <p>
               <mixed-citation id="d6685e1970" publication-type="other">
Apprendi v. New Jersey, 530 U.S. 466, 488 (2000)</mixed-citation>
            </p>
            <p>
               <mixed-citation id="d6685e1976" publication-type="other">
People v. Bouzas, 807 P.2d 1076, 1080 (Cal. 1991)</mixed-citation>
            </p>
         </fn>
         <fn id="d6685e1983a1310">
            <label>98</label>
            <p>
               <mixed-citation id="d6685e1990" publication-type="other">
Corona-Sanchez, 291 F.3dat 1209-10.</mixed-citation>
            </p>
         </fn>
         <fn id="d6685e1997a1310">
            <label>99</label>
            <p>
               <mixed-citation id="d6685e2004" publication-type="other">
United States v. Duval, 496 F.3d 64, 81-82 (1st Cir. 2007)</mixed-citation>
            </p>
         </fn>
         <fn id="d6685e2011a1310">
            <label>100</label>
            <p>
               <mixed-citation id="d6685e2018" publication-type="other">
Id.</mixed-citation>
            </p>
         </fn>
         <fn id="d6685e2025a1310">
            <label>101</label>
            <p>
               <mixed-citation id="d6685e2032" publication-type="other">
supra notes 24-26 and accompanying text.</mixed-citation>
            </p>
         </fn>
         <fn id="d6685e2040a1310">
            <label>102</label>
            <p>
               <mixed-citation id="d6685e2047" publication-type="other">
Apprendi, 530 U.S. at 490</mixed-citation>
            </p>
            <p>
               <mixed-citation id="d6685e2053" publication-type="other">
Rafaloff, supra note
36, at 1097</mixed-citation>
            </p>
         </fn>
         <fn id="d6685e2063a1310">
            <label>103</label>
            <p>
               <mixed-citation id="d6685e2070" publication-type="other">
Taylor v. United States, 495 U.S. 575, 600 (1990)</mixed-citation>
            </p>
            <p>
               <mixed-citation id="d6685e2076" publication-type="other">
18 U.S.C.
§ 924(e)(2)(B)(ii) (2006)</mixed-citation>
            </p>
            <p>
               <mixed-citation id="d6685e2085" publication-type="other">
18 U.S.C. § 924(e)(1)</mixed-citation>
            </p>
         </fn>
         <fn id="d6685e2092a1310">
            <label>104</label>
            <p>
               <mixed-citation id="d6685e2099" publication-type="other">
Doeschner, supra note 50, at 1356</mixed-citation>
            </p>
            <p>
               <mixed-citation id="d6685e2105" publication-type="other">
Almendarez-Torres v. United States, 523 U.S. 224, 234 (1998)</mixed-citation>
            </p>
            <p>
               <mixed-citation id="d6685e2111" publication-type="other">
Jones v.
United States, 526 U.S. 227, 248-49 (1999)</mixed-citation>
            </p>
            <p>
               <mixed-citation id="d6685e2121" publication-type="other">
McMillan v. Pennsylvania, 477 U.S. 79, 87
(1986))</mixed-citation>
            </p>
         </fn>
         <fn id="d6685e2131a1310">
            <label>105</label>
            <p>
               <mixed-citation id="d6685e2138" publication-type="other">
supra notes 68-87</mixed-citation>
            </p>
         </fn>
         <fn id="d6685e2145a1310">
            <label>106</label>
            <p>
               <mixed-citation id="d6685e2152" publication-type="other">
Jones, 526 U.S. at 256-57</mixed-citation>
            </p>
            <p>
               <mixed-citation id="d6685e2158" publication-type="other">
Almendarez-Torres, 523 U.S. at 230</mixed-citation>
            </p>
         </fn>
         <fn id="d6685e2165a1310">
            <label>107</label>
            <p>
               <mixed-citation id="d6685e2172" publication-type="other">
United States v. McCaffrey, 437 F.3d 684, 690 (2006)</mixed-citation>
            </p>
            <p>
               <mixed-citation id="d6685e2178" publication-type="other">
United States v. Booker, 543 U.S. 220 (2005)</mixed-citation>
            </p>
            <p>
               <mixed-citation id="d6685e2184" publication-type="other">
Doeschner, supra note 50, at 1334</mixed-citation>
            </p>
         </fn>
         <fn id="d6685e2192a1310">
            <label>108</label>
            <p>
               <mixed-citation id="d6685e2199" publication-type="other">
United States v. Duval, 496 F.3d 64, 82-83 (1st Cir. 2007)</mixed-citation>
            </p>
            <p>
               <mixed-citation id="d6685e2205" publication-type="other">
supra notes 72-86 and
accompanying text.</mixed-citation>
            </p>
         </fn>
         <fn id="d6685e2215a1310">
            <label>109</label>
            <p>
               <mixed-citation id="d6685e2222" publication-type="other">
Id. at 80-81</mixed-citation>
            </p>
            <p>
               <mixed-citation id="d6685e2228" publication-type="other">
Me. Rev. Stat. Ann. tit. 17-A, § 1252(2) (2007)</mixed-citation>
            </p>
         </fn>
         <fn id="d6685e2235a1310">
            <label>110</label>
            <p>
               <mixed-citation id="d6685e2242" publication-type="other">
Rummel v. Estelle, 445 U.S. 263, 288 (1980)</mixed-citation>
            </p>
            <p>
               <mixed-citation id="d6685e2248" publication-type="other">
id. at 288 n.l 1</mixed-citation>
            </p>
         </fn>
         <fn id="d6685e2255a1310">
            <label>111</label>
            <p>
               <mixed-citation id="d6685e2262" publication-type="other">
Me. Rev. Stat. Ann. tit. 17-A, § 1252(4-A).</mixed-citation>
            </p>
         </fn>
         <fn id="d6685e2269a1310">
            <label>112</label>
            <p>
               <mixed-citation id="d6685e2276" publication-type="other">
Ewing v. California, 538 U.S. 11, 16-17 (2003)</mixed-citation>
            </p>
            <p>
               <mixed-citation id="d6685e2282" publication-type="other">
Duval, 496 F.3d at 84</mixed-citation>
            </p>
            <p>
               <mixed-citation id="d6685e2288" publication-type="other">
United States v. Fernandez, 121 F.3d 777, 780 (1st Cir. 1997)</mixed-citation>
            </p>
            <p>
               <mixed-citation id="d6685e2295" publication-type="other">
United States v.

              Reeves, No. CR-05-47-B-W, 2006 U.S. Dist. LEXIS 45721, at
              
              10 (D. Me. July 5, 2006)
            </mixed-citation>
            </p>
         </fn>
         <fn id="d6685e2308a1310">
            <label>113</label>
            <p>
               <mixed-citation id="d6685e2315" publication-type="other">
Duval, 496F.3d at 84.</mixed-citation>
            </p>
         </fn>
         <fn id="d6685e2323a1310">
            <label>114</label>
            <p>
               <mixed-citation id="d6685e2330" publication-type="other">
id.</mixed-citation>
            </p>
         </fn>
         <fn id="d6685e2337a1310">
            <label>115</label>
            <p>
               <mixed-citation id="d6685e2344" publication-type="other">
infra Part III.C.3.</mixed-citation>
            </p>
         </fn>
         <fn id="d6685e2351a1310">
            <label>116</label>
            <p>
               <mixed-citation id="d6685e2358" publication-type="other">
Carlton F. Gunn, Reconsidering Prior Convictions: So Many Crimes, So Little Time:
The Categorical Approach to the Characterization of a Prior Conviction Under the Armed
Career Criminal Act, 7 Fed. Sent'g. Rep. 66 (1994).</mixed-citation>
            </p>
         </fn>
         <fn id="d6685e2371a1310">
            <label>117</label>
            <p>
               <mixed-citation id="d6685e2378" publication-type="other">
Id. at 66.</mixed-citation>
            </p>
         </fn>
         <fn id="d6685e2385a1310">
            <label>118</label>
            <p>
               <mixed-citation id="d6685e2392" publication-type="other">
sapra Part III.B.1.</mixed-citation>
            </p>
         </fn>
         <fn id="d6685e2399a1310">
            <label>119</label>
            <p>
               <mixed-citation id="d6685e2406" publication-type="other">
Duval, 496 F.3d at 83</mixed-citation>
            </p>
         </fn>
         <fn id="d6685e2414a1310">
            <label>120</label>
            <p>
               <mixed-citation id="d6685e2421" publication-type="other">
Id. at 81-82</mixed-citation>
            </p>
         </fn>
         <fn id="d6685e2428a1310">
            <label>121</label>
            <p>
               <mixed-citation id="d6685e2435" publication-type="other">
Me. Rev. Stat. Ann. tit. 17-A, § 207(3) (2006).</mixed-citation>
            </p>
         </fn>
         <fn id="d6685e2442a1310">
            <label>122</label>
            <p>
               <mixed-citation id="d6685e2449" publication-type="other">
Mass. Gen. Laws ch. 265, § 13A(a) (2008).</mixed-citation>
            </p>
         </fn>
         <fn id="d6685e2456a1310">
            <label>123</label>
            <p>
               <mixed-citation id="d6685e2463" publication-type="other">
Duval, 496 F.3d at 83</mixed-citation>
            </p>
         </fn>
         <fn id="d6685e2470a1310">
            <label>124</label>
            <p>
               <mixed-citation id="d6685e2477" publication-type="other">
H.R. Rep. No. 98-1073, at 5</mixed-citation>
            </p>
            <p>
               <mixed-citation id="d6685e2483" publication-type="other">
1984 U.S.C.C.A.N. 3661, 3665.</mixed-citation>
            </p>
            <p>
               <mixed-citation id="d6685e2489" publication-type="other">
Id.</mixed-citation>
            </p>
         </fn>
         <fn id="d6685e2496a1310">
            <label>125</label>
            <p>
               <mixed-citation id="d6685e2503" publication-type="other">
S. Rep. No. 98-190, at 20 (1983).</mixed-citation>
            </p>
         </fn>
         <fn id="d6685e2511a1310">
            <label>126</label>
            <p>
               <mixed-citation id="d6685e2518" publication-type="other">
Taylor v. United States, 495 U.S. 575, 582 (1990).</mixed-citation>
            </p>
         </fn>
         <fn id="d6685e2525a1310">
            <label>127</label>
            <p>
               <mixed-citation id="d6685e2532" publication-type="other">
Id.</mixed-citation>
            </p>
         </fn>
         <fn id="d6685e2539a1310">
            <label>128</label>
            <p>
               <mixed-citation id="d6685e2546" publication-type="other">
Id. at 591-92.</mixed-citation>
            </p>
         </fn>
         <fn id="d6685e2553a1310">
            <label>129</label>
            <p>
               <mixed-citation id="d6685e2560" publication-type="other">
supra Part III.C.2</mixed-citation>
            </p>
         </fn>
         <fn id="d6685e2567a1310">
            <label>130</label>
            <p>
               <mixed-citation id="d6685e2574" publication-type="other">
supra notes 99-100</mixed-citation>
            </p>
         </fn>
         <fn id="d6685e2581a1310">
            <label>131</label>
            <p>
               <mixed-citation id="d6685e2588" publication-type="other">
United States v. Duval, 496 F.3d 64, 83-84 (1st Cir. 2007).</mixed-citation>
            </p>
         </fn>
         <fn id="d6685e2596a1310">
            <label>132</label>
            <p>
               <mixed-citation id="d6685e2603" publication-type="other">
Duval, 496 F.3d at 84</mixed-citation>
            </p>
         </fn>
         <fn id="d6685e2610a1310">
            <label>133</label>
            <p>
               <mixed-citation id="d6685e2617" publication-type="other">
supra notes 41-42</mixed-citation>
            </p>
         </fn>
         <fn id="d6685e2624a1310">
            <label>135</label>
            <p>
               <mixed-citation id="d6685e2631" publication-type="other">
supra notes 32-39 and accompanying text.</mixed-citation>
            </p>
         </fn>
         <fn id="d6685e2638a1310">
            <label>136</label>
            <p>
               <mixed-citation id="d6685e2645" publication-type="other">
Measuring Recidivism, supra note 29</mixed-citation>
            </p>
         </fn>
         <fn id="d6685e2652a1310">
            <label>137</label>
            <p>
               <mixed-citation id="d6685e2659" publication-type="other">
Sady, supra note 4, at 70</mixed-citation>
            </p>
         </fn>
         <fn id="d6685e2666a1310">
            <label>138</label>
            <p>
               <mixed-citation id="d6685e2673" publication-type="other">
Measuring Recidivism, supra note 29, at 14.</mixed-citation>
            </p>
         </fn>
         <fn id="d6685e2681a1310">
            <label>139</label>
            <p>
               <mixed-citation id="d6685e2688" publication-type="other">
Id.</mixed-citation>
            </p>
         </fn>
         <fn id="d6685e2695a1310">
            <label>141</label>
            <p>
               <mixed-citation id="d6685e2702" publication-type="other">
Measuring Recidivism, supra note 29, at 37</mixed-citation>
            </p>
            <p>
               <mixed-citation id="d6685e2708" publication-type="other">
supra note 31</mixed-citation>
            </p>
         </fn>
         <fn id="d6685e2715a1310">
            <label>142</label>
            <p>
               <mixed-citation id="d6685e2724" publication-type="other">
United States v. Balascsak, 873 F.2d 673, 682 (3d Cir. 1989)</mixed-citation>
            </p>
            <p>
               <mixed-citation id="d6685e2730" publication-type="other">
Armed Career Criminal Act: Hearing on HR. 1627 and S. 52 Before
the Subcomm. On Crime of the House Comm. On the Judiciary, 98th Cong., 2d Sess. 6
(1984)</mixed-citation>
            </p>
         </fn>
         <fn id="d6685e2743a1310">
            <label>143</label>
            <p>
               <mixed-citation id="d6685e2750" publication-type="other">
United States v. Corona-Sanchez, 291 F.3d 1201, 1204 (9th Cir. 2001)</mixed-citation>
            </p>
         </fn>
         <fn id="d6685e2757a1310">
            <label>144</label>
            <p>
               <mixed-citation id="d6685e2764" publication-type="other">
Taylor v. United States, 495 U.S. 575, 598 (1990)</mixed-citation>
            </p>
         </fn>
         <fn id="d6685e2771a1310">
            <label>145</label>
            <p>
               <mixed-citation id="d6685e2778" publication-type="other">
Fisher, supra note 8, at 874 &amp; n.41</mixed-citation>
            </p>
         </fn>
         <fn id="d6685e2786a1310">
            <label>146</label>
            <p>
               <mixed-citation id="d6685e2793" publication-type="other">
Corona-Sanchez, 291 F.3dat 1210.</mixed-citation>
            </p>
         </fn>
         <fn id="d6685e2800a1310">
            <label>147</label>
            <p>
               <mixed-citation id="d6685e2807" publication-type="other">
Doeschner, supra note 50, at 1371-72.</mixed-citation>
            </p>
            <p>
               <mixed-citation id="d6685e2813" publication-type="other">
Id.</mixed-citation>
            </p>
         </fn>
         <fn id="d6685e2820a1310">
            <label>148</label>
            <p>
               <mixed-citation id="d6685e2827" publication-type="other">
Corona-Sanchez, 291 F.3d at 1209</mixed-citation>
            </p>
         </fn>
         <fn id="d6685e2834a1310">
            <label>149</label>
            <p>
               <mixed-citation id="d6685e2841" publication-type="other">
supra note 57</mixed-citation>
            </p>
         </fn>
         <fn id="d6685e2848a1310">
            <label>150</label>
            <p>
               <mixed-citation id="d6685e2855" publication-type="other">
supra notes 126-28</mixed-citation>
            </p>
         </fn>
         <fn id="d6685e2862a1310">
            <label>151</label>
            <p>
               <mixed-citation id="d6685e2869" publication-type="other">
supra note 4.</mixed-citation>
            </p>
         </fn>
         <fn id="d6685e2877a1310">
            <label>152</label>
            <p>
               <mixed-citation id="d6685e2886" publication-type="other">
Ewing v. California, 538 U.S. 11, 30-
31 (2003)</mixed-citation>
            </p>
         </fn>
         <fn id="d6685e2896a1310">
            <label>153</label>
            <p>
               <mixed-citation id="d6685e2903" publication-type="other">
supra Part III.D.I.</mixed-citation>
            </p>
         </fn>
         <fn id="d6685e2910a1310">
            <label>154</label>
            <p>
               <mixed-citation id="d6685e2917" publication-type="other">
Taylor v. United States, 495 U.S. 575, 588-89 (1990)</mixed-citation>
            </p>
         </fn>
         <fn id="d6685e2924a1310">
            <label>155</label>
            <p>
               <mixed-citation id="d6685e2931" publication-type="other">
supra note 145.</mixed-citation>
            </p>
         </fn>
         <fn id="d6685e2938a1310">
            <label>156</label>
            <p>
               <mixed-citation id="d6685e2945" publication-type="other">
Taylor, 495 U.S. at 598.</mixed-citation>
            </p>
         </fn>
         <fn id="d6685e2952a1310">
            <label>157</label>
            <p>
               <mixed-citation id="d6685e2959" publication-type="other">
Id.</mixed-citation>
            </p>
            <p>
               <mixed-citation id="d6685e2965" publication-type="other">
Perrin v. United States, 444 U.S. 37, 45 (1979)</mixed-citation>
            </p>
            <p>
               <mixed-citation id="d6685e2971" publication-type="other">
United States v. Nardello, 393 U.S. 286, 289 (1969))</mixed-citation>
            </p>
         </fn>
         <fn id="d6685e2979a1310">
            <label>158</label>
            <p>
               <mixed-citation id="d6685e2986" publication-type="other">
Taylor, 495 U.S. at 598.</mixed-citation>
            </p>
         </fn>
         <fn id="d6685e2993a1310">
            <label>159</label>
            <p>
               <mixed-citation id="d6685e3000" publication-type="other">
U.S. Sentencing Guidelines Manual (2007).</mixed-citation>
            </p>
         </fn>
         <fn id="d6685e3007a1310">
            <label>160</label>
            <p>
               <mixed-citation id="d6685e3014" publication-type="other">
Office of Publishing and Public Affairs, United States Sentencing
Commission. An Overview of the United States Sentencing Commission 1 (2005),
http://www.ussc.gov/general/USSCoverview_2005.pdf.</mixed-citation>
            </p>
         </fn>
         <fn id="d6685e3027a1310">
            <label>161</label>
            <p>
               <mixed-citation id="d6685e3034" publication-type="other">
United States v. Booker, 543 U.S. 220, 253 (2005)</mixed-citation>
            </p>
         </fn>
         <fn id="d6685e3041a1310">
            <label>162</label>
            <p>
               <mixed-citation id="d6685e3048" publication-type="other">
supra notes 120-23</mixed-citation>
            </p>
         </fn>
         <fn id="d6685e3055a1310">
            <label>163</label>
            <p>
               <mixed-citation id="d6685e3062" publication-type="other">
U.S. Sentencing Guidelines Manual § 2A2.3(a)(1).</mixed-citation>
            </p>
         </fn>
         <fn id="d6685e3070a1310">
            <label>164</label>
            <p>
               <mixed-citation id="d6685e3077" publication-type="other">
id. ch. 5, pt. A.</mixed-citation>
            </p>
         </fn>
         <fn id="d6685e3084a1310">
            <label>165</label>
            <p>
               <mixed-citation id="d6685e3091" publication-type="other">
Measuring Recidivism, supra note 29, at 37.</mixed-citation>
            </p>
         </fn>
         <fn id="d6685e3098a1310">
            <label>166</label>
            <p>
               <mixed-citation id="d6685e3105" publication-type="other">
Id.</mixed-citation>
            </p>
         </fn>
         <fn id="d6685e3112a1310">
            <label>167</label>
            <p>
               <mixed-citation id="d6685e3119" publication-type="other">
U.S. Sentencing Guidelines Manual ch. 5, pt. A.</mixed-citation>
            </p>
         </fn>
         <fn id="d6685e3126a1310">
            <label>168</label>
            <p>
               <mixed-citation id="d6685e3133" publication-type="other">
28 U.S.C. § 994 (2000 &amp; Supp. V 2005)</mixed-citation>
            </p>
         </fn>
         <fn id="d6685e3140a1310">
            <label>169</label>
            <p>
               <mixed-citation id="d6685e3147" publication-type="other">
Taylor v. United States, 495 U.S. 575, 591-92 (1990)</mixed-citation>
            </p>
            <p>
               <mixed-citation id="d6685e3153" publication-type="other">
United States
v. Turley, 352 U.S. 407, 411 (1957)</mixed-citation>
            </p>
         </fn>
      </fn-group>
   </back>
</article>
