<article dtd-version="1.0" article-type="research-article">
   <front>
      <journal-meta>
         <journal-id xmlns:xlink="http://www.w3.org/1999/xlink" journal-id-type="jstor">jcrimlawcrim1973</journal-id>
         <journal-id xmlns:xlink="http://www.w3.org/1999/xlink" journal-id-type="jstor">j100481</journal-id>
         <journal-title-group xmlns:xlink="http://www.w3.org/1999/xlink">
            <journal-title>The Journal of Criminal Law and Criminology (1973-)</journal-title>
         </journal-title-group>
         <publisher>
            <publisher-name>Northwestern University School of Law</publisher-name>
         </publisher>
         <issn xmlns:xlink="http://www.w3.org/1999/xlink" pub-type="ppub">00914169</issn>
      </journal-meta>
      <article-meta>
         <article-id xmlns:xlink="http://www.w3.org/1999/xlink" pub-id-type="jstor">20685068</article-id>
         <article-categories>
            <subj-group>
               <subject>COMMENTS</subject>
            </subj-group>
         </article-categories>
         <title-group>
            <article-title>ACES AND EIGHTS: WHY THE UNLAWFUL INTERNET GAMBLING ENFORCEMENT ACT RESIDES IN "DEAD MAN'S" LAND IN ATTEMPTING TO FURTHER CURB ONLINE GAMBLING AND WHY EXPANDED CRIMINALIZATION IS PREFERABLE TO LEGALIZATION</article-title>
         </title-group>
         <contrib-group>
            <contrib>
               <string-name xmlns:xlink="http://www.w3.org/1999/xlink">
                  <given-names>Jonathan</given-names>
                  <surname>Conon</surname>
               </string-name>
            </contrib>
         </contrib-group>
         <pub-date xmlns:xlink="http://www.w3.org/1999/xlink">
            <day>1</day>
            <month>10</month>
            <year>2009</year>
         </pub-date>
         <volume>99</volume>
         <issue>4</issue>
         <issue-id xmlns:xlink="http://www.w3.org/1999/xlink">i20685061</issue-id>
         <fpage>1157</fpage>
         <lpage>1194</lpage>
         <permissions>
            <copyright-statement>Copyright © 2009 Northwestern University, School of Law</copyright-statement>
         </permissions>
         <self-uri xmlns:xlink="http://www.w3.org/1999/xlink"
                   xlink:href="http://www.jstor.org/stable/20685068"/>
         <abstract>
            <p>The legalization of Internet gambling is a hotly contested issue among its various supporters and detractors, despite the topic remaining in relative obscurity within criminal law scholarship. Advocates for online poker are particularly vocal in the belief that their activity should be exempt from any form of a gambling ban. Recent academic articles, as well as current legislative proposals, have in fact advocated for an environment where Internet gambling is regulated and taxed by the federal government. This Comment is intended to balance the Internet gambling debate by presenting economic and social arguments against a legalization regime. It also seriously questions whether Internet poker is deserving of an exemption from a gambling ban. Before reaching these issues, this Comment surveys the current focal point of Internet gambling law, the Unlawful Internet Gambling Enforcement Act, as well as other existing and proposed gambling legislation. Ultimately, this Comment concludes that clearly defining "unlawful Internet gambling" and then broadening the criminalization of the activity to reach both operators and participants is a preferable approach to proposals that call for regulation and taxation.</p>
         </abstract>
         <custom-meta-group xmlns:xlink="http://www.w3.org/1999/xlink">
            <custom-meta>
               <meta-name>lang</meta-name>
               <meta-value>eng</meta-value>
            </custom-meta>
         </custom-meta-group>
      </article-meta>
   </front>
   <back>
      <fn-group xmlns:xlink="http://www.w3.org/1999/xlink">
         <title>[Footnotes]</title>
         <fn id="d333e123a1310">
            <label>1</label>
            <p>
               <mixed-citation id="d333e130" publication-type="other">
31 U.S.C. §§ 5361-5367(2006).</mixed-citation>
            </p>
         </fn>
         <fn id="d333e137a1310">
            <label>2</label>
            <p>
               <mixed-citation id="d333e144" publication-type="other">
H.R. 2267, 111th Cong. (2009).</mixed-citation>
            </p>
         </fn>
         <fn id="d333e151a1310">
            <label>3</label>
            <p>
               <mixed-citation id="d333e158" publication-type="other">
31 U.S.C. §§ 5361-5367.</mixed-citation>
            </p>
         </fn>
         <fn id="d333e165a1310">
            <label>4</label>
            <p>
               <mixed-citation id="d333e172" publication-type="other">
Id. at § 5361(a)(3).</mixed-citation>
            </p>
            <p>
               <mixed-citation id="d333e178" publication-type="other">
Kiran S. Raj, Comment, Drawing a Line in the Sand: How the Federal Government Can
Work with the States to Regulate Internet Gambling, 56 Emory L. J. 777, 793 (2006).</mixed-citation>
            </p>
         </fn>
         <fn id="d333e189a1310">
            <label>5</label>
            <p>
               <mixed-citation id="d333e196" publication-type="other">
Michael Blankenship, Note, The Unlawful Internet Gambling Enforcement Act: A
Bad Gambling Act? You Betchal, 60 Rutgers L. Rev. 485, 500 (2008).</mixed-citation>
            </p>
         </fn>
         <fn id="d333e206a1310">
            <label>6</label>
            <p>
               <mixed-citation id="d333e213" publication-type="other">
31 U.S.C. § 5361(a)(4).</mixed-citation>
            </p>
            <p>
               <mixed-citation id="d333e219" publication-type="other">
Michael A. Tselnik, Note, Check, Raise, or Fold: Poker and the Unlawful Internet Gambling
Enforcement Act, 35 Hofstra L. Rev. 1617, 1622 (2007).</mixed-citation>
            </p>
            <p>
               <mixed-citation id="d333e228" publication-type="other">
Christopher Grohman, Reconsidering Regulation: A Historical
View of the Legality of Internet Poker and Discussion of the Internet Gambling Ban of 2006,
1 J. Legal Tech. Risk Mgmt. 34, 64 (2006).</mixed-citation>
            </p>
         </fn>
         <fn id="d333e241a1310">
            <label>7</label>
            <p>
               <mixed-citation id="d333e248" publication-type="other">
Mark Aubuchon, Note, The Unlawful Internet Gambling Enforcement Act of2006:
A Parlay of Ambiguities and Uncertainties Surrounding the Laws of the Internet Gambling
Industry, 7 Appalachian J.L. 305, 312 (2008).</mixed-citation>
            </p>
         </fn>
         <fn id="d333e261a1310">
            <label>8</label>
            <p>
               <mixed-citation id="d333e268" publication-type="other">
Blankenship, supra note 5, at 496.</mixed-citation>
            </p>
         </fn>
         <fn id="d333e275a1310">
            <label>9</label>
            <p>
               <mixed-citation id="d333e282" publication-type="other">
infra text accompanying notes 19-25.</mixed-citation>
            </p>
         </fn>
         <fn id="d333e289a1310">
            <label>10</label>
            <p>
               <mixed-citation id="d333e296" publication-type="other">
infra text accompanying notes 104-120.</mixed-citation>
            </p>
         </fn>
         <fn id="d333e304a1310">
            <label>11</label>
            <p>
               <mixed-citation id="d333e311" publication-type="other">
Blankenship, supra note 5, at 486.</mixed-citation>
            </p>
         </fn>
         <fn id="d333e318a1310">
            <label>12</label>
            <p>
               <mixed-citation id="d333e325" publication-type="other">
id. at 496</mixed-citation>
            </p>
         </fn>
         <fn id="d333e332a1310">
            <label>13</label>
            <p>
               <mixed-citation id="d333e339" publication-type="other">
Id.</mixed-citation>
            </p>
         </fn>
         <fn id="d333e346a1310">
            <label>14</label>
            <p>
               <mixed-citation id="d333e353" publication-type="other">
Id.</mixed-citation>
            </p>
         </fn>
         <fn id="d333e360a1310">
            <label>15</label>
            <p>
               <mixed-citation id="d333e367" publication-type="other">
31 U.S.C. § 5362(10)(A) (2006).</mixed-citation>
            </p>
         </fn>
         <fn id="d333e374a1310">
            <label>16</label>
            <p>
               <mixed-citation id="d333e381" publication-type="other">
supra text and accompanying note 6.</mixed-citation>
            </p>
         </fn>
         <fn id="d333e389a1310">
            <label>17</label>
            <p>
               <mixed-citation id="d333e396" publication-type="other">
Aubuchon, supra note 7, at 306.</mixed-citation>
            </p>
         </fn>
         <fn id="d333e403a1310">
            <label>18</label>
            <p>
               <mixed-citation id="d333e410" publication-type="other">
Poker Players Alliance FAQ #4, http://pokerplayersalliance.org/about/
faq/#faq7 (last visited Sept. 25, 2009)</mixed-citation>
            </p>
         </fn>
         <fn id="d333e420a1310">
            <label>19</label>
            <p>
               <mixed-citation id="d333e427" publication-type="other">
31 U.S.C. §§ 5362(1)(E), 5362(10)(C)-(E).</mixed-citation>
            </p>
         </fn>
         <fn id="d333e434a1310">
            <label>20</label>
            <p>
               <mixed-citation id="d333e441" publication-type="other">
Id. § 5362(1)(E)(ix).</mixed-citation>
            </p>
         </fn>
         <fn id="d333e448a1310">
            <label>21</label>
            <p>
               <mixed-citation id="d333e455" publication-type="other">
Jon Boswell, Note, Fantasy Sports: A Game of Skill that Is Implicitly Legal
Under State Law, and Now Explicitly Legal Under Federal Law, 25 Cardozo Arts &amp; Ent.
L.J. 1257, 1265 (2008).</mixed-citation>
            </p>
         </fn>
         <fn id="d333e468a1310">
            <label>22</label>
            <p>
               <mixed-citation id="d333e475" publication-type="other">
Tselnik, supra note 6, at 1619.</mixed-citation>
            </p>
         </fn>
         <fn id="d333e483a1310">
            <label>23</label>
            <p>
               <mixed-citation id="d333e490" publication-type="other">
31 U.S.C. § 5362(10)(D).</mixed-citation>
            </p>
         </fn>
         <fn id="d333e497a1310">
            <label>24</label>
            <p>
               <mixed-citation id="d333e504" publication-type="other">
15 U.S.C. § 3002(3) (2006).</mixed-citation>
            </p>
         </fn>
         <fn id="d333e511a1310">
            <label>25</label>
            <p>
               <mixed-citation id="d333e518" publication-type="other">
I. Nelson Rose, The Unlawful Internet Gambling Enforcement Act of 2006
Analyzed, 10 Gaming L. Rev. 537, 537 (2006)</mixed-citation>
            </p>
         </fn>
         <fn id="d333e528a1310">
            <label>26</label>
            <p>
               <mixed-citation id="d333e535" publication-type="other">
Charles Doyle, Congressional Research Service Report for Congress: Unlawful
Internet Gambling Enforcement Act and Regulations Proposed for Its Implementation, 1, 6
(2007), available at http://assets.opencrs.com/ ts/RS22749_20071101.pdf.</mixed-citation>
            </p>
         </fn>
         <fn id="d333e548a1310">
            <label>27</label>
            <p>
               <mixed-citation id="d333e555" publication-type="other">
H.R. 2610, 110th Cong. (2007).</mixed-citation>
            </p>
         </fn>
         <fn id="d333e562a1310">
            <label>28</label>
            <p>
               <mixed-citation id="d333e569" publication-type="other">
S. 3616, 110th Cong. (2008).</mixed-citation>
            </p>
         </fn>
         <fn id="d333e577a1310">
            <label>29</label>
            <p>
               <mixed-citation id="d333e584" publication-type="other">
H.R. 2267, 111th Cong. (2009).</mixed-citation>
            </p>
         </fn>
         <fn id="d333e591a1310">
            <label>30</label>
            <p>
               <mixed-citation id="d333e598" publication-type="other">
Tony Bart, Senate Bill Calls for Regulating, Not Banning, Online Poker, Las Vegas
Rev.-J., Oct. 1, 2008, at 3D, available at http://ww.lvrj.com/business/29991249.html.</mixed-citation>
            </p>
         </fn>
         <fn id="d333e608a1310">
            <label>31</label>
            <p>
               <mixed-citation id="d333e615" publication-type="other">
Id</mixed-citation>
            </p>
            <p>
               <mixed-citation id="d333e621" publication-type="other">
David O. Stewart, An Analysis of Internet Gambling and Its Policy Impli-
cations, in AGA 10th Anniversary White Paper Series, at 2 (Am. Gaming Ass'n 2006),
available at http://www.americangaming.org/publications/lOth anniversary_series.cfm.</mixed-citation>
            </p>
         </fn>
         <fn id="d333e634a1310">
            <label>32</label>
            <p>
               <mixed-citation id="d333e641" publication-type="other">
Lorraine Harrington, Note, Loaded Dice: Do National Internet Gaming Statutes
Violate World Trade Organization Fair Trade Access Standards?, 24 ariz. J. Int'l &amp; Comp.
L. 769, 769 (2007).</mixed-citation>
            </p>
         </fn>
         <fn id="d333e654a1310">
            <label>33</label>
            <p>
               <mixed-citation id="d333e661" publication-type="other">
Grohman, supra note 6, at 37.</mixed-citation>
            </p>
         </fn>
         <fn id="d333e668a1310">
            <label>34</label>
            <p>
               <mixed-citation id="d333e675" publication-type="other">
Id.</mixed-citation>
            </p>
         </fn>
         <fn id="d333e683a1310">
            <label>35</label>
            <p>
               <mixed-citation id="d333e690" publication-type="other">
Id. at 36.</mixed-citation>
            </p>
         </fn>
         <fn id="d333e697a1310">
            <label>36</label>
            <p>
               <mixed-citation id="d333e704" publication-type="other">
Id. at 37.</mixed-citation>
            </p>
         </fn>
         <fn id="d333e711a1310">
            <label>37</label>
            <p>
               <mixed-citation id="d333e718" publication-type="other">
Bennett M. Liebman, Poker Flops Under New York Law, 17 Fordham Intell.
Prop. Media &amp; Ent. L.J. 1,1-2 (2006).</mixed-citation>
            </p>
         </fn>
         <fn id="d333e728a1310">
            <label>38</label>
            <p>
               <mixed-citation id="d333e735" publication-type="other">
Id.</mixed-citation>
            </p>
         </fn>
         <fn id="d333e742a1310">
            <label>39</label>
            <p>
               <mixed-citation id="d333e749" publication-type="other">
Id. at 3.</mixed-citation>
            </p>
         </fn>
         <fn id="d333e756a1310">
            <label>40</label>
            <p>
               <mixed-citation id="d333e763" publication-type="other">
Roman V. Yampolskiy, Game Skill Measure for Mixed Games, 27 Proc. World
Acad. Sci. Engineering &amp; Tech. 308, 309-10 (2007).</mixed-citation>
            </p>
         </fn>
         <fn id="d333e774a1310">
            <label>41</label>
            <p>
               <mixed-citation id="d333e781" publication-type="other">
Id. at 311.</mixed-citation>
            </p>
         </fn>
         <fn id="d333e788a1310">
            <label>42</label>
            <p>
               <mixed-citation id="d333e795" publication-type="other">
Tselnik, supra note 6, at 1662.</mixed-citation>
            </p>
         </fn>
         <fn id="d333e802a1310">
            <label>43</label>
            <p>
               <mixed-citation id="d333e809" publication-type="other">
Id. at 1662-63.</mixed-citation>
            </p>
         </fn>
         <fn id="d333e816a1310">
            <label>44</label>
            <p>
               <mixed-citation id="d333e823" publication-type="other">
Advisory Opinion to the Governor, 856 A.2d 320 (R.I. 2004)</mixed-citation>
            </p>
            <p>
               <mixed-citation id="d333e829" publication-type="other">
Roberts v.
Commc'ns Inv. Club of Woonsocket, 431 A.2d 1206, 1211 (R.I. 1981)</mixed-citation>
            </p>
         </fn>
         <fn id="d333e839a1310">
            <label>45</label>
            <p>
               <mixed-citation id="d333e846" publication-type="other">
Tselnik, supra note 6, at 1663.</mixed-citation>
            </p>
         </fn>
         <fn id="d333e853a1310">
            <label>46</label>
            <p>
               <mixed-citation id="d333e860" publication-type="other">
id. at 1664.</mixed-citation>
            </p>
         </fn>
         <fn id="d333e868a1310">
            <label>47</label>
            <p>
               <mixed-citation id="d333e875" publication-type="other">
444 N.E.2d 1153, 1155 (Ill. App. Ct. 1983).</mixed-citation>
            </p>
         </fn>
         <fn id="d333e882a1310">
            <label>48</label>
            <p>
               <mixed-citation id="d333e889" publication-type="other">
773 P.2d 546 (Colo. 1989).</mixed-citation>
            </p>
         </fn>
         <fn id="d333e896a1310">
            <label>49</label>
            <p>
               <mixed-citation id="d333e903" publication-type="other">
Liebman, supra note 37, at 22.</mixed-citation>
            </p>
         </fn>
         <fn id="d333e910a1310">
            <label>50</label>
            <p>
               <mixed-citation id="d333e917" publication-type="other">
Id.</mixed-citation>
            </p>
         </fn>
         <fn id="d333e924a1310">
            <label>51</label>
            <p>
               <mixed-citation id="d333e931" publication-type="other">
Commonwealth v. Watkins, No. CP-19-CR-0000746-2008 (Pa. Ct. Com. Pl. Jan. 14,
2009), available at http://www.scribd.com/doc/10915146/PA-Judge-Thomas-A-James-Jr-
Opinion-on-Commonwealth-of-Pa-vs-Walter-Watkins-Texas-Holdem.</mixed-citation>
            </p>
         </fn>
         <fn id="d333e944a1310">
            <label>52</label>
            <p>
               <mixed-citation id="d333e951" publication-type="other">

              Id. at
              
              14.
            </mixed-citation>
            </p>
         </fn>
         <fn id="d333e962a1310">
            <label>53</label>
            <p>
               <mixed-citation id="d333e969" publication-type="other">
Grohman, supra note 6, at 37.</mixed-citation>
            </p>
         </fn>
         <fn id="d333e976a1310">
            <label>54</label>
            <p>
               <mixed-citation id="d333e983" publication-type="other">
Id.</mixed-citation>
            </p>
         </fn>
         <fn id="d333e990a1310">
            <label>55</label>
            <p>
               <mixed-citation id="d333e997" publication-type="other">
Gerd Alexander, iBrief, The U.S. on Tilt: Why the Unlawful Internet Gambling
Enforcement Act Is a Bad Bet, 2008 Duke L. &amp; tech. Rev. 6, ¶ 7 http://www.law.duke.edu/
journals/dltr/articles/2008DLTR0006.html.</mixed-citation>
            </p>
         </fn>
         <fn id="d333e1010a1310">
            <label>56</label>
            <p>
               <mixed-citation id="d333e1017" publication-type="other">
509 U.S. 418, 426 (1993).</mixed-citation>
            </p>
         </fn>
         <fn id="d333e1024a1310">
            <label>57</label>
            <p>
               <mixed-citation id="d333e1031" publication-type="other">
Id.</mixed-citation>
            </p>
         </fn>
         <fn id="d333e1038a1310">
            <label>58</label>
            <p>
               <mixed-citation id="d333e1045" publication-type="other">
I. Nelson Rose, Gambling and the Law®: The International Law of Remote Wagering,
40 J. Marshall L. Rev. 1159,1173 (2007).</mixed-citation>
            </p>
         </fn>
         <fn id="d333e1056a1310">
            <label>59</label>
            <p>
               <mixed-citation id="d333e1063" publication-type="other">
Nat'l Gambling Impact Study Comm'n, National Gambling Impact Study
Commission: Final Report 3-17, 5-9 (1999), available at http.//govinfo.library.unt.edu/
ngisc/reports/fullrpt.html [hereinafter NGISC Final Report].</mixed-citation>
            </p>
         </fn>
         <fn id="d333e1076a1310">
            <label>60</label>
            <p>
               <mixed-citation id="d333e1083" publication-type="other">
Id. at 5-9.</mixed-citation>
            </p>
         </fn>
         <fn id="d333e1090a1310">
            <label>61</label>
            <p>
               <mixed-citation id="d333e1097" publication-type="other">
Id.</mixed-citation>
            </p>
         </fn>
         <fn id="d333e1104a1310">
            <label>62</label>
            <p>
               <mixed-citation id="d333e1111" publication-type="other">
Kraig P. Grahmann, Betting on Prohibition: The Federal Government 's Approach to
Internet Gambling, 7 Nw. J. Tech. &amp; Intell. Prop. 162, 167 (2009).</mixed-citation>
            </p>
         </fn>
         <fn id="d333e1121a1310">
            <label>63</label>
            <p>
               <mixed-citation id="d333e1128" publication-type="other">
Id. at 172.</mixed-citation>
            </p>
         </fn>
         <fn id="d333e1135a1310">
            <label>64</label>
            <p>
               <mixed-citation id="d333e1142" publication-type="other">
Tselnik, supra note 6, at 1622.</mixed-citation>
            </p>
         </fn>
         <fn id="d333e1150a1310">
            <label>65</label>
            <p>
               <mixed-citation id="d333e1157" publication-type="other">
S. 474, 105th Cong. (1997).</mixed-citation>
            </p>
         </fn>
         <fn id="d333e1164a1310">
            <label>66</label>
            <p>
               <mixed-citation id="d333e1171" publication-type="other">
H.R. 2143, 108th Cong. (2003).</mixed-citation>
            </p>
         </fn>
         <fn id="d333e1178a1310">
            <label>67</label>
            <p>
               <mixed-citation id="d333e1185" publication-type="other">
Stewart, supra note 31, at 18.</mixed-citation>
            </p>
         </fn>
         <fn id="d333e1192a1310">
            <label>68</label>
            <p>
               <mixed-citation id="d333e1199" publication-type="other">
Id.</mixed-citation>
            </p>
         </fn>
         <fn id="d333e1206a1310">
            <label>69</label>
            <p>
               <mixed-citation id="d333e1213" publication-type="other">
S. 692, 106th Cong. (1999).</mixed-citation>
            </p>
         </fn>
         <fn id="d333e1220a1310">
            <label>70</label>
            <p>
               <mixed-citation id="d333e1227" publication-type="other">
Id.</mixed-citation>
            </p>
         </fn>
         <fn id="d333e1235a1310">
            <label>71</label>
            <p>
               <mixed-citation id="d333e1242" publication-type="other">
Grohman, supra note 6, at 56.</mixed-citation>
            </p>
         </fn>
         <fn id="d333e1249a1310">
            <label>72</label>
            <p>
               <mixed-citation id="d333e1256" publication-type="other">
Id. at 55.</mixed-citation>
            </p>
         </fn>
         <fn id="d333e1263a1310">
            <label>73</label>
            <p>
               <mixed-citation id="d333e1270" publication-type="other">
H.R. 21, 108th Cong. (2003).</mixed-citation>
            </p>
         </fn>
         <fn id="d333e1277a1310">
            <label>74</label>
            <p>
               <mixed-citation id="d333e1284" publication-type="other">
Stewart, swpra note 31, at 19.</mixed-citation>
            </p>
         </fn>
         <fn id="d333e1291a1310">
            <label>75</label>
            <p>
               <mixed-citation id="d333e1298" publication-type="other">
Id.</mixed-citation>
            </p>
         </fn>
         <fn id="d333e1305a1310">
            <label>76</label>
            <p>
               <mixed-citation id="d333e1312" publication-type="other">
Id.</mixed-citation>
            </p>
         </fn>
         <fn id="d333e1320a1310">
            <label>77</label>
            <p>
               <mixed-citation id="d333e1327" publication-type="other">
Grohman, supra note 6, at 57-58.</mixed-citation>
            </p>
         </fn>
         <fn id="d333e1334a1310">
            <label>78</label>
            <p>
               <mixed-citation id="d333e1341" publication-type="other">
Grohman, supra note 6, at 58</mixed-citation>
            </p>
            <p>
               <mixed-citation id="d333e1347" publication-type="other">
H.R. 4777, 109th Cong. (2006)</mixed-citation>
            </p>
         </fn>
         <fn id="d333e1354a1310">
            <label>79</label>
            <p>
               <mixed-citation id="d333e1361" publication-type="other">
Grohman, supra note 6, at 58</mixed-citation>
            </p>
            <p>
               <mixed-citation id="d333e1367" publication-type="other">
H.R. 4411, 109th Cong. (2005)</mixed-citation>
            </p>
         </fn>
         <fn id="d333e1374a1310">
            <label>80</label>
            <p>
               <mixed-citation id="d333e1381" publication-type="other">
Id.</mixed-citation>
            </p>
         </fn>
         <fn id="d333e1388a1310">
            <label>81</label>
            <p>
               <mixed-citation id="d333e1395" publication-type="other">
Id.</mixed-citation>
            </p>
            <p>
               <mixed-citation id="d333e1401" publication-type="other">
Jonathan K. Waldron,
Implementation of Safe Port Act Requirements, Mainbrace, Dec. 2007, at 1, available at
http://ww.blankrome.com/siteFiles/Publications/OF160D115C5E584B8EC553ED137B3A
1A.pdf.</mixed-citation>
            </p>
         </fn>
         <fn id="d333e1417a1310">
            <label>82</label>
            <p>
               <mixed-citation id="d333e1424" publication-type="other">
Id. at 58-59.</mixed-citation>
            </p>
         </fn>
         <fn id="d333e1432a1310">
            <label>83</label>
            <p>
               <mixed-citation id="d333e1439" publication-type="other">
Alexander, supra note 55, ¶ 34</mixed-citation>
            </p>
            <p>
               <mixed-citation id="d333e1445" publication-type="other">
Mattia V. Corsiglia Murawski, Comment, The
Online Gambling Wager: Domestic and International Implications of the Unlawful Internet
Gambling Enforcement Act of '2006, 48 Santa Clara L. Rev. 441, 443 (2008).</mixed-citation>
            </p>
         </fn>
         <fn id="d333e1458a1310">
            <label>84</label>
            <p>
               <mixed-citation id="d333e1465" publication-type="other">
Grohman, supra note 6, at 60.</mixed-citation>
            </p>
         </fn>
         <fn id="d333e1472a1310">
            <label>85</label>
            <p>
               <mixed-citation id="d333e1479" publication-type="other">
Alexander, supra note 55, ¶ 34.</mixed-citation>
            </p>
         </fn>
         <fn id="d333e1486a1310">
            <label>86</label>
            <p>
               <mixed-citation id="d333e1493" publication-type="other">
Aubuchon, supra note 7, at 311.</mixed-citation>
            </p>
         </fn>
         <fn id="d333e1500a1310">
            <label>87</label>
            <p>
               <mixed-citation id="d333e1507" publication-type="other">
Id.</mixed-citation>
            </p>
         </fn>
         <fn id="d333e1514a1310">
            <label>88</label>
            <p>
               <mixed-citation id="d333e1521" publication-type="other">
Id. at 310.</mixed-citation>
            </p>
         </fn>
         <fn id="d333e1529a1310">
            <label>89</label>
            <p>
               <mixed-citation id="d333e1536" publication-type="other">
Id.</mixed-citation>
            </p>
         </fn>
         <fn id="d333e1543a1310">
            <label>90</label>
            <p>
               <mixed-citation id="d333e1550" publication-type="other">
Grohman, supra note 6, at 37-38.</mixed-citation>
            </p>
         </fn>
         <fn id="d333e1557a1310">
            <label>91</label>
            <p>
               <mixed-citation id="d333e1564" publication-type="other">
Id. at 38.</mixed-citation>
            </p>
         </fn>
         <fn id="d333e1571a1310">
            <label>92</label>
            <p>
               <mixed-citation id="d333e1578" publication-type="other">
Id.</mixed-citation>
            </p>
         </fn>
         <fn id="d333e1585a1310">
            <label>93</label>
            <p>
               <mixed-citation id="d333e1592" publication-type="other">
Id.</mixed-citation>
            </p>
         </fn>
         <fn id="d333e1599a1310">
            <label>94</label>
            <p>
               <mixed-citation id="d333e1606" publication-type="other">
Alexander, supra note 55, ¶ 35.</mixed-citation>
            </p>
         </fn>
         <fn id="d333e1614a1310">
            <label>95</label>
            <p>
               <mixed-citation id="d333e1621" publication-type="other">
Aubuchon, supra note 7, at 312.</mixed-citation>
            </p>
         </fn>
         <fn id="d333e1628a1310">
            <label>96</label>
            <p>
               <mixed-citation id="d333e1635" publication-type="other">
Id.</mixed-citation>
            </p>
         </fn>
         <fn id="d333e1642a1310">
            <label>97</label>
            <p>
               <mixed-citation id="d333e1649" publication-type="other">
Id.</mixed-citation>
            </p>
         </fn>
         <fn id="d333e1656a1310">
            <label>98</label>
            <p>
               <mixed-citation id="d333e1663" publication-type="other">
Alexander, supra note 55, ¶¶ 34-35.</mixed-citation>
            </p>
         </fn>
         <fn id="d333e1670a1310">
            <label>99</label>
            <p>
               <mixed-citation id="d333e1677" publication-type="other">
id. ¶¶ 38-39.</mixed-citation>
            </p>
         </fn>
         <fn id="d333e1684a1310">
            <label>100</label>
            <p>
               <mixed-citation id="d333e1691" publication-type="other">
Aubuchon, supra note 7, at 312.</mixed-citation>
            </p>
         </fn>
         <fn id="d333e1699a1310">
            <label>101</label>
            <p>
               <mixed-citation id="d333e1706" publication-type="other">
Alexander, supra note 55, f 44.</mixed-citation>
            </p>
         </fn>
         <fn id="d333e1713a1310">
            <label>102</label>
            <p>
               <mixed-citation id="d333e1720" publication-type="other">
31 U.S.C. § 5363 (2006).</mixed-citation>
            </p>
         </fn>
         <fn id="d333e1727a1310">
            <label>103</label>
            <p>
               <mixed-citation id="d333e1734" publication-type="other">
Blankenship, supra note 5, at 486.</mixed-citation>
            </p>
         </fn>
         <fn id="d333e1741a1310">
            <label>104</label>
            <p>
               <mixed-citation id="d333e1748" publication-type="other">
Michael Grunfeld, Comment, Don't Bet on the United States's Internet Gambling
Laws: The Tension Between Internet Gambling Legislation and World Trade Organization
Commitments, 2007 Colim. Bus. L. Rev. 439, 459</mixed-citation>
            </p>
            <p>
               <mixed-citation id="d333e1760" publication-type="other">
I. Nelson Rose &amp; Martin D.
Owens, Internet Gaming Law 4 (2005)</mixed-citation>
            </p>
         </fn>
         <fn id="d333e1770a1310">
            <label>105</label>
            <p>
               <mixed-citation id="d333e1777" publication-type="other">
18 U.S.C. § 1084(a) (2006).</mixed-citation>
            </p>
            <p>
               <mixed-citation id="d333e1783" publication-type="other">
infra text accompanying notes 127-133.</mixed-citation>
            </p>
         </fn>
         <fn id="d333e1790a1310">
            <label>106</label>
            <p>
               <mixed-citation id="d333e1797" publication-type="other">
United States v. Baborian, 528 F. Supp. 324, 331 (D.R.I. 1981)</mixed-citation>
            </p>
         </fn>
         <fn id="d333e1805a1310">
            <label>107</label>
            <p>
               <mixed-citation id="d333e1812" publication-type="other">
Id. at 326.</mixed-citation>
            </p>
         </fn>
         <fn id="d333e1819a1310">
            <label>108</label>
            <p>
               <mixed-citation id="d333e1826" publication-type="other">
Id. at 331.</mixed-citation>
            </p>
         </fn>
         <fn id="d333e1833a1310">
            <label>109</label>
            <p>
               <mixed-citation id="d333e1840" publication-type="other">
Doyle, supra note 26, at 1.</mixed-citation>
            </p>
         </fn>
         <fn id="d333e1847a1310">
            <label>110</label>
            <p>
               <mixed-citation id="d333e1854" publication-type="other">
Grunfeld, supra note 104, at 459</mixed-citation>
            </p>
            <p>
               <mixed-citation id="d333e1860" publication-type="other">
I. Nelson Rose &amp; Martin D. Owens,
Internet Gaming Law 4 (2005)</mixed-citation>
            </p>
         </fn>
         <fn id="d333e1870a1310">
            <label>111</label>
            <p>
               <mixed-citation id="d333e1877" publication-type="other">
The Internet Gambling Prohibition Act: Hearing Before the Subcomm. on Crime,
Terrorism, and Homeland Security of the H. Comm. on the Judiciary, 109th Cong. ¶ 10
(2006) [hereinafter DOJ Hearing]</mixed-citation>
            </p>
         </fn>
         <fn id="d333e1890a1310">
            <label>112</label>
            <p>
               <mixed-citation id="d333e1897" publication-type="other">
Bruce P. Keller, The Game's the Same: Why Gambling in Cyberspace Violates
Federal Law, 108 Yale L.J. 1569, 1593 (1999).</mixed-citation>
            </p>
         </fn>
         <fn id="d333e1908a1310">
            <label>113</label>
            <p>
               <mixed-citation id="d333e1915" publication-type="other">
Id.</mixed-citation>
            </p>
         </fn>
         <fn id="d333e1922a1310">
            <label>114</label>
            <p>
               <mixed-citation id="d333e1929" publication-type="other">
Tselnik, supra note 66, at 1617.</mixed-citation>
            </p>
         </fn>
         <fn id="d333e1936a1310">
            <label>115</label>
            <p>
               <mixed-citation id="d333e1943" publication-type="other">
31 U.S.C. § 5366(a) (2006).</mixed-citation>
            </p>
         </fn>
         <fn id="d333e1950a1310">
            <label>116</label>
            <p>
               <mixed-citation id="d333e1957" publication-type="other">
Id. § 5363.</mixed-citation>
            </p>
         </fn>
         <fn id="d333e1964a1310">
            <label>117</label>
            <p>
               <mixed-citation id="d333e1971" publication-type="other">
Id. § 5366(a).</mixed-citation>
            </p>
         </fn>
         <fn id="d333e1978a1310">
            <label>118</label>
            <p>
               <mixed-citation id="d333e1985" publication-type="other">
Keller, supra note 112, at 1593</mixed-citation>
            </p>
         </fn>
         <fn id="d333e1993a1310">
            <label>119</label>
            <p>
               <mixed-citation id="d333e2000" publication-type="other">
Samuel W. Buell, The Upside of Overbreadth, 83 N.Y.U. L. Rev. 1491, 1494
(2008)</mixed-citation>
            </p>
         </fn>
         <fn id="d333e2010a1310">
            <label>120</label>
            <p>
               <mixed-citation id="d333e2017" publication-type="other">
Id. at 1506.</mixed-citation>
            </p>
         </fn>
         <fn id="d333e2024a1310">
            <label>121</label>
            <p>
               <mixed-citation id="d333e2031" publication-type="other">
Grunfeld, supra note 104, at 463.</mixed-citation>
            </p>
         </fn>
         <fn id="d333e2038a1310">
            <label>122</label>
            <p>
               <mixed-citation id="d333e2045" publication-type="other">
31 U.S.C. § 5361(b) (2006).</mixed-citation>
            </p>
         </fn>
         <fn id="d333e2052a1310">
            <label>123</label>
            <p>
               <mixed-citation id="d333e2059" publication-type="other">
Interactive Media Entm't &amp; Gaming Ass'n v. Att'y Gen. of the U.S., No. 08-1981,

              2009 U.S. App. LEXIS 19591, at
              
              15 (3d Cir. Sept. 1., 2009).
            </mixed-citation>
            </p>
         </fn>
         <fn id="d333e2072a1310">
            <label>124</label>
            <p>
               <mixed-citation id="d333e2079" publication-type="other">

              Id. at
              
              7
            </mixed-citation>
            </p>
            <p>
               <mixed-citation id="d333e2088" publication-type="other">
Village of Hoffman Estates v. Flipside,
Hoffman Estates, Inc., 455 U.S. 489,497 (1982)</mixed-citation>
            </p>
         </fn>
         <fn id="d333e2099a1310">
            <label>125</label>
            <p>
               <mixed-citation id="d333e2106" publication-type="other">

              Id. at
              
              8.
            </mixed-citation>
            </p>
         </fn>
         <fn id="d333e2116a1310">
            <label>126</label>
            <p>
               <mixed-citation id="d333e2123" publication-type="other">

              Id. at
              
              7-9.
            </mixed-citation>
            </p>
            <p>
               <mixed-citation id="d333e2132" publication-type="other">

              Id. at
              
              9.
            </mixed-citation>
            </p>
            <p>
               <mixed-citation id="d333e2141" publication-type="other">

              Id. at
              
              10
            </mixed-citation>
            </p>
            <p>
               <mixed-citation id="d333e2151" publication-type="other">
United States v. Williams, 128 S. Ct. 1830, 1846 (2008)</mixed-citation>
            </p>
         </fn>
         <fn id="d333e2158a1310">
            <label>127</label>
            <p>
               <mixed-citation id="d333e2165" publication-type="other">
18 U.S.C. § 1084(a) (2006).</mixed-citation>
            </p>
         </fn>
         <fn id="d333e2172a1310">
            <label>128</label>
            <p>
               <mixed-citation id="d333e2179" publication-type="other">
Blankenship, supra note 5, at 487</mixed-citation>
            </p>
            <p>
               <mixed-citation id="d333e2185" publication-type="other">
Rose, supra note 58, at 1166.</mixed-citation>
            </p>
         </fn>
         <fn id="d333e2192a1310">
            <label>129</label>
            <p>
               <mixed-citation id="d333e2199" publication-type="other">
18 U.S.C. § 1084(a).</mixed-citation>
            </p>
         </fn>
         <fn id="d333e2206a1310">
            <label>130</label>
            <p>
               <mixed-citation id="d333e2213" publication-type="other">
supra text accompanying notes 105-108.</mixed-citation>
            </p>
         </fn>
         <fn id="d333e2221a1310">
            <label>131</label>
            <p>
               <mixed-citation id="d333e2228" publication-type="other">
Aubuchon, supra note 7, at 307.</mixed-citation>
            </p>
         </fn>
         <fn id="d333e2235a1310">
            <label>132</label>
            <p>
               <mixed-citation id="d333e2242" publication-type="other">
Blankenship, supra note 5, at 488.</mixed-citation>
            </p>
         </fn>
         <fn id="d333e2249a1310">
            <label>133</label>
            <p>
               <mixed-citation id="d333e2256" publication-type="other">
Poker Players Alliance, Updated Message to Members on SDNY Enforcement
(June 11, 2009), http://theppa.org/press-releases/2009/06/09/message-to-members-on-sdny-
enforcement-ppa-060909/</mixed-citation>
            </p>
         </fn>
         <fn id="d333e2269a1310">
            <label>134</label>
            <p>
               <mixed-citation id="d333e2276" publication-type="other">
260 F.3d 68 (2d Cir. 2001).</mixed-citation>
            </p>
         </fn>
         <fn id="d333e2283a1310">
            <label>135</label>
            <p>
               <mixed-citation id="d333e2290" publication-type="other">
313 F.3d 257 (5th Cir. 2002).</mixed-citation>
            </p>
         </fn>
         <fn id="d333e2297a1310">
            <label>136</label>
            <p>
               <mixed-citation id="d333e2304" publication-type="other">
Christine Hurt, Regulating Public Morals and Private Markets: Online Securities
Trading, Internet Gambling, and the Speculation Paradox, 86 B.U. L. Rev. 371, 431 (2006).</mixed-citation>
            </p>
         </fn>
         <fn id="d333e2315a1310">
            <label>137</label>
            <p>
               <mixed-citation id="d333e2322" publication-type="other">
Cohen, 260 F.3d at 70.</mixed-citation>
            </p>
         </fn>
         <fn id="d333e2329a1310">
            <label>138</label>
            <p>
               <mixed-citation id="d333e2336" publication-type="other">
Id. at 70-71.</mixed-citation>
            </p>
         </fn>
         <fn id="d333e2343a1310">
            <label>139</label>
            <p>
               <mixed-citation id="d333e2350" publication-type="other">
Id. at 76.</mixed-citation>
            </p>
         </fn>
         <fn id="d333e2357a1310">
            <label>140</label>
            <p>
               <mixed-citation id="d333e2364" publication-type="other">
Id.</mixed-citation>
            </p>
         </fn>
         <fn id="d333e2371a1310">
            <label>141</label>
            <p>
               <mixed-citation id="d333e2378" publication-type="other">
Tselnik, supra note 66, at 1627</mixed-citation>
            </p>
         </fn>
         <fn id="d333e2385a1310">
            <label>142</label>
            <p>
               <mixed-citation id="d333e2392" publication-type="other">
MasterCard Int'l Inc., 313 F.3d 257, 259-61 (5th Cir. 2002).</mixed-citation>
            </p>
         </fn>
         <fn id="d333e2400a1310">
            <label>143</label>
            <p>
               <mixed-citation id="d333e2407" publication-type="other">
Id. at 259-60.</mixed-citation>
            </p>
         </fn>
         <fn id="d333e2414a1310">
            <label>144</label>
            <p>
               <mixed-citation id="d333e2421" publication-type="other">
Id. at 261-62.</mixed-citation>
            </p>
         </fn>
         <fn id="d333e2428a1310">
            <label>145</label>
            <p>
               <mixed-citation id="d333e2435" publication-type="other">
Id. at 262.</mixed-citation>
            </p>
         </fn>
         <fn id="d333e2442a1310">
            <label>146</label>
            <p>
               <mixed-citation id="d333e2449" publication-type="other">
Id.</mixed-citation>
            </p>
         </fn>
         <fn id="d333e2456a1310">
            <label>147</label>
            <p>
               <mixed-citation id="d333e2463" publication-type="other">
Id. at 262-63.</mixed-citation>
            </p>
         </fn>
         <fn id="d333e2470a1310">
            <label>148</label>
            <p>
               <mixed-citation id="d333e2477" publication-type="other">
Id. at 264.</mixed-citation>
            </p>
         </fn>
         <fn id="d333e2485a1310">
            <label>149</label>
            <p>
               <mixed-citation id="d333e2492" publication-type="other">
Grohman, supra note 6, at 45</mixed-citation>
            </p>
         </fn>
         <fn id="d333e2499a1310">
            <label>150</label>
            <p>
               <mixed-citation id="d333e2506" publication-type="other">
Grahmann, supra note 62, at 168</mixed-citation>
            </p>
            <p>
               <mixed-citation id="d333e2512" publication-type="other">
Rose, supra note 58, at 1167.</mixed-citation>
            </p>
         </fn>
         <fn id="d333e2519a1310">
            <label>151</label>
            <p>
               <mixed-citation id="d333e2526" publication-type="other">
Dan Cypra, United States Federal Government Freezes $30 Million in Online Poker
Funds, Poker News Daily, June 9, 2009, http://www.pokernewsdaily.com/united-states-
federal-goverrrnient-freezes-30-million-in-online-poker-ftxnds-2830/</mixed-citation>
            </p>
         </fn>
         <fn id="d333e2539a1310">
            <label>152</label>
            <p>
               <mixed-citation id="d333e2546" publication-type="other">
31 U.S.C. § 5361(b) (2006).</mixed-citation>
            </p>
         </fn>
         <fn id="d333e2553a1310">
            <label>153</label>
            <p>
               <mixed-citation id="d333e2560" publication-type="other">
18 U.S.C. § 1952(2006).</mixed-citation>
            </p>
         </fn>
         <fn id="d333e2567a1310">
            <label>154</label>
            <p>
               <mixed-citation id="d333e2574" publication-type="other">
Id. § 1952(a).</mixed-citation>
            </p>
         </fn>
         <fn id="d333e2582a1310">
            <label>155</label>
            <p>
               <mixed-citation id="d333e2589" publication-type="other">
Id. § 1952(b).</mixed-citation>
            </p>
         </fn>
         <fn id="d333e2596a1310">
            <label>156</label>
            <p>
               <mixed-citation id="d333e2603" publication-type="other">
Grohman, supra note 6, at 46.</mixed-citation>
            </p>
         </fn>
         <fn id="d333e2610a1310">
            <label>157</label>
            <p>
               <mixed-citation id="d333e2617" publication-type="other">
542 F.3d 713 (9th Cir. 2008).</mixed-citation>
            </p>
         </fn>
         <fn id="d333e2624a1310">
            <label>158</label>
            <p>
               <mixed-citation id="d333e2631" publication-type="other">
Id. at 722</mixed-citation>
            </p>
            <p>
               <mixed-citation id="d333e2637" publication-type="other">
Id. at 717-18.</mixed-citation>
            </p>
            <p>
               <mixed-citation id="d333e2643" publication-type="other">
Id. at 719-20.</mixed-citation>
            </p>
         </fn>
         <fn id="d333e2650a1310">
            <label>159</label>
            <p>
               <mixed-citation id="d333e2657" publication-type="other">
542 F.3d at 722.</mixed-citation>
            </p>
         </fn>
         <fn id="d333e2664a1310">
            <label>160</label>
            <p>
               <mixed-citation id="d333e2671" publication-type="other">
Grohman, supra note 6, at 46.</mixed-citation>
            </p>
         </fn>
         <fn id="d333e2679a1310">
            <label>161</label>
            <p>
               <mixed-citation id="d333e2686" publication-type="other">
Id.</mixed-citation>
            </p>
         </fn>
         <fn id="d333e2693a1310">
            <label>162</label>
            <p>
               <mixed-citation id="d333e2700" publication-type="other">
18 U.S.C. § 1955 (2006).</mixed-citation>
            </p>
         </fn>
         <fn id="d333e2707a1310">
            <label>163</label>
            <p>
               <mixed-citation id="d333e2714" publication-type="other">
Id. § 1955(a).</mixed-citation>
            </p>
         </fn>
         <fn id="d333e2721a1310">
            <label>164</label>
            <p>
               <mixed-citation id="d333e2728" publication-type="other">
Grohman, supra note 6, at 47.</mixed-citation>
            </p>
         </fn>
         <fn id="d333e2735a1310">
            <label>165</label>
            <p>
               <mixed-citation id="d333e2742" publication-type="other">
Blankenship, supra note 5, at 491.</mixed-citation>
            </p>
         </fn>
         <fn id="d333e2749a1310">
            <label>166</label>
            <p>
               <mixed-citation id="d333e2756" publication-type="other">
Aubuchon, supra note 7, at 315</mixed-citation>
            </p>
            <p>
               <mixed-citation id="d333e2762" publication-type="other">
Grunfeld, supra note 104, at 468</mixed-citation>
            </p>
         </fn>
         <fn id="d333e2770a1310">
            <label>167</label>
            <p>
               <mixed-citation id="d333e2777" publication-type="other">
Aubuchon, supra note 7, at 316-17.</mixed-citation>
            </p>
         </fn>
         <fn id="d333e2784a1310">
            <label>168</label>
            <p>
               <mixed-citation id="d333e2791" publication-type="other">
Id.</mixed-citation>
            </p>
         </fn>
         <fn id="d333e2798a1310">
            <label>169</label>
            <p>
               <mixed-citation id="d333e2805" publication-type="other">
Interactive Media Entm't &amp; Gaming Ass'n v. Att'y Gen. of the U.S., No. 08-

              1981, 2009 U.S. App. LEXIS 19591, at
              
              8-9 (3d Cir. Sept. 1, 2009).
            </mixed-citation>
            </p>
         </fn>
         <fn id="d333e2818a1310">
            <label>170</label>
            <p>
               <mixed-citation id="d333e2827" publication-type="other">
Dan Cypra, Internet Gambling Law Expert Reacts to UIGEA Decision,
Poker News Daily, Sept. 3, 2009, http://www.pokemewsdaily.com/internet-gambling-law-
expert-reacts-to-uigea-decision-4664/</mixed-citation>
            </p>
         </fn>
         <fn id="d333e2840a1310">
            <label>171</label>
            <p>
               <mixed-citation id="d333e2847" publication-type="other">
Aubuchon, supra note 7, at 317.</mixed-citation>
            </p>
         </fn>
         <fn id="d333e2854a1310">
            <label>172</label>
            <p>
               <mixed-citation id="d333e2861" publication-type="other">
Keller, supra note 112, at 1593-94.</mixed-citation>
            </p>
         </fn>
         <fn id="d333e2869a1310">
            <label>173</label>
            <p>
               <mixed-citation id="d333e2876" publication-type="other">
Dan L. Burk, Federalism in Cyberspace, 28 Conn. L. Rev. 1095, 1123-24 (1996).</mixed-citation>
            </p>
         </fn>
         <fn id="d333e2883a1310">
            <label>174</label>
            <p>
               <mixed-citation id="d333e2890" publication-type="other">
Keller, supra note 112, at 1593-94.</mixed-citation>
            </p>
            <p>
               <mixed-citation id="d333e2896" publication-type="other">
Burk, supra note 173, at 1124.</mixed-citation>
            </p>
         </fn>
         <fn id="d333e2903a1310">
            <label>175</label>
            <p>
               <mixed-citation id="d333e2910" publication-type="other">
Paul Schiff Berman, The Globalization of Jurisdiction, 151 U. Pa. L. Rev. 311,
343 (2002).</mixed-citation>
            </p>
         </fn>
         <fn id="d333e2920a1310">
            <label>176</label>
            <p>
               <mixed-citation id="d333e2927" publication-type="other">
Burk, supra note 173, at 1125-26.</mixed-citation>
            </p>
         </fn>
         <fn id="d333e2934a1310">
            <label>177</label>
            <p>
               <mixed-citation id="d333e2941" publication-type="other">
969 F. Supp. 160, 169(S.D.N.Y. 1997).</mixed-citation>
            </p>
         </fn>
         <fn id="d333e2948a1310">
            <label>178</label>
            <p>
               <mixed-citation id="d333e2955" publication-type="other">
Keller, supra note 112, at 1594.</mixed-citation>
            </p>
            <p>
               <mixed-citation id="d333e2961" publication-type="other">
Jack L. Goldsmith &amp; Alan O. Sykes, The
Internet and the Dormant Commerce Clause, 110 Yale L.J. 785, 787 (2001)</mixed-citation>
            </p>
         </fn>
         <fn id="d333e2972a1310">
            <label>179</label>
            <p>
               <mixed-citation id="d333e2979" publication-type="other">
969 F. Supp. at 173.</mixed-citation>
            </p>
         </fn>
         <fn id="d333e2986a1310">
            <label>180</label>
            <p>
               <mixed-citation id="d333e2993" publication-type="other">
Id at 169.</mixed-citation>
            </p>
         </fn>
         <fn id="d333e3000a1310">
            <label>181</label>
            <p>
               <mixed-citation id="d333e3007" publication-type="other">
Keller, supra note 112, at 1594.</mixed-citation>
            </p>
         </fn>
         <fn id="d333e3014a1310">
            <label>182</label>
            <p>
               <mixed-citation id="d333e3021" publication-type="other">
Blankenship, supra note 5, at 512-13</mixed-citation>
            </p>
         </fn>
         <fn id="d333e3028a1310">
            <label>183</label>
            <p>
               <mixed-citation id="d333e3035" publication-type="other">
Aubuchon, supra note 7, at 316.</mixed-citation>
            </p>
         </fn>
         <fn id="d333e3042a1310">
            <label>184</label>
            <p>
               <mixed-citation id="d333e3049" publication-type="other">
Blankenship, supra note 5, at 494.</mixed-citation>
            </p>
         </fn>
         <fn id="d333e3057a1310">
            <label>185</label>
            <p>
               <mixed-citation id="d333e3064" publication-type="other">
John Warren Kindt, Diminishing or Negating the Multiplier Effect: The Transfer of
Consumer Dollars to Legalized Gambling: Should a Negative Socio-Economic "Crime
Multiplier" Be Included in Gambling Cost/Benefit Analyses?, 2003 Mich. St. L. Rev. 281,
282.</mixed-citation>
            </p>
         </fn>
         <fn id="d333e3080a1310">
            <label>186</label>
            <p>
               <mixed-citation id="d333e3087" publication-type="other">
Id.</mixed-citation>
            </p>
         </fn>
         <fn id="d333e3094a1310">
            <label>187</label>
            <p>
               <mixed-citation id="d333e3101" publication-type="other">
John Warren Kindt, The Costs of Addicted Gamblers: Should the States Initiate
Mega-Lawsuits Similar to the Tobacco Cases?, 22 Managerial &amp; Decision Econ. 17, 19
(2001).</mixed-citation>
            </p>
         </fn>
         <fn id="d333e3114a1310">
            <label>188</label>
            <p>
               <mixed-citation id="d333e3121" publication-type="other">
id.</mixed-citation>
            </p>
         </fn>
         <fn id="d333e3128a1310">
            <label>189</label>
            <p>
               <mixed-citation id="d333e3135" publication-type="other">
Kindt, supra note 185, at 293.</mixed-citation>
            </p>
         </fn>
         <fn id="d333e3142a1310">
            <label>190</label>
            <p>
               <mixed-citation id="d333e3149" publication-type="other">
Id.</mixed-citation>
            </p>
         </fn>
         <fn id="d333e3157a1310">
            <label>191</label>
            <p>
               <mixed-citation id="d333e3164" publication-type="other">
Id.</mixed-citation>
            </p>
            <p>
               <mixed-citation id="d333e3170" publication-type="other">
Id. at 305.</mixed-citation>
            </p>
         </fn>
         <fn id="d333e3177a1310">
            <label>192</label>
            <p>
               <mixed-citation id="d333e3184" publication-type="other">
Grahmann, supra note 62, at 166.</mixed-citation>
            </p>
            <p>
               <mixed-citation id="d333e3190" publication-type="other">
Barney Frank, With Gambling, Personal Freedom Is Always
the Best Bet, Says Barney Frank, U.S. News &amp; World Rep., June 1, 2009,
http://www.usnews.com/articles/opinion/2009/06/01/with-gambling-personal-freedom-is-
always-the-best-bet-says-barney-frank.html.</mixed-citation>
            </p>
         </fn>
         <fn id="d333e3206a1310">
            <label>193</label>
            <p>
               <mixed-citation id="d333e3213" publication-type="other">
31 U.S.C. § 5361(a)(3) (2006).</mixed-citation>
            </p>
         </fn>
         <fn id="d333e3220a1310">
            <label>194</label>
            <p>
               <mixed-citation id="d333e3227" publication-type="other">
NGISC Final Report, supra note 59, at 7-14 to -16.</mixed-citation>
            </p>
         </fn>
         <fn id="d333e3234a1310">
            <label>195</label>
            <p>
               <mixed-citation id="d333e3241" publication-type="other">
John Warren Kindt &amp; John K. Palchak, Legalized Gambling's Destabilization of U.S.
Financial Institutions and the Banking Industry: Issues in Bankruptcy, Credit, and Social
Norm Production, 19 Bankr. Dev. J. 21, 29 (2002).</mixed-citation>
            </p>
            <p>
               <mixed-citation id="d333e3253" publication-type="other">
Id.</mixed-citation>
            </p>
         </fn>
         <fn id="d333e3260a1310">
            <label>196</label>
            <p>
               <mixed-citation id="d333e3267" publication-type="other">
Id.</mixed-citation>
            </p>
         </fn>
         <fn id="d333e3275a1310">
            <label>197</label>
            <p>
               <mixed-citation id="d333e3282" publication-type="other">
id. at 32.</mixed-citation>
            </p>
         </fn>
         <fn id="d333e3289a1310">
            <label>198</label>
            <p>
               <mixed-citation id="d333e3296" publication-type="other">
supra text accompanying notes 89-93.</mixed-citation>
            </p>
         </fn>
         <fn id="d333e3303a1310">
            <label>199</label>
            <p>
               <mixed-citation id="d333e3310" publication-type="other">
Kindt &amp; Palchak, supra note 195, at 30-31</mixed-citation>
            </p>
         </fn>
         <fn id="d333e3317a1310">
            <label>200</label>
            <p>
               <mixed-citation id="d333e3324" publication-type="other">
Mary McCarty, Gambling's Critics Say Benefits Not Worth Cost, Dayton Daily
News, Oct. 26, 2008, at A8.</mixed-citation>
            </p>
         </fn>
         <fn id="d333e3334a1310">
            <label>201</label>
            <p>
               <mixed-citation id="d333e3341" publication-type="other">
Id.</mixed-citation>
            </p>
         </fn>
         <fn id="d333e3348a1310">
            <label>202</label>
            <p>
               <mixed-citation id="d333e3355" publication-type="other">
Blankenship, supra note 5, at 501.</mixed-citation>
            </p>
         </fn>
         <fn id="d333e3363a1310">
            <label>203</label>
            <p>
               <mixed-citation id="d333e3370" publication-type="other">
NGISC Final Report, supra note 59, at 5-5.</mixed-citation>
            </p>
         </fn>
         <fn id="d333e3377a1310">
            <label>204</label>
            <p>
               <mixed-citation id="d333e3384" publication-type="other">
Blankenship, supra note 5, at 501.</mixed-citation>
            </p>
         </fn>
         <fn id="d333e3391a1310">
            <label>205</label>
            <p>
               <mixed-citation id="d333e3398" publication-type="other">
Michael Smeaton &amp; Mark Griffiths, Internet Gambling and Social Responsibility:
An Exploratory Study, 7 CyberPsychology &amp; Behav. 49, 54-55 (2004).</mixed-citation>
            </p>
         </fn>
         <fn id="d333e3408a1310">
            <label>206</label>
            <p>
               <mixed-citation id="d333e3415" publication-type="other">
Grohman, supra note 6, at 38-39.</mixed-citation>
            </p>
         </fn>
         <fn id="d333e3422a1310">
            <label>207</label>
            <p>
               <mixed-citation id="d333e3429" publication-type="other">
Smeaton &amp; Griffiths, supra note 205, at 54.</mixed-citation>
            </p>
         </fn>
         <fn id="d333e3436a1310">
            <label>208</label>
            <p>
               <mixed-citation id="d333e3443" publication-type="other">
Richard A. LaBrie et al., Inside the Virtual Casino: A Prospective Longitudinal Study
of Actual Internet Casino Gambling, 18 eur. J. Pub. health 410, 410 (2008).</mixed-citation>
            </p>
         </fn>
         <fn id="d333e3454a1310">
            <label>209</label>
            <p>
               <mixed-citation id="d333e3461" publication-type="other">
Id.</mixed-citation>
            </p>
            <p>
               <mixed-citation id="d333e3467" publication-type="other">
Debi A. LaPlante et al., Sitting at the Virtual Poker Table: A Prospective
Epidemiological Study of Actual Internet Poker Gambling Behavior, 25 computers in hum.
Behav. 711 (2009).</mixed-citation>
            </p>
         </fn>
         <fn id="d333e3480a1310">
            <label>210</label>
            <p>
               <mixed-citation id="d333e3487" publication-type="other">
LaBrie et al, supra note 208, at 411</mixed-citation>
            </p>
            <p>
               <mixed-citation id="d333e3493" publication-type="other">
LaPlante et al., supra note 209, at 712.</mixed-citation>
            </p>
         </fn>
         <fn id="d333e3500a1310">
            <label>211</label>
            <p>
               <mixed-citation id="d333e3507" publication-type="other">
LaBrie et al., supra note 208, at 413</mixed-citation>
            </p>
            <p>
               <mixed-citation id="d333e3513" publication-type="other">
LaPlante et al., supra note 209, at 713.</mixed-citation>
            </p>
         </fn>
         <fn id="d333e3520a1310">
            <label>212</label>
            <p>
               <mixed-citation id="d333e3527" publication-type="other">
LaBrie et al., supra note 208, at 413 tbl.3.</mixed-citation>
            </p>
         </fn>
         <fn id="d333e3534a1310">
            <label>213</label>
            <p>
               <mixed-citation id="d333e3541" publication-type="other">
LaPlante et al., supra note 209, at 714.</mixed-citation>
            </p>
         </fn>
         <fn id="d333e3548a1310">
            <label>214</label>
            <p>
               <mixed-citation id="d333e3555" publication-type="other">
LaBrie et al, supra note 208, at 413 tbl.3</mixed-citation>
            </p>
            <p>
               <mixed-citation id="d333e3561" publication-type="other">
LaPlante et al., supra note 209, at 714 tbl.l.</mixed-citation>
            </p>
         </fn>
         <fn id="d333e3569a1310">
            <label>215</label>
            <p>
               <mixed-citation id="d333e3576" publication-type="other">
LaPlante et al., supra note 209, at 716.</mixed-citation>
            </p>
         </fn>
         <fn id="d333e3583a1310">
            <label>216</label>
            <p>
               <mixed-citation id="d333e3590" publication-type="other">
Robert T. Wood &amp; Robert J. Williams, Problem Gambling on the Internet:
Implications for Internet Gambling Policy in North America, 9 New Media &amp; Soc'y 520,
537 (2007).</mixed-citation>
            </p>
         </fn>
         <fn id="d333e3603a1310">
            <label>217</label>
            <p>
               <mixed-citation id="d333e3610" publication-type="other">
LaBrie et al., supra note 208, at 414</mixed-citation>
            </p>
         </fn>
         <fn id="d333e3617a1310">
            <label>218</label>
            <p>
               <mixed-citation id="d333e3624" publication-type="other">
Hurt, supra note 136, at 423.</mixed-citation>
            </p>
            <p>
               <mixed-citation id="d333e3630" publication-type="other">
id. at 424-25.</mixed-citation>
            </p>
         </fn>
         <fn id="d333e3637a1310">
            <label>219</label>
            <p>
               <mixed-citation id="d333e3644" publication-type="other">
Blankenship, supra note 5, at 504.</mixed-citation>
            </p>
         </fn>
         <fn id="d333e3651a1310">
            <label>220</label>
            <p>
               <mixed-citation id="d333e3658" publication-type="other">
Grohman, supra note 6, at 37, 39.</mixed-citation>
            </p>
         </fn>
         <fn id="d333e3666a1310">
            <label>221</label>
            <p>
               <mixed-citation id="d333e3673" publication-type="other">
Hurt, supra note 136, at 425.</mixed-citation>
            </p>
         </fn>
         <fn id="d333e3680a1310">
            <label>222</label>
            <p>
               <mixed-citation id="d333e3687" publication-type="other">
Daniel G. Habib, Online and Obsessed, Sports Illustrated, May 30, 2005, at
66.</mixed-citation>
            </p>
         </fn>
         <fn id="d333e3697a1310">
            <label>223</label>
            <p>
               <mixed-citation id="d333e3704" publication-type="other">
So-hyun Joo et al, Credit Card Attitudes and Behaviors of College Students, 37
C. Studenti. 405,416-18 (2003).</mixed-citation>
            </p>
         </fn>
         <fn id="d333e3714a1310">
            <label>224</label>
            <p>
               <mixed-citation id="d333e3721" publication-type="other">
Pearson Liddell, Jr. et al., Internet Gambling: On a Roll?, 28 Seton Hall Legis. J.
315,334 (2004).</mixed-citation>
            </p>
         </fn>
         <fn id="d333e3731a1310">
            <label>225</label>
            <p>
               <mixed-citation id="d333e3738" publication-type="other">
Grohman, supra note 6, at 60-61.</mixed-citation>
            </p>
            <p>
               <mixed-citation id="d333e3744" publication-type="other">
Id. at 61.</mixed-citation>
            </p>
         </fn>
         <fn id="d333e3751a1310">
            <label>226</label>
            <p>
               <mixed-citation id="d333e3758" publication-type="other">
Kindt &amp; Palchak, supra note 195, at 32</mixed-citation>
            </p>
            <p>
               <mixed-citation id="d333e3764" publication-type="other">
Id. at
34.</mixed-citation>
            </p>
         </fn>
         <fn id="d333e3775a1310">
            <label>227</label>
            <p>
               <mixed-citation id="d333e3782" publication-type="other">
id. at 33-34</mixed-citation>
            </p>
         </fn>
         <fn id="d333e3789a1310">
            <label>228</label>
            <p>
               <mixed-citation id="d333e3796" publication-type="other">
Id. at 33.</mixed-citation>
            </p>
            <p>
               <mixed-citation id="d333e3802" publication-type="other">
Id.</mixed-citation>
            </p>
         </fn>
         <fn id="d333e3809a1310">
            <label>229</label>
            <p>
               <mixed-citation id="d333e3816" publication-type="other">
Keller, supra note 112, at 1593.</mixed-citation>
            </p>
         </fn>
         <fn id="d333e3823a1310">
            <label>230</label>
            <p>
               <mixed-citation id="d333e3830" publication-type="other">
Canada Criminal Code, R.S.C., ch. C-46, § 206 (1985).</mixed-citation>
            </p>
         </fn>
         <fn id="d333e3837a1310">
            <label>231</label>
            <p>
               <mixed-citation id="d333e3844" publication-type="other">
Doyle, supra note 26, at 1.</mixed-citation>
            </p>
         </fn>
         <fn id="d333e3851a1310">
            <label>232</label>
            <p>
               <mixed-citation id="d333e3858" publication-type="other">
H.R. 2046, 110th Cong. (2007).</mixed-citation>
            </p>
         </fn>
         <fn id="d333e3866a1310">
            <label>233</label>
            <p>
               <mixed-citation id="d333e3873" publication-type="other">
H.R. 2607, 110th Cong. (2007).</mixed-citation>
            </p>
         </fn>
         <fn id="d333e3880a1310">
            <label>234</label>
            <p>
               <mixed-citation id="d333e3887" publication-type="other">
H.R. 2046, § 5381(a)(6)</mixed-citation>
            </p>
            <p>
               <mixed-citation id="d333e3893" publication-type="other">
H.R. 2607, § 4491(7)(B).</mixed-citation>
            </p>
         </fn>
         <fn id="d333e3900a1310">
            <label>235</label>
            <p>
               <mixed-citation id="d333e3907" publication-type="other">
H.R. 2046, § 5381(a)(4).</mixed-citation>
            </p>
         </fn>
         <fn id="d333e3914a1310">
            <label>236</label>
            <p>
               <mixed-citation id="d333e3921" publication-type="other">
Id. § 5383(g).</mixed-citation>
            </p>
         </fn>
         <fn id="d333e3928a1310">
            <label>237</label>
            <p>
               <mixed-citation id="d333e3935" publication-type="other">
H.R. 2610, 110th Cong. § 3(f)(2007).</mixed-citation>
            </p>
         </fn>
         <fn id="d333e3942a1310">
            <label>238</label>
            <p>
               <mixed-citation id="d333e3949" publication-type="other">
Id. § 2(5).</mixed-citation>
            </p>
         </fn>
         <fn id="d333e3957a1310">
            <label>239</label>
            <p>
               <mixed-citation id="d333e3964" publication-type="other">
Id. § 3(f).</mixed-citation>
            </p>
         </fn>
         <fn id="d333e3971a1310">
            <label>240</label>
            <p>
               <mixed-citation id="d333e3978" publication-type="other">
Id. § 5.</mixed-citation>
            </p>
         </fn>
         <fn id="d333e3985a1310">
            <label>241</label>
            <p>
               <mixed-citation id="d333e3992" publication-type="other">
Id. § 4</mixed-citation>
            </p>
         </fn>
         <fn id="d333e3999a1310">
            <label>242</label>
            <p>
               <mixed-citation id="d333e4006" publication-type="other">
H.R. 6663, 110th Cong. (2008).</mixed-citation>
            </p>
         </fn>
         <fn id="d333e4013a1310">
            <label>243</label>
            <p>
               <mixed-citation id="d333e4020" publication-type="other">
Id. § 2(a)(2).</mixed-citation>
            </p>
         </fn>
         <fn id="d333e4027a1310">
            <label>244</label>
            <p>
               <mixed-citation id="d333e4034" publication-type="other">
Id. § 2(a)(5).</mixed-citation>
            </p>
         </fn>
         <fn id="d333e4042a1310">
            <label>245</label>
            <p>
               <mixed-citation id="d333e4049" publication-type="other">
Id. § 2(a)(6).</mixed-citation>
            </p>
         </fn>
         <fn id="d333e4056a1310">
            <label>246</label>
            <p>
               <mixed-citation id="d333e4063" publication-type="other">
Id. § 3(a).</mixed-citation>
            </p>
         </fn>
         <fn id="d333e4070a1310">
            <label>247</label>
            <p>
               <mixed-citation id="d333e4077" publication-type="other">
Id. § 4.</mixed-citation>
            </p>
         </fn>
         <fn id="d333e4084a1310">
            <label>248</label>
            <p>
               <mixed-citation id="d333e4091" publication-type="other">
id. § 2.</mixed-citation>
            </p>
         </fn>
         <fn id="d333e4098a1310">
            <label>249</label>
            <p>
               <mixed-citation id="d333e4105" publication-type="other">
H.R. 2267, 111th Cong. (2009).</mixed-citation>
            </p>
         </fn>
         <fn id="d333e4112a1310">
            <label>250</label>
            <p>
               <mixed-citation id="d333e4119" publication-type="other">
Id. § 5383(a)(1)(B).</mixed-citation>
            </p>
         </fn>
         <fn id="d333e4127a1310">
            <label>251</label>
            <p>
               <mixed-citation id="d333e4134" publication-type="other">
Id. § 5383(g).</mixed-citation>
            </p>
         </fn>
         <fn id="d333e4141a1310">
            <label>252</label>
            <p>
               <mixed-citation id="d333e4148" publication-type="other">
Id. § 5383(g)(4).</mixed-citation>
            </p>
            <p>
               <mixed-citation id="d333e4154" publication-type="other">
Spencer Bachus, Online Gambling
Leads to Crime and Hurts Young, So Why Encourage It? Asks Spencer Bachus, U.S. News
&amp; World Rep., June 1, 2009, http://www.usnews.com/articles/opinion/2009/06/01/online-
gambling-leads-to-crime-and-hurts-young-so-why-encourage-it-asks-spencer-bachus.html.</mixed-citation>
            </p>
         </fn>
         <fn id="d333e4170a1310">
            <label>253</label>
            <p>
               <mixed-citation id="d333e4177" publication-type="other">
Tselnik, supra note 6, at 1627</mixed-citation>
            </p>
            <p>
               <mixed-citation id="d333e4183" publication-type="other">
DOJ Hearing, supra note 111, ¶ 9.</mixed-citation>
            </p>
         </fn>
         <fn id="d333e4190a1310">
            <label>254</label>
            <p>
               <mixed-citation id="d333e4197" publication-type="other">
Blankenship, supra note 5, at 489.</mixed-citation>
            </p>
            <p>
               <mixed-citation id="d333e4203" publication-type="other">
DOJ Hearing, supra note 111, ¶ 2.</mixed-citation>
            </p>
            <p>
               <mixed-citation id="d333e4209" publication-type="other">
Id.</mixed-citation>
            </p>
         </fn>
         <fn id="d333e4216a1310">
            <label>255</label>
            <p>
               <mixed-citation id="d333e4223" publication-type="other">
DOJ Hearing, supra note 111,¶ 9.</mixed-citation>
            </p>
         </fn>
         <fn id="d333e4230a1310">
            <label>256</label>
            <p>
               <mixed-citation id="d333e4237" publication-type="other">
supra text accompanying notes 236, 241.</mixed-citation>
            </p>
         </fn>
         <fn id="d333e4245a1310">
            <label>257</label>
            <p>
               <mixed-citation id="d333e4252" publication-type="other">
Hurt, supra note 136, at 433-34.</mixed-citation>
            </p>
         </fn>
         <fn id="d333e4259a1310">
            <label>258</label>
            <p>
               <mixed-citation id="d333e4266" publication-type="other">
Bachus, supra note 252, at 2.</mixed-citation>
            </p>
         </fn>
         <fn id="d333e4273a1310">
            <label>259</label>
            <p>
               <mixed-citation id="d333e4280" publication-type="other">
H.R. 2046, 110th
Cong. § 5381(a)(3) (2007).</mixed-citation>
            </p>
         </fn>
         <fn id="d333e4290a1310">
            <label>260</label>
            <p>
               <mixed-citation id="d333e4297" publication-type="other">
Canada Criminal Code, R.S.C., ch. C-46, § 206 (1985).</mixed-citation>
            </p>
         </fn>
         <fn id="d333e4304a1310">
            <label>261</label>
            <p>
               <mixed-citation id="d333e4311" publication-type="other">
Id. § 206(1)(b).</mixed-citation>
            </p>
         </fn>
         <fn id="d333e4318a1310">
            <label>262</label>
            <p>
               <mixed-citation id="d333e4325" publication-type="other">
Wood &amp; Williams, supra note 216, at 521.</mixed-citation>
            </p>
         </fn>
         <fn id="d333e4333a1310">
            <label>263</label>
            <p>
               <mixed-citation id="d333e4340" publication-type="other">
UniNet Techs. Inc. v. Commc'n Servs Inc., [2005] B.C.C.A., 114, ¶ 1 (Can.).</mixed-citation>
            </p>
         </fn>
         <fn id="d333e4347a1310">
            <label>264</label>
            <p>
               <mixed-citation id="d333e4354" publication-type="other">
Wood &amp; Williams, supra note 216, at 521.</mixed-citation>
            </p>
         </fn>
         <fn id="d333e4361a1310">
            <label>265</label>
            <p>
               <mixed-citation id="d333e4368" publication-type="other">
Canada Criminal Code, R.S.C., ch. C-46, § 206(4).</mixed-citation>
            </p>
         </fn>
         <fn id="d333e4375a1310">
            <label>266</label>
            <p>
               <mixed-citation id="d333e4382" publication-type="other">
Harrington, supra note 32, at 769.</mixed-citation>
            </p>
         </fn>
         <fn id="d333e4389a1310">
            <label>267</label>
            <p>
               <mixed-citation id="d333e4396" publication-type="other">
Id. at 784</mixed-citation>
            </p>
            <p>
               <mixed-citation id="d333e4402" publication-type="other">
Canada Criminal Code, R.S.C., ch. C-46, § 207(1)</mixed-citation>
            </p>
         </fn>
         <fn id="d333e4409a1310">
            <label>268</label>
            <p>
               <mixed-citation id="d333e4416" publication-type="other">
Id.</mixed-citation>
            </p>
         </fn>
         <fn id="d333e4424a1310">
            <label>269</label>
            <p>
               <mixed-citation id="d333e4431" publication-type="other">
Reference re Earth Future Lottery, [2002] 633 A.P.R. 311, affd, [2003] 1 S.C.R. 123
(Can.).</mixed-citation>
            </p>
         </fn>
         <fn id="d333e4441a1310">
            <label>270</label>
            <p>
               <mixed-citation id="d333e4448" publication-type="other">
Id. ¶ 13.</mixed-citation>
            </p>
         </fn>
         <fn id="d333e4455a1310">
            <label>271</label>
            <p>
               <mixed-citation id="d333e4462" publication-type="other">
Id. ¶ 13-14.</mixed-citation>
            </p>
         </fn>
         <fn id="d333e4469a1310">
            <label>272</label>
            <p>
               <mixed-citation id="d333e4476" publication-type="other">
Id. ¶ 7.</mixed-citation>
            </p>
         </fn>
         <fn id="d333e4483a1310">
            <label>273</label>
            <p>
               <mixed-citation id="d333e4490" publication-type="other">
supra text accompanying notes 266-267.</mixed-citation>
            </p>
         </fn>
         <fn id="d333e4497a1310">
            <label>274</label>
            <p>
               <mixed-citation id="d333e4504" publication-type="other">
NGISC Final Report, supra note 59, at 5-10.</mixed-citation>
            </p>
         </fn>
         <fn id="d333e4512a1310">
            <label>275</label>
            <p>
               <mixed-citation id="d333e4519" publication-type="other">
Id. at 5-10 to-11.</mixed-citation>
            </p>
         </fn>
         <fn id="d333e4526a1310">
            <label>276</label>
            <p>
               <mixed-citation id="d333e4533" publication-type="other">
Blankenship, supra note 5, at 504.</mixed-citation>
            </p>
         </fn>
         <fn id="d333e4540a1310">
            <label>277</label>
            <p>
               <mixed-citation id="d333e4547" publication-type="other">
H.R. 2046, 110th Cong. § 5381(a)(6) (2007)</mixed-citation>
            </p>
            <p>
               <mixed-citation id="d333e4553" publication-type="other">
Blankenship, supra
note 5, at 506</mixed-citation>
            </p>
         </fn>
         <fn id="d333e4563a1310">
            <label>278</label>
            <p>
               <mixed-citation id="d333e4570" publication-type="other">
Barbara T. Dreyfuss, Politicians Bet the Farm, Am. Prospect, Mar. 2008, at 31.</mixed-citation>
            </p>
         </fn>
         <fn id="d333e4577a1310">
            <label>279</label>
            <p>
               <mixed-citation id="d333e4584" publication-type="other">
Id.</mixed-citation>
            </p>
         </fn>
         <fn id="d333e4591a1310">
            <label>280</label>
            <p>
               <mixed-citation id="d333e4598" publication-type="other">
Id.</mixed-citation>
            </p>
         </fn>
         <fn id="d333e4606a1310">
            <label>281</label>
            <p>
               <mixed-citation id="d333e4613" publication-type="other">
Id.</mixed-citation>
            </p>
         </fn>
         <fn id="d333e4620a1310">
            <label>282</label>
            <p>
               <mixed-citation id="d333e4627" publication-type="other">
Id.</mixed-citation>
            </p>
         </fn>
         <fn id="d333e4634a1310">
            <label>283</label>
            <p>
               <mixed-citation id="d333e4641" publication-type="other">
supra Part V.</mixed-citation>
            </p>
         </fn>
         <fn id="d333e4648a1310">
            <label>284</label>
            <p>
               <mixed-citation id="d333e4655" publication-type="other">
Blankenship, supra note 5, at 500-01.</mixed-citation>
            </p>
         </fn>
         <fn id="d333e4662a1310">
            <label>285</label>
            <p>
               <mixed-citation id="d333e4669" publication-type="other">
Id. at 501.</mixed-citation>
            </p>
         </fn>
         <fn id="d333e4676a1310">
            <label>286</label>
            <p>
               <mixed-citation id="d333e4683" publication-type="other">
Gilbert M. Gaul, Players Gamble on Honesty, Security of Internet Betting, Wash.
Post, Nov. 30, 2008, at A1, available at http://vww.washingtonpost.com/wp-dyn/content/
article/2008/11/29/AR2008112901679.html.</mixed-citation>
            </p>
         </fn>
         <fn id="d333e4697a1310">
            <label>287</label>
            <p>
               <mixed-citation id="d333e4704" publication-type="other">
Id.</mixed-citation>
            </p>
         </fn>
         <fn id="d333e4711a1310">
            <label>288</label>
            <p>
               <mixed-citation id="d333e4718" publication-type="other">
Id.</mixed-citation>
            </p>
         </fn>
         <fn id="d333e4725a1310">
            <label>289</label>
            <p>
               <mixed-citation id="d333e4732" publication-type="other">
Id.</mixed-citation>
            </p>
         </fn>
         <fn id="d333e4739a1310">
            <label>290</label>
            <p>
               <mixed-citation id="d333e4746" publication-type="other">
Id.</mixed-citation>
            </p>
            <p>
               <mixed-citation id="d333e4752" publication-type="other">
Grahmann, supra note 62, at 177.</mixed-citation>
            </p>
         </fn>
         <fn id="d333e4759a1310">
            <label>291</label>
            <p>
               <mixed-citation id="d333e4766" publication-type="other">
supra text accompanying notes 226-229.</mixed-citation>
            </p>
         </fn>
         <fn id="d333e4773a1310">
            <label>292</label>
            <p>
               <mixed-citation id="d333e4780" publication-type="other">
Hurt, supra note 136, at 427.</mixed-citation>
            </p>
         </fn>
         <fn id="d333e4788a1310">
            <label>293</label>
            <p>
               <mixed-citation id="d333e4795" publication-type="other">
Id. at 428.</mixed-citation>
            </p>
         </fn>
         <fn id="d333e4802a1310">
            <label>294</label>
            <p>
               <mixed-citation id="d333e4809" publication-type="other">
Blankenship, supra note 5, at 503.</mixed-citation>
            </p>
         </fn>
         <fn id="d333e4816a1310">
            <label>295</label>
            <p>
               <mixed-citation id="d333e4823" publication-type="other">
supra text accompanying notes 185-192.</mixed-citation>
            </p>
         </fn>
         <fn id="d333e4830a1310">
            <label>296</label>
            <p>
               <mixed-citation id="d333e4837" publication-type="other">
Grohman, supra note 6, at 66-67.</mixed-citation>
            </p>
         </fn>
         <fn id="d333e4844a1310">
            <label>297</label>
            <p>
               <mixed-citation id="d333e4851" publication-type="other">
Tselnik, supra note 6, at 1619.</mixed-citation>
            </p>
         </fn>
         <fn id="d333e4858a1310">
            <label>298</label>
            <p>
               <mixed-citation id="d333e4865" publication-type="other">
Grohman, supra note 6, at 68.</mixed-citation>
            </p>
         </fn>
         <fn id="d333e4873a1310">
            <label>299</label>
            <p>
               <mixed-citation id="d333e4880" publication-type="other">
supra text accompanying notes 39-41.</mixed-citation>
            </p>
         </fn>
         <fn id="d333e4887a1310">
            <label>300</label>
            <p>
               <mixed-citation id="d333e4894" publication-type="other">
Dreyfuss, supra note 278, at 31-32.</mixed-citation>
            </p>
         </fn>
         <fn id="d333e4901a1310">
            <label>301</label>
            <p>
               <mixed-citation id="d333e4908" publication-type="other">
Grohman, supra note 6, at 68</mixed-citation>
            </p>
            <p>
               <mixed-citation id="d333e4914" publication-type="other">
supra Part V.</mixed-citation>
            </p>
         </fn>
         <fn id="d333e4921a1310">
            <label>302</label>
            <p>
               <mixed-citation id="d333e4928" publication-type="other">
supra text accompanying notes 46-52.</mixed-citation>
            </p>
         </fn>
         <fn id="d333e4935a1310">
            <label>303</label>
            <p>
               <mixed-citation id="d333e4942" publication-type="other">
Hurt, supra note 136, at 382</mixed-citation>
            </p>
            <p>
               <mixed-citation id="d333e4948" publication-type="other">
Liebman, supra note 37, at 4</mixed-citation>
            </p>
            <p>
               <mixed-citation id="d333e4954" publication-type="other">
Mike Caro, Caro's Book of Poker
Tells 11 (2003)</mixed-citation>
            </p>
         </fn>
         <fn id="d333e4964a1310">
            <label>304</label>
            <p>
               <mixed-citation id="d333e4971" publication-type="other">
Hurt, supra note 136, at 382.</mixed-citation>
            </p>
         </fn>
         <fn id="d333e4979a1310">
            <label>305</label>
            <p>
               <mixed-citation id="d333e4986" publication-type="other">
Scott A. Golder &amp; Judith Donath, Hiding and Revealing in Online Poker Games, in
Proceedings of ACM Conference on Computer-Supported Cooperative Work 370,
370 (2004)</mixed-citation>
            </p>
            <p>
               <mixed-citation id="d333e4998" publication-type="other">
Doyle Brunson, Super System: A Course in Power Poker (3d ed.
2003 [sic])</mixed-citation>
            </p>
         </fn>
         <fn id="d333e5008a1310">
            <label>306</label>
            <p>
               <mixed-citation id="d333e5015" publication-type="other">
Id.</mixed-citation>
            </p>
         </fn>
         <fn id="d333e5022a1310">
            <label>307</label>
            <p>
               <mixed-citation id="d333e5029" publication-type="other">
id. at 373.</mixed-citation>
            </p>
         </fn>
         <fn id="d333e5036a1310">
            <label>308</label>
            <p>
               <mixed-citation id="d333e5043" publication-type="other">
Poker-Edge.com, Dramatically Increase Your Poker Profits By Stalking
Your Opponents' Play, http://www.poker-edge.com/index.php (last visited Sept. 25, 2009).</mixed-citation>
            </p>
         </fn>
         <fn id="d333e5053a1310">
            <label>309</label>
            <p>
               <mixed-citation id="d333e5060" publication-type="other">
Golder &amp; Donath, supra note 305, at 372</mixed-citation>
            </p>
         </fn>
         <fn id="d333e5067a1310">
            <label>310</label>
            <p>
               <mixed-citation id="d333e5074" publication-type="other">
Arthur S. Reber, One for the Old Guys: Reaction Times, Decision Times and
Memory, http://www.pokerlistings.com/poker-strategy/one-for-the-old-guys-reaction-times-
decision-times-and-memory (last visited Oct. 5, 2009)</mixed-citation>
            </p>
         </fn>
         <fn id="d333e5088a1310">
            <label>311</label>
            <p>
               <mixed-citation id="d333e5095" publication-type="other">
Top15Poker.com, Play Poker Online to Improve Your Game,
http://www.top15poker.com/Online-poker.html (last visited Oct. 5, 2009).</mixed-citation>
            </p>
         </fn>
         <fn id="d333e5105a1310">
            <label>312</label>
            <p>
               <mixed-citation id="d333e5112" publication-type="other">
PokerStars.com, Poker Games Frequently Asked Questions,
http://www.pokerstars.com/poker/roorn/faq/ (last visited Oct. 5, 2009).</mixed-citation>
            </p>
         </fn>
         <fn id="d333e5122a1310">
            <label>313</label>
            <p>
               <mixed-citation id="d333e5129" publication-type="other">
PlayWinningPoker.com, Clock—Call for the Clock,
http://www.playwinningpoker.com/poker/terms/clock.html (last visited Oct. 5, 2009)</mixed-citation>
            </p>
            <p>
               <mixed-citation id="d333e5138" publication-type="other">
PokerStars.com, supra note
312.</mixed-citation>
            </p>
            <p>
               <mixed-citation id="d333e5147" publication-type="other">
Reber, supra note 310.</mixed-citation>
            </p>
         </fn>
         <fn id="d333e5154a1310">
            <label>314</label>
            <p>
               <mixed-citation id="d333e5161" publication-type="other">
Ashley Adams, Jiujitsu Against the Multi-Tabling Online Poker Player, Poker Mag.,
Oct. 18, 2005, http://www.pokermagazine.com/Online-Poker/jiujitsu_online_poker_
multiple_tables.html.</mixed-citation>
            </p>
         </fn>
         <fn id="d333e5174a1310">
            <label>315</label>
            <p>
               <mixed-citation id="d333e5181" publication-type="other">
Id.</mixed-citation>
            </p>
         </fn>
         <fn id="d333e5188a1310">
            <label>316</label>
            <p>
               <mixed-citation id="d333e5195" publication-type="other">
Mayfield v. Woodford, 270 F.3d 915, 931 (9th Cir. 2001).</mixed-citation>
            </p>
         </fn>
         <fn id="d333e5203a1310">
            <label>317</label>
            <p>
               <mixed-citation id="d333e5210" publication-type="other">
Hurt, supra note 136, at 417</mixed-citation>
            </p>
         </fn>
         <fn id="d333e5217a1310">
            <label>318</label>
            <p>
               <mixed-citation id="d333e5224" publication-type="other">
Stewart, supra note 31, at 2.</mixed-citation>
            </p>
         </fn>
         <fn id="d333e5231a1310">
            <label>319</label>
            <p>
               <mixed-citation id="d333e5238" publication-type="other">
supra Part V.</mixed-citation>
            </p>
         </fn>
         <fn id="d333e5245a1310">
            <label>320</label>
            <p>
               <mixed-citation id="d333e5252" publication-type="other">
Gaul, supra note 286, at A1</mixed-citation>
            </p>
         </fn>
         <fn id="d333e5259a1310">
            <label>321</label>
            <p>
               <mixed-citation id="d333e5266" publication-type="other">
Grohman, supra note 6, at 68.</mixed-citation>
            </p>
         </fn>
         <fn id="d333e5273a1310">
            <label>322</label>
            <p>
               <mixed-citation id="d333e5280" publication-type="other">
H.R. 2046, 110th Cong. § 5381(a)(3) (2007).</mixed-citation>
            </p>
         </fn>
         <fn id="d333e5288a1310">
            <label>323</label>
            <p>
               <mixed-citation id="d333e5295" publication-type="other">
Dreyfuss, supra note 278, at 28.</mixed-citation>
            </p>
         </fn>
         <fn id="d333e5302a1310">
            <label>324</label>
            <p>
               <mixed-citation id="d333e5309" publication-type="other">
Id.</mixed-citation>
            </p>
         </fn>
         <fn id="d333e5316a1310">
            <label>325</label>
            <p>
               <mixed-citation id="d333e5323" publication-type="other">
Id.</mixed-citation>
            </p>
         </fn>
         <fn id="d333e5330a1310">
            <label>326</label>
            <p>
               <mixed-citation id="d333e5337" publication-type="other">
Id. at 32.</mixed-citation>
            </p>
         </fn>
         <fn id="d333e5344a1310">
            <label>327</label>
            <p>
               <mixed-citation id="d333e5351" publication-type="other">
Id. at 31-32.</mixed-citation>
            </p>
            <p>
               <mixed-citation id="d333e5357" publication-type="other">
Id. at 32.</mixed-citation>
            </p>
            <p>
               <mixed-citation id="d333e5363" publication-type="other">
infra text accompanying note 329.</mixed-citation>
            </p>
         </fn>
         <fn id="d333e5370a1310">
            <label>328</label>
            <p>
               <mixed-citation id="d333e5377" publication-type="other">
supra text accompanying notes 185-192.</mixed-citation>
            </p>
         </fn>
         <fn id="d333e5385a1310">
            <label>329</label>
            <p>
               <mixed-citation id="d333e5392" publication-type="other">
Grohman, supra note 6, at 69-70.</mixed-citation>
            </p>
         </fn>
         <fn id="d333e5399a1310">
            <label>330</label>
            <p>
               <mixed-citation id="d333e5406" publication-type="other">
Dreyfuss, supra note 278, at 31.</mixed-citation>
            </p>
         </fn>
         <fn id="d333e5413a1310">
            <label>331</label>
            <p>
               <mixed-citation id="d333e5420" publication-type="other">
Aubuchon, supra note 7, at 312-13.</mixed-citation>
            </p>
         </fn>
         <fn id="d333e5427a1310">
            <label>332</label>
            <p>
               <mixed-citation id="d333e5434" publication-type="other">
supra text accompanying notes 14-17.</mixed-citation>
            </p>
            <p>
               <mixed-citation id="d333e5440" publication-type="other">
supra text accompanying notes
123-126</mixed-citation>
            </p>
         </fn>
         <fn id="d333e5450a1310">
            <label>333</label>
            <p>
               <mixed-citation id="d333e5457" publication-type="other">
supra text accompanying notes 19-25.</mixed-citation>
            </p>
         </fn>
         <fn id="d333e5464a1310">
            <label>334</label>
            <p>
               <mixed-citation id="d333e5471" publication-type="other">
Grahmann, supra note 62, at 163.</mixed-citation>
            </p>
         </fn>
         <fn id="d333e5479a1310">
            <label>335</label>
            <p>
               <mixed-citation id="d333e5486" publication-type="other">
DOJ Hearing, supra note 111, ¶ 1.</mixed-citation>
            </p>
         </fn>
         <fn id="d333e5493a1310">
            <label>336</label>
            <p>
               <mixed-citation id="d333e5500" publication-type="other">
NGISC Final Report, supra note 59, at 5-7</mixed-citation>
            </p>
            <p>
               <mixed-citation id="d333e5506" publication-type="other">
supra text accompanying notes 149-
152.</mixed-citation>
            </p>
         </fn>
         <fn id="d333e5516a1310">
            <label>337</label>
            <p>
               <mixed-citation id="d333e5523" publication-type="other">
supra text accompanying notes 166-171.</mixed-citation>
            </p>
         </fn>
         <fn id="d333e5530a1310">
            <label>338</label>
            <p>
               <mixed-citation id="d333e5537" publication-type="other">
supra text accompanying notes 259-266.</mixed-citation>
            </p>
         </fn>
         <fn id="d333e5544a1310">
            <label>339</label>
            <p>
               <mixed-citation id="d333e5551" publication-type="other">
Buell, supra note 119, at 1492.</mixed-citation>
            </p>
         </fn>
         <fn id="d333e5558a1310">
            <label>340</label>
            <p>
               <mixed-citation id="d333e5565" publication-type="other">
Id. at 1493-94.</mixed-citation>
            </p>
         </fn>
         <fn id="d333e5573a1310">
            <label>341</label>
            <p>
               <mixed-citation id="d333e5580" publication-type="other">
Aubuchon, supra note 7, at 312.</mixed-citation>
            </p>
         </fn>
         <fn id="d333e5587a1310">
            <label>342</label>
            <p>
               <mixed-citation id="d333e5594" publication-type="other">
Grohman, supra note 6, at 51-52.</mixed-citation>
            </p>
         </fn>
         <fn id="d333e5601a1310">
            <label>343</label>
            <p>
               <mixed-citation id="d333e5608" publication-type="other">
Buell, supra note 119, at 1506.</mixed-citation>
            </p>
         </fn>
         <fn id="d333e5615a1310">
            <label>344</label>
            <p>
               <mixed-citation id="d333e5622" publication-type="other">
Dominic Walsh &amp; Tom Bawden, Bankers and Players in America Hedge Their Bets
on Internet Law, Times (London), Oct. 3, 2006, at 44.</mixed-citation>
            </p>
         </fn>
      </fn-group>
   </back>
</article>
