<article xmlns:xsi="http://www.w3.org/2001/XMLSchema-instance"
         xmlns:xlink="http://www.w3.org/1999/xlink"
         xmlns:mml="http://www.w3.org/1998/Math/MathML"
         dtd-version="1.0"
         article-type="research-article">
   <front>
      <journal-meta>
         <journal-id journal-id-type="jstor">jcrimlawcrim1973</journal-id>
         <journal-id journal-id-type="jstor">j100481</journal-id>
         <journal-title-group>
            <journal-title>The Journal of Criminal Law and Criminology (1973-)</journal-title>
         </journal-title-group>
         <publisher>
            <publisher-name>Northwestern University School of Law</publisher-name>
         </publisher>
         <issn pub-type="ppub">00914169</issn>
      </journal-meta>
      <article-meta>
         <article-id pub-id-type="jstor">3491323</article-id>
         <article-categories>
            <subj-group>
               <subject>Supreme Court Review</subject>
            </subj-group>
         </article-categories>
         <title-group>
            <article-title>Foreword: Beyond Blakely and Booker: Pondering Modern Sentencing Process</article-title>
         </title-group>
         <contrib-group>
            <contrib contrib-type="author">
               <string-name>
                  <given-names>Douglas A.</given-names>
                  <surname>Berman</surname>
               </string-name>
            </contrib>
         </contrib-group>
         <pub-date>
            <day>1</day>
            <month>4</month>
            <year>2005</year>
         </pub-date>
         <volume>95</volume>
         <issue>3</issue>
         <issue-id>i278711</issue-id>
         <fpage>653</fpage>
         <lpage>688</lpage>
         <page-range>653-688</page-range>
         <permissions>
            <copyright-statement>Copyright 2005 Northwestern University, School of Law</copyright-statement>
         </permissions>
         <self-uri xlink:href="http://www.jstor.org/stable/3491323"/>
         <custom-meta-group>
            <custom-meta>
               <meta-name>lang</meta-name>
               <meta-value>eng</meta-value>
            </custom-meta>
         </custom-meta-group>
      </article-meta>
   </front>
   <back>
      <fn-group>
         <title>[Footnotes]</title>
         <fn id="d1636e123a1310">
            <label>1</label>
            <p>
               <mixed-citation id="d1636e130" publication-type="other">
124 S. Ct. 2531 (2004).</mixed-citation>
            </p>
         </fn>
         <fn id="d1636e137a1310">
            <label>2</label>
            <p>
               <mixed-citation id="d1636e144" publication-type="other">
125 S. Ct. 738 (2005).</mixed-citation>
            </p>
         </fn>
         <fn id="d1636e151a1310">
            <label>3</label>
            <p>
               <mixed-citation id="d1636e158" publication-type="journal">
J. L. MILLER ET AL., SENTENCING REFORM 1-6 (1981)<person-group>
                     <string-name>
                        <surname>Miller</surname>
                     </string-name>
                  </person-group>
                  <fpage>1</fpage>
                  <source>Sentencing Reform</source>
                  <year>1981</year>
               </mixed-citation>
            </p>
            <p>
               <mixed-citation id="d1636e182" publication-type="journal">
SANDRA SHANE-DUBOW
ET AL., SENTENCING REFORM IN THE UNITED STATES: HISTORY, CONTENT, AND EFFECT 5-6
(1985)<person-group>
                     <string-name>
                        <surname>Shane-Dubow</surname>
                     </string-name>
                  </person-group>
                  <volume>5</volume>
                  <source>Sentencing Reform In The United States: History, Content, And Effect</source>
                  <year>1985</year>
               </mixed-citation>
            </p>
            <p>
               <mixed-citation id="d1636e213" publication-type="journal">
FRANCIS A. ALLEN, THE DECLINE OF THE REHABILITATIVE IDEAL 3-7
(1981)<person-group>
                     <string-name>
                        <surname>Allen</surname>
                     </string-name>
                  </person-group>
                  <volume>3</volume>
                  <source>The Decline Of The Rehabilitative Ideal</source>
                  <year>1981</year>
               </mixed-citation>
            </p>
         </fn>
         <fn id="d1636e242a1310">
            <label>4</label>
            <p>
               <mixed-citation id="d1636e249" publication-type="journal">
Michael Tonry, Twenty Years of Sentencing Reform: Steps Forward, Steps
Backward, 78 JUDICATURE 169, 169-70 (1995)<person-group>
                     <string-name>
                        <surname>Tonry</surname>
                     </string-name>
                  </person-group>
                  <fpage>169</fpage>
                  <volume>78</volume>
                  <source>Judicature</source>
                  <year>1995</year>
               </mixed-citation>
            </p>
            <p>
               <mixed-citation id="d1636e280" publication-type="other">
Mistretta v. United States, 488 U.S. 361, 363 (1989)</mixed-citation>
            </p>
         </fn>
         <fn id="d1636e288a1310">
            <label>5</label>
            <p>
               <mixed-citation id="d1636e295" publication-type="journal">
Andrew von Hirsch, The Sentencing Commission's Functions, in THE
SENTENCING COMMISSION AND ITS GUIDELINES 3 (Andrew von Hirsch et al. eds., 1987)<person-group>
                     <string-name>
                        <surname>von Hirsch</surname>
                     </string-name>
                  </person-group>
                  <volume>3</volume>
                  <source>The Sentencing Commission And Its Guidelines</source>
                  <year>1987</year>
               </mixed-citation>
            </p>
            <p>
               <mixed-citation id="d1636e323" publication-type="journal">
KATE STITH &amp; JOSE A. CABRANES, FEAR OF JUDGING:
SENTENCING GUIDELINES IN THE FEDERAL COURTS 9-22 (1998)<person-group>
                     <string-name>
                        <surname>Stith</surname>
                     </string-name>
                  </person-group>
                  <volume>9</volume>
                  <source>Cabranes, Fear Of Judging: Sentencing Guidelines In The Federal Courts</source>
                  <year>1998</year>
               </mixed-citation>
            </p>
         </fn>
         <fn id="d1636e352a1310">
            <label>6</label>
            <p>
               <mixed-citation id="d1636e359" publication-type="journal">
PRESIDENT'S COMM'N ON LAW ENFORCEMENT AND ADMIN. OF JUSTICE, THE
CHALLENGE OF CRIME IN A FREE SOCIETY 163 (1967)<volume>163</volume>
                  <source>President's Comm'n On Law Enforcement And Admin. Of Justice, The Challenge Of Crime In A Free Society</source>
                  <year>1967</year>
               </mixed-citation>
            </p>
            <p>
               <mixed-citation id="d1636e377" publication-type="journal">
Michael Vitiello, Reconsidering Rehabilitation, 65 TUL. L. REV. 1011, 1016-18 (1991)<person-group>
                     <string-name>
                        <surname>Vitiello</surname>
                     </string-name>
                  </person-group>
                  <fpage>1011</fpage>
                  <volume>65</volume>
                  <source>Tul. L. Rev.</source>
                  <year>1991</year>
               </mixed-citation>
            </p>
         </fn>
         <fn id="d1636e406a1310">
            <label>7</label>
            <p>
               <mixed-citation id="d1636e415" publication-type="other">
STITH &amp; CABRANES, supra note 5, at 19-21</mixed-citation>
            </p>
            <p>
               <mixed-citation id="d1636e421" publication-type="journal">
Nancy Gertner, What Has Harris Wrought,
15 FED. SENTENCING REP. 83, 83 (2002)<person-group>
                     <string-name>
                        <surname>Gertner</surname>
                     </string-name>
                  </person-group>
                  <fpage>83</fpage>
                  <volume>15</volume>
                  <source>Fed. Sentencing Rep.</source>
                  <year>2002</year>
               </mixed-citation>
            </p>
         </fn>
         <fn id="d1636e453a1310">
            <label>8</label>
            <p>
               <mixed-citation id="d1636e460" publication-type="other">
United States v. Mueffelman, 327 F. Supp. 2d 79, 83 (D. Mass. 2004).</mixed-citation>
            </p>
         </fn>
         <fn id="d1636e467a1310">
            <label>9</label>
            <p>
               <mixed-citation id="d1636e474" publication-type="journal">
Norval Morris, Towards Principled Sentencing, 37 MD. L. REV. 267, 272-74
(1977)<person-group>
                     <string-name>
                        <surname>Morris</surname>
                     </string-name>
                  </person-group>
                  <fpage>267</fpage>
                  <volume>37</volume>
                  <source>Md. L. Rev.</source>
                  <year>1977</year>
               </mixed-citation>
            </p>
            <p>
               <mixed-citation id="d1636e505" publication-type="journal">
Ilene Nagel, Structuring Sentencing Discretion: The
New Federal Sentencing Guidelines, 80 J. CRIM. L. &amp; CRIMINOLOGY 883, 895-97 (1990)<person-group>
                     <string-name>
                        <surname>Nagel</surname>
                     </string-name>
                  </person-group>
                  <fpage>883</fpage>
                  <volume>80</volume>
                  <source>J. Crim. L. &amp; Criminology</source>
                  <year>1990</year>
               </mixed-citation>
            </p>
         </fn>
         <fn id="d1636e537a1310">
            <label>10</label>
            <p>
               <mixed-citation id="d1636e544" publication-type="other">
Nagel, supra note 9, at 895-97, nn.73-84</mixed-citation>
            </p>
            <p>
               <mixed-citation id="d1636e550" publication-type="journal">
William W. Wilkins, Jr. et al., The Sentencing Reform Act of 1984: A Bold
Approach to the Unwarranted Sentencing Disparity Problem, 2 CRIM. L.F. 355, 359-62
(1991)<person-group>
                     <string-name>
                        <surname>Wilkins</surname>
                     </string-name>
                  </person-group>
                  <fpage>355</fpage>
                  <volume>2</volume>
                  <source>Crim. L.F.</source>
                  <year>1991</year>
               </mixed-citation>
            </p>
         </fn>
         <fn id="d1636e586a1310">
            <label>11</label>
            <p>
               <mixed-citation id="d1636e593" publication-type="other">
ALLEN, supra note 3, at 7-20</mixed-citation>
            </p>
            <p>
               <mixed-citation id="d1636e599" publication-type="other">
AM. FRIENDS SERV. COMM., STRUGGLE FOR JUSTICE (1971)</mixed-citation>
            </p>
            <p>
               <mixed-citation id="d1636e605" publication-type="book">
ERNEST VAN DEN HAAG,
PUNISHING CRIMINALS (1975)<person-group>
                     <string-name>
                        <surname>van den Haag</surname>
                     </string-name>
                  </person-group>
                  <source>Punishing Criminals</source>
                  <year>1975</year>
               </mixed-citation>
            </p>
            <p>
               <mixed-citation id="d1636e630" publication-type="book">
ANDREW VON HIRSCH, DOING JUSTICE: THE CHOICE OF
PUNISHMENTS (1976)<person-group>
                     <string-name>
                        <surname>von Hirsch</surname>
                     </string-name>
                  </person-group>
                  <source>Doing Justice: The Choice Of Punishments</source>
                  <year>1976</year>
               </mixed-citation>
            </p>
            <p>
               <mixed-citation id="d1636e654" publication-type="book">
JAMES Q. WILSON, THINKING ABOUT CRIME (1975)<person-group>
                     <string-name>
                        <surname>Wilson</surname>
                     </string-name>
                  </person-group>
                  <source>Thinking About Crime</source>
                  <year>1975</year>
               </mixed-citation>
            </p>
         </fn>
         <fn id="d1636e676a1310">
            <label>12</label>
            <p>
               <mixed-citation id="d1636e685" publication-type="other">
UNIFORM LAW COMMISSIONERS' MODEL SENTENCING AND CORRECTIONS ACT
(Nat'l Conference of Comm'rs on Unif. State Laws, 1979) [hereinafter MODEL SENTENCING
ACT]</mixed-citation>
            </p>
            <p>
               <mixed-citation id="d1636e697" publication-type="book">
DAVID FOGEL, "... WE ARE THE LIVING PROOF...": THE JUSTICE MODEL FOR
CORRECTIONS (1975)<person-group>
                     <string-name>
                        <surname>Fogel</surname>
                     </string-name>
                  </person-group>
                  <source>"... We Are The Living Proof...": The Justice Model For Corrections</source>
                  <year>1975</year>
               </mixed-citation>
            </p>
            <p>
               <mixed-citation id="d1636e722" publication-type="other">
VON HIRSCH, supra note 11</mixed-citation>
            </p>
            <p>
               <mixed-citation id="d1636e728" publication-type="book">
PIERCE O'DONNELL ET AL., TOWARD A
JUST AND EFFECTIVE SENTENCING SYSTEM (1977)<person-group>
                     <string-name>
                        <surname>O'Donnell</surname>
                     </string-name>
                  </person-group>
                  <source>Toward A Just And Effective Sentencing System</source>
                  <year>1977</year>
               </mixed-citation>
            </p>
            <p>
               <mixed-citation id="d1636e752" publication-type="book">
NORVAL MORRIS, THE FUTURE OF
IMPRISONMENT (1974)<person-group>
                     <string-name>
                        <surname>Morris</surname>
                     </string-name>
                  </person-group>
                  <source>The Future Of Imprisonment</source>
                  <year>1974</year>
               </mixed-citation>
            </p>
            <p>
               <mixed-citation id="d1636e776" publication-type="journal">
ALFRED
BLUMSTEIN ET AL., RESEARCH ON SENTENCING: THE SEARCH FOR REFORM 126-42 (1983)<person-group>
                     <string-name>
                        <surname>Blumstein</surname>
                     </string-name>
                  </person-group>
                  <volume>126</volume>
                  <source>Research On Sentencing: The Search For Reform</source>
                  <year>1983</year>
               </mixed-citation>
            </p>
            <p>
               <mixed-citation id="d1636e804" publication-type="other">
MILLER ET AL., supra note 3, at 6-13</mixed-citation>
            </p>
         </fn>
         <fn id="d1636e811a1310">
            <label>13</label>
            <p>
               <mixed-citation id="d1636e818" publication-type="journal">
Marvin E. Frankel, Lawlessness in Sentencing, 41 U. CGIN. L. REV. 1 (1972)
[hereinafter Frankel, Lawlessness]<person-group>
                     <string-name>
                        <surname>Frankel</surname>
                     </string-name>
                  </person-group>
                  <fpage>1</fpage>
                  <volume>41</volume>
                  <source>U. Cgin. L. Rev.</source>
                  <year>1972</year>
               </mixed-citation>
            </p>
            <p>
               <mixed-citation id="d1636e849" publication-type="book">
MARVIN E. FRANKEL, CRIMINAL SENTENCES:
LAW WITHOUT ORDER (1972) [hereinafter FRANKEL, CRIMINAL SENTENCES]<person-group>
                     <string-name>
                        <surname>Frankel</surname>
                     </string-name>
                  </person-group>
                  <source>Criminal Sentences: Law Without Order</source>
                  <year>1972</year>
               </mixed-citation>
            </p>
         </fn>
         <fn id="d1636e874a1310">
            <label>14</label>
            <p>
               <mixed-citation id="d1636e881" publication-type="other">
FRANKEL, CRIMINAL SENTENCES, supra note 13, at 7.</mixed-citation>
            </p>
         </fn>
         <fn id="d1636e888a1310">
            <label>15</label>
            <p>
               <mixed-citation id="d1636e895" publication-type="other">
Id. at 3-11</mixed-citation>
            </p>
            <p>
               <mixed-citation id="d1636e901" publication-type="journal">
Marvin E. Frankel, Sentencing Guidelines.: A Need for Creative
Collaboration, 101 YALE L.J. 2043, 2044 (1992)<person-group>
                     <string-name>
                        <surname>Frankel</surname>
                     </string-name>
                  </person-group>
                  <fpage>2043</fpage>
                  <volume>101</volume>
                  <source>Yale L.J.</source>
                  <year>1992</year>
               </mixed-citation>
            </p>
         </fn>
         <fn id="d1636e933a1310">
            <label>16</label>
            <p>
               <mixed-citation id="d1636e940" publication-type="other">
FRANKEL, CRIMINAL SENTENCES, supra note 13, at 26-38</mixed-citation>
            </p>
         </fn>
         <fn id="d1636e948a1310">
            <label>17</label>
            <p>
               <mixed-citation id="d1636e955" publication-type="other">
Id. at 7-8.</mixed-citation>
            </p>
         </fn>
         <fn id="d1636e962a1310">
            <label>18</label>
            <p>
               <mixed-citation id="d1636e969" publication-type="other">
Id. at 27-32.</mixed-citation>
            </p>
         </fn>
         <fn id="d1636e976a1310">
            <label>19</label>
            <p>
               <mixed-citation id="d1636e983" publication-type="other">
Id. at 28-32.</mixed-citation>
            </p>
         </fn>
         <fn id="d1636e990a1310">
            <label>20</label>
            <p>
               <mixed-citation id="d1636e997" publication-type="other">
Id. at 34, 38.</mixed-citation>
            </p>
         </fn>
         <fn id="d1636e1004a1310">
            <label>21</label>
            <p>
               <mixed-citation id="d1636e1011" publication-type="other">
Id. at 103-18</mixed-citation>
            </p>
            <p>
               <mixed-citation id="d1636e1017" publication-type="journal">
Marvin E. Frankel &amp; Leonard Orland, A Conversation About
Sentencing Commissions and Guidelines, 64 U. COLO. L. REV. 655, 656 (1993)<person-group>
                     <string-name>
                        <surname>Frankel</surname>
                     </string-name>
                  </person-group>
                  <fpage>655</fpage>
                  <volume>64</volume>
                  <source>U. Colo. L. Rev.</source>
                  <year>1993</year>
               </mixed-citation>
            </p>
         </fn>
         <fn id="d1636e1049a1310">
            <label>22</label>
            <p>
               <mixed-citation id="d1636e1056" publication-type="other">
FRANKEL, CRIMINAL SENTENCES, supra note 13, at 118-24</mixed-citation>
            </p>
            <p>
               <mixed-citation id="d1636e1062" publication-type="other">
Frankel,
Lawlessness, supra note 13, at 50-54</mixed-citation>
            </p>
         </fn>
         <fn id="d1636e1073a1310">
            <label>23</label>
            <p>
               <mixed-citation id="d1636e1080" publication-type="other">
supra note 12</mixed-citation>
            </p>
            <p>
               <mixed-citation id="d1636e1086" publication-type="journal">
Stephen Breyer, The Federal Sentencing
Guidelines and the Key Compromises Upon Which They Rest, 17 HOFSTRA L. REV. 1, 3
(1988)<person-group>
                     <string-name>
                        <surname>Breyer</surname>
                     </string-name>
                  </person-group>
                  <fpage>1</fpage>
                  <volume>17</volume>
                  <source>Hofstra L. Rev.</source>
                  <year>1988</year>
               </mixed-citation>
            </p>
            <p>
               <mixed-citation id="d1636e1120" publication-type="journal">
Charles
J. Ogletree, Jr., The Death of Discretion? Reflections on the Federal Sentencing Guidelines,
101 HARV. L. REV. 1938, 1944 (1988)<object-id pub-id-type="doi">10.2307/1341443</object-id>
                  <fpage>1938</fpage>
               </mixed-citation>
            </p>
         </fn>
         <fn id="d1636e1139a1310">
            <label>24</label>
            <p>
               <mixed-citation id="d1636e1146" publication-type="other">
MODEL SENTENCING ACT, supra note 12, at § 3-110 &amp; cmt.</mixed-citation>
            </p>
            <p>
               <mixed-citation id="d1636e1152" publication-type="other">
O'DONNELL ET AL.,
supra note 12, at 73-74</mixed-citation>
            </p>
            <p>
               <mixed-citation id="d1636e1161" publication-type="journal">
Michael H. Tonry, The Sentencing Commission in Sentencing
Reform, 7 HOFSTRA L. REV. 315, 324 (1979)<person-group>
                     <string-name>
                        <surname>Tonry</surname>
                     </string-name>
                  </person-group>
                  <fpage>315</fpage>
                  <volume>7</volume>
                  <source>Hofstra L. Rev.</source>
                  <year>1979</year>
               </mixed-citation>
            </p>
         </fn>
         <fn id="d1636e1193a1310">
            <label>25</label>
            <p>
               <mixed-citation id="d1636e1200" publication-type="other">
MICHAEL H. TONRY, U.S. DEP'T OF JUSTICE, SENTENCING REFORM IMPACTS 77-85
(1987)</mixed-citation>
            </p>
            <p>
               <mixed-citation id="d1636e1209" publication-type="other">
BUREAU OF JUSTICE ASSISTANCE, U.S. DEP'T OF JUSTICE, NATIONAL ASSESSMENT OF
STRUCTURED SENTENCING 14-17 (1996)</mixed-citation>
            </p>
         </fn>
         <fn id="d1636e1219a1310">
            <label>26</label>
            <p>
               <mixed-citation id="d1636e1226" publication-type="other">
1978 Minn. Laws 723</mixed-citation>
            </p>
            <p>
               <mixed-citation id="d1636e1232" publication-type="other">
MINNESOTA SENTENCING GUIDELINES COMMISSION,
REPORT TO THE LEGISLATURE (1980)</mixed-citation>
            </p>
            <p>
               <mixed-citation id="d1636e1241" publication-type="book">
DALE G. PARENT, STRUCTURING
CRIMINAL SENTENCES: THE EVOLUTION OF MINNESOTA'S SENTENCING GUIDELINES (Daniel J.
Freed ed., 1988)<person-group>
                     <string-name>
                        <surname>Parent</surname>
                     </string-name>
                  </person-group>
                  <source>Structuring Criminal Sentences: The Evolution Of Minnesota's Sentencing Guidelines</source>
                  <year>1988</year>
               </mixed-citation>
            </p>
         </fn>
         <fn id="d1636e1270a1310">
            <label>27</label>
            <p>
               <mixed-citation id="d1636e1277" publication-type="other">
204 PA. CODE § 303 (1982) (codified at 42 PA. CONS. STAT. ANN. § 9721 (West
1982))</mixed-citation>
            </p>
            <p>
               <mixed-citation id="d1636e1286" publication-type="book">
WASH. REV. CODE ANN. § 9.94A.040 (West 1988)<fpage>9</fpage>
                  <source>Wash. Rev. Code Ann.</source>
                  <year>1988</year>
               </mixed-citation>
            </p>
            <p>
               <mixed-citation id="d1636e1301" publication-type="book">
A Summary of the
Minnesota, Washington, and Pennsylvania Guidelines, in THE SENTENCING COMMISSION AND
ITS GUIDELINES app. at 177-88 (Andrew von Hirsch et al. eds., 1987)<comment content-type="section">A Summary of the Minnesota, Washington, and Pennsylvania Guidelines</comment>
                  <fpage>177</fpage>
                  <source>The Sentencing Commission And Its Guidelines</source>
                  <year>1987</year>
               </mixed-citation>
            </p>
         </fn>
         <fn id="d1636e1327a1310">
            <label>28</label>
            <p>
               <mixed-citation id="d1636e1334" publication-type="journal">
Richard S. Frase, Sentencing Guidelines in Minnesota, Other States, and the
Federal Courts.: A Twenty-Year Retrospective, 12 FED. SENTENCING REP. 69, 70 (2000)<person-group>
                     <string-name>
                        <surname>Frase</surname>
                     </string-name>
                  </person-group>
                  <fpage>69</fpage>
                  <volume>12</volume>
                  <source>Fed. Sentencing Rep.</source>
                  <year>2000</year>
               </mixed-citation>
            </p>
         </fn>
         <fn id="d1636e1367a1310">
            <label>29</label>
            <p>
               <mixed-citation id="d1636e1374" publication-type="other">
Sentencing Reform Act of 1984, Pub. L. No. 98-473, ch. 58, 98 Stat. 1987, 2017-26
(1984).</mixed-citation>
            </p>
         </fn>
         <fn id="d1636e1384a1310">
            <label>30</label>
            <p>
               <mixed-citation id="d1636e1391" publication-type="other">
STRUCTURED SENTENCING, supra note 25, at 19-29, tbls. 3-3 to 3-5</mixed-citation>
            </p>
            <p>
               <mixed-citation id="d1636e1397" publication-type="journal">
DALE PARENT ET AL.,
NAT'L INST. OF JUSTICE, MANDATORY SENTENCING 1 (1997)<person-group>
                     <string-name>
                        <surname>Parent</surname>
                     </string-name>
                  </person-group>
                  <volume>1</volume>
                  <source>Nat'l Inst. Of Justice, Mandatory Sentencing</source>
                  <year>1997</year>
               </mixed-citation>
            </p>
            <p>
               <mixed-citation id="d1636e1425" publication-type="other">
Frase, supra note 28, at 69-72</mixed-citation>
            </p>
         </fn>
         <fn id="d1636e1432a1310">
            <label>31</label>
            <p>
               <mixed-citation id="d1636e1441" publication-type="journal">
Marc L. Miller, Sentencing Reform "Reform" Through Sentencing Information
Systems, in THE FUTURE OF IMPRISONMENT 121 (Michael Tonry ed., 2004)<person-group>
                     <string-name>
                        <surname>Miller</surname>
                     </string-name>
                  </person-group>
                  <volume>121</volume>
                  <source>The Future Of Imprisonment</source>
                  <year>2004</year>
               </mixed-citation>
            </p>
            <p>
               <mixed-citation id="d1636e1469" publication-type="other">
Tonry, supra note 4, at 169</mixed-citation>
            </p>
         </fn>
         <fn id="d1636e1476a1310">
            <label>32</label>
            <p>
               <mixed-citation id="d1636e1483" publication-type="journal">
Frank O. Bowman, III, Completing the Sentencing Revolution: Reconsidering
Sentencing Procedures in the Guidelines Era, 12 FED. SENTENCING REP. 187, 187 (2000)<person-group>
                     <string-name>
                        <surname>Bowman</surname>
                     </string-name>
                  </person-group>
                  <fpage>187</fpage>
                  <volume>12</volume>
                  <source>Fed. Sentencing Rep.</source>
                  <year>2000</year>
               </mixed-citation>
            </p>
            <p>
               <mixed-citation id="d1636e1514" publication-type="journal">
Douglas A. Berman, Appreciating Apprendi: Developing
Sentencing Procedures in the Shadow of the Constitution, 67 CRIM. L. BULL. 627, 636-40
(2001)<person-group>
                     <string-name>
                        <surname>Berman</surname>
                     </string-name>
                  </person-group>
                  <fpage>627</fpage>
                  <volume>67</volume>
                  <source>Crim. L. Bull.</source>
                  <year>2001</year>
               </mixed-citation>
            </p>
         </fn>
         <fn id="d1636e1549a1310">
            <label>33</label>
            <p>
               <mixed-citation id="d1636e1556" publication-type="other">
Pub. L. No. 98-473, 98 Stat. 1987 (1984).</mixed-citation>
            </p>
         </fn>
         <fn id="d1636e1563a1310">
            <label>34</label>
            <p>
               <mixed-citation id="d1636e1570" publication-type="book">
THOMAS W. HUTCHINSON ET AL., FEDERAL SENTENCING LAW AND PRACTICE §
6A1.3 (1998)<person-group>
                     <string-name>
                        <surname>Hutchinson</surname>
                     </string-name>
                  </person-group>
                  <fpage>6A1</fpage>
                  <source>Federal Sentencing Law And Practice</source>
                  <year>1998</year>
               </mixed-citation>
            </p>
            <p>
               <mixed-citation id="d1636e1598" publication-type="journal">
Susan N. Herman, The Tail that Wagged the
Dog: Bifurcated Fact-Finding Under the Federal Sentencing Guidelines and the Limits of
Due Process, 66 S. CAL. L. REV. 289, 314 (1992)<person-group>
                     <string-name>
                        <surname>Herman</surname>
                     </string-name>
                  </person-group>
                  <fpage>289</fpage>
                  <volume>66</volume>
                  <source>S. Cal. L. Rev.</source>
                  <year>1992</year>
               </mixed-citation>
            </p>
         </fn>
         <fn id="d1636e1634a1310">
            <label>35</label>
            <p>
               <mixed-citation id="d1636e1641" publication-type="other">
U.S. SENTENCING COMM'N, SENTENCING GUIDELINES AND POLICY
STATEMENTS (1987) [hereinafter 1987 U.S.S.G.].</mixed-citation>
            </p>
         </fn>
         <fn id="d1636e1651a1310">
            <label>36</label>
            <p>
               <mixed-citation id="d1636e1658" publication-type="other">
Id. § 6.1 (Introductory Commentary).</mixed-citation>
            </p>
         </fn>
         <fn id="d1636e1665a1310">
            <label>37</label>
            <p>
               <mixed-citation id="d1636e1672" publication-type="other">
id. §§ 6.A.1-6.A.3</mixed-citation>
            </p>
         </fn>
         <fn id="d1636e1679a1310">
            <label>38</label>
            <p>
               <mixed-citation id="d1636e1686" publication-type="other">
id. § § 6A1.1, 6A1.2</mixed-citation>
            </p>
         </fn>
         <fn id="d1636e1693a1310">
            <label>39</label>
            <p>
               <mixed-citation id="d1636e1700" publication-type="other">
Id. § 6A1.3.</mixed-citation>
            </p>
         </fn>
         <fn id="d1636e1707a1310">
            <label>40</label>
            <p>
               <mixed-citation id="d1636e1714" publication-type="other">
STITH &amp; CABRANES, supra note 5, at 154</mixed-citation>
            </p>
            <p>
               <mixed-citation id="d1636e1720" publication-type="other">
Herman, supra note 34, at 315</mixed-citation>
            </p>
            <p>
               <mixed-citation id="d1636e1726" publication-type="other">
AM. COLL. OF TRIAL LAWYERS, FED. RULES OF
EVIDENCE COMM., THE LAW OF EVIDENCE IN FEDERAL SENTENCING PROCEEDINGS, 177
F.R.D. 513, 514 (1998)</mixed-citation>
            </p>
         </fn>
         <fn id="d1636e1740a1310">
            <label>41</label>
            <p>
               <mixed-citation id="d1636e1749" publication-type="other">
People v. Williams, 599 N.E.2d 913, 921 (11. 1992)</mixed-citation>
            </p>
            <p>
               <mixed-citation id="d1636e1755" publication-type="other">
Commonwealth v. Hartz,
532 A.2d 1139, 1157-58 (Pa. Super. Ct. 1987)</mixed-citation>
            </p>
         </fn>
         <fn id="d1636e1765a1310">
            <label>42</label>
            <p>
               <mixed-citation id="d1636e1772" publication-type="book">
MICHAEL TONRY, SENTENCING MATTERS 64-69 (1996)<person-group>
                     <string-name>
                        <surname>Tonry</surname>
                     </string-name>
                  </person-group>
                  <fpage>64</fpage>
                  <source>Sentencing Matters</source>
                  <year>1996</year>
               </mixed-citation>
            </p>
            <p>
               <mixed-citation id="d1636e1796" publication-type="other">
Breyer, supra note 23, at 2-31</mixed-citation>
            </p>
         </fn>
         <fn id="d1636e1803a1310">
            <label>43</label>
            <p>
               <mixed-citation id="d1636e1810" publication-type="other">
1987 U.S.S.G., supra note 35, at § 6A1.3 cmt</mixed-citation>
            </p>
            <p>
               <mixed-citation id="d1636e1816" publication-type="other">
STITH &amp;
CABRANES, supra note 5, at 154</mixed-citation>
            </p>
            <p>
               <mixed-citation id="d1636e1825" publication-type="other">
Herman, supra note 34, at 314-15</mixed-citation>
            </p>
         </fn>
         <fn id="d1636e1832a1310">
            <label>44</label>
            <p>
               <mixed-citation id="d1636e1839" publication-type="other">
337 U.S. 241 (1949).</mixed-citation>
            </p>
         </fn>
         <fn id="d1636e1846a1310">
            <label>45</label>
            <p>
               <mixed-citation id="d1636e1853" publication-type="other">
id at 242-44</mixed-citation>
            </p>
            <p>
               <mixed-citation id="d1636e1859" publication-type="journal">
Kevin R. Reitz, Sentencing Facts. Travesties of Real-
Offense Sentencing, 45 STAN. L. REV. 523, 528-30 (1993)<object-id pub-id-type="doi">10.2307/1229007</object-id>
                  <fpage>523</fpage>
               </mixed-citation>
            </p>
         </fn>
         <fn id="d1636e1875a1310">
            <label>46</label>
            <p>
               <mixed-citation id="d1636e1882" publication-type="other">
Williams, 337 U.S. at 247-48.</mixed-citation>
            </p>
         </fn>
         <fn id="d1636e1890a1310">
            <label>47</label>
            <p>
               <mixed-citation id="d1636e1897" publication-type="other">
Id. at 247, 250-51.</mixed-citation>
            </p>
         </fn>
         <fn id="d1636e1904a1310">
            <label>48</label>
            <p>
               <mixed-citation id="d1636e1911" publication-type="other">
Id at 247.</mixed-citation>
            </p>
         </fn>
         <fn id="d1636e1918a1310">
            <label>49</label>
            <p>
               <mixed-citation id="d1636e1925" publication-type="other">
Id. at 249.</mixed-citation>
            </p>
         </fn>
         <fn id="d1636e1932a1310">
            <label>50</label>
            <p>
               <mixed-citation id="d1636e1939" publication-type="other">
Id.</mixed-citation>
            </p>
         </fn>
         <fn id="d1636e1946a1310">
            <label>51</label>
            <p>
               <mixed-citation id="d1636e1953" publication-type="other">
Id.</mixed-citation>
            </p>
         </fn>
         <fn id="d1636e1960a1310">
            <label>52</label>
            <p>
               <mixed-citation id="d1636e1967" publication-type="book">
BUREAU OF NAT'L AFFAIRS, THE CRIMINAL LAW
REVOLUTION 1960-68 (1968)<person-group>
                     <string-name>
                        <surname>Bureau of Nat'l Affairs</surname>
                     </string-name>
                  </person-group>
                  <fpage>1960</fpage>
                  <source>The Criminal Law Revolution</source>
                  <year>1968</year>
               </mixed-citation>
            </p>
            <p>
               <mixed-citation id="d1636e1995" publication-type="journal">
Yale Kamisar, The Warren Court and Criminal Justice: A
Quarter-Century Retrospective, 31 TULSA L.J. 1 (1995)<person-group>
                     <string-name>
                        <surname>Kamisar</surname>
                     </string-name>
                  </person-group>
                  <fpage>1</fpage>
                  <volume>31</volume>
                  <source>Tulsa L.J.</source>
                  <year>1995</year>
               </mixed-citation>
            </p>
            <p>
               <mixed-citation id="d1636e2026" publication-type="journal">
Peter Arenella, Rethinking the
Functions of Criminal Procedure: The Warren and Burger Courts' Competing Ideologies,
72 GEO. L.J. 185 (1983)<person-group>
                     <string-name>
                        <surname>Arenella</surname>
                     </string-name>
                  </person-group>
                  <fpage>185</fpage>
                  <volume>72</volume>
                  <source>Geo. L.J.</source>
                  <year>1983</year>
               </mixed-citation>
            </p>
            <p>
               <mixed-citation id="d1636e2061" publication-type="journal">
Stephen A. Saltzburg, Foreword: The Flow and Ebb of
Constitutional Criminal Procedure in the Warren and Burger Courts, 69 GEO. L.J. 151
(1980)<person-group>
                     <string-name>
                        <surname>Saltzburg</surname>
                     </string-name>
                  </person-group>
                  <fpage>151</fpage>
                  <volume>69</volume>
                  <source>Geo. L.J.</source>
                  <year>1980</year>
               </mixed-citation>
            </p>
            <p>
               <mixed-citation id="d1636e2095" publication-type="journal">
Louis Michael Seidman, Factual Guilt and the Burger Court. An Examination of
Continuity and Change in Criminal Procedure, 80 COLUM. L. REV. 436 (1980)<object-id pub-id-type="doi">10.2307/1122247</object-id>
                  <fpage>436</fpage>
               </mixed-citation>
            </p>
         </fn>
         <fn id="d1636e2112a1310">
            <label>53</label>
            <p>
               <mixed-citation id="d1636e2119" publication-type="other">
United States v. Grayson, 438 U.S. 41, 45-54 (1978)</mixed-citation>
            </p>
            <p>
               <mixed-citation id="d1636e2125" publication-type="other">
Chaffin v. Stynchcombe, 412 U.S. 17, 21-25 (1973)</mixed-citation>
            </p>
            <p>
               <mixed-citation id="d1636e2131" publication-type="other">
North Carolina
v. Pearce, 395 U.S. 711, 723 (1969)</mixed-citation>
            </p>
            <p>
               <mixed-citation id="d1636e2141" publication-type="other">
id. at 742</mixed-citation>
            </p>
         </fn>
         <fn id="d1636e2148a1310">
            <label>54</label>
            <p>
               <mixed-citation id="d1636e2155" publication-type="other">
Mempa v. Rhay, 389 U.S. 128 (1967)</mixed-citation>
            </p>
            <p>
               <mixed-citation id="d1636e2161" publication-type="other">
Brady v.
Maryland, 373 U.S. 83 (1963)</mixed-citation>
            </p>
         </fn>
         <fn id="d1636e2171a1310">
            <label>55</label>
            <p>
               <mixed-citation id="d1636e2178" publication-type="other">
397 U.S. 358 (1970).</mixed-citation>
            </p>
         </fn>
         <fn id="d1636e2185a1310">
            <label>56</label>
            <p>
               <mixed-citation id="d1636e2192" publication-type="other">
Id. at 363</mixed-citation>
            </p>
            <p>
               <mixed-citation id="d1636e2198" publication-type="other">
Coffin v. United States, 156 U.S. 432, 453 (1895)</mixed-citation>
            </p>
         </fn>
         <fn id="d1636e2205a1310">
            <label>57</label>
            <p>
               <mixed-citation id="d1636e2212" publication-type="other">
Grayson, 438 U.S. at 50</mixed-citation>
            </p>
            <p>
               <mixed-citation id="d1636e2218" publication-type="other">
United States v. Tucker, 404 U.S. 443, 446 (1972)</mixed-citation>
            </p>
            <p>
               <mixed-citation id="d1636e2224" publication-type="other">
Roberts v. United States, 445 U.S. 552, 556 (1980)</mixed-citation>
            </p>
            <p>
               <mixed-citation id="d1636e2231" publication-type="other">
Grayson and Tucker</mixed-citation>
            </p>
         </fn>
         <fn id="d1636e2238a1310">
            <label>58</label>
            <p>
               <mixed-citation id="d1636e2245" publication-type="other">
477 U.S. 79 (1986).</mixed-citation>
            </p>
         </fn>
         <fn id="d1636e2253a1310">
            <label>59</label>
            <p>
               <mixed-citation id="d1636e2260" publication-type="other">
id. at 81-82 n.1</mixed-citation>
            </p>
         </fn>
         <fn id="d1636e2267a1310">
            <label>60</label>
            <p>
               <mixed-citation id="d1636e2274" publication-type="other">
Commonwealth v. Wright, 494 A.2d 354, 362 (Pa. 1985).</mixed-citation>
            </p>
         </fn>
         <fn id="d1636e2281a1310">
            <label>61</label>
            <p>
               <mixed-citation id="d1636e2288" publication-type="other">
Williams v. New York, 337 U.S. 241, 249 (1949).</mixed-citation>
            </p>
         </fn>
         <fn id="d1636e2295a1310">
            <label>62</label>
            <p>
               <mixed-citation id="d1636e2302" publication-type="other">
McMillan, 477 U.S. at 85</mixed-citation>
            </p>
            <p>
               <mixed-citation id="d1636e2308" publication-type="other">
Speiser v. Randall, 357 U.S. 513, 523 (1958)</mixed-citation>
            </p>
            <p>
               <mixed-citation id="d1636e2314" publication-type="other">
Mullaney
v. Wilbur, 421 U.S. 684 (1975)</mixed-citation>
            </p>
            <p>
               <mixed-citation id="d1636e2324" publication-type="other">
Patterson v. New York, 432 U.S. 197 (1977)</mixed-citation>
            </p>
            <p>
               <mixed-citation id="d1636e2330" publication-type="journal">
Joseph L. Hoffmann, Apprendi v. New
Jersey: Back to the Future, 38 AM. CRIM. L. REV. 255, 269-72 (2001)<person-group>
                     <string-name>
                        <surname>Hoffmann</surname>
                     </string-name>
                  </person-group>
                  <fpage>255</fpage>
                  <volume>38</volume>
                  <source>Am. Crim. L. Rev.</source>
                  <year>2001</year>
               </mixed-citation>
            </p>
            <p>
               <mixed-citation id="d1636e2361" publication-type="journal">
Kate Stith, Crime and Punishment Under the Constitution, 2004 SUP. CT.
REV. (forthcoming)<person-group>
                     <string-name>
                        <surname>Stith</surname>
                     </string-name>
                  </person-group>
                  <volume>2004</volume>
                  <source>Sup. Ct. Rev.</source>
                  <year>2004</year>
               </mixed-citation>
            </p>
         </fn>
         <fn id="d1636e2390a1310">
            <label>63</label>
            <p>
               <mixed-citation id="d1636e2397" publication-type="other">
McMillan, 477 U.S. at 88.</mixed-citation>
            </p>
         </fn>
         <fn id="d1636e2404a1310">
            <label>64</label>
            <p>
               <mixed-citation id="d1636e2411" publication-type="other">
Id. at 91-92.</mixed-citation>
            </p>
         </fn>
         <fn id="d1636e2419a1310">
            <label>65</label>
            <p>
               <mixed-citation id="d1636e2426" publication-type="other">
Id. at 89-90.</mixed-citation>
            </p>
         </fn>
         <fn id="d1636e2433a1310">
            <label>66</label>
            <p>
               <mixed-citation id="d1636e2440" publication-type="other">
Id. at 84-91</mixed-citation>
            </p>
            <p>
               <mixed-citation id="d1636e2446" publication-type="other">
Spencer v. Texas, 385 U.S. 554, 566 (1967)</mixed-citation>
            </p>
            <p>
               <mixed-citation id="d1636e2452" publication-type="journal">
Robert Weisberg, Deregulating Death, 1983 SUP. CT. REV. 305<person-group>
                     <string-name>
                        <surname>Weisberg</surname>
                     </string-name>
                  </person-group>
                  <volume>305</volume>
                  <source>Sup. Ct. Rev.</source>
                  <year>1983</year>
               </mixed-citation>
            </p>
         </fn>
         <fn id="d1636e2477a1310">
            <label>67</label>
            <p>
               <mixed-citation id="d1636e2484" publication-type="other">
McMillan, 477 U.S. at 96 (Stevens, J., dissenting).</mixed-citation>
            </p>
         </fn>
         <fn id="d1636e2491a1310">
            <label>68</label>
            <p>
               <mixed-citation id="d1636e2498" publication-type="other">
Id.</mixed-citation>
            </p>
            <p>
               <mixed-citation id="d1636e2504" publication-type="other">
id. at 94
(Blackmun, J., dissenting)</mixed-citation>
            </p>
         </fn>
         <fn id="d1636e2514a1310">
            <label>69</label>
            <p>
               <mixed-citation id="d1636e2521" publication-type="other">
Id. at 96 (Stevens, J., dissenting).</mixed-citation>
            </p>
         </fn>
         <fn id="d1636e2528a1310">
            <label>70</label>
            <p>
               <mixed-citation id="d1636e2535" publication-type="other">
Id. at 90.</mixed-citation>
            </p>
         </fn>
         <fn id="d1636e2543a1310">
            <label>71</label>
            <p>
               <mixed-citation id="d1636e2550" publication-type="other">
United States v. Mergerson, 995 F.2d 1285, 1291-93 (5th Cir. 1993)</mixed-citation>
            </p>
            <p>
               <mixed-citation id="d1636e2556" publication-type="other">
United
States v. Restrepo, 946 F.2d 654, 657 (9th Cir. 1991) (en banc)</mixed-citation>
            </p>
            <p>
               <mixed-citation id="d1636e2565" publication-type="other">
People v. Vega, 893 P.2d
107, 116 (Colo. 1995)</mixed-citation>
            </p>
            <p>
               <mixed-citation id="d1636e2575" publication-type="other">
State v. Rettinghaus, 591 N.W.2d 15 (Iowa 1999)</mixed-citation>
            </p>
            <p>
               <mixed-citation id="d1636e2581" publication-type="other">
Farris v. McKune,
911 P.2d 177 (Kan. 1996)</mixed-citation>
            </p>
            <p>
               <mixed-citation id="d1636e2590" publication-type="other">
People v. Eason, 458 N.W.2d 17, 21-24 (Mich. 1990)</mixed-citation>
            </p>
            <p>
               <mixed-citation id="d1636e2596" publication-type="other">
State v.
Christie, 506 N.W.2d 293 (Minn. 1993)</mixed-citation>
            </p>
            <p>
               <mixed-citation id="d1636e2605" publication-type="other">
State v. Krantz, 788 P.2d 298, 303 (Mont. 1990)</mixed-citation>
            </p>
         </fn>
         <fn id="d1636e2612a1310">
            <label>72</label>
            <p>
               <mixed-citation id="d1636e2619" publication-type="other">
United States v. Concepcion, 983 F.2d 369, 389, 396 (2d Cir. 1992)</mixed-citation>
            </p>
            <p>
               <mixed-citation id="d1636e2625" publication-type="other">
United States v. Silverman, 976 F.2d 1502, 1519, 1527-34 (6th
Cir. 1992) (Merritt, C.J. &amp; Martin, J., dissenting)</mixed-citation>
            </p>
            <p>
               <mixed-citation id="d1636e2634" publication-type="other">
United States v. Galloway, 976 F.2d 414,
436 (8th Cir. 1992) (Bright, J., dissenting, joined by Arnold, C.J., Lay, &amp; McMillian, JJ.)</mixed-citation>
            </p>
            <p>
               <mixed-citation id="d1636e2644" publication-type="journal">
Sara Sun Beale, Procedural Issues Raised by Guidelines Sentencing: The Constitutional
Significance of the "Elements of the Sentence", 35 WM. &amp; MARY L. REV. 147 (1993)<person-group>
                     <string-name>
                        <surname>Sun Beale</surname>
                     </string-name>
                  </person-group>
                  <fpage>147</fpage>
                  <volume>35</volume>
                  <source>Wm. &amp; Mary L. Rev.</source>
                  <year>1993</year>
               </mixed-citation>
            </p>
            <p>
               <mixed-citation id="d1636e2675" publication-type="other">
Herman, supra note 34</mixed-citation>
            </p>
            <p>
               <mixed-citation id="d1636e2681" publication-type="other">
Mark D. Knoll &amp; Richard G. Singer, Searching for the "Tail of the
Dog": Finding "Elements" of Crimes in the Wake of McMillan v. Pennsylvania, 22 SEATTLE
U. L. REV. 1057 (1999)</mixed-citation>
            </p>
            <p>
               <mixed-citation id="d1636e2693" publication-type="other">
Benjamin J. Priester, Sentenced for a "Crime" the Government Did
Not Prove: Jones v. United States and the Constitutional Limitations on Factfinding by
Sentencing Factors Rather than Elements of the Offense, 61 LAW &amp; CONTEMP. PROBS. 249
(1998)</mixed-citation>
            </p>
            <p>
               <mixed-citation id="d1636e2708" publication-type="other">
Reitz, supra note 45</mixed-citation>
            </p>
            <p>
               <mixed-citation id="d1636e2714" publication-type="journal">
Deborah Young, Fact-Finding at Federal Sentencing: Why the
Guidelines Should Meet the Rules, 79 CORNELL L. REV. 299 (1994)<person-group>
                     <string-name>
                        <surname>Young</surname>
                     </string-name>
                  </person-group>
                  <fpage>299</fpage>
                  <volume>79</volume>
                  <source>Cornell L. Rev.</source>
                  <year>1994</year>
               </mixed-citation>
            </p>
            <p>
               <mixed-citation id="d1636e2746" publication-type="journal">
Note, An Argument for
Confrontation Under the Federal Sentencing Guidelines, 105 HARV. L. REV. 1880 (1992)<object-id pub-id-type="doi">10.2307/1341549</object-id>
                  <fpage>1880</fpage>
               </mixed-citation>
            </p>
         </fn>
         <fn id="d1636e2762a1310">
            <label>73</label>
            <p>
               <mixed-citation id="d1636e2769" publication-type="other">
488 U.S. 361 (1989).</mixed-citation>
            </p>
         </fn>
         <fn id="d1636e2776a1310">
            <label>74</label>
            <p>
               <mixed-citation id="d1636e2783" publication-type="other">
Kinder v. United States, 504 U.S. 946, 947-50 (1992)</mixed-citation>
            </p>
         </fn>
         <fn id="d1636e2790a1310">
            <label>75</label>
            <p>
               <mixed-citation id="d1636e2797" publication-type="other">
Wade v. United States, 504 U.S. 181 (1992)</mixed-citation>
            </p>
            <p>
               <mixed-citation id="d1636e2803" publication-type="other">
id at
186-87</mixed-citation>
            </p>
            <p>
               <mixed-citation id="d1636e2812" publication-type="other">
United States v. Dunnigan, 507 U.S. 87 (1993)</mixed-citation>
            </p>
            <p>
               <mixed-citation id="d1636e2819" publication-type="other">
id. at 98</mixed-citation>
            </p>
            <p>
               <mixed-citation id="d1636e2825" publication-type="other">
Nichols v. United States,
511 U.S. 738 (1994)</mixed-citation>
            </p>
            <p>
               <mixed-citation id="d1636e2834" publication-type="other">
id. at
747</mixed-citation>
            </p>
            <p>
               <mixed-citation id="d1636e2843" publication-type="other">
Witte v. United States, 515 U.S. 389 (1995)</mixed-citation>
            </p>
            <p>
               <mixed-citation id="d1636e2849" publication-type="other">
id. at 399-401</mixed-citation>
            </p>
         </fn>
         <fn id="d1636e2856a1310">
            <label>76</label>
            <p>
               <mixed-citation id="d1636e2863" publication-type="other">
519 U.S. 148 (1997).</mixed-citation>
            </p>
         </fn>
         <fn id="d1636e2871a1310">
            <label>77</label>
            <p>
               <mixed-citation id="d1636e2878" publication-type="other">
Id. at 151-52.</mixed-citation>
            </p>
         </fn>
         <fn id="d1636e2885a1310">
            <label>78</label>
            <p>
               <mixed-citation id="d1636e2892" publication-type="other">
Id. at 152, 155.</mixed-citation>
            </p>
         </fn>
         <fn id="d1636e2899a1310">
            <label>79</label>
            <p>
               <mixed-citation id="d1636e2906" publication-type="other">
Id. at 155.</mixed-citation>
            </p>
         </fn>
         <fn id="d1636e2913a1310">
            <label>80</label>
            <p>
               <mixed-citation id="d1636e2920" publication-type="other">
id. at 170-71 (Kennedy, J., dissenting)</mixed-citation>
            </p>
            <p>
               <mixed-citation id="d1636e2926" publication-type="other">
Nichols v. United States, 511 U.S.
738, 754-63 (1994) (Blackmun, J., dissenting)</mixed-citation>
            </p>
         </fn>
         <fn id="d1636e2936a1310">
            <label>81</label>
            <p>
               <mixed-citation id="d1636e2943" publication-type="other">
Watts, 519 U.S. at 159 (Stevens, J., dissenting).</mixed-citation>
            </p>
         </fn>
         <fn id="d1636e2950a1310">
            <label>82</label>
            <p>
               <mixed-citation id="d1636e2957" publication-type="other">
Id. at 165-66 (Stevens, J., dissenting).</mixed-citation>
            </p>
         </fn>
         <fn id="d1636e2965a1310">
            <label>83</label>
            <p>
               <mixed-citation id="d1636e2972" publication-type="other">
Id. at 169-70 (Stevens, J., dissenting).</mixed-citation>
            </p>
         </fn>
         <fn id="d1636e2979a1310">
            <label>84</label>
            <p>
               <mixed-citation id="d1636e2986" publication-type="other">
supra note 13</mixed-citation>
            </p>
         </fn>
         <fn id="d1636e2993a1310">
            <label>85</label>
            <p>
               <mixed-citation id="d1636e3000" publication-type="other">
523 U.S. 224 (1998).</mixed-citation>
            </p>
         </fn>
         <fn id="d1636e3007a1310">
            <label>86</label>
            <p>
               <mixed-citation id="d1636e3014" publication-type="other">
526 U.S. 227 (1999).</mixed-citation>
            </p>
         </fn>
         <fn id="d1636e3021a1310">
            <label>87</label>
            <p>
               <mixed-citation id="d1636e3028" publication-type="other">
530 U.S. 466 (2000).</mixed-citation>
            </p>
            <p>
               <mixed-citation id="d1636e3034" publication-type="other">
Apprendi, 530 U.S. at 524 (O'Connor, J., dissenting)</mixed-citation>
            </p>
         </fn>
         <fn id="d1636e3041a1310">
            <label>88</label>
            <p>
               <mixed-citation id="d1636e3048" publication-type="journal">
Senate, Judges Urge 'Blakely' Redux, 231
N.Y.L.J. 2, 2 (2004)<person-group>
                     <string-name>
                        <surname>Senate</surname>
                     </string-name>
                  </person-group>
                  <issue>2</issue>
                  <fpage>2</fpage>
                  <volume>231</volume>
                  <source>N.Y.L.J.</source>
                  <year>2004</year>
               </mixed-citation>
            </p>
            <p>
               <mixed-citation id="d1636e3082" publication-type="other">
Justice O'Connor's earthquake comments at the Ninth
Circuit's annual conference in July</mixed-citation>
            </p>
            <p>
               <mixed-citation id="d1636e3091" publication-type="journal">
Douglas A. Berman, The Blakely Earthquake
and Its Aftershocks, 16 FED. SENTENCING REP. 307 (2004)<person-group>
                     <string-name>
                        <surname>Berman</surname>
                     </string-name>
                  </person-group>
                  <fpage>307</fpage>
                  <volume>16</volume>
                  <source>Fed. Sentencing Rep.</source>
                  <year>2004</year>
               </mixed-citation>
            </p>
         </fn>
         <fn id="d1636e3124a1310">
            <label>89</label>
            <p>
               <mixed-citation id="d1636e3131" publication-type="journal">
Douglas A. Berman, Reconceptualizing Sentencing, 2005 U. CHI. LEGAL FORUM 1
(forthcoming 2005) [hereinafter Berman, Reconceptualizing Sentencing]<person-group>
                     <string-name>
                        <surname>Berman</surname>
                     </string-name>
                  </person-group>
                  <fpage>1</fpage>
                  <source>U. Chi. Legal Forum</source>
                  <year>2005</year>
               </mixed-citation>
            </p>
            <p>
               <mixed-citation id="d1636e3159" publication-type="journal">
Douglas A.
Berman, The Roots and Realities of Blakely, CRIM. JUST., Winter 2005, at 9<person-group>
                     <string-name>
                        <surname>Berman</surname>
                     </string-name>
                  </person-group>
                  <issue>Winter</issue>
                  <fpage>9</fpage>
                  <source>Crim. Just.</source>
                  <year>2005</year>
               </mixed-citation>
            </p>
            <p>
               <mixed-citation id="d1636e3190" publication-type="other">
Berman, supra
note 32</mixed-citation>
            </p>
         </fn>
         <fn id="d1636e3200a1310">
            <label>90</label>
            <p>
               <mixed-citation id="d1636e3207" publication-type="other">
Beale, supra note 72</mixed-citation>
            </p>
            <p>
               <mixed-citation id="d1636e3213" publication-type="other">
Herman, supra note 34</mixed-citation>
            </p>
            <p>
               <mixed-citation id="d1636e3219" publication-type="other">
Hoffmann, supra note 62,
at 267-68</mixed-citation>
            </p>
            <p>
               <mixed-citation id="d1636e3229" publication-type="other">
Young, supra note 72</mixed-citation>
            </p>
         </fn>
         <fn id="d1636e3236a1310">
            <label>91</label>
            <p>
               <mixed-citation id="d1636e3243" publication-type="journal">
Stephanos Bibas, Judicial Fact-Finding and Sentence Enhancements in a World of
Guilty Pleas, 110 YALE L.J. 1097, 1149-50 (2001)<person-group>
                     <string-name>
                        <surname>Bibas</surname>
                     </string-name>
                  </person-group>
                  <fpage>1097</fpage>
                  <volume>110</volume>
                  <source>Yale L.J.</source>
                  <year>2001</year>
               </mixed-citation>
            </p>
            <p>
               <mixed-citation id="d1636e3274" publication-type="other">
United States v. Green, 346 F. Supp. 2d
259, 264-79 (D. Mass. 2004)</mixed-citation>
            </p>
         </fn>
         <fn id="d1636e3284a1310">
            <label>92</label>
            <p>
               <mixed-citation id="d1636e3291" publication-type="other">
Hoffmann, supra note 62, at 267-68</mixed-citation>
            </p>
         </fn>
         <fn id="d1636e3298a1310">
            <label>93</label>
            <p>
               <mixed-citation id="d1636e3305" publication-type="other">
523 U.S. 224 (1998).</mixed-citation>
            </p>
         </fn>
         <fn id="d1636e3312a1310">
            <label>94</label>
            <p>
               <mixed-citation id="d1636e3319" publication-type="other">
526 U.S. 227 (1999).</mixed-citation>
            </p>
         </fn>
         <fn id="d1636e3327a1310">
            <label>95</label>
            <p>
               <mixed-citation id="d1636e3334" publication-type="other">
Justices Stevens, Souter and Ginsburg joined Justice Scalia's dissent in Almendarez-
Torres. 523 U.S. at 248 (Scalia, Stevens, Souter, &amp; Ginsburg, JJ., dissenting).</mixed-citation>
            </p>
         </fn>
         <fn id="d1636e3344a1310">
            <label>96</label>
            <p>
               <mixed-citation id="d1636e3351" publication-type="other">
526 U.S. at 232-39</mixed-citation>
            </p>
         </fn>
         <fn id="d1636e3358a1310">
            <label>97</label>
            <p>
               <mixed-citation id="d1636e3365" publication-type="other">
530 U.S. 466 (2000).</mixed-citation>
            </p>
         </fn>
         <fn id="d1636e3372a1310">
            <label>98</label>
            <p>
               <mixed-citation id="d1636e3379" publication-type="other">
id. at 524 (O'Connor, J, dissenting)</mixed-citation>
            </p>
         </fn>
         <fn id="d1636e3386a1310">
            <label>99</label>
            <p>
               <mixed-citation id="d1636e3393" publication-type="other">
Id. at 490.</mixed-citation>
            </p>
         </fn>
         <fn id="d1636e3400a1310">
            <label>100</label>
            <p>
               <mixed-citation id="d1636e3407" publication-type="journal">
William W. Wilkins, Jr. &amp; John R. Steer, Relevant Conduct: The Cornerstone of
the Federal Sentencing Guidelines, 41 S.C. L. REV. 495, 496 (1990)<person-group>
                     <string-name>
                        <surname>Wilkins</surname>
                     </string-name>
                  </person-group>
                  <fpage>495</fpage>
                  <volume>41</volume>
                  <source>S.C. L. Rev.</source>
                  <year>1990</year>
               </mixed-citation>
            </p>
         </fn>
         <fn id="d1636e3440a1310">
            <label>101</label>
            <p>
               <mixed-citation id="d1636e3447" publication-type="other">
Hoffinann, supra note 62, at 256</mixed-citation>
            </p>
            <p>
               <mixed-citation id="d1636e3453" publication-type="journal">
Nancy J. King &amp; Susan R. Klein,
Apres Apprendi, 12 FED. SENTENCING REP. 331 (2000)<person-group>
                     <string-name>
                        <surname>King</surname>
                     </string-name>
                  </person-group>
                  <fpage>331</fpage>
                  <volume>12</volume>
                  <source>Fed. Sentencing Rep.</source>
                  <year>2000</year>
               </mixed-citation>
            </p>
         </fn>
         <fn id="d1636e3485a1310">
            <label>102</label>
            <p>
               <mixed-citation id="d1636e3492" publication-type="journal">
Stephanos Bibas, Apprendi in the States: The Virtues of Federalism as
a Structural Limit on Errors, 94 J. CRIM. L. &amp; CRIMINOLOGY 1 (2003)<person-group>
                     <string-name>
                        <surname>Bibas</surname>
                     </string-name>
                  </person-group>
                  <fpage>1</fpage>
                  <volume>94</volume>
                  <source>J. Crim. L. &amp; Criminology</source>
                  <year>2003</year>
               </mixed-citation>
            </p>
         </fn>
         <fn id="d1636e3524a1310">
            <label>103</label>
            <p>
               <mixed-citation id="d1636e3531" publication-type="other">
State v. Cullen, 60 P.3d 933 (Kan. 2003)</mixed-citation>
            </p>
            <p>
               <mixed-citation id="d1636e3537" publication-type="other">
State v. Gould,
23 P.3d 801, 814 (Kan. 2001)</mixed-citation>
            </p>
            <p>
               <mixed-citation id="d1636e3546" publication-type="book">
KAN. STAT. ANN. § 21-
4718 (Supp. 2A 2003)<fpage>21</fpage>
                  <source>Kan. Stat. Ann.</source>
                  <year>2003</year>
               </mixed-citation>
            </p>
         </fn>
         <fn id="d1636e3565a1310">
            <label>104</label>
            <p>
               <mixed-citation id="d1636e3572" publication-type="other">
536 U.S. 545 (2002).</mixed-citation>
            </p>
         </fn>
         <fn id="d1636e3579a1310">
            <label>105</label>
            <p>
               <mixed-citation id="d1636e3588" publication-type="other">
Id.</mixed-citation>
            </p>
            <p>
               <mixed-citation id="d1636e3594" publication-type="other">
Ring v. Arizona, 536 U.S. 584 (2002)</mixed-citation>
            </p>
         </fn>
         <fn id="d1636e3601a1310">
            <label>106</label>
            <p>
               <mixed-citation id="d1636e3608" publication-type="journal">
Rachel E. Barkow, Recharging the Jury: The Criminal Jury's Constitutional
Role in an Era of Mandatory Sentencing, 152 U. PA. L. REV. 33 (2003)<person-group>
                     <string-name>
                        <surname>Barkow</surname>
                     </string-name>
                  </person-group>
                  <fpage>33</fpage>
                  <volume>152</volume>
                  <source>U. Pa. L. Rev.</source>
                  <year>2003</year>
               </mixed-citation>
            </p>
            <p>
               <mixed-citation id="d1636e3639" publication-type="journal">
Kyron Huigens,
Harris, Ring, and the Future of Relevant Conduct Sentencing, 15 FED. SENTENCING REP. 88
(2002)<person-group>
                     <string-name>
                        <surname>Huigens</surname>
                     </string-name>
                  </person-group>
                  <fpage>88</fpage>
                  <volume>15</volume>
                  <source>Fed. Sentencing Rep.</source>
                  <year>2002</year>
               </mixed-citation>
            </p>
            <p>
               <mixed-citation id="d1636e3673" publication-type="other">
Harris, 536 U.S. at 569</mixed-citation>
            </p>
         </fn>
         <fn id="d1636e3681a1310">
            <label>107</label>
            <p>
               <mixed-citation id="d1636e3688" publication-type="journal">
Stephanos Bibas, Back from the Brink: The Supreme Court Balks at Extending
Apprendi to Upset Most Sentencing, 15 FED. SENTENCING REP. 79, 79 (2002).<person-group>
                     <string-name>
                        <surname>Bibas</surname>
                     </string-name>
                  </person-group>
                  <issue>79</issue>
                  <fpage>79</fpage>
                  <volume>15</volume>
                  <source>Fed. Sentencing Rep.</source>
                  <year>2002</year>
               </mixed-citation>
            </p>
         </fn>
         <fn id="d1636e3723a1310">
            <label>108</label>
            <p>
               <mixed-citation id="d1636e3730" publication-type="other">
Blakely v. Washington, 124 S. Ct. 2531, 2531 (2004).</mixed-citation>
            </p>
         </fn>
         <fn id="d1636e3737a1310">
            <label>109</label>
            <p>
               <mixed-citation id="d1636e3744" publication-type="other">
Id. at 2537.</mixed-citation>
            </p>
         </fn>
         <fn id="d1636e3751a1310">
            <label>110</label>
            <p>
               <mixed-citation id="d1636e3758" publication-type="other">
Id. at 2538-39.</mixed-citation>
            </p>
         </fn>
         <fn id="d1636e3765a1310">
            <label>111</label>
            <p>
               <mixed-citation id="d1636e3772" publication-type="other">
Id. at 2543.</mixed-citation>
            </p>
         </fn>
         <fn id="d1636e3779a1310">
            <label>112</label>
            <p>
               <mixed-citation id="d1636e3786" publication-type="other">
125 S. Ct. 11 (2005)</mixed-citation>
            </p>
         </fn>
         <fn id="d1636e3794a1310">
            <label>113</label>
            <p>
               <mixed-citation id="d1636e3801" publication-type="other">
125 S. Ct. 12 (2005)</mixed-citation>
            </p>
         </fn>
         <fn id="d1636e3808a1310">
            <label>114</label>
            <p>
               <mixed-citation id="d1636e3815" publication-type="other">
United States v. Booker, 125 S. Ct. 738, 746 (2005)</mixed-citation>
            </p>
         </fn>
         <fn id="d1636e3822a1310">
            <label>115</label>
            <p>
               <mixed-citation id="d1636e3829" publication-type="other">
id. at 756-71</mixed-citation>
            </p>
         </fn>
         <fn id="d1636e3836a1310">
            <label>116</label>
            <p>
               <mixed-citation id="d1636e3843" publication-type="other">
Jones v. United States, 526 U.S.
227, 232-39 (1999)</mixed-citation>
            </p>
         </fn>
         <fn id="d1636e3853a1310">
            <label>117</label>
            <p>
               <mixed-citation id="d1636e3860" publication-type="other">
Id. at 243 n.6.</mixed-citation>
            </p>
         </fn>
         <fn id="d1636e3867a1310">
            <label>118</label>
            <p>
               <mixed-citation id="d1636e3874" publication-type="other">
Booker, 125 S. Ct. at 748-49, 771-52, 756 (Stevens, J., announcing opinion of the
Court)</mixed-citation>
            </p>
         </fn>
         <fn id="d1636e3885a1310">
            <label>119</label>
            <p>
               <mixed-citation id="d1636e3892" publication-type="other">
Apprendi v. New Jersey, 530 U.S. 466, 484 (2000) (citation omitted).</mixed-citation>
            </p>
         </fn>
         <fn id="d1636e3899a1310">
            <label>120</label>
            <p>
               <mixed-citation id="d1636e3906" publication-type="other">
Booker, 125 S. Ct. at 747-48 (Stevens, J., announcing opinion of the Court)</mixed-citation>
            </p>
         </fn>
         <fn id="d1636e3913a1310">
            <label>121</label>
            <p>
               <mixed-citation id="d1636e3920" publication-type="other">
supra notes 44-51</mixed-citation>
            </p>
         </fn>
         <fn id="d1636e3927a1310">
            <label>122</label>
            <p>
               <mixed-citation id="d1636e3934" publication-type="other">
Bibas, supra note 91, at 1177-78</mixed-citation>
            </p>
            <p>
               <mixed-citation id="d1636e3940" publication-type="other">
Bowman, supra note 32,
at 187-91</mixed-citation>
            </p>
            <p>
               <mixed-citation id="d1636e3949" publication-type="journal">
James E. Felman, The Need for Procedural Reform in Federal
Criminal Cases, 17 FED. SENTENCING REP. (forthcoming 2005)<person-group>
                     <string-name>
                        <surname>Felman</surname>
                     </string-name>
                  </person-group>
                  <volume>17</volume>
                  <source>Fed. Sentencing Rep.</source>
                  <year>2005</year>
               </mixed-citation>
            </p>
         </fn>
         <fn id="d1636e3978a1310">
            <label>123</label>
            <p>
               <mixed-citation id="d1636e3985" publication-type="other">
supra notes 13-20</mixed-citation>
            </p>
         </fn>
         <fn id="d1636e3992a1310">
            <label>124</label>
            <p>
               <mixed-citation id="d1636e3999" publication-type="other">
supra note 72</mixed-citation>
            </p>
            <p>
               <mixed-citation id="d1636e4005" publication-type="other">
STITH &amp; CABRANES, supra note 5, at 148-
158</mixed-citation>
            </p>
            <p>
               <mixed-citation id="d1636e4014" publication-type="other">
Bibas, supra note 91, at 1177-78</mixed-citation>
            </p>
            <p>
               <mixed-citation id="d1636e4021" publication-type="other">
Gertner, supra note 7, at 83-85</mixed-citation>
            </p>
            <p>
               <mixed-citation id="d1636e4027" publication-type="journal">
Richard Smith-Monahan, Unfinished Business: The Changes Necessary to Make Guidelines
Sentencing Fair, 12 FED. SENTENCING REP. 219 (2000)<person-group>
                     <string-name>
                        <surname>Smith-Monahan</surname>
                     </string-name>
                  </person-group>
                  <fpage>219</fpage>
                  <volume>12</volume>
                  <source>Fed. Sentencing Rep.</source>
                  <year>2000</year>
               </mixed-citation>
            </p>
         </fn>
         <fn id="d1636e4060a1310">
            <label>125</label>
            <p>
               <mixed-citation id="d1636e4067" publication-type="other">
Assistant Attorney General Christopher Wray, Testimony to the House
Subcommittee of Crime, Terrorism, and Homeland Security. Oversight Hearing on "The
Implications of the Booker/Fanfan Decisions for the Federal Sentencing Guidelines" at 11
(Feb. 10, 2005), available at http://judiciary.house.gov/media/pdfs/Wray021005.pdf</mixed-citation>
            </p>
            <p>
               <mixed-citation id="d1636e4082" publication-type="other">
Felman, supra note 122</mixed-citation>
            </p>
            <p>
               <mixed-citation id="d1636e4088" publication-type="other">
United States v. Kelley,
355 F. Supp. 2d 1031, 1034-39 (D. Neb. 2005)</mixed-citation>
            </p>
            <p>
               <mixed-citation id="d1636e4098" publication-type="other">
United States v. Gray,
362 F. Supp. 2d 714, 719-24 (S.D. W. Va. 2005)</mixed-citation>
            </p>
            <p>
               <mixed-citation id="d1636e4107" publication-type="other">
United States v. Pimental, No.
CRIM.99-1031-NG, 2005 WL 958245 (D. Mass. Apr. 15, 2005)</mixed-citation>
            </p>
         </fn>
         <fn id="d1636e4117a1310">
            <label>126</label>
            <p>
               <mixed-citation id="d1636e4124" publication-type="journal">
Alan C. Michaels, Trial Rights at Sentencing, 81 N.C. L. REV. 1771, 1775 (2003)<person-group>
                     <string-name>
                        <surname>Michaels</surname>
                     </string-name>
                  </person-group>
                  <fpage>1771</fpage>
                  <volume>81</volume>
                  <source>N.C. L. Rev.</source>
                  <year>2003</year>
               </mixed-citation>
            </p>
         </fn>
         <fn id="d1636e4153a1310">
            <label>127</label>
            <p>
               <mixed-citation id="d1636e4160" publication-type="other">
Id.</mixed-citation>
            </p>
         </fn>
         <fn id="d1636e4167a1310">
            <label>128</label>
            <p>
               <mixed-citation id="d1636e4174" publication-type="other">
supra text accompanying notes 83-91</mixed-citation>
            </p>
         </fn>
         <fn id="d1636e4181a1310">
            <label>129</label>
            <p>
               <mixed-citation id="d1636e4188" publication-type="other">
Williams v. New York, 337 U.S. 241, 246-48 (1949)</mixed-citation>
            </p>
            <p>
               <mixed-citation id="d1636e4194" publication-type="other">
supra text
accompanying notes 44-51</mixed-citation>
            </p>
         </fn>
         <fn id="d1636e4204a1310">
            <label>130</label>
            <p>
               <mixed-citation id="d1636e4211" publication-type="other">
Greenholtz v. Inmates of Neb. Penal and Corr. Complex, 442 U.S. 1 (1979)</mixed-citation>
            </p>
            <p>
               <mixed-citation id="d1636e4217" publication-type="other">
United States v. Grayson, 438 U.S. 41, 45-54 (1978)</mixed-citation>
            </p>
         </fn>
         <fn id="d1636e4225a1310">
            <label>131</label>
            <p>
               <mixed-citation id="d1636e4232" publication-type="other">
supra text accompanying notes 9-31, 58-61</mixed-citation>
            </p>
         </fn>
         <fn id="d1636e4239a1310">
            <label>132</label>
            <p>
               <mixed-citation id="d1636e4246" publication-type="other">
Michaels, supra note 126, at 1775-76</mixed-citation>
            </p>
         </fn>
         <fn id="d1636e4253a1310">
            <label>133</label>
            <p>
               <mixed-citation id="d1636e4260" publication-type="other">
Williams, 337 U.S. at 247.</mixed-citation>
            </p>
         </fn>
         <fn id="d1636e4267a1310">
            <label>134</label>
            <p>
               <mixed-citation id="d1636e4274" publication-type="other">
Michaels, supra note 126, at 1862</mixed-citation>
            </p>
         </fn>
         <fn id="d1636e4281a1310">
            <label>135</label>
            <p>
               <mixed-citation id="d1636e4288" publication-type="other">
Commonwealth v. Wright, 494 A.2d 354, 362 (Pa. 1985).</mixed-citation>
            </p>
         </fn>
         <fn id="d1636e4295a1310">
            <label>136</label>
            <p>
               <mixed-citation id="d1636e4302" publication-type="other">
Berman, Reconceptualizing Sentencing, supra note 89</mixed-citation>
            </p>
         </fn>
         <fn id="d1636e4310a1310">
            <label>137</label>
            <p>
               <mixed-citation id="d1636e4317" publication-type="other">
supra text
accompanying notes 67-69, 80-82</mixed-citation>
            </p>
         </fn>
         <fn id="d1636e4327a1310">
            <label>138</label>
            <p>
               <mixed-citation id="d1636e4334" publication-type="other">
Booker, 125 S. Ct. at 751</mixed-citation>
            </p>
         </fn>
         <fn id="d1636e4341a1310">
            <label>139</label>
            <p>
               <mixed-citation id="d1636e4348" publication-type="other">
Id. at 752.</mixed-citation>
            </p>
         </fn>
         <fn id="d1636e4355a1310">
            <label>140</label>
            <p>
               <mixed-citation id="d1636e4362" publication-type="other">
Id.</mixed-citation>
            </p>
         </fn>
         <fn id="d1636e4369a1310">
            <label>141</label>
            <p>
               <mixed-citation id="d1636e4376" publication-type="other">
id at 756-71</mixed-citation>
            </p>
         </fn>
         <fn id="d1636e4383a1310">
            <label>142</label>
            <p>
               <mixed-citation id="d1636e4390" publication-type="other">
id at 761</mixed-citation>
            </p>
         </fn>
         <fn id="d1636e4398a1310">
            <label>143</label>
            <p>
               <mixed-citation id="d1636e4405" publication-type="other">
supra notes 131-34</mixed-citation>
            </p>
         </fn>
         <fn id="d1636e4412a1310">
            <label>144</label>
            <p>
               <mixed-citation id="d1636e4419" publication-type="other">
Blakely v. Washington, 124 S. Ct. 2531, 2550-51 (2004)</mixed-citation>
            </p>
         </fn>
         <fn id="d1636e4426a1310">
            <label>145</label>
            <p>
               <mixed-citation id="d1636e4433" publication-type="other">
Berman, Reconceptualizing Sentencing, supra note 89</mixed-citation>
            </p>
         </fn>
         <fn id="d1636e4440a1310">
            <label>146</label>
            <p>
               <mixed-citation id="d1636e4447" publication-type="journal">
Douglas A. Berman, A Common Law for This Age of Federal Sentencing: The
Need and Opportunity for Judicial Lawmaking, 11 STAN. L. &amp; POL'Y REV. 93, 95-96 (1999)<person-group>
                     <string-name>
                        <surname>Berman</surname>
                     </string-name>
                  </person-group>
                  <fpage>93</fpage>
                  <volume>11</volume>
                  <source>Stan. L. &amp; Pol'y Rev.</source>
                  <year>1999</year>
               </mixed-citation>
            </p>
            <p>
               <mixed-citation id="d1636e4478" publication-type="other">
von Hirsch, supra note 5</mixed-citation>
            </p>
            <p>
               <mixed-citation id="d1636e4484" publication-type="other">
Tonry, supra note 24</mixed-citation>
            </p>
         </fn>
         <fn id="d1636e4491a1310">
            <label>147</label>
            <p>
               <mixed-citation id="d1636e4498" publication-type="journal">
Rachel E. Barkow, Administering Crime, 52 UCLA L. REV. 715 (2005)<person-group>
                     <string-name>
                        <surname>Barkow</surname>
                     </string-name>
                  </person-group>
                  <fpage>715</fpage>
                  <volume>52</volume>
                  <source>Ucla L. Rev.</source>
                  <year>2005</year>
               </mixed-citation>
            </p>
            <p>
               <mixed-citation id="d1636e4526" publication-type="journal">
Michael Tonry, The Success of Judge Frankel's Sentencing Commission, 64
U. COLO. L. REV. 713, 714-16 (1993)<person-group>
                     <string-name>
                        <surname>Tonry</surname>
                     </string-name>
                  </person-group>
                  <fpage>713</fpage>
                  <volume>64</volume>
                  <source>U. Colo. L. Rev.</source>
                  <year>1993</year>
               </mixed-citation>
            </p>
            <p>
               <mixed-citation id="d1636e4557" publication-type="other">
Berman, supra note 143, at 108-10</mixed-citation>
            </p>
         </fn>
         <fn id="d1636e4564a1310">
            <label>148</label>
            <p>
               <mixed-citation id="d1636e4571" publication-type="journal">
Barry L. Johnson, The Role of the United States Sentencing Commission in the
Reform of Sentencing Procedures, 12 FED. SENTENCING REP. 229, 230-31 (2000)<person-group>
                     <string-name>
                        <surname>Johnson</surname>
                     </string-name>
                  </person-group>
                  <fpage>229</fpage>
                  <volume>12</volume>
                  <source>Fed. Sentencing Rep.</source>
                  <year>2000</year>
               </mixed-citation>
            </p>
            <p>
               <mixed-citation id="d1636e4602" publication-type="journal">
Ronald F. Wright, Rules for
Sentencing Revolutions, 108 YALE L.J. 1355, 1380-87 (1999)<person-group>
                     <string-name>
                        <surname>Wright</surname>
                     </string-name>
                  </person-group>
                  <fpage>1355</fpage>
                  <volume>108</volume>
                  <source>Yale L.J.</source>
                  <year>1999</year>
               </mixed-citation>
            </p>
         </fn>
         <fn id="d1636e4635a1310">
            <label>149</label>
            <p>
               <mixed-citation id="d1636e4642" publication-type="other">
Barkow, supra note 147, at 771-98</mixed-citation>
            </p>
            <p>
               <mixed-citation id="d1636e4648" publication-type="other">
Tonry, supra note 144
at 713-16</mixed-citation>
            </p>
            <p>
               <mixed-citation id="d1636e4657" publication-type="journal">
Douglas A. Berman,
Balanced and Purposeful Departures: Fixing a Jurisprudence That Undermines the Federal
Sentencing Guidelines, 76 NOTRE DAME L. REV. 21, 42-43 (2000)<person-group>
                     <string-name>
                        <surname>Berman</surname>
                     </string-name>
                  </person-group>
                  <fpage>21</fpage>
                  <volume>76</volume>
                  <source>Notre Dame L. Rev.</source>
                  <year>2000</year>
               </mixed-citation>
            </p>
            <p>
               <mixed-citation id="d1636e4692" publication-type="other">
Barkow, supra note 147, at 798-812</mixed-citation>
            </p>
         </fn>
      </fn-group>
   </back>
</article>
