<article xmlns:xsi="http://www.w3.org/2001/XMLSchema-instance"
         xmlns:xlink="http://www.w3.org/1999/xlink"
         xmlns:mml="http://www.w3.org/1998/Math/MathML"
         dtd-version="1.0"
         article-type="research-article">
   <front>
      <journal-meta>
         <journal-id journal-id-type="jstor">jcrimlawcrim1973</journal-id>
         <journal-id journal-id-type="jstor">j100481</journal-id>
         <journal-title-group>
            <journal-title>The Journal of Criminal Law and Criminology (1973-)</journal-title>
         </journal-title-group>
         <publisher>
            <publisher-name>Northwestern University School of Law</publisher-name>
         </publisher>
         <issn pub-type="ppub">00914169</issn>
      </journal-meta>
      <article-meta>
         <article-id pub-id-type="jstor">3491329</article-id>
         <article-categories>
            <subj-group>
               <subject>Supreme Court Review</subject>
            </subj-group>
         </article-categories>
         <title-group>
            <article-title>Yarborough v. Alvarado: At the Crossroads of the "Unreasonable Application" Provision of the Antiterrorism and Effective Death Penalty Act of 1996 and the Consideration of Juvenile Status in Custodial Determinations</article-title>
         </title-group>
         <contrib-group>
            <contrib contrib-type="author">
               <string-name>
                  <given-names>Jennifer</given-names>
                  <surname>Park</surname>
               </string-name>
            </contrib>
         </contrib-group>
         <pub-date>
            <day>1</day>
            <month>4</month>
            <year>2005</year>
         </pub-date>
         <volume>95</volume>
         <issue>3</issue>
         <issue-id>i278711</issue-id>
         <fpage>871</fpage>
         <lpage>904</lpage>
         <page-range>871-904</page-range>
         <permissions>
            <copyright-statement>Copyright 2005 Northwestern University, School of Law</copyright-statement>
         </permissions>
         <self-uri xlink:href="http://www.jstor.org/stable/3491329"/>
         <custom-meta-group>
            <custom-meta>
               <meta-name>lang</meta-name>
               <meta-value>eng</meta-value>
            </custom-meta>
         </custom-meta-group>
      </article-meta>
   </front>
   <back>
      <fn-group>
         <title>[Footnotes]</title>
         <fn id="d1580e123a1310">
            <label>1</label>
            <p>
               <mixed-citation id="d1580e130" publication-type="other">
124 S. Ct. 2140 (2004).</mixed-citation>
            </p>
         </fn>
         <fn id="d1580e137a1310">
            <label>2</label>
            <p>
               <mixed-citation id="d1580e144" publication-type="other">
Id. at 2149.</mixed-citation>
            </p>
         </fn>
         <fn id="d1580e151a1310">
            <label>3</label>
            <p>
               <mixed-citation id="d1580e158" publication-type="other">
Id. at 2150.</mixed-citation>
            </p>
         </fn>
         <fn id="d1580e165a1310">
            <label>4</label>
            <p>
               <mixed-citation id="d1580e172" publication-type="other">
Id. at 2151.</mixed-citation>
            </p>
         </fn>
         <fn id="d1580e180a1310">
            <label>5</label>
            <p>
               <mixed-citation id="d1580e187" publication-type="other">
Id.</mixed-citation>
            </p>
         </fn>
         <fn id="d1580e194a1310">
            <label>6</label>
            <p>
               <mixed-citation id="d1580e201" publication-type="other">
Id. at 2152.</mixed-citation>
            </p>
         </fn>
         <fn id="d1580e208a1310">
            <label>7</label>
            <p>
               <mixed-citation id="d1580e215" publication-type="other">
Id.</mixed-citation>
            </p>
         </fn>
         <fn id="d1580e222a1310">
            <label>8</label>
            <p>
               <mixed-citation id="d1580e229" publication-type="other">
Pub. L. 104-106, 110 Stat. 1214 (1996).</mixed-citation>
            </p>
         </fn>
         <fn id="d1580e236a1310">
            <label>9</label>
            <p>
               <mixed-citation id="d1580e243" publication-type="other">
Brecht v. Abrahamson, 507 U.S. 619, 633 (1993)</mixed-citation>
            </p>
            <p>
               <mixed-citation id="d1580e249" publication-type="other">
Barefoot v. Estelle, 463 U.S.
880, 887 (1983)</mixed-citation>
            </p>
         </fn>
         <fn id="d1580e259a1310">
            <label>10</label>
            <p>
               <mixed-citation id="d1580e266" publication-type="other">
Id. at 633-34</mixed-citation>
            </p>
            <p>
               <mixed-citation id="d1580e272" publication-type="other">
Engle v. Isaac, 456 U.S. 107, 126 (1982)</mixed-citation>
            </p>
         </fn>
         <fn id="d1580e280a1310">
            <label>11</label>
            <p>
               <mixed-citation id="d1580e287" publication-type="other">
Id. at 634</mixed-citation>
            </p>
            <p>
               <mixed-citation id="d1580e293" publication-type="other">
Fay v. Noia, 372 U.S. 391, 440-41 (1963)</mixed-citation>
            </p>
         </fn>
         <fn id="d1580e300a1310">
            <label>12</label>
            <p>
               <mixed-citation id="d1580e307" publication-type="other">
Wainwright v. Sykes, 433 U.S. 72 (1977)</mixed-citation>
            </p>
         </fn>
         <fn id="d1580e314a1310">
            <label>13</label>
            <p>
               <mixed-citation id="d1580e321" publication-type="other">
McClesky v. Zant, 499 U.S. 467 (1991)</mixed-citation>
            </p>
         </fn>
         <fn id="d1580e328a1310">
            <label>14</label>
            <p>
               <mixed-citation id="d1580e335" publication-type="other">
Teague v. Lane, 489 U.S. 288, 310 (1989)</mixed-citation>
            </p>
         </fn>
         <fn id="d1580e342a1310">
            <label>15</label>
            <p>
               <mixed-citation id="d1580e349" publication-type="other">
Brecht, 507 U.S. at 635.</mixed-citation>
            </p>
         </fn>
         <fn id="d1580e356a1310">
            <label>16</label>
            <p>
               <mixed-citation id="d1580e363" publication-type="other">
Id.</mixed-citation>
            </p>
         </fn>
         <fn id="d1580e371a1310">
            <label>17</label>
            <p>
               <mixed-citation id="d1580e378" publication-type="other">
United States v. Mechanik, 475 U.S. 66, 72 (1986)</mixed-citation>
            </p>
         </fn>
         <fn id="d1580e385a1310">
            <label>18</label>
            <p>
               <mixed-citation id="d1580e392" publication-type="journal">
Barry Friedman, Failed Enterprise: The Supreme Court's Habeas Reform, 83 CAL. L.
REV. 485, 530 (1995).<object-id pub-id-type="doi">10.2307/3480947</object-id>
                  <fpage>485</fpage>
               </mixed-citation>
            </p>
         </fn>
         <fn id="d1580e408a1310">
            <label>19</label>
            <p>
               <mixed-citation id="d1580e415" publication-type="other">
110 Stat. 1214 (1996).</mixed-citation>
            </p>
         </fn>
         <fn id="d1580e422a1310">
            <label>20</label>
            <p>
               <mixed-citation id="d1580e429" publication-type="other">
Williams v. Taylor, 529 U.S. 362, 386 (2000) (plurality opinion).</mixed-citation>
            </p>
         </fn>
         <fn id="d1580e436a1310">
            <label>21</label>
            <p>
               <mixed-citation id="d1580e443" publication-type="journal">
Jude Obasi Nkama, Note, The Great Writ Encumbered by Great Limitations: Is the
Third Circuit's Notice Requirement for Habeas Relief a Structural Bias Against "Persons in
Custody? ", 26 SETON HALL LEGIS. J. 181, 202 (2001).<person-group>
                     <string-name>
                        <surname>Obasi Nkama</surname>
                     </string-name>
                  </person-group>
                  <fpage>181</fpage>
                  <volume>26</volume>
                  <source>Seton Hall Legis. J.</source>
                  <year>2001</year>
               </mixed-citation>
            </p>
         </fn>
         <fn id="d1580e478a1310">
            <label>22</label>
            <p>
               <mixed-citation id="d1580e485" publication-type="journal">
Allan Ides, Habeas Standards of Review Under 29 U.S.C. § 2254(d) (1). A
Commentary on Statutory Text and Supreme Court Precedent, 60 WASH. &amp; LEE L. REV. 677,
679 (2003).<person-group>
                     <string-name>
                        <surname>Ides</surname>
                     </string-name>
                  </person-group>
                  <fpage>677</fpage>
                  <volume>60</volume>
                  <source>Wash. &amp; Lee L. Rev.</source>
                  <year>2003</year>
               </mixed-citation>
            </p>
         </fn>
         <fn id="d1580e521a1310">
            <label>23</label>
            <p>
               <mixed-citation id="d1580e528" publication-type="other">
28 U.S.C. § 2254(d) (2001).</mixed-citation>
            </p>
         </fn>
         <fn id="d1580e535a1310">
            <label>24</label>
            <p>
               <mixed-citation id="d1580e542" publication-type="other">
Nkama, supra note 21, at 200.</mixed-citation>
            </p>
         </fn>
         <fn id="d1580e549a1310">
            <label>25</label>
            <p>
               <mixed-citation id="d1580e556" publication-type="journal">
Todd E. Pettys, Federal Habeas Relief and the New Tolerance for "Reasonably
Erroneous " Applications of Federal Law, 63 OHIO ST. L.J. 731, 735-36 (2002).<person-group>
                     <string-name>
                        <surname>Pettys</surname>
                     </string-name>
                  </person-group>
                  <fpage>731</fpage>
                  <volume>63</volume>
                  <source>Ohio St. L.J.</source>
                  <year>2002</year>
               </mixed-citation>
            </p>
         </fn>
         <fn id="d1580e588a1310">
            <label>26</label>
            <p>
               <mixed-citation id="d1580e595" publication-type="other">
Id. at 736.</mixed-citation>
            </p>
         </fn>
         <fn id="d1580e602a1310">
            <label>27</label>
            <p>
               <mixed-citation id="d1580e609" publication-type="other">
Id. at 739.</mixed-citation>
            </p>
         </fn>
         <fn id="d1580e616a1310">
            <label>28</label>
            <p>
               <mixed-citation id="d1580e623" publication-type="other">
Ides, supra note 22, at 684.</mixed-citation>
            </p>
         </fn>
         <fn id="d1580e631a1310">
            <label>29</label>
            <p>
               <mixed-citation id="d1580e638" publication-type="other">
Pettys, supra note 25, at 746.</mixed-citation>
            </p>
         </fn>
         <fn id="d1580e645a1310">
            <label>30</label>
            <p>
               <mixed-citation id="d1580e652" publication-type="other">
Nkama, supra note 21, at 202.</mixed-citation>
            </p>
         </fn>
         <fn id="d1580e659a1310">
            <label>31</label>
            <p>
               <mixed-citation id="d1580e666" publication-type="other">
Ides, supra note 22, at 680</mixed-citation>
            </p>
         </fn>
         <fn id="d1580e673a1310">
            <label>32</label>
            <p>
               <mixed-citation id="d1580e680" publication-type="other">
529 U.S. 362 (2000).</mixed-citation>
            </p>
         </fn>
         <fn id="d1580e687a1310">
            <label>33</label>
            <p>
               <mixed-citation id="d1580e694" publication-type="other">
Ides, supra note 22, at 718.</mixed-citation>
            </p>
         </fn>
         <fn id="d1580e701a1310">
            <label>35</label>
            <p>
               <mixed-citation id="d1580e708" publication-type="other">
529 U.S. at 399-419.</mixed-citation>
            </p>
         </fn>
         <fn id="d1580e716a1310">
            <label>36</label>
            <p>
               <mixed-citation id="d1580e723" publication-type="other">
Id. at 404-13.</mixed-citation>
            </p>
         </fn>
         <fn id="d1580e730a1310">
            <label>37</label>
            <p>
               <mixed-citation id="d1580e737" publication-type="other">
Id. at 404-05.</mixed-citation>
            </p>
         </fn>
         <fn id="d1580e744a1310">
            <label>38</label>
            <p>
               <mixed-citation id="d1580e751" publication-type="other">
Id.</mixed-citation>
            </p>
         </fn>
         <fn id="d1580e758a1310">
            <label>39</label>
            <p>
               <mixed-citation id="d1580e765" publication-type="other">
Id.</mixed-citation>
            </p>
         </fn>
         <fn id="d1580e772a1310">
            <label>40</label>
            <p>
               <mixed-citation id="d1580e779" publication-type="other">
Id. at 407.</mixed-citation>
            </p>
         </fn>
         <fn id="d1580e786a1310">
            <label>41</label>
            <p>
               <mixed-citation id="d1580e793" publication-type="other">
Id.</mixed-citation>
            </p>
         </fn>
         <fn id="d1580e801a1310">
            <label>42</label>
            <p>
               <mixed-citation id="d1580e808" publication-type="other">
Id. at 408.</mixed-citation>
            </p>
         </fn>
         <fn id="d1580e815a1310">
            <label>43</label>
            <p>
               <mixed-citation id="d1580e822" publication-type="other">
Id. at 408-09.</mixed-citation>
            </p>
         </fn>
         <fn id="d1580e829a1310">
            <label>44</label>
            <p>
               <mixed-citation id="d1580e836" publication-type="other">
Id.</mixed-citation>
            </p>
         </fn>
         <fn id="d1580e843a1310">
            <label>45</label>
            <p>
               <mixed-citation id="d1580e850" publication-type="other">
Id. at 409.</mixed-citation>
            </p>
         </fn>
         <fn id="d1580e857a1310">
            <label>46</label>
            <p>
               <mixed-citation id="d1580e864" publication-type="other">
Id.</mixed-citation>
            </p>
         </fn>
         <fn id="d1580e871a1310">
            <label>47</label>
            <p>
               <mixed-citation id="d1580e878" publication-type="other">
Id. at 412.</mixed-citation>
            </p>
         </fn>
         <fn id="d1580e886a1310">
            <label>48</label>
            <p>
               <mixed-citation id="d1580e893" publication-type="other">
Id. at 411-12.</mixed-citation>
            </p>
         </fn>
         <fn id="d1580e900a1310">
            <label>49</label>
            <p>
               <mixed-citation id="d1580e907" publication-type="other">
Id.</mixed-citation>
            </p>
         </fn>
         <fn id="d1580e914a1310">
            <label>50</label>
            <p>
               <mixed-citation id="d1580e921" publication-type="other">
Id. at 386.</mixed-citation>
            </p>
            <p>
               <mixed-citation id="d1580e927" publication-type="other">
Id. at 412.</mixed-citation>
            </p>
         </fn>
         <fn id="d1580e934a1310">
            <label>52</label>
            <p>
               <mixed-citation id="d1580e941" publication-type="other">
Williams, 529 U.S. at 381.</mixed-citation>
            </p>
         </fn>
         <fn id="d1580e948a1310">
            <label>53</label>
            <p>
               <mixed-citation id="d1580e955" publication-type="other">
Id.</mixed-citation>
            </p>
         </fn>
         <fn id="d1580e962a1310">
            <label>54</label>
            <p>
               <mixed-citation id="d1580e969" publication-type="other">
Pettys, supra note 25, at 777.</mixed-citation>
            </p>
         </fn>
         <fn id="d1580e977a1310">
            <label>55</label>
            <p>
               <mixed-citation id="d1580e984" publication-type="other">
Williams, 529 U.S. at 382.</mixed-citation>
            </p>
         </fn>
         <fn id="d1580e991a1310">
            <label>56</label>
            <p>
               <mixed-citation id="d1580e998" publication-type="other">
384 U.S. 436 (1966).</mixed-citation>
            </p>
         </fn>
         <fn id="d1580e1005a1310">
            <label>57</label>
            <p>
               <mixed-citation id="d1580e1012" publication-type="other">
Id. at 494.</mixed-citation>
            </p>
         </fn>
         <fn id="d1580e1019a1310">
            <label>58</label>
            <p>
               <mixed-citation id="d1580e1026" publication-type="other">
Id. at 444.</mixed-citation>
            </p>
         </fn>
         <fn id="d1580e1033a1310">
            <label>59</label>
            <p>
               <mixed-citation id="d1580e1040" publication-type="other">
Id.</mixed-citation>
            </p>
         </fn>
         <fn id="d1580e1047a1310">
            <label>60</label>
            <p>
               <mixed-citation id="d1580e1054" publication-type="other">
Id.</mixed-citation>
            </p>
         </fn>
         <fn id="d1580e1062a1310">
            <label>61</label>
            <p>
               <mixed-citation id="d1580e1069" publication-type="other">
Id at 458.</mixed-citation>
            </p>
         </fn>
         <fn id="d1580e1076a1310">
            <label>62</label>
            <p>
               <mixed-citation id="d1580e1083" publication-type="other">
Id. at 455-56.</mixed-citation>
            </p>
         </fn>
         <fn id="d1580e1090a1310">
            <label>63</label>
            <p>
               <mixed-citation id="d1580e1097" publication-type="other">
Id.</mixed-citation>
            </p>
            <p>
               <mixed-citation id="d1580e1103" publication-type="other">
Id. at 447-55.</mixed-citation>
            </p>
         </fn>
         <fn id="d1580e1110a1310">
            <label>64</label>
            <p>
               <mixed-citation id="d1580e1117" publication-type="journal">
William F. Nagel, The Difference Between the U.S. Supreme Court and the Colorado
Supreme Court on the Test for the Determination of Custody for Purposes of Miranda, 71
DENV. U. L. REV. 427, 429 (1993).<person-group>
                     <string-name>
                        <surname>Nagel</surname>
                     </string-name>
                  </person-group>
                  <fpage>427</fpage>
                  <volume>71</volume>
                  <source>Denv. U. L. Rev.</source>
                  <year>1993</year>
               </mixed-citation>
            </p>
         </fn>
         <fn id="d1580e1152a1310">
            <label>65</label>
            <p>
               <mixed-citation id="d1580e1159" publication-type="other">
429 U.S. 492 (1977).</mixed-citation>
            </p>
         </fn>
         <fn id="d1580e1166a1310">
            <label>66</label>
            <p>
               <mixed-citation id="d1580e1173" publication-type="other">
Id. at 493.</mixed-citation>
            </p>
         </fn>
         <fn id="d1580e1181a1310">
            <label>67</label>
            <p>
               <mixed-citation id="d1580e1188" publication-type="other">
Id. at 495.</mixed-citation>
            </p>
         </fn>
         <fn id="d1580e1195a1310">
            <label>68</label>
            <p>
               <mixed-citation id="d1580e1202" publication-type="other">
Id.</mixed-citation>
            </p>
         </fn>
         <fn id="d1580e1209a1310">
            <label>69</label>
            <p>
               <mixed-citation id="d1580e1216" publication-type="other">
Id. at 498 (Marshall, J., dissenting).</mixed-citation>
            </p>
         </fn>
         <fn id="d1580e1223a1310">
            <label>70</label>
            <p>
               <mixed-citation id="d1580e1230" publication-type="other">
463 U.S. 1121 (1983).</mixed-citation>
            </p>
         </fn>
         <fn id="d1580e1237a1310">
            <label>71</label>
            <p>
               <mixed-citation id="d1580e1244" publication-type="other">
Id. at 1122.</mixed-citation>
            </p>
         </fn>
         <fn id="d1580e1251a1310">
            <label>72</label>
            <p>
               <mixed-citation id="d1580e1258" publication-type="other">
Id. at 1125.</mixed-citation>
            </p>
         </fn>
         <fn id="d1580e1266a1310">
            <label>73</label>
            <p>
               <mixed-citation id="d1580e1273" publication-type="other">
Id.</mixed-citation>
            </p>
         </fn>
         <fn id="d1580e1280a1310">
            <label>74</label>
            <p>
               <mixed-citation id="d1580e1287" publication-type="other">
468 U.S. 420 (1984).</mixed-citation>
            </p>
         </fn>
         <fn id="d1580e1294a1310">
            <label>75</label>
            <p>
               <mixed-citation id="d1580e1301" publication-type="other">
Id.</mixed-citation>
            </p>
         </fn>
         <fn id="d1580e1308a1310">
            <label>76</label>
            <p>
               <mixed-citation id="d1580e1315" publication-type="other">
Id. at 436.</mixed-citation>
            </p>
         </fn>
         <fn id="d1580e1322a1310">
            <label>77</label>
            <p>
               <mixed-citation id="d1580e1329" publication-type="other">
Id. at 437-39.</mixed-citation>
            </p>
         </fn>
         <fn id="d1580e1336a1310">
            <label>78</label>
            <p>
               <mixed-citation id="d1580e1343" publication-type="other">
Id.</mixed-citation>
            </p>
         </fn>
         <fn id="d1580e1351a1310">
            <label>79</label>
            <p>
               <mixed-citation id="d1580e1358" publication-type="other">
Id. at 432</mixed-citation>
            </p>
         </fn>
         <fn id="d1580e1365a1310">
            <label>80</label>
            <p>
               <mixed-citation id="d1580e1372" publication-type="other">
Id.</mixed-citation>
            </p>
         </fn>
         <fn id="d1580e1379a1310">
            <label>81</label>
            <p>
               <mixed-citation id="d1580e1386" publication-type="other">
511 U.S. 318 (1994).</mixed-citation>
            </p>
         </fn>
         <fn id="d1580e1393a1310">
            <label>82</label>
            <p>
               <mixed-citation id="d1580e1400" publication-type="other">
Id. at 323.</mixed-citation>
            </p>
         </fn>
         <fn id="d1580e1407a1310">
            <label>83</label>
            <p>
               <mixed-citation id="d1580e1414" publication-type="other">
Id.</mixed-citation>
            </p>
         </fn>
         <fn id="d1580e1421a1310">
            <label>84</label>
            <p>
               <mixed-citation id="d1580e1428" publication-type="other">
Id. at 325.</mixed-citation>
            </p>
         </fn>
         <fn id="d1580e1436a1310">
            <label>85</label>
            <p>
               <mixed-citation id="d1580e1443" publication-type="other">
Id.</mixed-citation>
            </p>
         </fn>
         <fn id="d1580e1450a1310">
            <label>86</label>
            <p>
               <mixed-citation id="d1580e1457" publication-type="other">
Id.</mixed-citation>
            </p>
         </fn>
         <fn id="d1580e1464a1310">
            <label>87</label>
            <p>
               <mixed-citation id="d1580e1471" publication-type="other">
516 U.S. 99 (1995).</mixed-citation>
            </p>
         </fn>
         <fn id="d1580e1478a1310">
            <label>88</label>
            <p>
               <mixed-citation id="d1580e1485" publication-type="other">
Id at 112</mixed-citation>
            </p>
            <p>
               <mixed-citation id="d1580e1491" publication-type="other">
California v. Beheler, 463 U.S. 1121, 1125 (1983)</mixed-citation>
            </p>
         </fn>
         <fn id="d1580e1498a1310">
            <label>89</label>
            <p>
               <mixed-citation id="d1580e1505" publication-type="other">
Id.</mixed-citation>
            </p>
         </fn>
         <fn id="d1580e1512a1310">
            <label>90</label>
            <p>
               <mixed-citation id="d1580e1519" publication-type="other">
Id.</mixed-citation>
            </p>
         </fn>
         <fn id="d1580e1527a1310">
            <label>91</label>
            <p>
               <mixed-citation id="d1580e1534" publication-type="other">
Id. at 113</mixed-citation>
            </p>
            <p>
               <mixed-citation id="d1580e1540" publication-type="other">
Berkemer v. McCarty, 468 U.S. 420, 442
(1984)</mixed-citation>
            </p>
         </fn>
         <fn id="d1580e1550a1310">
            <label>92</label>
            <p>
               <mixed-citation id="d1580e1557" publication-type="other">
Brief of Amici Curiae Juvenile Law Center et al. at 3, Yarborough v. Alvarado, 124 S.
Ct. 1706 (2004) (No.02-1684).</mixed-citation>
            </p>
            <p>
               <mixed-citation id="d1580e1566" publication-type="other">
Id.</mixed-citation>
            </p>
         </fn>
         <fn id="d1580e1573a1310">
            <label>93</label>
            <p>
               <mixed-citation id="d1580e1580" publication-type="other">
332 U.S. 596 (1948).</mixed-citation>
            </p>
         </fn>
         <fn id="d1580e1587a1310">
            <label>94</label>
            <p>
               <mixed-citation id="d1580e1594" publication-type="other">
In re Gault, 387 U.S. 1, 14 (1967).</mixed-citation>
            </p>
         </fn>
         <fn id="d1580e1601a1310">
            <label>95</label>
            <p>
               <mixed-citation id="d1580e1608" publication-type="other">
Id. at 17.</mixed-citation>
            </p>
         </fn>
         <fn id="d1580e1615a1310">
            <label>96</label>
            <p>
               <mixed-citation id="d1580e1622" publication-type="other">
Haley, 332 U.S. at 597-98.</mixed-citation>
            </p>
         </fn>
         <fn id="d1580e1630a1310">
            <label>97</label>
            <p>
               <mixed-citation id="d1580e1637" publication-type="other">
Id. at 599.</mixed-citation>
            </p>
         </fn>
         <fn id="d1580e1644a1310">
            <label>98</label>
            <p>
               <mixed-citation id="d1580e1651" publication-type="other">
Id.</mixed-citation>
            </p>
         </fn>
         <fn id="d1580e1658a1310">
            <label>99</label>
            <p>
               <mixed-citation id="d1580e1665" publication-type="journal">
Amy D. Ronner, Songs of Validation, Voice, and Voluntary Participation:
Therapeutic Jurisprudence, Miranda, and Juveniles, 71 U. CIN. L. REV. 89, 103 (2002)<person-group>
                     <string-name>
                        <surname>Ronner</surname>
                     </string-name>
                  </person-group>
                  <fpage>89</fpage>
                  <volume>71</volume>
                  <source>U. Cin. L. Rev.</source>
                  <year>2002</year>
               </mixed-citation>
            </p>
         </fn>
         <fn id="d1580e1697a1310">
            <label>100</label>
            <p>
               <mixed-citation id="d1580e1704" publication-type="other">
387 U.S. at 1.</mixed-citation>
            </p>
         </fn>
         <fn id="d1580e1711a1310">
            <label>101</label>
            <p>
               <mixed-citation id="d1580e1718" publication-type="other">
Id.</mixed-citation>
            </p>
         </fn>
         <fn id="d1580e1725a1310">
            <label>102</label>
            <p>
               <mixed-citation id="d1580e1732" publication-type="other">
Id. at 27.</mixed-citation>
            </p>
         </fn>
         <fn id="d1580e1740a1310">
            <label>103</label>
            <p>
               <mixed-citation id="d1580e1747" publication-type="other">
442 U.S. 717 (1979).</mixed-citation>
            </p>
         </fn>
         <fn id="d1580e1754a1310">
            <label>104</label>
            <p>
               <mixed-citation id="d1580e1761" publication-type="other">
Id. at 725.</mixed-citation>
            </p>
         </fn>
         <fn id="d1580e1768a1310">
            <label>105</label>
            <p>
               <mixed-citation id="d1580e1775" publication-type="other">
Id.</mixed-citation>
            </p>
         </fn>
         <fn id="d1580e1782a1310">
            <label>106</label>
            <p>
               <mixed-citation id="d1580e1789" publication-type="other">
Respondent's Brief at 2, Yarborough v. Alvarado, 124 S. Ct. 1706 (2004) (No. 02-
1684).</mixed-citation>
            </p>
         </fn>
         <fn id="d1580e1799a1310">
            <label>107</label>
            <p>
               <mixed-citation id="d1580e1806" publication-type="other">
Id.</mixed-citation>
            </p>
         </fn>
         <fn id="d1580e1813a1310">
            <label>108</label>
            <p>
               <mixed-citation id="d1580e1820" publication-type="other">
Id.</mixed-citation>
            </p>
         </fn>
         <fn id="d1580e1828a1310">
            <label>109</label>
            <p>
               <mixed-citation id="d1580e1835" publication-type="other">
Id.</mixed-citation>
            </p>
         </fn>
         <fn id="d1580e1842a1310">
            <label>110</label>
            <p>
               <mixed-citation id="d1580e1849" publication-type="other">
Yarborough v. Alvarado, 124 S. Ct. 2140, 2144 (2004).</mixed-citation>
            </p>
         </fn>
         <fn id="d1580e1856a1310">
            <label>111</label>
            <p>
               <mixed-citation id="d1580e1863" publication-type="other">
Id.</mixed-citation>
            </p>
         </fn>
         <fn id="d1580e1870a1310">
            <label>112</label>
            <p>
               <mixed-citation id="d1580e1877" publication-type="other">
Id.</mixed-citation>
            </p>
         </fn>
         <fn id="d1580e1884a1310">
            <label>113</label>
            <p>
               <mixed-citation id="d1580e1891" publication-type="other">
Id.</mixed-citation>
            </p>
         </fn>
         <fn id="d1580e1898a1310">
            <label>114</label>
            <p>
               <mixed-citation id="d1580e1905" publication-type="other">
Id.</mixed-citation>
            </p>
         </fn>
         <fn id="d1580e1913a1310">
            <label>115</label>
            <p>
               <mixed-citation id="d1580e1920" publication-type="other">
Petitioner's Brief at 3, Yarborough (No. 02-1684).</mixed-citation>
            </p>
         </fn>
         <fn id="d1580e1927a1310">
            <label>116</label>
            <p>
               <mixed-citation id="d1580e1934" publication-type="other">
Id.</mixed-citation>
            </p>
         </fn>
         <fn id="d1580e1941a1310">
            <label>117</label>
            <p>
               <mixed-citation id="d1580e1948" publication-type="other">
Id.</mixed-citation>
            </p>
         </fn>
         <fn id="d1580e1955a1310">
            <label>118</label>
            <p>
               <mixed-citation id="d1580e1962" publication-type="other">
Respondent's Brief at 2-3, Yarborough (No. 02-1684).</mixed-citation>
            </p>
         </fn>
         <fn id="d1580e1969a1310">
            <label>119</label>
            <p>
               <mixed-citation id="d1580e1976" publication-type="other">
Id.</mixed-citation>
            </p>
         </fn>
         <fn id="d1580e1983a1310">
            <label>120</label>
            <p>
               <mixed-citation id="d1580e1990" publication-type="other">
Alvarado v. Hickman, 316 F.3d 841, 844 (9th Cir. 2003).</mixed-citation>
            </p>
         </fn>
         <fn id="d1580e1998a1310">
            <label>121</label>
            <p>
               <mixed-citation id="d1580e2005" publication-type="other">
Respondent's Brief at 3, Yarborough (No. 02-1684).</mixed-citation>
            </p>
         </fn>
         <fn id="d1580e2012a1310">
            <label>122</label>
            <p>
               <mixed-citation id="d1580e2019" publication-type="other">
Id.</mixed-citation>
            </p>
         </fn>
         <fn id="d1580e2026a1310">
            <label>123</label>
            <p>
               <mixed-citation id="d1580e2033" publication-type="other">
Id.</mixed-citation>
            </p>
         </fn>
         <fn id="d1580e2040a1310">
            <label>124</label>
            <p>
               <mixed-citation id="d1580e2047" publication-type="other">
Id.</mixed-citation>
            </p>
         </fn>
         <fn id="d1580e2054a1310">
            <label>125</label>
            <p>
               <mixed-citation id="d1580e2061" publication-type="other">
Petitioner's Brief at 3, Yarborough (No. 02-1684).</mixed-citation>
            </p>
         </fn>
         <fn id="d1580e2068a1310">
            <label>126</label>
            <p>
               <mixed-citation id="d1580e2075" publication-type="other">
Respondent's Brief at 3, Yarborough (No. 02-1684).</mixed-citation>
            </p>
         </fn>
         <fn id="d1580e2083a1310">
            <label>127</label>
            <p>
               <mixed-citation id="d1580e2090" publication-type="other">
Alvarado v. Hickman, 316 F.3d 841, 844 (9th Cir. 2003).</mixed-citation>
            </p>
         </fn>
         <fn id="d1580e2097a1310">
            <label>128</label>
            <p>
               <mixed-citation id="d1580e2104" publication-type="other">
Respondent's Brief at 3, Yarborough (No. 02-1684).</mixed-citation>
            </p>
         </fn>
         <fn id="d1580e2111a1310">
            <label>129</label>
            <p>
               <mixed-citation id="d1580e2118" publication-type="other">
Id. at 3-4.</mixed-citation>
            </p>
         </fn>
         <fn id="d1580e2125a1310">
            <label>130</label>
            <p>
               <mixed-citation id="d1580e2132" publication-type="other">
Yarborough v. Alvarado, 124 S. Ct. 2140, 2145 (2004).</mixed-citation>
            </p>
         </fn>
         <fn id="d1580e2139a1310">
            <label>131</label>
            <p>
               <mixed-citation id="d1580e2146" publication-type="other">
Id.</mixed-citation>
            </p>
         </fn>
         <fn id="d1580e2153a1310">
            <label>132</label>
            <p>
               <mixed-citation id="d1580e2160" publication-type="other">
Id.</mixed-citation>
            </p>
         </fn>
         <fn id="d1580e2168a1310">
            <label>133</label>
            <p>
               <mixed-citation id="d1580e2175" publication-type="other">
Id.</mixed-citation>
            </p>
         </fn>
         <fn id="d1580e2182a1310">
            <label>134</label>
            <p>
               <mixed-citation id="d1580e2189" publication-type="other">
Respondent's Brief at 4, Yarborough (No. 02-1684).</mixed-citation>
            </p>
         </fn>
         <fn id="d1580e2196a1310">
            <label>135</label>
            <p>
               <mixed-citation id="d1580e2203" publication-type="other">
Id. at 5.</mixed-citation>
            </p>
         </fn>
         <fn id="d1580e2210a1310">
            <label>136</label>
            <p>
               <mixed-citation id="d1580e2217" publication-type="other">
Id.</mixed-citation>
            </p>
         </fn>
         <fn id="d1580e2224a1310">
            <label>137</label>
            <p>
               <mixed-citation id="d1580e2231" publication-type="other">
Id.</mixed-citation>
            </p>
         </fn>
         <fn id="d1580e2238a1310">
            <label>138</label>
            <p>
               <mixed-citation id="d1580e2245" publication-type="other">
Petitioner's Brief at 4, Yarborough (No. 02-1684).</mixed-citation>
            </p>
         </fn>
         <fn id="d1580e2253a1310">
            <label>139</label>
            <p>
               <mixed-citation id="d1580e2260" publication-type="other">
Appellee's Brief at 6, Alvarado v. Hickman, 316 F.3d 841 (9th Cir. 2003) (No. 00-
56770).</mixed-citation>
            </p>
         </fn>
         <fn id="d1580e2270a1310">
            <label>140</label>
            <p>
               <mixed-citation id="d1580e2277" publication-type="other">
Petitioner's Brief at 4, Yarborough (No. 02-1684).</mixed-citation>
            </p>
         </fn>
         <fn id="d1580e2284a1310">
            <label>141</label>
            <p>
               <mixed-citation id="d1580e2291" publication-type="other">
Yarborough v. Alvarado, 124 S. Ct. 2140, 2146 (2004).</mixed-citation>
            </p>
         </fn>
         <fn id="d1580e2298a1310">
            <label>142</label>
            <p>
               <mixed-citation id="d1580e2305" publication-type="other">
Id.</mixed-citation>
            </p>
         </fn>
         <fn id="d1580e2312a1310">
            <label>143</label>
            <p>
               <mixed-citation id="d1580e2319" publication-type="other">
Petitioner's Brief at 4, Yarborough (No. 02-1684).</mixed-citation>
            </p>
         </fn>
         <fn id="d1580e2326a1310">
            <label>144</label>
            <p>
               <mixed-citation id="d1580e2333" publication-type="other">
516 U.S. 99, 112 (1995).</mixed-citation>
            </p>
         </fn>
         <fn id="d1580e2341a1310">
            <label>145</label>
            <p>
               <mixed-citation id="d1580e2348" publication-type="other">
Yarborough, 124 S. Ct. at 2146.</mixed-citation>
            </p>
         </fn>
         <fn id="d1580e2355a1310">
            <label>146</label>
            <p>
               <mixed-citation id="d1580e2362" publication-type="other">
Petitioner's Brief at 4, Yarborough (No. 02-1684).</mixed-citation>
            </p>
         </fn>
         <fn id="d1580e2369a1310">
            <label>147</label>
            <p>
               <mixed-citation id="d1580e2376" publication-type="other">
Id. at 5.</mixed-citation>
            </p>
         </fn>
         <fn id="d1580e2383a1310">
            <label>148</label>
            <p>
               <mixed-citation id="d1580e2390" publication-type="other">
Yarborough, 124 S. Ct. at 2146</mixed-citation>
            </p>
            <p>
               <mixed-citation id="d1580e2396" publication-type="other">
Alvarado v. Hickman, 316 F.3d 841, 845 (9th Cir.
2003).</mixed-citation>
            </p>
         </fn>
         <fn id="d1580e2406a1310">
            <label>149</label>
            <p>
               <mixed-citation id="d1580e2413" publication-type="other">
Alvarado, 316 F.3d at 845.</mixed-citation>
            </p>
         </fn>
         <fn id="d1580e2420a1310">
            <label>150</label>
            <p>
               <mixed-citation id="d1580e2427" publication-type="other">
Id.</mixed-citation>
            </p>
         </fn>
         <fn id="d1580e2435a1310">
            <label>151</label>
            <p>
               <mixed-citation id="d1580e2442" publication-type="other">
Petitioner's Brief at 5, Yarborough (No. 02-1684).</mixed-citation>
            </p>
         </fn>
         <fn id="d1580e2449a1310">
            <label>152</label>
            <p>
               <mixed-citation id="d1580e2456" publication-type="other">
Alvarado, 316 F.3d at 845.</mixed-citation>
            </p>
         </fn>
         <fn id="d1580e2463a1310">
            <label>153</label>
            <p>
               <mixed-citation id="d1580e2470" publication-type="other">
Id.</mixed-citation>
            </p>
         </fn>
         <fn id="d1580e2477a1310">
            <label>154</label>
            <p>
               <mixed-citation id="d1580e2484" publication-type="other">
Id. at 844.</mixed-citation>
            </p>
         </fn>
         <fn id="d1580e2491a1310">
            <label>155</label>
            <p>
               <mixed-citation id="d1580e2498" publication-type="other">
Id. at 851.</mixed-citation>
            </p>
         </fn>
         <fn id="d1580e2505a1310">
            <label>156</label>
            <p>
               <mixed-citation id="d1580e2512" publication-type="other">
Id. at 847-49.</mixed-citation>
            </p>
         </fn>
         <fn id="d1580e2520a1310">
            <label>157</label>
            <p>
               <mixed-citation id="d1580e2527" publication-type="other">
Id. at 843</mixed-citation>
            </p>
            <p>
               <mixed-citation id="d1580e2533" publication-type="other">
In re Gault, 387 U.S. 1, 45 (1967)</mixed-citation>
            </p>
            <p>
               <mixed-citation id="d1580e2539" publication-type="other">
Haley v. Ohio, 332 U.S. 596,
599-601(1948)</mixed-citation>
            </p>
         </fn>
         <fn id="d1580e2549a1310">
            <label>158</label>
            <p>
               <mixed-citation id="d1580e2556" publication-type="other">
Id. at 848.</mixed-citation>
            </p>
         </fn>
         <fn id="d1580e2563a1310">
            <label>159</label>
            <p>
               <mixed-citation id="d1580e2570" publication-type="other">
Id.</mixed-citation>
            </p>
         </fn>
         <fn id="d1580e2577a1310">
            <label>160</label>
            <p>
               <mixed-citation id="d1580e2584" publication-type="other">
Id. at 843.</mixed-citation>
            </p>
         </fn>
         <fn id="d1580e2591a1310">
            <label>161</label>
            <p>
               <mixed-citation id="d1580e2598" publication-type="other">
Id. at 851-52.</mixed-citation>
            </p>
         </fn>
         <fn id="d1580e2605a1310">
            <label>162</label>
            <p>
               <mixed-citation id="d1580e2612" publication-type="other">
Id. at 853.</mixed-citation>
            </p>
         </fn>
         <fn id="d1580e2620a1310">
            <label>163</label>
            <p>
               <mixed-citation id="d1580e2627" publication-type="other">
Id.</mixed-citation>
            </p>
         </fn>
         <fn id="d1580e2634a1310">
            <label>164</label>
            <p>
               <mixed-citation id="d1580e2641" publication-type="other">
Id. at 841.</mixed-citation>
            </p>
         </fn>
         <fn id="d1580e2648a1310">
            <label>166</label>
            <p>
               <mixed-citation id="d1580e2655" publication-type="other">
Yarborough v. Alvarado, 124 S. Ct. 2140 (2004).</mixed-citation>
            </p>
         </fn>
         <fn id="d1580e2662a1310">
            <label>167</label>
            <p>
               <mixed-citation id="d1580e2669" publication-type="other">
Id. at 2147</mixed-citation>
            </p>
            <p>
               <mixed-citation id="d1580e2675" publication-type="other">
Williams v. Taylor, 529 U.S. 362 (2000)</mixed-citation>
            </p>
         </fn>
         <fn id="d1580e2682a1310">
            <label>168</label>
            <p>
               <mixed-citation id="d1580e2689" publication-type="other">
Id.</mixed-citation>
            </p>
            <p>
               <mixed-citation id="d1580e2695" publication-type="other">
Miranda v. Arizona, 384 U.S. 436, 444 (1966)</mixed-citation>
            </p>
         </fn>
         <fn id="d1580e2702a1310">
            <label>169</label>
            <p>
               <mixed-citation id="d1580e2709" publication-type="other">
Id. at 2149</mixed-citation>
            </p>
            <p>
               <mixed-citation id="d1580e2715" publication-type="other">
Thompson v. Keohane, 516 U.S. 99 (1995)</mixed-citation>
            </p>
         </fn>
         <fn id="d1580e2723a1310">
            <label>170</label>
            <p>
               <mixed-citation id="d1580e2730" publication-type="other">
Id. at 2151.</mixed-citation>
            </p>
         </fn>
         <fn id="d1580e2737a1310">
            <label>171</label>
            <p>
               <mixed-citation id="d1580e2744" publication-type="other">
Id.</mixed-citation>
            </p>
         </fn>
         <fn id="d1580e2751a1310">
            <label>172</label>
            <p>
               <mixed-citation id="d1580e2758" publication-type="other">
Id. at 2149.</mixed-citation>
            </p>
         </fn>
         <fn id="d1580e2765a1310">
            <label>173</label>
            <p>
               <mixed-citation id="d1580e2772" publication-type="other">
Id.</mixed-citation>
            </p>
         </fn>
         <fn id="d1580e2779a1310">
            <label>174</label>
            <p>
               <mixed-citation id="d1580e2786" publication-type="other">
Id.</mixed-citation>
            </p>
         </fn>
         <fn id="d1580e2793a1310">
            <label>175</label>
            <p>
               <mixed-citation id="d1580e2800" publication-type="other">
Id at 2151.</mixed-citation>
            </p>
         </fn>
         <fn id="d1580e2808a1310">
            <label>176</label>
            <p>
               <mixed-citation id="d1580e2815" publication-type="other">
Id. at 2150.</mixed-citation>
            </p>
         </fn>
         <fn id="d1580e2822a1310">
            <label>177</label>
            <p>
               <mixed-citation id="d1580e2829" publication-type="other">
Id.</mixed-citation>
            </p>
         </fn>
         <fn id="d1580e2836a1310">
            <label>178</label>
            <p>
               <mixed-citation id="d1580e2843" publication-type="other">
Id. at 2151.</mixed-citation>
            </p>
         </fn>
         <fn id="d1580e2850a1310">
            <label>179</label>
            <p>
               <mixed-citation id="d1580e2857" publication-type="other">
Id.</mixed-citation>
            </p>
         </fn>
         <fn id="d1580e2864a1310">
            <label>180</label>
            <p>
               <mixed-citation id="d1580e2871" publication-type="other">
Id.</mixed-citation>
            </p>
         </fn>
         <fn id="d1580e2878a1310">
            <label>181</label>
            <p>
               <mixed-citation id="d1580e2885" publication-type="other">
Id.</mixed-citation>
            </p>
         </fn>
         <fn id="d1580e2893a1310">
            <label>182</label>
            <p>
               <mixed-citation id="d1580e2900" publication-type="other">
Id.</mixed-citation>
            </p>
         </fn>
         <fn id="d1580e2907a1310">
            <label>183</label>
            <p>
               <mixed-citation id="d1580e2914" publication-type="other">
Id. at 2152.</mixed-citation>
            </p>
         </fn>
         <fn id="d1580e2921a1310">
            <label>184</label>
            <p>
               <mixed-citation id="d1580e2928" publication-type="other">
Id.</mixed-citation>
            </p>
         </fn>
         <fn id="d1580e2935a1310">
            <label>185</label>
            <p>
               <mixed-citation id="d1580e2942" publication-type="other">
Id.</mixed-citation>
            </p>
         </fn>
         <fn id="d1580e2949a1310">
            <label>186</label>
            <p>
               <mixed-citation id="d1580e2956" publication-type="other">
Id.</mixed-citation>
            </p>
         </fn>
         <fn id="d1580e2963a1310">
            <label>187</label>
            <p>
               <mixed-citation id="d1580e2970" publication-type="other">
Id. at 2151.</mixed-citation>
            </p>
         </fn>
         <fn id="d1580e2978a1310">
            <label>188</label>
            <p>
               <mixed-citation id="d1580e2985" publication-type="other">
Id at 2152 (O'Connor, J., concurring).</mixed-citation>
            </p>
         </fn>
         <fn id="d1580e2992a1310">
            <label>189</label>
            <p>
               <mixed-citation id="d1580e2999" publication-type="other">
Id (O'Connor, J., concurring).</mixed-citation>
            </p>
         </fn>
         <fn id="d1580e3006a1310">
            <label>190</label>
            <p>
               <mixed-citation id="d1580e3013" publication-type="other">
Id. (O'Connor, J., concurring).</mixed-citation>
            </p>
         </fn>
         <fn id="d1580e3020a1310">
            <label>191</label>
            <p>
               <mixed-citation id="d1580e3027" publication-type="other">
Id. (O'Connor, J., concurring).</mixed-citation>
            </p>
         </fn>
         <fn id="d1580e3034a1310">
            <label>192</label>
            <p>
               <mixed-citation id="d1580e3041" publication-type="other">
Id. (O'Connor, J., concurring).</mixed-citation>
            </p>
         </fn>
         <fn id="d1580e3048a1310">
            <label>193</label>
            <p>
               <mixed-citation id="d1580e3055" publication-type="other">
Id. (O'Connor, J., concurring).</mixed-citation>
            </p>
         </fn>
         <fn id="d1580e3063a1310">
            <label>195</label>
            <p>
               <mixed-citation id="d1580e3070" publication-type="other">
Yarborough, 124 S. Ct. at 2152 (Breyer, J., dissenting).</mixed-citation>
            </p>
         </fn>
         <fn id="d1580e3077a1310">
            <label>196</label>
            <p>
               <mixed-citation id="d1580e3084" publication-type="other">
Id. (Breyer, J., dissenting).</mixed-citation>
            </p>
         </fn>
         <fn id="d1580e3091a1310">
            <label>197</label>
            <p>
               <mixed-citation id="d1580e3098" publication-type="other">
Id. at 2153 (Breyer, J., dissenting).</mixed-citation>
            </p>
         </fn>
         <fn id="d1580e3105a1310">
            <label>198</label>
            <p>
               <mixed-citation id="d1580e3112" publication-type="other">
Id. (Breyer, J., dissenting).</mixed-citation>
            </p>
         </fn>
         <fn id="d1580e3119a1310">
            <label>199</label>
            <p>
               <mixed-citation id="d1580e3126" publication-type="other">
Id. at 2153-54 (Breyer, J., dissenting).</mixed-citation>
            </p>
         </fn>
         <fn id="d1580e3133a1310">
            <label>200</label>
            <p>
               <mixed-citation id="d1580e3140" publication-type="other">
Id. at 2155 (Breyer, J., dissenting).</mixed-citation>
            </p>
         </fn>
         <fn id="d1580e3148a1310">
            <label>201</label>
            <p>
               <mixed-citation id="d1580e3155" publication-type="other">
Id. (Breyer, J., dissenting).</mixed-citation>
            </p>
         </fn>
         <fn id="d1580e3162a1310">
            <label>202</label>
            <p>
               <mixed-citation id="d1580e3169" publication-type="other">
Id. (Breyer, J., dissenting).</mixed-citation>
            </p>
         </fn>
         <fn id="d1580e3176a1310">
            <label>203</label>
            <p>
               <mixed-citation id="d1580e3183" publication-type="other">
Id. (Breyer, J., dissenting).</mixed-citation>
            </p>
         </fn>
         <fn id="d1580e3190a1310">
            <label>204</label>
            <p>
               <mixed-citation id="d1580e3197" publication-type="other">
Id. (Breyer, J., dissenting).</mixed-citation>
            </p>
         </fn>
         <fn id="d1580e3204a1310">
            <label>205</label>
            <p>
               <mixed-citation id="d1580e3211" publication-type="other">
Id. (Breyer, J., dissenting).</mixed-citation>
            </p>
         </fn>
         <fn id="d1580e3218a1310">
            <label>206</label>
            <p>
               <mixed-citation id="d1580e3225" publication-type="other">
Id. (Breyer, J., dissenting).</mixed-citation>
            </p>
         </fn>
         <fn id="d1580e3233a1310">
            <label>207</label>
            <p>
               <mixed-citation id="d1580e3240" publication-type="other">
Id. (Breyer, J., dissenting).</mixed-citation>
            </p>
         </fn>
         <fn id="d1580e3247a1310">
            <label>208</label>
            <p>
               <mixed-citation id="d1580e3254" publication-type="other">
Id. (Breyer, J., dissenting).</mixed-citation>
            </p>
         </fn>
         <fn id="d1580e3261a1310">
            <label>209</label>
            <p>
               <mixed-citation id="d1580e3268" publication-type="other">
In re Gault, 387 U.S. 1 (1987)</mixed-citation>
            </p>
            <p>
               <mixed-citation id="d1580e3274" publication-type="other">
New Jersey v. T.L.O., 469 U.S. 325 (1985)</mixed-citation>
            </p>
            <p>
               <mixed-citation id="d1580e3280" publication-type="other">
Schall v.
Martin, 467 U.S. 253, 265 (1984)</mixed-citation>
            </p>
            <p>
               <mixed-citation id="d1580e3290" publication-type="other">
Gallegos v. Colorado, 370 U.S. 49 (1962)</mixed-citation>
            </p>
            <p>
               <mixed-citation id="d1580e3296" publication-type="other">
May v. Anderson, 345 U.S. 528, 536
(1953) (Frankfurter, J., concurring)</mixed-citation>
            </p>
            <p>
               <mixed-citation id="d1580e3305" publication-type="other">
Haley v. Ohio, 332 U.S. 596 (1948).</mixed-citation>
            </p>
         </fn>
         <fn id="d1580e3312a1310">
            <label>210</label>
            <p>
               <mixed-citation id="d1580e3319" publication-type="other">
Williams v. Taylor, 529 U.S. 362, 381 (2000)</mixed-citation>
            </p>
            <p>
               <mixed-citation id="d1580e3325" publication-type="other">
Id</mixed-citation>
            </p>
         </fn>
         <fn id="d1580e3332a1310">
            <label>211</label>
            <p>
               <mixed-citation id="d1580e3339" publication-type="journal">
Thomas Grisso, Juvenile's Capacities to Waive
Miranda Rights: An Empirical Analysis, 68 CAL. L. REV. 1134, 1156, 1166 (1980).<object-id pub-id-type="doi">10.2307/3480263</object-id>
                  <fpage>1134</fpage>
               </mixed-citation>
            </p>
            <p>
               <mixed-citation id="d1580e3354" publication-type="journal">
GEORGE W.
O'CONNOR &amp; NELSON A. WATSON, INT'L Ass'N OF CHIEFS OF POLICE, JUVENILE
DELINQUENCY &amp; YOUTH CRIME: THE POLICE ROLE-AN ANALYSIS OF PHILOSOPHY, POLICY
AND OPINION 57 (1964).<person-group>
                     <string-name>
                        <surname>O'Connor</surname>
                     </string-name>
                  </person-group>
                  <volume>57</volume>
                  <source>Policy And Opinion</source>
                  <year>1964</year>
               </mixed-citation>
            </p>
         </fn>
         <fn id="d1580e3389a1310">
            <label>212</label>
            <p>
               <mixed-citation id="d1580e3396" publication-type="other">
Pettys, supra note 25, at 777.</mixed-citation>
            </p>
         </fn>
         <fn id="d1580e3404a1310">
            <label>213</label>
            <p>
               <mixed-citation id="d1580e3411" publication-type="other">
Williams, 529 U.S. at 362.</mixed-citation>
            </p>
         </fn>
         <fn id="d1580e3418a1310">
            <label>214</label>
            <p>
               <mixed-citation id="d1580e3425" publication-type="other">
Id.</mixed-citation>
            </p>
         </fn>
         <fn id="d1580e3432a1310">
            <label>215</label>
            <p>
               <mixed-citation id="d1580e3439" publication-type="other">
Pettys, supra note 25, at 793.</mixed-citation>
            </p>
         </fn>
         <fn id="d1580e3446a1310">
            <label>216</label>
            <p>
               <mixed-citation id="d1580e3453" publication-type="other">
Id.</mixed-citation>
            </p>
         </fn>
         <fn id="d1580e3460a1310">
            <label>217</label>
            <p>
               <mixed-citation id="d1580e3467" publication-type="other">
Berkemer v. McCarty, 468 U.S. 420, 437 (1984).</mixed-citation>
            </p>
         </fn>
         <fn id="d1580e3474a1310">
            <label>218</label>
            <p>
               <mixed-citation id="d1580e3481" publication-type="other">
Pettys, supra note 25, at 753</mixed-citation>
            </p>
            <p>
               <mixed-citation id="d1580e3487" publication-type="other">
Ramdass v. Angelone, 530 U.S. 156 (2000))</mixed-citation>
            </p>
            <p>
               <mixed-citation id="d1580e3493" publication-type="other">
Simmons v. South Carolina, 512 U.S. 154 (1994).</mixed-citation>
            </p>
         </fn>
         <fn id="d1580e3501a1310">
            <label>219</label>
            <p>
               <mixed-citation id="d1580e3508" publication-type="other">
In re Gault, 387 U.S. 1 (1987)</mixed-citation>
            </p>
            <p>
               <mixed-citation id="d1580e3514" publication-type="other">
New Jersey v. T.L.O., 469 U.S. 325 (1985)</mixed-citation>
            </p>
            <p>
               <mixed-citation id="d1580e3520" publication-type="other">
Schall v.
Martin, 467 U.S. 253, 265 (1984)</mixed-citation>
            </p>
            <p>
               <mixed-citation id="d1580e3530" publication-type="other">
Gallegos v. Colorado, 370 U.S. 49 (1962)</mixed-citation>
            </p>
            <p>
               <mixed-citation id="d1580e3536" publication-type="other">
May v. Anderson, 345 U.S. 528, 536
(1953) (Frankfurter, J., concurring)</mixed-citation>
            </p>
            <p>
               <mixed-citation id="d1580e3545" publication-type="other">
Haley v. Ohio, 332 U.S. 596 (1948).</mixed-citation>
            </p>
         </fn>
         <fn id="d1580e3552a1310">
            <label>220</label>
            <p>
               <mixed-citation id="d1580e3559" publication-type="other">
Gault, 387 U.S. at 1</mixed-citation>
            </p>
            <p>
               <mixed-citation id="d1580e3565" publication-type="other">
Haley, 332 U.S. at 596.</mixed-citation>
            </p>
         </fn>
         <fn id="d1580e3572a1310">
            <label>221</label>
            <p>
               <mixed-citation id="d1580e3579" publication-type="other">
Gault, 387 U.S. at 1</mixed-citation>
            </p>
            <p>
               <mixed-citation id="d1580e3585" publication-type="other">
Haley, 332 U.S. at 596.</mixed-citation>
            </p>
         </fn>
         <fn id="d1580e3592a1310">
            <label>222</label>
            <p>
               <mixed-citation id="d1580e3599" publication-type="other">
supra note 219</mixed-citation>
            </p>
         </fn>
         <fn id="d1580e3606a1310">
            <label>223</label>
            <p>
               <mixed-citation id="d1580e3613" publication-type="other">
Williams v. Taylor, 529 U.S. 362 (2000).</mixed-citation>
            </p>
         </fn>
         <fn id="d1580e3620a1310">
            <label>224</label>
            <p>
               <mixed-citation id="d1580e3627" publication-type="other">
Ides, supra note 22, at 701.</mixed-citation>
            </p>
         </fn>
         <fn id="d1580e3635a1310">
            <label>225</label>
            <p>
               <mixed-citation id="d1580e3642" publication-type="other">
Id. at 718</mixed-citation>
            </p>
            <p>
               <mixed-citation id="d1580e3648" publication-type="other">
Penry II, 532 U.S. 782 (2001)</mixed-citation>
            </p>
         </fn>
         <fn id="d1580e3655a1310">
            <label>226</label>
            <p>
               <mixed-citation id="d1580e3662" publication-type="journal">
Maria E.
Touchet, Note, Children's Law: Investigatory Detention of Juveniles in New Mexico:
Providing Greater Protection Than Miranda Rights for Children in the Area of Police
Questioning-State of New Mexico v. Javier M., 32 N.M. L. REV. 393, 408 n.52 (2002).<person-group>
                     <string-name>
                        <surname>Touchet</surname>
                     </string-name>
                  </person-group>
                  <issue>52</issue>
                  <fpage>393</fpage>
                  <volume>32</volume>
                  <source>N.M. L. Rev.</source>
                  <year>2002</year>
               </mixed-citation>
            </p>
         </fn>
         <fn id="d1580e3703a1310">
            <label>227</label>
            <p>
               <mixed-citation id="d1580e3710" publication-type="other">
Williams, 529 U.S. at 362.</mixed-citation>
            </p>
         </fn>
         <fn id="d1580e3717a1310">
            <label>228</label>
            <p>
               <mixed-citation id="d1580e3724" publication-type="other">
Butler v. McKellar, 494 U.S. 407, 412 (1990).</mixed-citation>
            </p>
         </fn>
         <fn id="d1580e3731a1310">
            <label>229</label>
            <p>
               <mixed-citation id="d1580e3738" publication-type="other">
Williams, 529 U.S. at 362.</mixed-citation>
            </p>
         </fn>
         <fn id="d1580e3745a1310">
            <label>230</label>
            <p>
               <mixed-citation id="d1580e3752" publication-type="other">
Petitioner's Brief at 18, Yarborough v. Alvarado, 124 S. Ct. 2140 (2004) (No. 02-
1684).</mixed-citation>
            </p>
         </fn>
         <fn id="d1580e3763a1310">
            <label>231</label>
            <p>
               <mixed-citation id="d1580e3770" publication-type="other">
Yarborough, 124 S. Ct. at 2151.</mixed-citation>
            </p>
         </fn>
         <fn id="d1580e3777a1310">
            <label>232</label>
            <p>
               <mixed-citation id="d1580e3784" publication-type="other">
Id.</mixed-citation>
            </p>
         </fn>
         <fn id="d1580e3791a1310">
            <label>233</label>
            <p>
               <mixed-citation id="d1580e3798" publication-type="other">
Touchet, supra note 226, at 407.</mixed-citation>
            </p>
         </fn>
         <fn id="d1580e3805a1310">
            <label>234</label>
            <p>
               <mixed-citation id="d1580e3812" publication-type="other">
Id.</mixed-citation>
            </p>
         </fn>
         <fn id="d1580e3819a1310">
            <label>235</label>
            <p>
               <mixed-citation id="d1580e3826" publication-type="other">
Yarborough, 124 S. Ct. at 2151.</mixed-citation>
            </p>
         </fn>
         <fn id="d1580e3833a1310">
            <label>236</label>
            <p>
               <mixed-citation id="d1580e3840" publication-type="other">
Id.</mixed-citation>
            </p>
            <p>
               <mixed-citation id="d1580e3846" publication-type="other">
Berkemer v. McCarty, 468 U.S. 420, 430-31 (1984)</mixed-citation>
            </p>
         </fn>
         <fn id="d1580e3854a1310">
            <label>237</label>
            <p>
               <mixed-citation id="d1580e3861" publication-type="other">
Berkemer, 468 U.S. at 429.</mixed-citation>
            </p>
         </fn>
         <fn id="d1580e3868a1310">
            <label>238</label>
            <p>
               <mixed-citation id="d1580e3875" publication-type="other">
Id. at 434.</mixed-citation>
            </p>
         </fn>
         <fn id="d1580e3882a1310">
            <label>239</label>
            <p>
               <mixed-citation id="d1580e3889" publication-type="other">
Id. at 430-31.</mixed-citation>
            </p>
         </fn>
         <fn id="d1580e3896a1310">
            <label>240</label>
            <p>
               <mixed-citation id="d1580e3903" publication-type="other">
Id.</mixed-citation>
            </p>
         </fn>
         <fn id="d1580e3910a1310">
            <label>241</label>
            <p>
               <mixed-citation id="d1580e3917" publication-type="other">
Id. at 431.</mixed-citation>
            </p>
         </fn>
         <fn id="d1580e3924a1310">
            <label>242</label>
            <p>
               <mixed-citation id="d1580e3931" publication-type="other">
Id.</mixed-citation>
            </p>
         </fn>
         <fn id="d1580e3939a1310">
            <label>243</label>
            <p>
               <mixed-citation id="d1580e3946" publication-type="other">
Id. at 430-32.</mixed-citation>
            </p>
         </fn>
         <fn id="d1580e3953a1310">
            <label>244</label>
            <p>
               <mixed-citation id="d1580e3960" publication-type="other">
Petitioner's Brief at 3, Yarborough v. Alvarado, 124 S. Ct. 2140 (2004) (No. 02-
1684).</mixed-citation>
            </p>
         </fn>
         <fn id="d1580e3970a1310">
            <label>245</label>
            <p>
               <mixed-citation id="d1580e3977" publication-type="other">
Respondent's Brief at 18, Yarborough (No. 02-1684).</mixed-citation>
            </p>
         </fn>
         <fn id="d1580e3984a1310">
            <label>246</label>
            <p>
               <mixed-citation id="d1580e3991" publication-type="book">
FRED INBAU ET AL., CRIMINAL INTERROGATION AND CONFESSIONS 298 (4th ed. 2001).<person-group>
                     <string-name>
                        <surname>Inbau</surname>
                     </string-name>
                  </person-group>
                  <edition>4</edition>
                  <fpage>298</fpage>
                  <source>Criminal Interrogation And Confessions</source>
                  <year>2001</year>
               </mixed-citation>
            </p>
         </fn>
         <fn id="d1580e4020a1310">
            <label>247</label>
            <p>
               <mixed-citation id="d1580e4027" publication-type="other">
Id.</mixed-citation>
            </p>
         </fn>
         <fn id="d1580e4034a1310">
            <label>248</label>
            <p>
               <mixed-citation id="d1580e4041" publication-type="other">
O'CONNOR &amp; WATSON, supra note 211, at 59.</mixed-citation>
            </p>
         </fn>
         <fn id="d1580e4049a1310">
            <label>249</label>
            <p>
               <mixed-citation id="d1580e4058" publication-type="other">
INBAU ET AL., supra note 246, at 298-303.</mixed-citation>
            </p>
            <p>
               <mixed-citation id="d1580e4064" publication-type="other">
Yarborough v. Alvarado, 124 S. Ct. 2140,
2149-50 (2004).</mixed-citation>
            </p>
            <p>
               <mixed-citation id="d1580e4074" publication-type="other">
Respondent Brief at 3-4, Yarborough (No. 02-
1684).</mixed-citation>
            </p>
            <p>
               <mixed-citation id="d1580e4083" publication-type="other">
INBAU ET AL., supra, at 290-
92.</mixed-citation>
            </p>
         </fn>
         <fn id="d1580e4093a1310">
            <label>250</label>
            <p>
               <mixed-citation id="d1580e4100" publication-type="other">
INBAU ET AL., supra note 246, at 298-303.</mixed-citation>
            </p>
         </fn>
         <fn id="d1580e4107a1310">
            <label>251</label>
            <p>
               <mixed-citation id="d1580e4114" publication-type="journal">
Lisa M. Krzewinski, Note, But I Didn't Do It: Protecting the Rights of Juveniles
During Interrogation, 22 B.C. THIRD WORLD L.J. 355 (2002).<person-group>
                     <string-name>
                        <surname>Krzewinski</surname>
                     </string-name>
                  </person-group>
                  <fpage>355</fpage>
                  <volume>22</volume>
                  <source>B.C. Third World L.J.</source>
                  <year>2002</year>
               </mixed-citation>
            </p>
         </fn>
         <fn id="d1580e4146a1310">
            <label>252</label>
            <p>
               <mixed-citation id="d1580e4153" publication-type="journal">
NAT'L RES. COUNCIL &amp; INST. OF MED., JUVENILE CRIME, JUVENILE JUSTICE, PANEL ON
JUVENILE CRIME: PREVENTION, TREATMENT &amp; CONTROL 16 (Joan McCord et al. eds., 2001).<person-group>
                     <string-name>
                        <surname>Nat'l Res. Council &amp; Inst. of Med.</surname>
                     </string-name>
                  </person-group>
                  <volume>16</volume>
                  <source>Treatment &amp; Control</source>
                  <year>2001</year>
               </mixed-citation>
            </p>
         </fn>
         <fn id="d1580e4182a1310">
            <label>253</label>
            <p>
               <mixed-citation id="d1580e4189" publication-type="journal">
Elizabeth Scott et al., Evaluating Adolescent Decision Making in Legal Contexts, 19
LAW &amp; HUM. BEHAV. 221, 231 (1995)<object-id pub-id-type="jstor">10.2307/1394002</object-id>
                  <fpage>221</fpage>
               </mixed-citation>
            </p>
         </fn>
         <fn id="d1580e4205a1310">
            <label>254</label>
            <p>
               <mixed-citation id="d1580e4212" publication-type="other">
Id. at 227.</mixed-citation>
            </p>
         </fn>
         <fn id="d1580e4220a1310">
            <label>255</label>
            <p>
               <mixed-citation id="d1580e4227" publication-type="other">
NAT'L RES. COUNCIL, supra note 252, at 16.</mixed-citation>
            </p>
         </fn>
         <fn id="d1580e4234a1310">
            <label>256</label>
            <p>
               <mixed-citation id="d1580e4241" publication-type="other">
Id.</mixed-citation>
            </p>
         </fn>
         <fn id="d1580e4248a1310">
            <label>257</label>
            <p>
               <mixed-citation id="d1580e4255" publication-type="journal">
Jeffrey Fagan, Atkins, Adolescence, and the Maturity Heuristic: Rationales for a
Categorical Exemption for Juveniles from Capital Punishment, 33 N.M. L. REV. 207, 236-37
(2003).<person-group>
                     <string-name>
                        <surname>Fagan</surname>
                     </string-name>
                  </person-group>
                  <fpage>207</fpage>
                  <volume>33</volume>
                  <source>N.M. L. Rev.</source>
                  <year>2003</year>
               </mixed-citation>
            </p>
         </fn>
         <fn id="d1580e4290a1310">
            <label>258</label>
            <p>
               <mixed-citation id="d1580e4297" publication-type="other">
NAT'L RES. COUNCIL, supra note 252, at 16.</mixed-citation>
            </p>
         </fn>
         <fn id="d1580e4304a1310">
            <label>259</label>
            <p>
               <mixed-citation id="d1580e4311" publication-type="journal">
Barbara Kaban &amp; Ann E. Tobey, When Police Question Children: Are Protections
Adequate?, 1 J. CTR. FOR CHILD. &amp; CTS. 151, 156 (1999).<person-group>
                     <string-name>
                        <surname>Kaban</surname>
                     </string-name>
                  </person-group>
                  <fpage>151</fpage>
                  <volume>1</volume>
                  <source>J. Ctr. For Child. &amp; Cts.</source>
                  <year>1999</year>
               </mixed-citation>
            </p>
         </fn>
         <fn id="d1580e4343a1310">
            <label>260</label>
            <p>
               <mixed-citation id="d1580e4350" publication-type="other">
Id.</mixed-citation>
            </p>
         </fn>
         <fn id="d1580e4358a1310">
            <label>261</label>
            <p>
               <mixed-citation id="d1580e4365" publication-type="other">
Id.</mixed-citation>
            </p>
         </fn>
         <fn id="d1580e4372a1310">
            <label>262</label>
            <p>
               <mixed-citation id="d1580e4379" publication-type="other">
Id.</mixed-citation>
            </p>
         </fn>
         <fn id="d1580e4386a1310">
            <label>263</label>
            <p>
               <mixed-citation id="d1580e4393" publication-type="journal">
David Elkind, Egocentrism in Adolescence, 38 CHILD. DEV. 1025, 1029-30 (1967).<object-id pub-id-type="doi">10.2307/1127100</object-id>
                  <fpage>1025</fpage>
               </mixed-citation>
            </p>
         </fn>
         <fn id="d1580e4406a1310">
            <label>264</label>
            <p>
               <mixed-citation id="d1580e4413" publication-type="book">
LAURENCE STEINBERG &amp; ROBERT SCHWARTZ, DEVELOPMENTAL PSYCHOLOGY GOES TO
COURT IN YOUTH ON TRIAL: A DEVELOPMENTAL PERSPECTIVE ON JUVENILE JUSTICE 26
(Thomas Grisso &amp; Robert Schwartz eds., 2000).<person-group>
                     <string-name>
                        <surname>Steinberg</surname>
                     </string-name>
                  </person-group>
                  <fpage>26</fpage>
                  <source>Developmental Psychology Goes To Court In Youth On Trial: A Developmental Perspective On Juvenile Justice</source>
                  <year>2000</year>
               </mixed-citation>
            </p>
         </fn>
         <fn id="d1580e4445a1310">
            <label>265</label>
            <p>
               <mixed-citation id="d1580e4452" publication-type="book">
THE CAL. SCH. OF PROF'L PSYCHOL., HANDBOOK OF JUVENILE FORENSIC PSYCHOLOGY
68 (Neil G. Ribner ed., 2002)<person-group>
                     <string-name>
                        <surname>The Cal. Sch. of Prof'l Psychol.</surname>
                     </string-name>
                  </person-group>
                  <fpage>68</fpage>
                  <source>Handbook Of Juvenile Forensic Psychology</source>
                  <year>2002</year>
               </mixed-citation>
            </p>
            <p>
               <mixed-citation id="d1580e4480" publication-type="other">
study of sixty-five juveniles by Richardon,
Gudjonsson, and Kelly in 1995</mixed-citation>
            </p>
         </fn>
         <fn id="d1580e4490a1310">
            <label>266</label>
            <p>
               <mixed-citation id="d1580e4497" publication-type="other">
Yarborough v. Alvarado, 124 S. Ct. 2140 (2004) (No. 02-1684)</mixed-citation>
            </p>
            <p>
               <mixed-citation id="d1580e4503" publication-type="other">
Ginsberg
v. New York, 390 U.S. 629, 637 (1968)</mixed-citation>
            </p>
            <p>
               <mixed-citation id="d1580e4512" publication-type="other">
Bellotti v. Baird, 443 U.S. 622 (1979)</mixed-citation>
            </p>
            <p>
               <mixed-citation id="d1580e4519" publication-type="other">
Brief of Juvenile Law Center et al. as Amici Curiae in Support of
Respondent at 14, Yarborough (No. 02-1684).</mixed-citation>
            </p>
         </fn>
         <fn id="d1580e4530a1310">
            <label>267</label>
            <p>
               <mixed-citation id="d1580e4537" publication-type="other">
Fagan, supra note 257, at 235-36.</mixed-citation>
            </p>
         </fn>
         <fn id="d1580e4544a1310">
            <label>268</label>
            <p>
               <mixed-citation id="d1580e4551" publication-type="other">
Yarborough, 124 S. Ct. at 2152 (O'Connor, J., concurring).</mixed-citation>
            </p>
         </fn>
         <fn id="d1580e4558a1310">
            <label>269</label>
            <p>
               <mixed-citation id="d1580e4565" publication-type="other">
Id. (O'Connor, J., concurring).</mixed-citation>
            </p>
         </fn>
         <fn id="d1580e4572a1310">
            <label>270</label>
            <p>
               <mixed-citation id="d1580e4579" publication-type="other">
Kaban &amp; Tobey, supra note 259, at 151.</mixed-citation>
            </p>
         </fn>
         <fn id="d1580e4586a1310">
            <label>271</label>
            <p>
               <mixed-citation id="d1580e4593" publication-type="other">
California v. Beheler, 463 U.S. 1121 (1983)</mixed-citation>
            </p>
            <p>
               <mixed-citation id="d1580e4599" publication-type="other">
Oregon v. Mathiason, 429 U.S.
429, 493 (1977).</mixed-citation>
            </p>
         </fn>
         <fn id="d1580e4609a1310">
            <label>272</label>
            <p>
               <mixed-citation id="d1580e4616" publication-type="other">
Petitioner's Brief at 3, Yarborough (No. 02-1684).</mixed-citation>
            </p>
         </fn>
         <fn id="d1580e4624a1310">
            <label>273</label>
            <p>
               <mixed-citation id="d1580e4631" publication-type="other">
Id.</mixed-citation>
            </p>
         </fn>
         <fn id="d1580e4638a1310">
            <label>274</label>
            <p>
               <mixed-citation id="d1580e4645" publication-type="other">
Id.</mixed-citation>
            </p>
         </fn>
         <fn id="d1580e4652a1310">
            <label>275</label>
            <p>
               <mixed-citation id="d1580e4659" publication-type="other">
387 U.S. 1 (1967).</mixed-citation>
            </p>
         </fn>
         <fn id="d1580e4666a1310">
            <label>276</label>
            <p>
               <mixed-citation id="d1580e4673" publication-type="other">
Thompson v. Keohane, 516 U.S. 99 (1995)</mixed-citation>
            </p>
            <p>
               <mixed-citation id="d1580e4679" publication-type="other">
Stansbury v. California, 511 U.S. 318
(1994)</mixed-citation>
            </p>
            <p>
               <mixed-citation id="d1580e4688" publication-type="other">
Berkemer v. McCarty, 468 U.S. 420 (1984)</mixed-citation>
            </p>
            <p>
               <mixed-citation id="d1580e4695" publication-type="other">
Minnesota v. Murphy, 465 U.S. 420
(1984)</mixed-citation>
            </p>
            <p>
               <mixed-citation id="d1580e4704" publication-type="other">
California v. Beheler, 463 U.S. 1121 (1983)</mixed-citation>
            </p>
            <p>
               <mixed-citation id="d1580e4710" publication-type="other">
Oregon v. Mathiason, 429 U.S. 492
(1977).</mixed-citation>
            </p>
         </fn>
         <fn id="d1580e4720a1310">
            <label>277</label>
            <p>
               <mixed-citation id="d1580e4727" publication-type="other">
Yarborough v. Alvarado, 124 S. Ct 2140, 2151 (2004).</mixed-citation>
            </p>
         </fn>
         <fn id="d1580e4734a1310">
            <label>278</label>
            <p>
               <mixed-citation id="d1580e4741" publication-type="other">
Alvarado v. Hickman, 316 F.3d 841, 854-55 (9th Cir. 2003).</mixed-citation>
            </p>
         </fn>
      </fn-group>
   </back>
</article>
